hours,elapsed_days,timestamp_utc,price_ETH,price_return,block
0.0,0.0,2026-09-16T02:57:33+00:00,9.509060999603663e-05,0.0,64168224
0.004910007185406155,0.00020458363272525646,2026-09-16T02:57:50.676025867+00:00,9.509262988755146e-05,2.1241755783441008e-05,64168400
0.006416486700375875,0.00026735361251566147,2026-09-16T02:57:56.099352121+00:00,9.510778946944626e-05,0.0001806642465576047,64168454
0.008146148324012756,0.00033942284683386484,2026-09-16T02:58:02.326133966+00:00,9.510729904556703e-05,0.0001755068090434353,64168516
0.010043196545706855,0.0004184665227377856,2026-09-16T02:58:09.155507565+00:00,9.510670895797897e-05,0.00016930127951653162,64168584
0.011884449256791009,0.0004951853856996253,2026-09-16T02:58:15.784017324+00:00,9.510601102978132e-05,0.0001619616673542712,64168650
0.01693394528494941,0.0007055810535395587,2026-09-16T02:58:33.962203026+00:00,9.510558588092928e-05,0.00015749068066006622,64168831
0.018914686838785808,0.0007881119516160753,2026-09-16T02:58:41.092872620+00:00,9.513060154284514e-05,0.00042056252252642423,64168902
0.029134055574735005,0.0012139189822806251,2026-09-16T02:59:17.882600069+00:00,9.512627618052567e-05,0.0003750757776244118,64169268
0.029217972225613065,0.0012174155094005444,2026-09-16T02:59:18.184700012+00:00,9.512578036594612e-05,0.00036986164996677395,64169271
0.030113083322842914,0.001254711805118455,2026-09-16T02:59:21.407099962+00:00,9.51252235700032e-05,0.0003640062248839726,64169303
0.04767963886260986,0.0019866516192754108,2026-09-16T03:00:24.646699905+00:00,9.512356924264837e-05,0.0003466088461638872,64169931
0.053469888899061416,0.0022279120374608923,2026-09-16T03:00:45.491600037+00:00,9.517809361014794e-05,0.0009200026597258049,64170138
0.05534402781062656,0.0023060011587761066,2026-09-16T03:00:52.238500118+00:00,9.518642069469668e-05,0.0010075726579525934,64170205
0.0557915833261278,0.0023246493052553247,2026-09-16T03:00:53.849699974+00:00,9.518894255764752e-05,0.0010340932886536702,64170221
0.06460283332400851,0.0026917847218336883,2026-09-16T03:01:25.570199966+00:00,9.521422107342979e-05,0.0012999293768154452,64170536
0.08955405553181967,0.003731418980492486,2026-09-16T03:02:55.394599915+00:00,9.520194178936944e-05,0.0011707969203000879,64171428
0.09056105554103851,0.003773377314209938,2026-09-16T03:02:59.019799948+00:00,9.518966427963632e-05,0.0010416831231161439,64171464
0.09271491666634878,0.0038631215277645323,2026-09-16T03:03:06.773699999+00:00,9.516298395497905e-05,0.0007611052126539342,64171541
0.09842124998569489,0.00410088541607062,2026-09-16T03:03:27.316499949+00:00,9.51882599404481e-05,0.001026914691319547,64171745
0.10667305555608537,0.004444710648170224,2026-09-16T03:03:57.023000002+00:00,9.516576641450719e-05,0.0007903663513535442,64172040
0.11165211107995775,0.0046521712949982395,2026-09-16T03:04:14.947599888+00:00,9.515511597472691e-05,0.0006783632862694677,64172218
0.11528849999109904,0.004803687499629126,2026-09-16T03:04:28.038599968+00:00,9.514712933043196e-05,0.0005943734549360702,64172348
0.11719061109754775,0.0048829421290644895,2026-09-16T03:04:34.886199951+00:00,9.514114000706035e-05,0.0005313880206028188,64172416
0.1173864166604148,0.00489110069418395,2026-09-16T03:04:35.591099977+00:00,9.513367061207896e-05,0.0004528377307089215,64172423
0.11870111107826233,0.0049458796282609305,2026-09-16T03:04:40.323999882+00:00,9.512468867154925e-05,0.0003583810800460441,64172470
0.11870111107826233,0.0049458796282609305,2026-09-16T03:04:40.323999882+00:00,9.509035901175624e-05,-2.6394223404668793e-06,64172470
0.12037944442696041,0.005015810184456684,2026-09-16T03:04:46.365999937+00:00,9.508138320420907e-05,-9.703157680818197e-05,64172530
0.12113469441731771,0.005047278934054904,2026-09-16T03:04:49.084899902+00:00,9.509388903247191e-05,3.448328321176142e-05,64172557
0.1229808611339993,0.005124202547249971,2026-09-16T03:04:55.731100082+00:00,9.509385773894367e-05,3.415419153540711e-05,64172623
0.1304774166478051,0.00543655902699188,2026-09-16T03:05:22.718699932+00:00,9.50963842683299e-05,6.072389580324966e-05,64172891
0.13475716663731468,0.005614881943221446,2026-09-16T03:05:38.125799894+00:00,9.512139872014405e-05,0.0003237830118945073,64173044
0.13587605555852253,0.00566150231493844,2026-09-16T03:05:42.153800011+00:00,9.514641646146559e-05,0.0005868767213847992,64173084
0.13733061108324263,0.00572210879513511,2026-09-16T03:05:47.390199900+00:00,9.514542307806444e-05,0.0005764300179595949,64173136
0.14113483336236743,0.005880618056765309,2026-09-16T03:06:01.085400105+00:00,9.514544411000238e-05,0.0005766511958229525,64173272
0.1434005833334393,0.00597502430555997,2026-09-16T03:06:09.242100+00:00,9.503293759028711e-05,-0.0006064994824612757,64173353
0.14695305552747515,0.006123043980311465,2026-09-16T03:06:22.030999899+00:00,9.503713030383046e-05,-0.0005624077099557478,64173480
0.14849152776930066,0.006187146990387528,2026-09-16T03:06:27.569499969+00:00,9.503651431505837e-05,-0.0005688856237279216,64173535
0.1550370277961095,0.00645987615817123,2026-09-16T03:06:51.133300066+00:00,9.503131318524151e-05,-0.0006235821896356519,64173769
0.1586174722512563,0.006609061343802346,2026-09-16T03:07:04.022900105+00:00,9.48300501491838e-05,-0.0027401217308806736,64173897
0.15970838891135322,0.006654516204639718,2026-09-16T03:07:07.950200081+00:00,9.488001224044452e-05,-0.0022147061166279958,64173936
0.16141469445493487,0.00672561226895562,2026-09-16T03:07:14.092900038+00:00,9.487282543917886e-05,-0.0022902845703360875,64173997
0.16200211114353605,0.006750087964314001,2026-09-16T03:07:16.207600117+00:00,9.486558954639326e-05,-0.002366379284481912,64174018
0.16812802778349983,0.0070053344909791595,2026-09-16T03:07:38.260900020+00:00,9.493878925285851e-05,-0.0015965902751539085,64174237
0.17134483330779604,0.0071393680544915026,2026-09-16T03:07:49.841399908+00:00,9.493134367413871e-05,-0.0016748901064422839,64174352
0.17173644443353017,0.007155685184730424,2026-09-16T03:07:51.251199961+00:00,9.49813324384813e-05,-0.0011491939904464399,64174366
0.17212805555926428,0.007172002314969345,2026-09-16T03:07:52.661000013+00:00,9.384960908703834e-05,-0.013050719824491797,64174380
0.1816945555475023,0.007570606481145929,2026-09-16T03:08:27.100399971+00:00,9.389931226411398e-05,-0.012528027025721089,64174722
0.18382044441170162,0.007659185183820901,2026-09-16T03:08:34.753599882+00:00,9.391002615320337e-05,-0.012415356709589598,64174798
0.18398827777968513,0.007666178240820214,2026-09-16T03:08:35.357800007+00:00,9.391031775926762e-05,-0.012412290096973977,64174804
0.1861421389049954,0.007755922454374808,2026-09-16T03:08:43.111700058+00:00,9.390680837969334e-05,-0.012449195734390961,64174881
0.18812816666232215,0.00783867361093009,2026-09-16T03:08:50.261399983+00:00,9.391923672594453e-05,-0.012318495697324128,64174952
0.1888554444577959,0.007868976852408161,2026-09-16T03:08:52.879600048+00:00,9.391482795051797e-05,-0.012364859638272052,64174978
0.1888554444577959,0.007868976852408161,2026-09-16T03:08:52.879600048+00:00,9.391330956996726e-05,-0.01238082736159174,64174978
0.19319113890329997,0.008049630787637499,2026-09-16T03:09:08.488100052+00:00,9.391372623509011e-05,-0.012376445592215402,64175133
0.1936946388747957,0.008070609953116488,2026-09-16T03:09:10.300699949+00:00,9.391476257235775e-05,-0.012365547173668223,64175151
0.19783452775743274,0.008243105323226363,2026-09-16T03:09:25.204299927+00:00,9.391471179965402e-05,-0.012366081113914684,64175299
0.2041842222213745,0.008507675925890605,2026-09-16T03:09:48.063199996+00:00,9.391570607892834e-05,-0.012355624989231484,64175526
0.2050513611237208,0.008543806713488367,2026-09-16T03:09:51.184900045+00:00,9.3913242208224e-05,-0.012381535756913364,64175557
0.21011433336469862,0.008754763890195775,2026-09-16T03:10:09.411600113+00:00,9.39130846992709e-05,-0.01238319216602779,64175738
0.21058986114131079,0.008774577547554617,2026-09-16T03:10:11.123500109+00:00,9.391525718117197e-05,-0.012360345726183164,64175755
0.21296750002437168,0.00887364583434882,2026-09-16T03:10:19.683000088+00:00,9.391234300268106e-05,-0.012390992059096884,64175840
0.2168276666932636,0.009034486112219317,2026-09-16T03:10:33.579600096+00:00,9.391337826212946e-05,-0.012380104975204587,64175978
0.21831019441286723,0.009096258100536134,2026-09-16T03:10:38.916699886+00:00,9.390046910945254e-05,-0.012515861309899012,64176031
0.21926125003231897,0.00913588541801329,2026-09-16T03:10:42.340500116+00:00,9.390039320696112e-05,-0.012516659522166407,64176065
0.2192892222272025,0.009137050926133438,2026-09-16T03:10:42.441200018+00:00,9.390017282715721e-05,-0.012518977099095663,64176066
0.2225899444686042,0.009274581019525175,2026-09-16T03:10:54.323800087+00:00,9.389135632688586e-05,-0.012611693932773838,64176184
0.22533122221628824,0.009388800925678677,2026-09-16T03:11:04.192399979+00:00,9.389099584335347e-05,-0.012615484880506789,64176282
0.22533122221628824,0.009388800925678677,2026-09-16T03:11:04.192399979+00:00,9.388994920333233e-05,-0.012626491645750804,64176282
0.2259745833608839,0.00941560764003683,2026-09-16T03:11:06.508500099+00:00,9.388548734250881e-05,-0.012673413847887338,64176305
0.22614241666264004,0.009422600694276669,2026-09-16T03:11:07.112699986+00:00,9.389791427783191e-05,-0.012542728648543111,64176311
0.23347113887468973,0.00972796411977874,2026-09-16T03:11:33.496099949+00:00,9.404075486129024e-05,-0.011040576296546534,64176573
0.2374711666504542,0.009894631943768925,2026-09-16T03:11:47.896199942+00:00,9.418370451784225e-05,-0.009537276900760117,64176716
0.23900963889227972,0.00995873495384499,2026-09-16T03:11:53.434700012+00:00,9.418450727887807e-05,-0.009528834836545097,64176771
0.23909355554315778,0.009962231480964909,2026-09-16T03:11:53.736799955+00:00,9.418544115084057e-05,-0.009519013972397405,64176774
0.2419746944639418,0.010082278935997575,2026-09-16T03:12:04.108900070+00:00,9.418294399497949e-05,-0.009545274776289414,64176877
0.2475691388712989,0.010315380786304122,2026-09-16T03:12:24.248899937+00:00,9.419557478526108e-05,-0.009412445780007661,64177077
0.2512614722384347,0.01046922800993478,2026-09-16T03:12:37.541300058+00:00,9.419869199897895e-05,-0.00937966427068726,64177209
0.2514852499961853,0.010478552083174388,2026-09-16T03:12:38.346899986+00:00,9.422358811272358e-05,-0.009117849631516628,64177217
0.25749927779038745,0.010729136574599478,2026-09-16T03:12:59.997400045+00:00,9.42484875159756e-05,-0.008856000398947184,64177432
0.2665343055460188,0.011105596064417451,2026-09-16T03:13:32.523499966+00:00,9.424840833937442e-05,-0.008856833042687584,64177755
0.2667021389140023,0.011112589121416763,2026-09-16T03:13:33.127700089+00:00,9.4248708661218e-05,-0.008853674772448361,64177761
0.267009833322631,0.01112540972177629,2026-09-16T03:13:34.235399961+00:00,9.42390289623418e-05,-0.008955469249070092,64177772
0.2682685833507114,0.011177857639612975,2026-09-16T03:13:38.766900063+00:00,9.423860711355056e-05,-0.008959905531383039,64177817
0.2750098888741599,0.011458745369756664,2026-09-16T03:14:03.035599947+00:00,9.423348950898218e-05,-0.009013723721933986,64178058
0.2922687500052982,0.01217786458355409,2026-09-16T03:15:05.167500019+00:00,9.424728824685163e-05,-0.008868612255407249,64178675
0.3003527222077052,0.012514696758654383,2026-09-16T03:15:34.269799948+00:00,9.422945040128899e-05,-0.009056200131469794,64178964
0.3051079999738269,0.012712833332242789,2026-09-16T03:15:51.388799906+00:00,9.427084875837228e-05,-0.008620843190495053,64179134
0.3052478610806995,0.01271866087836248,2026-09-16T03:15:51.892299891+00:00,9.426979573718727e-05,-0.008631917061879935,64179139
0.30603061113092633,0.012751275463788597,2026-09-16T03:15:54.710200071+00:00,9.425455260981404e-05,-0.008792218140754815,64179167
0.311591555542416,0.012982981480934002,2026-09-16T03:16:14.729599953+00:00,9.427840329065678e-05,-0.008541397572417564,64179366
0.3120945555633969,0.013003939815141537,2026-09-16T03:16:16.540400028+00:00,9.427847151020772e-05,-0.008540680156145397,64179384
0.315028722219997,0.01312619675916654,2026-09-16T03:16:27.103399992+00:00,9.429092442573187e-05,-0.008409721741590492,64179489
0.3182423333326975,0.01326009722219573,2026-09-16T03:16:38.672399998+00:00,9.429013440589594e-05,-0.008418029815710049,64179604
0.3190806666347716,0.013295027776448814,2026-09-16T03:16:41.690399885+00:00,9.428528547992552e-05,-0.008469022505425916,64179634
0.319332166645262,0.013305506943552583,2026-09-16T03:16:42.595799923+00:00,9.428469301726882e-05,-0.00847525301185259,64179643
0.3202543333503935,0.013343930556266396,2026-09-16T03:16:45.915600061+00:00,9.428410056019642e-05,-0.00848148345955324,64179676
0.3208411666419771,0.013368381943415712,2026-09-16T03:16:48.028199911+00:00,9.428365622105676e-05,-0.008486156256790278,64179697
0.321986888911989,0.013416120371332874,2026-09-16T03:16:52.152800083+00:00,9.42829156628042e-05,-0.008493944178779578,64179738
0.3243621666563882,0.013515090277349507,2026-09-16T03:17:00.703799963+00:00,9.43247017123184e-05,-0.00805451015352776,64179823
0.34031844443745085,0.014179935184893785,2026-09-16T03:17:58.146399975+00:00,9.43257041986043e-05,-0.008043967721568013,64180394
0.3426098889112473,0.014275412037968636,2026-09-16T03:18:06.395600080+00:00,9.432576735743171e-05,-0.008043303525309242,64180476
0.3500151666667726,0.014583965277782192,2026-09-16T03:18:33.054600+00:00,9.437375652221529e-05,-0.0075386357690966355,64180741
0.35870588892036015,0.014946078705015006,2026-09-16T03:19:04.341200113+00:00,9.437425487469206e-05,-0.007533394952187522,64181052
0.36703333331478966,0.015293055554782903,2026-09-16T03:19:34.319999933+00:00,9.437529431685018e-05,-0.007522463881725727,64181350
0.3682349444760217,0.015343122686500902,2026-09-16T03:19:38.645800114+00:00,9.437946075069752e-05,-0.007478648474005478,64181393
0.37385177777873146,0.015577157407447143,2026-09-16T03:19:58.866400003+00:00,9.448016777877e-05,-0.006419584618208574,64181594
0.3817041666640176,0.0159043402776674,2026-09-16T03:20:27.134999990+00:00,9.449269697025507e-05,-0.006287824063874292,64181875
0.38611938887172276,0.016088307869655115,2026-09-16T03:20:43.029799938+00:00,9.44951903155004e-05,-0.006261603333505228,64182033
0.3890535555283229,0.01621056481368012,2026-09-16T03:20:53.592799902+00:00,9.449543965183415e-05,-0.006258981241442085,64182138
0.3903948889176051,0.01626645370490021,2026-09-16T03:20:58.421600103+00:00,9.449752309703727e-05,-0.006237071136930172,64182186
0.3937482221921285,0.01640617592467202,2026-09-16T03:21:10.493599892+00:00,9.452215584783267e-05,-0.005978026097715139,64182306
0.39391588886578877,0.01641316203607453,2026-09-16T03:21:11.097199917+00:00,9.462897200061304e-05,-0.004854716942533366,64182312
0.39576022220982443,0.016490009258742687,2026-09-16T03:21:17.736799955+00:00,9.463106054996761e-05,-0.004832753161307712,64182378
0.4030816666947471,0.01679506944561446,2026-09-16T03:21:44.094000101+00:00,9.468436308943953e-05,-0.004272208440076697,64182640
0.41149294442600676,0.017145539351083615,2026-09-16T03:22:14.374599934+00:00,9.468379517321447e-05,-0.004278180809221044,64182941
0.4181716666618983,0.017423819444245762,2026-09-16T03:22:38.417999983+00:00,9.468064578597916e-05,-0.0043113006644353025,64183180
0.4209661110904482,0.017540254628768674,2026-09-16T03:22:48.477999926+00:00,9.480642327266496e-05,-0.002988588709058826,64183280
0.4236208333571752,0.017650868056548967,2026-09-16T03:22:58.035000086+00:00,9.48147273590145e-05,-0.0029012605664601177,64183375
0.4293214999967151,0.017888395833196465,2026-09-16T03:23:18.557399988+00:00,9.48298647740988e-05,-0.0027420711881930293,64183579
0.4318364999691645,0.017993187498715188,2026-09-16T03:23:27.611399889+00:00,9.485063774845322e-05,-0.0025236166598722187,64183669
0.4338484999868605,0.018077020832785853,2026-09-16T03:23:34.854599953+00:00,9.486388542850622e-05,-0.002384300274652418,64183741
0.43820783330334556,0.018258659720972733,2026-09-16T03:23:50.548199892+00:00,9.486303113220637e-05,-0.0023932842984154545,64183897
0.44661911110083263,0.01860912962920136,2026-09-16T03:24:20.828799963+00:00,9.486217684744649e-05,-0.0024022682008209006,64184198
0.4473177222410838,0.018638238426711824,2026-09-16T03:24:23.343800068+00:00,9.489316677828227e-05,-0.0020763692415328716,64184223
0.4510902221997579,0.018795425924989912,2026-09-16T03:24:36.924799919+00:00,9.491390512632376e-05,-0.0018582788534035055,64184358
0.4621562221977446,0.01925650925823936,2026-09-16T03:25:16.762399912+00:00,9.491594682975544e-05,-0.0018368077172759012,64184754
0.46257538888189526,0.019273974536745637,2026-09-16T03:25:18.271399975+00:00,9.494093754044744e-05,-0.0015739982696023613,64184769
0.46268716666433546,0.01927863194434731,2026-09-16T03:25:18.673799992+00:00,9.509246677468928e-05,1.9526414361203948e-05,64184773
0.463022500011656,0.019292604167152335,2026-09-16T03:25:19.881000042+00:00,9.511748071129708e-05,0.00028258011239556957,64184785
0.46369316664006976,0.019320548610002906,2026-09-16T03:25:22.295399904+00:00,9.514249793741227e-05,0.0005456684038287474,64184809
0.467325944436921,0.019471914351538375,2026-09-16T03:25:35.373399973+00:00,9.518426839864961e-05,0.0009849384983109388,64184939
0.46813633335961236,0.019505680556650515,2026-09-16T03:25:38.290800095+00:00,9.519053203892567e-05,0.0010508087275200584,64184968
0.4688908333248562,0.019537118055202342,2026-09-16T03:25:41.006999969+00:00,9.519237313175007e-05,0.0010701701852335876,64184995
0.4740885000096427,0.019753687500401778,2026-09-16T03:25:59.718600035+00:00,9.519239413095352e-05,0.0010703910188516463,64185181
0.47556955556074776,0.019815398148364492,2026-09-16T03:26:05.050400019+00:00,9.521819598421845e-05,0.0013417306733769507,64185234
0.4773300555679533,0.01988875231533139,2026-09-16T03:26:11.388200045+00:00,9.53193431346863e-05,0.0024054229819243655,64185297
0.49116255554887983,0.020465106481203327,2026-09-16T03:27:01.185199976+00:00,9.53443853436257e-05,0.0026687739998685345,64185792
0.4961366666687859,0.020672361111199414,2026-09-16T03:27:19.092000008+00:00,9.535690768150822e-05,0.002800462479761956,64185970
0.49686322225464713,0.020702634260610298,2026-09-16T03:27:21.707600117+00:00,9.536943084166595e-05,0.0029321596069362688,64185996
0.49990916669368746,0.020829548612236976,2026-09-16T03:27:32.673000097+00:00,9.539447962880704e-05,0.0031955798031273464,64186105
0.5029830555783378,0.020957627315764074,2026-09-16T03:27:43.739000082+00:00,9.541452102667252e-05,0.003406340864249291,64186215
0.5166199444399939,0.02152583101833308,2026-09-16T03:28:32.831799984+00:00,9.544107268347677e-05,0.0036855656668386416,64186703
0.517262666689025,0.02155261111204271,2026-09-16T03:28:35.145600080+00:00,9.543253259575433e-05,0.003595755666431666,64186726
0.517262666689025,0.02155261111204271,2026-09-16T03:28:35.145600080+00:00,9.543065349798957e-05,0.0035759945379161273,64186726
0.5204762778017256,0.0216865115750719,2026-09-16T03:28:46.714600086+00:00,9.543014074167987e-05,0.0035706022461878817,64186841
0.522404444416364,0.021766851850681834,2026-09-16T03:28:53.655999899+00:00,9.543066694916126e-05,0.0035761359942774185,64186910
0.5251709444655313,0.021882122686063803,2026-09-16T03:29:03.615400076+00:00,9.543567805146449e-05,0.003628834176605311,64187009
0.5263446111149258,0.02193102546312191,2026-09-16T03:29:07.840600014+00:00,9.54369458540386e-05,0.003642166750391196,64187051
0.5285242778062821,0.022021844908595087,2026-09-16T03:29:15.687400103+00:00,9.544546508647803e-05,0.0037317574306883206,64187129
0.5306480555401908,0.022110335647507952,2026-09-16T03:29:23.332999945+00:00,9.544553367720667e-05,0.003732478750371193,64187205
0.5481971666547987,0.022841548610616613,2026-09-16T03:30:26.509799957+00:00,9.547074433731949e-05,0.0039976012489424395,64187833
0.5575585555368,0.0232316064807,2026-09-16T03:31:00.210799932+00:00,9.547578637526952e-05,0.004050624759363242,64188168
0.5642093333270815,0.02350872222196173,2026-09-16T03:31:24.153599977+00:00,9.547222042269238e-05,0.00401312418409816,64188406
0.5732074444161521,0.02388364351733967,2026-09-16T03:31:56.546799898+00:00,9.547088814527093e-05,0.003999113574412405,64188728
0.5784051111009386,0.024100212962539107,2026-09-16T03:32:15.258399963+00:00,9.547287269928816e-05,0.0040199837109831105,64188914
0.5808642222483953,0.02420267592701647,2026-09-16T03:32:24.111200094+00:00,9.549793261312682e-05,0.0042835209187022105,64189002
0.6276008333100213,0.026150034721250888,2026-09-16T03:35:12.362999916+00:00,9.552299581542248e-05,0.00454709270877407,64190676
0.62832666668627,0.026180277778594583,2026-09-16T03:35:14.976000071+00:00,9.552800885049645e-05,0.004599811216670524,64190702
0.6386279166407055,0.026609496526696065,2026-09-16T03:35:52.060499907+00:00,9.552781362779343e-05,0.004597758198995994,64191071
0.6395491666926278,0.02664788194552616,2026-09-16T03:35:55.377000093+00:00,9.552702867035939e-05,0.004589503362539604,64191104
0.6479799999793371,0.02699916666580571,2026-09-16T03:36:25.727999926+00:00,9.551677873691279e-05,0.004481712136392035,64191406
0.6497666666905085,0.02707361111210452,2026-09-16T03:36:32.160000086+00:00,9.554184441198411e-05,0.004745309930878516,64191470
0.6753941666417652,0.02814142361007355,2026-09-16T03:38:04.418999910+00:00,9.555025140364437e-05,0.00483372025510076,64192388
0.6832666666640176,0.028469444444334066,2026-09-16T03:38:32.759999990+00:00,9.55490064372729e-05,0.00482062783334114,64192670
0.692758333351877,0.02886493055632821,2026-09-16T03:39:06.930000067+00:00,9.55615409777464e-05,0.004952444639164666,64193010
0.6940424999925825,0.02891843749969094,2026-09-16T03:39:11.552999973+00:00,9.556254377649961e-05,0.004962990357119779,64193056
0.7165991666581896,0.029858298610757898,2026-09-16T03:40:32.756999969+00:00,9.556397648109925e-05,0.004978057087680288,64193864
0.7260350000196033,0.030251458334150137,2026-09-16T03:41:06.726000071+00:00,9.556817920621479e-05,0.005022254144736893,64194202
0.747335416674614,0.03113897569477558,2026-09-16T03:42:23.407500029+00:00,9.557668764838856e-05,0.005111731351520321,64194965
0.7488987500137753,0.031204114583907303,2026-09-16T03:42:29.035500050+00:00,9.559243302301759e-05,0.005277314205912376,64195021
0.7508250000079473,0.031284375000331134,2026-09-16T03:42:35.970000029+00:00,9.559452979160312e-05,0.005299364422917119,64195090
0.7551241666740841,0.03146350694475351,2026-09-16T03:42:51.447000027+00:00,9.561960566571195e-05,0.005563069473393467,64195244
0.7556266666783227,0.031484444444930114,2026-09-16T03:42:53.256000041+00:00,9.56316836284666e-05,0.00569008477758759,64195262
0.7575808333026038,0.03156586805427516,2026-09-16T03:43:00.290999889+00:00,9.56317047548439e-05,0.005690306948602286,64195332
0.7581950000259612,0.03159145833441505,2026-09-16T03:43:02.502000093+00:00,9.568186954147994e-05,0.006217854165284642,64195354
0.758948750032319,0.03162286458467996,2026-09-16T03:43:05.215500116+00:00,9.573204748194403e-05,0.006745539711377813,64195381
0.7596187500158945,0.03165078125066227,2026-09-16T03:43:07.627500057+00:00,9.578223857623619e-05,0.007273363586881798,64195405
0.7655929166740841,0.03189970486142017,2026-09-16T03:43:29.134500027+00:00,9.588266022630466e-05,0.008329426326122435,64195619
0.7685520833068423,0.03202300347111843,2026-09-16T03:43:39.787499905+00:00,9.598313449168537e-05,0.009386042383006554,64195725
0.7696129166417651,0.03206720486007355,2026-09-16T03:43:43.606499910+00:00,9.607175918886127e-05,0.010318044997981612,64195763
0.7707574999994702,0.03211489583331126,2026-09-16T03:43:47.726999998+00:00,9.60968975731491e-05,0.010582407423345153,64195804
0.7738841666777929,0.0322451736115747,2026-09-16T03:43:58.983000040+00:00,9.628508304211614e-05,0.012561419535843665,64195916
0.7743308333555857,0.032263784723149405,2026-09-16T03:44:00.591000080+00:00,9.615479720171976e-05,0.011191296445858034,64195932
0.7748612499899334,0.032285885416247224,2026-09-16T03:44:02.500499963+00:00,9.620509898057918e-05,0.011720284311868445,64195951
0.778741666674614,0.03244756944477558,2026-09-16T03:44:16.470000029+00:00,9.670884022971645e-05,0.017017771089566702,64196090
0.7798862500323189,0.03249526041801329,2026-09-16T03:44:20.590500116+00:00,9.685755174743161e-05,0.018581663862169195,64196131
0.781672916677263,0.032569704861552626,2026-09-16T03:44:27.022500038+00:00,9.689844377753205e-05,0.01901169612405229,64196195
0.7830408333407508,0.03262670138919795,2026-09-16T03:44:31.947000027+00:00,9.692793178063399e-05,0.019321800382539722,64196244
0.7831524999936422,0.032631354166401755,2026-09-16T03:44:32.348999977+00:00,9.694055644091968e-05,0.019454564914034744,64196248
0.7850787499878141,0.03271161458282559,2026-09-16T03:44:39.283499956+00:00,9.695070777412383e-05,0.019561319231885532,64196317
0.7907458333174388,0.03294774305489328,2026-09-16T03:44:59.684999943+00:00,9.745603940626811e-05,0.024875530931288248,64196520
0.7926162499851651,0.03302567708271521,2026-09-16T03:45:06.418499947+00:00,9.746376663124457e-05,0.024956792635012492,64196587
0.8032525000307295,0.033468854167947065,2026-09-16T03:45:44.709000111+00:00,9.750476055886278e-05,0.025387896480280947,64196968
0.8049833333492279,0.0335409722228845,2026-09-16T03:45:50.940000057+00:00,9.756706923163447e-05,0.026043152270251113,64197030
0.8062954166862699,0.03359564236192791,2026-09-16T03:45:55.663500071+00:00,9.757213023186401e-05,0.02609637519341601,64197077
0.8100641666518318,0.033752673610492986,2026-09-16T03:46:09.230999947+00:00,9.762274745338956e-05,0.026628680344552125,64197212
0.8154241666528914,0.03397600694387047,2026-09-16T03:46:28.526999950+00:00,9.813476843065664e-05,0.03201323910685705,64197404
0.8167083333598243,0.03402951388999268,2026-09-16T03:46:33.150000095+00:00,9.813476164255632e-05,0.032013167721256286,64197450
0.8170991666449441,0.034045798610206006,2026-09-16T03:46:34.556999922+00:00,9.818552457277424e-05,0.03254700518659637,64197464
0.8173783333433999,0.034057430555974995,2026-09-16T03:46:35.562000036+00:00,9.819072928402954e-05,0.03260173941593303,64197474
0.8199745833211475,0.03416560763838115,2026-09-16T03:46:44.908499956+00:00,9.829332341981277e-05,0.03368064863512421,64197567
0.8207562500238419,0.03419817708432674,2026-09-16T03:46:47.722500086+00:00,9.829384337209921e-05,0.03368611660179788,64197595
0.820923750003179,0.03420515625013246,2026-09-16T03:46:48.325500011+00:00,9.829488328629826e-05,0.0336970526363769,64197601
0.8252508333656523,0.034385451390235515,2026-09-16T03:47:03.903000116+00:00,9.880866157943472e-05,0.039100091834020745,64197756
0.8411912500196033,0.035049635417483474,2026-09-16T03:48:01.288500071+00:00,9.891013869972963e-05,0.0401672541994651,64198327
0.8432849999931123,0.03513687499971301,2026-09-16T03:48:08.825999975+00:00,9.911858908877605e-05,0.04235937799649503,64198402
0.8443458333280351,0.03518107638866813,2026-09-16T03:48:12.644999981+00:00,9.913994976608066e-05,0.04258401297681025,64198440
0.8473608333534665,0.03530670138972777,2026-09-16T03:48:23.499000072+00:00,9.915192003008798e-05,0.04270989569023298,64198548
0.849259166651302,0.03538579861047091,2026-09-16T03:48:30.332999945+00:00,9.940975011496267e-05,0.04542131046489306,64198616
0.8512133333418105,0.03546722222257544,2026-09-16T03:48:37.368000031+00:00,9.947374378537066e-05,0.04609428617101852,64198686
0.8532233333587647,0.03555097222328186,2026-09-16T03:48:44.604000092+00:00,9.949929539624858e-05,0.046362994205165986,64198758
0.8555125000079473,0.0356463541669978,2026-09-16T03:48:52.845000029+00:00,9.952485028839929e-05,0.04663173674611487,64198840
0.8556241666608386,0.03565100694420161,2026-09-16T03:48:53.246999979+00:00,9.952490393317193e-05,0.0466323008898577,64198844
0.8590579166677264,0.035794079861155265,2026-09-16T03:49:05.608500004+00:00,9.955046211348304e-05,0.046901078010040065,64198967
0.8608445833126704,0.0358685243046946,2026-09-16T03:49:12.040499926+00:00,9.967830223413058e-05,0.04824548121297312,64199031
0.8625475000010596,0.035939479166710815,2026-09-16T03:49:18.171000004+00:00,9.969970026757457e-05,0.04847050904111394,64199092
0.8632174999846353,0.035967395832693136,2026-09-16T03:49:20.582999945+00:00,9.98066641130771e-05,0.049595371375123376,64199116
0.8650888333055708,0.036045368054398785,2026-09-16T03:49:27.319799900+00:00,9.982817707153512e-05,0.049821607787519095,64199183
0.8653123888704511,0.03605468286960213,2026-09-16T03:49:28.124599934+00:00,9.982822645265828e-05,0.049822127093507085,64199191
0.8654521110985014,0.03606050462910423,2026-09-16T03:49:28.627599955+00:00,0.00010034597591952846,0.05526692828777602,64199196
0.8661786666843626,0.03609077777851511,2026-09-16T03:49:31.243200064+00:00,0.00010041044542434308,0.05594490800435681,64199222
0.8668772777583864,0.0361198865732661,2026-09-16T03:49:33.758199930+00:00,0.00010050232932382793,0.05691118532120942,64199247
0.8702864999903573,0.03626193749959822,2026-09-16T03:49:46.031399965+00:00,0.00010052502968523702,0.057149908802003546,64199369
0.8710410000218285,0.036293375000909525,2026-09-16T03:49:48.747600079+00:00,0.00010055071595339644,0.057420032930563636,64199396
0.8714601666397519,0.03631084027665633,2026-09-16T03:49:50.256599903+00:00,0.00010056356031795346,0.05755510793489438,64199411
0.8716557777590221,0.036318990739959256,2026-09-16T03:49:50.960799932+00:00,0.00010056570079110395,0.057577617761580546,64199418
0.8720190555519528,0.0363341273146647,2026-09-16T03:49:52.268599987+00:00,0.00010058589166975322,0.057789950805296586,64199431
0.8726617778009839,0.036360907408374325,2026-09-16T03:49:54.582400084+00:00,0.00010058803236231062,0.05781246293932818,64199454
0.8728573889202542,0.036369057871677254,2026-09-16T03:49:55.286600113+00:00,0.0001005880879250968,0.057813047253449046,64199461
0.8736677777767181,0.03640282407402992,2026-09-16T03:49:58.203999996+00:00,0.00010059236934746898,0.05785807191332193,64199490
0.8743663889169693,0.03643193287154039,2026-09-16T03:50:00.719000101+00:00,0.00010071212991946997,0.059117508276239183,64199515
0.8758474444680744,0.0364936435195031,2026-09-16T03:50:06.050800085+00:00,0.0001007223980016413,0.05922549035955704,64199568
0.8782227222124735,0.036592613425519734,2026-09-16T03:50:14.601799965+00:00,0.00010074810947171261,0.0594958795186169,64199653
0.8786418888966242,0.03661007870402601,2026-09-16T03:50:16.110800028+00:00,0.00010076096643722557,0.059631087038197306,64199668
0.8788654444615046,0.03661939351922936,2026-09-16T03:50:16.915600061+00:00,0.00010078668282920608,0.05990152795745929,64199676
0.8793963888618681,0.036641516202577835,2026-09-16T03:50:18.826999903+00:00,0.00010078719719051467,0.05990693712781381,64199695
0.8795081666443083,0.036646173610179515,2026-09-16T03:50:19.229399920+00:00,0.00010079227148113615,0.0599602998165345,64199699
0.8798714444372389,0.03666131018488496,2026-09-16T03:50:20.537199974+00:00,0.00010080527502514127,0.06009704879738198,64199712
0.8798714444372389,0.03666131018488496,2026-09-16T03:50:20.537199974+00:00,0.00010082308324302232,0.06028432510028714,64199712
0.879927333328459,0.03666363888868579,2026-09-16T03:50:20.738399982+00:00,0.00010084012567748902,0.06046354820620059,64199714
0.8816598888900545,0.03673582870375227,2026-09-16T03:50:26.975600004+00:00,0.00010136014378497902,0.06593220707285075,64199776
0.8817437222268847,0.036739321759453526,2026-09-16T03:50:27.277400017+00:00,0.00010136443772006451,0.06597736331998894,64199779
0.8863266111082501,0.036930275462843755,2026-09-16T03:50:43.775799990+00:00,0.00010136547725072944,0.06598829532121364,64199943
0.8913286666737662,0.03713869444474026,2026-09-16T03:51:01.783200026+00:00,0.00010138672904941866,0.06621178530292782,64200122
0.893256833354632,0.03721903472310967,2026-09-16T03:51:08.724600077+00:00,0.00010165236268666032,0.06900526446193989,64200191
0.8945422777864668,0.03727259490776945,2026-09-16T03:51:13.352200031+00:00,0.0001016628849119327,0.06911591918665794,64200237
0.8956041666534212,0.037316840277225885,2026-09-16T03:51:17.174999952+00:00,0.00010166371042124338,0.0691246004782251,64200275
0.8986501110924615,0.03744375462885256,2026-09-16T03:51:28.140399933+00:00,0.00010166758948811198,0.06916539385276299,64200384
0.9025623333454132,0.037606763889392214,2026-09-16T03:51:42.224400043+00:00,0.00010167581904717115,0.06925193824510112,64200524
0.9095763888623979,0.03789901620259992,2026-09-16T03:52:07.474999905+00:00,0.00010170219086168416,0.0695292717748166,64200775
0.9106941666867998,0.03794559027861666,2026-09-16T03:52:11.499000072+00:00,0.00010175406230146617,0.07007476664317602,64200815
0.9138798333538903,0.03807832638974543,2026-09-16T03:52:22.967400074+00:00,0.00010177612992374376,0.07030683605863697,64200929
0.9173449444770813,0.038222706019878386,2026-09-16T03:52:35.441800117+00:00,0.00010184896260273357,0.07107276530225892,64201053
0.9176243888669544,0.0382343495361231,2026-09-16T03:52:36.447799921+00:00,0.0001018495061311303,0.07107848120203863,64201063
0.9186862778001361,0.03827859490833901,2026-09-16T03:52:40.270600080+00:00,0.00010184955777269775,0.07107902427950386,64201101
0.9199437777863608,0.038330990741098366,2026-09-16T03:52:44.797600031+00:00,0.00010186715772317021,0.0712641103828866,64201146
0.9222352221939298,0.03842646759141374,2026-09-16T03:52:53.046799898+00:00,0.00010186823581550648,0.07127544790965512,64201228
0.9353411666552226,0.038972548610634275,2026-09-16T03:53:40.228199959+00:00,0.00010189562878988099,0.07156352024798229,64201697
0.9354249999920528,0.03897604166633553,2026-09-16T03:53:40.529999970+00:00,0.00010189546195739616,0.07156176578994655,64201700
0.9361236111323039,0.03900515046384599,2026-09-16T03:53:43.045000076+00:00,0.00010199931657687765,0.07265393061553582,64201725
0.9459321111440658,0.039413837964336076,2026-09-16T03:54:18.355600119+00:00,0.0001020045106964444,0.0727085534596521,64202076
0.9475808333026038,0.03948253472094183,2026-09-16T03:54:24.290999889+00:00,0.00010205679448526333,0.07325838470819623,64202135
0.9484191666709052,0.03951746527795438,2026-09-16T03:54:27.309000015+00:00,0.00010213513388522449,0.07408222420154287,64202165
0.94970461110274,0.039571025462614165,2026-09-16T03:54:31.936599970+00:00,0.00010215075384165006,0.07424648812230461,64202211
0.9537006666925218,0.03973752777885508,2026-09-16T03:54:46.322400093+00:00,0.0001021594637872209,0.07433808439633416,64202354
0.954622833331426,0.03977595138880942,2026-09-16T03:54:49.642199993+00:00,0.00010216035713603335,0.07434747910746786,64202387
0.9646548889080684,0.04019395370450285,2026-09-16T03:55:25.757600069+00:00,0.00010220131465462406,0.07477820006500946,64202746
0.9648225555817286,0.04020093981590536,2026-09-16T03:55:26.361200094+00:00,0.00010220008958772472,0.07476531691177923,64202752
0.9648225555817286,0.04020093981590536,2026-09-16T03:55:26.361200094+00:00,0.00010219653277209499,0.0747279124232616,64202752
0.9708585555685891,0.04045243981535788,2026-09-16T03:55:48.090800047+00:00,0.00010219705529260034,0.07473340739805856,64202968
0.9708585555685891,0.04045243981535788,2026-09-16T03:55:48.090800047+00:00,0.00010219834853659544,0.07474700752109031,64202968
0.9724234444565243,0.040517643519021845,2026-09-16T03:55:53.724400043+00:00,0.0001021996417887731,0.07476060773017212,64203024
0.9733456110954285,0.040556067128976185,2026-09-16T03:55:57.044199944+00:00,0.00010241670487872915,0.07704330514861413,64203057
0.9756650000148349,0.04065270833395145,2026-09-16T03:56:05.394000053+00:00,0.00010245323236315366,0.07742743860223333,64203140
0.975692944460445,0.040653872685851876,2026-09-16T03:56:05.494600058+00:00,0.0001024527131215635,0.07742197810944451,64203141
0.9770342777834998,0.04070976157431249,2026-09-16T03:56:10.323400021+00:00,0.0001024603842198108,0.07750264956846253,64203189
0.9777328888575236,0.040738870369063485,2026-09-16T03:56:12.838399887+00:00,0.00010247085691325955,0.07761278340238342,64203214
0.9811700555351045,0.04088208564729602,2026-09-16T03:56:25.212199926+00:00,0.00010250625476187682,0.07798503728337924,64203337
0.9817289444473055,0.04090537268530439,2026-09-16T03:56:27.224200010+00:00,0.00010252718903742238,0.07820518810107235,64203357
0.9841042221917047,0.041004342591321026,2026-09-16T03:56:35.775199890+00:00,0.00010252754142555795,0.07820889391530139,64203442
0.9854455555809869,0.04106023148254112,2026-09-16T03:56:40.604000092+00:00,0.00010253065416465666,0.07824162836824922,64203490
0.9906152777539359,0.041275636573080664,2026-09-16T03:56:59.214999914+00:00,0.00010278988760144622,0.08096780119225744,64203675
0.990671166645156,0.041277965276881504,2026-09-16T03:56:59.416199923+00:00,0.00010278869173026738,0.08095522506955843,64203677
0.9908947222100364,0.04128728009208485,2026-09-16T03:57:00.220999956+00:00,0.00010304825096098735,0.08368482403554234,64203685
0.9910623888836967,0.04129426620348736,2026-09-16T03:57:00.824599981+00:00,0.0001033077060709937,0.08641332803837898,64203691
0.9910903333293067,0.04129543055538778,2026-09-16T03:57:00.925199986+00:00,0.0001033075315196072,0.08641149240616963,64203692
0.9911182777749168,0.041296594907288195,2026-09-16T03:57:01.025799990+00:00,0.00010351984760917504,0.08864426901341504,64203693
0.9911182777749168,0.041296594907288195,2026-09-16T03:57:01.025799990+00:00,0.00010351865015726087,0.0886316762672521,64203693
0.9912021111117469,0.04130008796298945,2026-09-16T03:57:01.327600002+00:00,0.00010377850535826848,0.09136438774127065,64203696
0.9912580000029669,0.04130241666679029,2026-09-16T03:57:01.528800010+00:00,0.00010377730674528922,0.09135178278501588,64203698
0.9914536111222373,0.04131056713009322,2026-09-16T03:57:02.233000040+00:00,0.0001040374861836464,0.09408790403156186,64203705
0.9916492222415076,0.04131871759339615,2026-09-16T03:57:02.937200069+00:00,0.00010429799136092579,0.0968274508416016,64203712
0.9917051111327277,0.04132104629719699,2026-09-16T03:57:03.138400078+00:00,0.00010429678954866352,0.09681481224077326,64203714
0.995533499982622,0.04148056249927591,2026-09-16T03:57:16.920599937+00:00,0.0001043073420955127,0.09692578583584877,64203851
0.9966512778070238,0.04152713657529266,2026-09-16T03:57:20.944600105+00:00,0.00010514318501942882,0.10571574862976663,64203891
0.9966792222526338,0.041528300927193076,2026-09-16T03:57:21.045200109+00:00,0.0001051411975362939,0.1056948476897579,64203892
1.000563499993748,0.04169014583307284,2026-09-16T03:57:35.028599977+00:00,0.000105169836229888,0.10599602036701072,64204031
1.0006193888849682,0.04169247453687368,2026-09-16T03:57:35.229799986+00:00,0.0001051696204904527,0.1059937515895224,64204033
1.0013459444708295,0.04172274768628456,2026-09-16T03:57:37.845400095+00:00,0.00010522198104204623,0.10654439009731731,64204059
1.0020724999904633,0.04175302083293597,2026-09-16T03:57:40.460999966+00:00,0.00010544236558522038,0.10886201686596819,64204085
1.0056214444504843,0.04190089351877018,2026-09-16T03:57:53.237200022+00:00,0.00010549201655576293,0.10938416064593359,64204212
1.0093660000297757,0.042056916667907326,2026-09-16T03:58:06.717600107+00:00,0.0001054993961768801,0.10946176684824405,64204346
1.0094218889209958,0.042059245371708166,2026-09-16T03:58:06.918800116+00:00,0.00010549850988593286,0.10945244635963558,64204348
1.0097572222020892,0.04207321759175371,2026-09-16T03:58:08.125999928+00:00,0.00010549000141495834,0.10936296884997532,64204360
1.0098689999845294,0.042077874999355384,2026-09-16T03:58:08.528399944+00:00,0.00010549524600804178,0.10941812248800176,64204364
1.0109867778089312,0.04212444907537213,2026-09-16T03:58:12.552400112+00:00,0.00010554068118772215,0.10989593180778923,64204404
1.011685388882955,0.04215355787012312,2026-09-16T03:58:15.067399979+00:00,0.00010554592704044898,0.10995109869258513,64204429
1.012244277795156,0.04217684490813149,2026-09-16T03:58:17.079400063+00:00,0.00010565247761693511,0.1110716149716433,64204449
1.024428055551317,0.04268450231463821,2026-09-16T03:59:00.940999985+00:00,0.00010567445060265774,0.11130268916207653,64204885
1.0248472222354676,0.042701967593144485,2026-09-16T03:59:02.450000048+00:00,0.00010567471305836687,0.11130544922123642,64204900
1.0257693888743717,0.042740391203098825,2026-09-16T03:59:05.769799948+00:00,0.00010568361808251853,0.11139909699731043,64204933
1.0271386666430367,0.04279744444345986,2026-09-16T03:59:10.699199915+00:00,0.00010569873035507162,0.11155802196954179,64204982
1.0275298888815774,0.04281374537006572,2026-09-16T03:59:12.107599974+00:00,0.00010569699981459164,0.11153982311184119,64204996
1.0277813888920677,0.04282422453716949,2026-09-16T03:59:13.013000011+00:00,0.00010568322454259385,0.11139495841911962,64205005
1.0278372777832878,0.04282655324097033,2026-09-16T03:59:13.214200020+00:00,0.00010566436814266255,0.11119665913455212,64205007
1.027865222228898,0.04282771759287075,2026-09-16T03:59:13.314800024+00:00,0.00010564633200095723,0.11100698591964608,64205008
1.0280608333481682,0.042835868056173676,2026-09-16T03:59:14.019000053+00:00,0.00010564764410816042,0.11102078441355889,64205015
1.0291786111063428,0.042882442129430945,2026-09-16T03:59:18.042999983+00:00,0.00010564895622351162,0.11103458299315827,64205055
1.0297933889097637,0.042908057871240156,2026-09-16T03:59:20.256200075+00:00,0.0001056491966872913,0.11103711177891018,64205077
1.0312465000152589,0.04296860416730245,2026-09-16T03:59:25.487400055+00:00,0.00010570882125519109,0.11166414075582254,64205129
1.035018999973933,0.04312579166558054,2026-09-16T03:59:39.068399906+00:00,0.0001055726298788685,0.11023191336419824,64205264
1.0355219999949137,0.04314674999978807,2026-09-16T03:59:40.879199982+00:00,0.0001059856371714092,0.11457521595272846,64205282
1.0374222222301694,0.04322592592625706,2026-09-16T03:59:47.720000029+00:00,0.00010598826560467755,0.11460285730731079,64205350
1.0378972778055402,0.04324571990856418,2026-09-16T03:59:49.430200100+00:00,0.00010625127352130227,0.11736872363875683,64205367
1.0379252222511504,0.0432468842604646,2026-09-16T03:59:49.530800104+00:00,0.00010624941436923516,0.11734917226489161,64205368
1.04060788889726,0.04335866203738584,2026-09-16T03:59:59.188400030+00:00,0.0001062477925897666,0.11733211716903491,64205464
1.0406917222340901,0.04336215509308709,2026-09-16T03:59:59.490200043+00:00,0.00010624671135384177,0.11732074658339164,64205467
1.0409152777989705,0.04337146990829044,2026-09-16T04:00:00.295000076+00:00,0.00010624611685778674,0.11731449469316746,64205475
1.0416977222098245,0.04340407175874269,2026-09-16T04:00:03.111799955+00:00,0.00010625715304239069,0.11743055436093508,64205503
1.0423125000132454,0.04342968750055189,2026-09-16T04:00:05.325000048+00:00,0.00010627037615957321,0.11756961243599706,64205525
1.0465600555472905,0.043606668981137096,2026-09-16T04:00:20.616199970+00:00,0.00010628145120966083,0.11768608082428567,64205677
1.0535741111305026,0.04389892129710427,2026-09-16T04:00:45.866800070+00:00,0.00010628255173748964,0.1176976542890984,64205928
1.0598057222366333,0.04415857175985972,2026-09-16T04:01:08.300600052+00:00,0.00010628263415667643,0.11769852103279477,64206151
1.0655063888761733,0.044396099536507215,2026-09-16T04:01:28.822999954+00:00,0.0001062836869981322,0.11770959301409567,64206355
1.072296888894505,0.04467903703727104,2026-09-16T04:01:53.268800020+00:00,0.00010629170175488199,0.11779387848402934,64206598
1.0755943333440356,0.044816430556001485,2026-09-16T04:02:05.139600039+00:00,0.00010630223085321212,0.11790460548778459,64206716
1.0761252778106265,0.04483855324210944,2026-09-16T04:02:07.051000118+00:00,0.00010631424750396777,0.11803097601749468,64206735
1.0773548333512413,0.04488978472296838,2026-09-16T04:02:11.477400064+00:00,0.00010631457977089687,0.11803447023137248,64206779
1.0777460555235545,0.04490608564681477,2026-09-16T04:02:12.885799885+00:00,0.00010631897917483214,0.11808073561904275,64206793
1.0783608333269754,0.04493170138862398,2026-09-16T04:02:15.098999977+00:00,0.00010631142832426574,0.11800132871896385,64206815
1.078640277783076,0.04494334490762816,2026-09-16T04:02:16.105000019+00:00,0.00010631582978636943,0.11804761575092071,64206825
1.0810155555274752,0.0450423148136448,2026-09-16T04:02:24.655999899+00:00,0.00010631861609644907,0.11807691738311932,64206910
1.0813508888747958,0.04505628703644982,2026-09-16T04:02:25.863199949+00:00,0.0001063449431523605,0.11835378021860365,64206922
1.0816862222221162,0.04507025925925484,2026-09-16T04:02:27.070400+00:00,0.00010635470734496775,0.11845646325542125,64206934
1.0831393333276114,0.045130805555317136,2026-09-16T04:02:32.301599979+00:00,0.00010642033837464677,0.11914665789905388,64206986
1.0831393333276114,0.045130805555317136,2026-09-16T04:02:32.301599979+00:00,0.00010648660792006188,0.11984356735644264,64206986
1.0831393333276114,0.045130805555317136,2026-09-16T04:02:32.301599979+00:00,0.00010655326563675162,0.12054455893376592,64206986
1.0831393333276114,0.045130805555317136,2026-09-16T04:02:32.301599979+00:00,0.00010661816924701662,0.12122710382718593,64206986
1.0831952222188315,0.045133134259117975,2026-09-16T04:02:32.502799988+00:00,0.00010661798939922912,0.12122521249651186,64206988
1.0835305555661519,0.045147106481922994,2026-09-16T04:02:33.710000038+00:00,0.00010667072084561491,0.12177975143982067,64207000
1.0839217778046926,0.04516340740852886,2026-09-16T04:02:35.118400097+00:00,0.0001067360990057609,0.12246728683525787,64207014
1.0839217778046926,0.04516340740852886,2026-09-16T04:02:35.118400097+00:00,0.0001068034516928542,0.1231755869197364,64207014
1.0839217778046926,0.04516340740852886,2026-09-16T04:02:35.118400097+00:00,0.0001068694702502055,0.12386985691499719,64207014
1.0839217778046926,0.04516340740852886,2026-09-16T04:02:35.118400097+00:00,0.00010693457362977049,0.12455450263940371,64207014
1.0847601111067666,0.04519833796278194,2026-09-16T04:02:38.136399984+00:00,0.00010697307859183994,0.12495943181244251,64207044
1.0847880555523766,0.04519950231468236,2026-09-16T04:02:38.236999989+00:00,0.00010701195788141958,0.12536829752043688,64207045
1.0867721111244626,0.04528217129685261,2026-09-16T04:02:45.379600048+00:00,0.00010701201123723549,0.12536885862542824,64207116
1.0872471666336059,0.04530196527640025,2026-09-16T04:02:47.089799881+00:00,0.00010701411908491997,0.12539102535340052,64207133
1.0873868888616562,0.04530778703590234,2026-09-16T04:02:47.592799902+00:00,0.00010720041374649341,0.12735015319558385,64207138
1.0910476111041174,0.04546031712933823,2026-09-16T04:03:00.771399975+00:00,0.00010722246385513144,0.1275820384326114,64207269
1.092193333307902,0.04550805555449592,2026-09-16T04:03:04.895999908+00:00,0.00010722312536262195,0.1275889950342206,64207310
1.09834111114343,0.04576421296430959,2026-09-16T04:03:27.028000116+00:00,0.00010723069015066157,0.12766854850474663,64207530
1.099682444466485,0.045820101852770204,2026-09-16T04:03:31.856800079+00:00,0.00010724175341849286,0.1277848929874641,64207578
1.099989833301968,0.04583290972091533,2026-09-16T04:03:32.963399887+00:00,0.00010834135876578684,0.13934865672123142,64207589
1.1001016110844082,0.04583756712851701,2026-09-16T04:03:33.365799904+00:00,0.00010834114074188531,0.13934636391964417,64207593
1.1001295555300183,0.04583873148041743,2026-09-16T04:03:33.466399908+00:00,0.0001083399958764489,0.13933432418789304,64207594
1.1059699444638358,0.046082081019326496,2026-09-16T04:03:54.491800070+00:00,0.00010837886619381842,0.1397430955415644,64207803
1.1063891110817592,0.0460995462950733,2026-09-16T04:03:56.000799894+00:00,0.00010840108992119424,0.1399768066028011,64207818
1.1067523888746897,0.04611468286977874,2026-09-16T04:03:57.308599949+00:00,0.00010850669963441875,0.14108742849521416,64207831
1.1070318333307902,0.046126326388782925,2026-09-16T04:03:58.314599991+00:00,0.00010852671023414741,0.14129786567433733,64207841
1.1076186666886012,0.04615077777869171,2026-09-16T04:04:00.427200079+00:00,0.00010850080049736252,0.14102539148591875,64207862
1.1085128888818954,0.046188037036745636,2026-09-16T04:04:03.646399975+00:00,0.00010851163672067314,0.14113934830364316,64207894
1.108876166674826,0.04620317361145108,2026-09-16T04:04:04.954200029+00:00,0.00010852274478292595,0.1412561638572849,64207907
1.116672666668892,0.0465280277778705,2026-09-16T04:04:33.021600008+00:00,0.00010852191150877205,0.1412474009084097,64208186
1.116756500005722,0.04653152083357175,2026-09-16T04:04:33.323400021+00:00,0.00010852089905387506,0.14123675364369004,64208189
1.1168123888969421,0.046533849537372586,2026-09-16T04:04:33.524600029+00:00,0.00010852021054501396,0.14122951308795972,64208191
1.1168682777881622,0.046536178241173426,2026-09-16T04:04:33.725800037+00:00,0.00010851908426776996,0.14121766883494624,64208193
1.1183772777848773,0.04659905324103655,2026-09-16T04:04:39.158200026+00:00,0.00010858781956725106,0.14194050886598575,64208247
1.1258384444316227,0.046909935184650954,2026-09-16T04:05:06.018399954+00:00,0.00010859057957779132,0.14196953392472045,64208514
1.1342776666747199,0.047261569444779994,2026-09-16T04:05:36.399600029+00:00,0.00010859325865693755,0.14199770788581234,64208816
1.1346130000220405,0.04727554166758502,2026-09-16T04:05:37.606800079+00:00,0.0001086464442093689,0.14255702233792888,64208828
1.135674888888995,0.047319787037041455,2026-09-16T04:05:41.429600+00:00,0.00010866256361418245,0.14272653860051476,64208866
1.1391679444577958,0.04746533101907483,2026-09-16T04:05:54.004600048+00:00,0.00010866120663840076,0.14271226825582195,64208991
1.1417667777670755,0.04757361574029481,2026-09-16T04:06:03.360399961+00:00,0.00010866127328136678,0.14271296909227704,64209084
1.1487705555227068,0.04786543981344612,2026-09-16T04:06:28.573999882+00:00,0.00010866165886710121,0.14271702402193265,64209335
1.1518104444609747,0.04799210185254062,2026-09-16T04:06:39.517600060+00:00,0.00010866699420066973,0.1427731319128036,64209444
1.1535674444172117,0.04806531018405049,2026-09-16T04:06:45.842799902+00:00,0.00010867763387974636,0.14288502181525642,64209507
1.1550734444459279,0.048128060185247,2026-09-16T04:06:51.264400005+00:00,0.0001087332716100828,0.14347012407023985,64209561
1.1556591111421586,0.048152462964256605,2026-09-16T04:06:53.372800112+00:00,0.00010899950094200045,0.146269867724516,64209582
1.155882222255071,0.048161759260627955,2026-09-16T04:06:54.176000118+00:00,0.00010926605580177885,0.1490730347227034,64209590
1.156049555540085,0.04816873148083687,2026-09-16T04:06:54.778399944+00:00,0.00010953292151872638,0.15187947078362107,64209596
1.1561890000104904,0.04817454166710377,2026-09-16T04:06:55.280400038+00:00,0.00010979998901472024,0.15468802881059118,64209601
1.1562447777721616,0.04817686574050674,2026-09-16T04:06:55.481199980+00:00,0.00010979982011118695,0.15468625257281876,64209603
1.1563842222425673,0.04818267592677364,2026-09-16T04:06:55.983200073+00:00,0.00011006721259257607,0.1574982282389783,64209608
1.156412111123403,0.04818383796347512,2026-09-16T04:06:56.083600044+00:00,0.00011006641248945997,0.15748981412620577,64209609
1.1595635555850135,0.04831514814937556,2026-09-16T04:07:07.428800106+00:00,0.00011006911507276072,0.15751823526369635,64209722
1.1646951111157735,0.04852896296315723,2026-09-16T04:07:25.902400017+00:00,0.00011007446628558195,0.15757451014532187,64209906
1.169185222254859,0.048716050927285794,2026-09-16T04:07:42.066800117+00:00,0.00011034219277401928,0.16038999832494838,64210067
1.171834666662746,0.04882644444428108,2026-09-16T04:07:51.604799986+00:00,0.0001106102444533898,0.16320890630525997,64210162
1.173786888917287,0.048907787038220296,2026-09-16T04:07:58.632800102+00:00,0.00011087862132369348,0.1660312340862562,64210232
1.176101666688919,0.049004236112038295,2026-09-16T04:08:06.966000080+00:00,0.00011090516824101279,0.16631040904706906,64210315
1.1773845555384954,0.04905768981410397,2026-09-16T04:08:11.584399939+00:00,0.00011117390244761843,0.16913649467862424,64210361
1.2071141111188464,0.050296421296618606,2026-09-16T04:09:58.610800028+00:00,0.00011117993233645577,0.1691999067109753,64211427
1.2164568889141083,0.05068570370475451,2026-09-16T04:10:32.244800091+00:00,0.00011117630179883594,0.16916172694096465,64211762
1.2170983333057828,0.05071243055440761,2026-09-16T04:10:34.553999901+00:00,0.00011123008824339805,0.16972736054626325,64211785
1.2171541111336814,0.050714754630570055,2026-09-16T04:10:34.754800081+00:00,0.0001112299112000635,0.169725498708017,64211787
1.2173493333657583,0.050722888890239924,2026-09-16T04:10:35.457600117+00:00,0.00011121363605857683,0.16955434467411878,64211794
1.22836544447475,0.05118189351978125,2026-09-16T04:11:15.115600109+00:00,0.00011121608102519363,0.16958005664101972,64212189
1.2350866666767333,0.051461944444863884,2026-09-16T04:11:39.312000036+00:00,0.00011112034768220524,0.16857329747739258,64212430
1.2350866666767333,0.051461944444863884,2026-09-16T04:11:39.312000036+00:00,0.00011111657941759417,0.16853366933102532,64212430
1.2382102221912807,0.051592092591303367,2026-09-16T04:11:50.556799889+00:00,0.00011111712250405452,0.168539380583276,64212542
1.2481944444444444,0.052008101851851854,2026-09-16T04:12:26.500000+00:00,0.00011111592971595972,0.16852683688316872,64212900
1.2494773333602482,0.052061555556677006,2026-09-16T04:12:31.118400097+00:00,0.00011111557932945174,0.168523152118627,64212946
1.2503976666927337,0.05209990277886391,2026-09-16T04:12:34.431600094+00:00,0.00011228635867017178,0.18083540188512703,64212979
1.2504255555735695,0.05210106481556539,2026-09-16T04:12:34.532000064+00:00,0.00011228533784142602,0.18082466655862306,64212980
1.250537111096912,0.052105712962371334,2026-09-16T04:12:34.933599949+00:00,0.00011228454828140823,0.1808163633200821,64212984
1.2507044444481532,0.052112685185339715,2026-09-16T04:12:35.536000013+00:00,0.00011228213775183429,0.18079101350295468,64212990
1.2507323333289888,0.0521138472220412,2026-09-16T04:12:35.636399984+00:00,0.00011227848558220155,0.18075260624452083,64212991
1.2508996666802301,0.052120819445009584,2026-09-16T04:12:36.238800049+00:00,0.00011227797429267254,0.18074722937787735,64212997
1.2518200000127158,0.052159166667196485,2026-09-16T04:12:39.552000046+00:00,0.00011207731922998983,0.1786370834582005,64213030
1.2556128888660008,0.05231720370275003,2026-09-16T04:12:53.206399918+00:00,0.00011270879414883565,0.18527785397036922,64213166
1.2556686666938994,0.052319527778912474,2026-09-16T04:12:53.407200098+00:00,0.00011270856116391824,0.18527540383446817,64213168
1.2561985555622313,0.05234160648175964,2026-09-16T04:12:55.314800024+00:00,0.00011398967575598778,0.19874797060129135,64213187
1.2562264444430669,0.05234276851846112,2026-09-16T04:12:55.415199995+00:00,0.00011398865399821286,0.19873722550485162,64213188
1.2562822222047383,0.05234509259186409,2026-09-16T04:12:55.615999937+00:00,0.00011398641210110849,0.1987136490749133,64213190
1.2563101110855739,0.052346254628565576,2026-09-16T04:12:55.716399908+00:00,0.00011398580585412578,0.1987072736085791,64213191
1.2563101110855739,0.052346254628565576,2026-09-16T04:12:55.716399908+00:00,0.00011398512207974631,0.19870008284200935,64213191
1.256338000032637,0.05234741666802654,2026-09-16T04:12:55.816800117+00:00,0.00011398347182512133,0.19868272829327882,64213192
1.256338000032637,0.05234741666802654,2026-09-16T04:12:55.816800117+00:00,0.00011398323684145285,0.1986802571379409,64213192
1.2563937777943082,0.05234974074142951,2026-09-16T04:12:56.017600060+00:00,0.00011398299662940091,0.1986777309994301,64213194
1.2564216666751438,0.05235090277813099,2026-09-16T04:12:56.118000031+00:00,0.00011398163005808839,0.19866335974539573,64213195
1.2615253333250682,0.052563555555211174,2026-09-16T04:13:14.491199970+00:00,0.00011399752592561687,0.19883052522607936,64213378
1.2629755555258857,0.05262398148024524,2026-09-16T04:13:19.711999893+00:00,0.00011399951847980018,0.19885147949468052,64213430
1.2692505555682712,0.05288543981534463,2026-09-16T04:13:42.302000046+00:00,0.00011400846568926703,0.19894557090357168,64213655
1.270059333311187,0.05291913888796612,2026-09-16T04:13:45.213599920+00:00,0.00011400978355075869,0.19895942991122473,64213684
1.276445888876915,0.05318524536987146,2026-09-16T04:14:08.205199957+00:00,0.00011397842310322105,0.19862963449252935,64213913
1.278119222190645,0.053254967591276875,2026-09-16T04:14:14.229199886+00:00,0.0001139470710502158,0.19829992735313295,64213973
1.2788443333572812,0.05328518055655338,2026-09-16T04:14:16.839600086+00:00,0.00011391573105195295,0.19797034698484905,64213999
1.27945788886812,0.053310745369505,2026-09-16T04:14:19.048399925+00:00,0.00011388440398154023,0.19764090256952738,64214021
1.2800435555643506,0.05333514814851461,2026-09-16T04:14:21.156800032+00:00,0.00011392273890483947,0.198044043566318,64214042
1.2812706666522555,0.05338627777717732,2026-09-16T04:14:25.574399948+00:00,0.00011389140894381918,0.19771456875254212,64214086
1.2828045555618075,0.05345018981507531,2026-09-16T04:14:31.096400023+00:00,0.00011386009190512916,0.19738522983368,64214141
1.2832786666684681,0.0534699444445195,2026-09-16T04:14:32.803200006+00:00,0.00011382878778166378,0.19705602673500722,64214158
1.2854261110888587,0.053559421295369114,2026-09-16T04:14:40.533999919+00:00,0.00011371472153386665,0.19585647351096247,64214235
1.2862627777788374,0.05359428240745156,2026-09-16T04:14:43.546000004+00:00,0.00011368347733825016,0.19552790063065606,64214265
1.2870436666409175,0.05362681944337156,2026-09-16T04:14:46.357199907+00:00,0.00011367672774513161,0.1954569199826317,64214293
1.2876014444563124,0.053650060185679686,2026-09-16T04:14:48.365200043+00:00,0.00011367635569470543,0.19545300739414184,64214313
1.2883823333183924,0.05368259722159968,2026-09-16T04:14:51.176399946+00:00,0.00011366403494777677,0.19532343890226667,64214341
1.2904461110962762,0.05376858796234484,2026-09-16T04:14:58.605999947+00:00,0.0001136620708711632,0.19530278411191837,64214415
1.2912827777862548,0.05380344907442729,2026-09-16T04:15:01.618000031+00:00,0.00011365996549708585,0.19528064339710505,64214445
1.291450111137496,0.05381042129739567,2026-09-16T04:15:02.220400095+00:00,0.00011365907277662224,0.1952712552938669,64214451
1.2915337777800031,0.053813907407500125,2026-09-16T04:15:02.521600007+00:00,0.00011365676663077085,0.19524700320576405,64214454
1.2925935555828942,0.05385806481595393,2026-09-16T04:15:06.336800098+00:00,0.00011365623902273009,0.19524145472899246,64214492
1.2925935555828942,0.05385806481595393,2026-09-16T04:15:06.336800098+00:00,0.00011365571148646131,0.19523590700699534,64214492
1.2925935555828942,0.05385806481595393,2026-09-16T04:15:06.336800098+00:00,0.00011327773748042518,0.1912610244602131,64214492
1.2925935555828942,0.05385806481595393,2026-09-16T04:15:06.336800098+00:00,0.00011327721345684985,0.19125551367870308,64214492
1.2925935555828942,0.05385806481595393,2026-09-16T04:15:06.336800098+00:00,0.00011327662771529588,0.19124935385331154,64214492
1.2925935555828942,0.05385806481595393,2026-09-16T04:15:06.336800098+00:00,0.0001132760417516127,0.19124319169194548,64214492
1.2925935555828942,0.05385806481595393,2026-09-16T04:15:06.336800098+00:00,0.00011327545480871471,0.19123701923287717,64214492
1.2925935555828942,0.05385806481595393,2026-09-16T04:15:06.336800098+00:00,0.00011327486877854688,0.19123085637233972,64214492
1.2925935555828942,0.05385806481595393,2026-09-16T04:15:06.336800098+00:00,0.00011327428328171444,0.19122469912050932,64214492
1.2925935555828942,0.05385806481595393,2026-09-16T04:15:06.336800098+00:00,0.00011327375867337228,0.19121918218942446,64214492
1.2925935555828942,0.05385806481595393,2026-09-16T04:15:06.336800098+00:00,0.00011327317303413979,0.19121302344007463,64214492
1.2925935555828942,0.05385806481595393,2026-09-16T04:15:06.336800098+00:00,0.0001132725869460811,0.19120685997074038,64214492
1.2925935555828942,0.05385806481595393,2026-09-16T04:15:06.336800098+00:00,0.00011327200063569149,0.19120069416331065,64214492
1.2925935555828942,0.05385806481595393,2026-09-16T04:15:06.336800098+00:00,0.00011327141448112062,0.19119452999451525,64214492
1.2925935555828942,0.05385806481595393,2026-09-16T04:15:06.336800098+00:00,0.00011327082825547418,0.19118836507826908,64214492
1.2925935555828942,0.05385806481595393,2026-09-16T04:15:06.336800098+00:00,0.00011327024188308517,0.19118219861883579,64214492
1.2925935555828942,0.05385806481595393,2026-09-16T04:15:06.336800098+00:00,0.00011326965634663302,0.19117604095035357,64214492
1.2925935555828942,0.05385806481595393,2026-09-16T04:15:06.336800098+00:00,0.00011326906975629742,0.1911698721989319,64214492
1.2925935555828942,0.05385806481595393,2026-09-16T04:15:06.336800098+00:00,0.00011326848324621472,0.19116370429147245,64214492
1.2925935555828942,0.05385806481595393,2026-09-16T04:15:06.336800098+00:00,0.0001132678974212895,0.1911575435893249,64214492
1.292677222225401,0.053861550926058384,2026-09-16T04:15:06.638000011+00:00,0.00011326782639375694,0.1911567966435166,64214495
1.2928166666958067,0.05386736111232528,2026-09-16T04:15:07.140000105+00:00,0.00011326732773667254,0.19115155262326655,64214500
1.2928166666958067,0.05386736111232528,2026-09-16T04:15:07.140000105+00:00,0.00011326682914724263,0.1911463093144905,64214500
1.2928166666958067,0.05386736111232528,2026-09-16T04:15:07.140000105+00:00,0.00011326627161940264,0.19114044619256898,64214500
1.2928166666958067,0.05386736111232528,2026-09-16T04:15:07.140000105+00:00,0.00011326571481469757,0.19113459067534078,64214500
1.2928166666958067,0.05386736111232528,2026-09-16T04:15:07.140000105+00:00,0.00011326515794225957,0.1911287344458139,64214500
1.2928166666958067,0.05386736111232528,2026-09-16T04:15:07.140000105+00:00,0.00011326460071452884,0.19112287447992715,64214500
1.2928166666958067,0.05386736111232528,2026-09-16T04:15:07.140000105+00:00,0.00011326410240041705,0.19111763406647508,64214500
1.2928166666958067,0.05386736111232528,2026-09-16T04:15:07.140000105+00:00,0.0001132636046678146,0.19111239976834105,64214500
1.2928166666958067,0.05386736111232528,2026-09-16T04:15:07.140000105+00:00,0.00011290633990672308,0.18735530155321345,64214500
1.2928166666958067,0.05386736111232528,2026-09-16T04:15:07.140000105+00:00,0.0001129057858969357,0.1873494754281375,64214500
1.2928166666958067,0.05386736111232528,2026-09-16T04:15:07.140000105+00:00,0.00011290523224836306,0.18734365310169876,64214500
1.2928166666958067,0.05386736111232528,2026-09-16T04:15:07.140000105+00:00,0.0001129046783181828,0.18733782781379404,64214500
1.2928166666958067,0.05386736111232528,2026-09-16T04:15:07.140000105+00:00,0.00011290412474914179,0.18733200632373292,64214500
1.2928166666958067,0.05386736111232528,2026-09-16T04:15:07.140000105+00:00,0.00011290357039818344,0.18732617661080564,64214500
1.2928166666958067,0.05386736111232528,2026-09-16T04:15:07.140000105+00:00,0.00011290301612282995,0.1873203476929608,64214500
1.2928166666958067,0.05386736111232528,2026-09-16T04:15:07.140000105+00:00,0.00011290246228039716,0.1873145233278335,64214500
1.2928166666958067,0.05386736111232528,2026-09-16T04:15:07.140000105+00:00,0.00011290190858487437,0.1873087005076537,64214500
1.2928166666958067,0.05386736111232528,2026-09-16T04:15:07.140000105+00:00,0.00011290135453623688,0.187302873974019,64214500
1.2928166666958067,0.05386736111232528,2026-09-16T04:15:07.140000105+00:00,0.00011290080006259912,0.18729704297096017,64214500
1.2928166666958067,0.05386736111232528,2026-09-16T04:15:07.140000105+00:00,0.00011290024659344779,0.1872912225313672,64214500
1.2929003333383136,0.053870847222429734,2026-09-16T04:15:07.441200018+00:00,0.00011290017944554991,0.18729051638490457,64214503
1.2932628889216318,0.05388595370506799,2026-09-16T04:15:08.746400118+00:00,0.00011289970802580212,0.187285558800262,64214516
1.2932628889216318,0.05388595370506799,2026-09-16T04:15:08.746400118+00:00,0.000112899236669853,0.18728060188654405,64214516
1.2932628889216318,0.05388595370506799,2026-09-16T04:15:08.746400118+00:00,0.00011256143040560099,0.18372813477894967,64214516
1.2932628889216318,0.05388595370506799,2026-09-16T04:15:08.746400118+00:00,0.00011256096140869795,0.18372320267363396,64214516
1.2932628889216318,0.05388595370506799,2026-09-16T04:15:08.746400118+00:00,0.00011256049295892885,0.18371827632213478,64214516
1.2933465555641386,0.05388943981517244,2026-09-16T04:15:09.047600031+00:00,0.00011256042945615729,0.1837176085088612,64214519
1.2936812222003937,0.053903384258349736,2026-09-16T04:15:10.252399921+00:00,0.00011255998362736726,0.18371292004603568,64214531
1.2936812222003937,0.053903384258349736,2026-09-16T04:15:10.252399921+00:00,0.00011255953785876902,0.18370823221620403,64214531
1.2936812222003937,0.053903384258349736,2026-09-16T04:15:10.252399921+00:00,0.00011255901383723891,0.18370272145620214,64214531
1.2936812222003937,0.053903384258349736,2026-09-16T04:15:10.252399921+00:00,0.00011223951052275866,0.18034273339330564,64214531
1.2936812222003937,0.053903384258349736,2026-09-16T04:15:10.252399921+00:00,0.00011223898806066927,0.1803372390328275,64214531
1.2936812222003937,0.053903384258349736,2026-09-16T04:15:10.252399921+00:00,0.00011223846587190287,0.18033174754669212,64214531
1.2936812222003937,0.053903384258349736,2026-09-16T04:15:10.252399921+00:00,0.00011223794402357855,0.1803262596407429,64214531
1.2936812222003937,0.053903384258349736,2026-09-16T04:15:10.252399921+00:00,0.00011223742204421459,0.18032077035674332,64214531
1.2936812222003937,0.053903384258349736,2026-09-16T04:15:10.252399921+00:00,0.00011223689993376163,0.18031527969417427,64214531
1.2936812222003937,0.053903384258349736,2026-09-16T04:15:10.252399921+00:00,0.00011223645631210547,0.18031061444219865,64214531
1.2936812222003937,0.053903384258349736,2026-09-16T04:15:10.252399921+00:00,0.00011223593441046443,0.18030512597555548,64214531
1.2936812222003937,0.053903384258349736,2026-09-16T04:15:10.252399921+00:00,0.00011223541291625566,0.18029964179358626,64214531
1.2936812222003937,0.053903384258349736,2026-09-16T04:15:10.252399921+00:00,0.0001122348912238455,0.180294155527275,64214531
1.2936812222003937,0.053903384258349736,2026-09-16T04:15:10.252399921+00:00,0.0001122343700730381,0.1802886749566126,64214531
1.2936812222003937,0.053903384258349736,2026-09-16T04:15:10.252399921+00:00,0.00011223384872422249,0.18028319230363943,64214531
1.2936812222003937,0.053903384258349736,2026-09-16T04:15:10.252399921+00:00,0.00011223340563539705,0.18027853265506377,64214531
1.2936812222003937,0.053903384258349736,2026-09-16T04:15:10.252399921+00:00,0.0001122328840915489,0.1802730479510728,64214531
1.2936812222003937,0.053903384258349736,2026-09-16T04:15:10.252399921+00:00,0.00011223236282031159,0.18026756611393524,64214531
1.2936812222003937,0.053903384258349736,2026-09-16T04:15:10.252399921+00:00,0.00011223184121645637,0.18026208077889283,64214531
1.2936812222003937,0.053903384258349736,2026-09-16T04:15:10.252399921+00:00,0.00011223132001969496,0.180256599724965,64214531
1.293764888909128,0.05390687037121367,2026-09-16T04:15:10.553600073+00:00,0.00011223125995650113,0.1802559680832725,64214534
1.294015888902876,0.053917328704286505,2026-09-16T04:15:11.457200050+00:00,0.00011101237132337565,0.16743778726419611,64214543
1.294015888902876,0.053917328704286505,2026-09-16T04:15:11.457200050+00:00,0.00011087210294050163,0.16596268490782395,64214543
1.294015888902876,0.053917328704286505,2026-09-16T04:15:11.457200050+00:00,0.00011069460154509152,0.164096029562806,64214543
1.294015888902876,0.053917328704286505,2026-09-16T04:15:11.457200050+00:00,0.00011051668973862938,0.16222505821800604,64214543
1.294015888902876,0.053917328704286505,2026-09-16T04:15:11.457200050+00:00,0.00011038036272372868,0.16079140441237394,64214543
1.294015888902876,0.053917328704286505,2026-09-16T04:15:11.457200050+00:00,0.00011038001053253351,0.16078770066922643,64214543
1.294015888902876,0.053917328704286505,2026-09-16T04:15:11.457200050+00:00,0.00011012750465634944,0.15813227679304553,64214543
1.294015888902876,0.053917328704286505,2026-09-16T04:15:11.457200050+00:00,0.00011012715371995472,0.15812858624573778,64214543
1.294015888902876,0.053917328704286505,2026-09-16T04:15:11.457200050+00:00,0.00011012680296635468,0.158124897620751,64214543
1.294015888902876,0.053917328704286505,2026-09-16T04:15:11.457200050+00:00,0.00011012645262142983,0.15812121329350926,64214543
1.2940995555453831,0.05392081481439096,2026-09-16T04:15:11.758399963+00:00,0.00011012640512884092,0.15812071384788662,64214546
1.2944900000095367,0.0539370833337307,2026-09-16T04:15:13.164000034+00:00,0.00011012620507206463,0.1581186099937173,64214560
1.2944900000095367,0.0539370833337307,2026-09-16T04:15:13.164000034+00:00,0.00011012600504165487,0.15811650641682617,64214560
1.2944900000095367,0.0539370833337307,2026-09-16T04:15:13.164000034+00:00,0.0001101257572001612,0.15811390004492787,64214560
1.2944900000095367,0.0539370833337307,2026-09-16T04:15:13.164000034+00:00,0.00011012550967913609,0.15811129704316862,64214560
1.2944900000095367,0.0539370833337307,2026-09-16T04:15:13.164000034+00:00,0.00011012526212701024,0.15810869371434522,64214560
1.2944900000095367,0.0539370833337307,2026-09-16T04:15:13.164000034+00:00,0.00011012501441595063,0.1581060887141288,64214560
1.2944900000095367,0.0539370833337307,2026-09-16T04:15:13.164000034+00:00,0.00011012476673769278,0.1581034840588651,64214560
1.2944900000095367,0.0539370833337307,2026-09-16T04:15:13.164000034+00:00,0.00011012451912418361,0.15810088008451717,64214560
1.2944900000095367,0.0539370833337307,2026-09-16T04:15:13.164000034+00:00,0.00011012431920160062,0.158098777641563,64214560
1.2944900000095367,0.0539370833337307,2026-09-16T04:15:13.164000034+00:00,0.00010998078458224183,0.15658932660991254,64214560
1.2944900000095367,0.0539370833337307,2026-09-16T04:15:13.164000034+00:00,0.00010998053767724855,0.1565867300865198,64214560
1.2944900000095367,0.0539370833337307,2026-09-16T04:15:13.164000034+00:00,0.00010998029058190893,0.15658413156139073,64214560
1.2944900000095367,0.0539370833337307,2026-09-16T04:15:13.164000034+00:00,0.00010998004358301835,0.1565815340505472,64214560
1.2944900000095367,0.0539370833337307,2026-09-16T04:15:13.164000034+00:00,0.00010997979683966467,0.15657893922700272,64214560
1.2944900000095367,0.0539370833337307,2026-09-16T04:15:13.164000034+00:00,0.00010997959754257606,0.15657684336192612,64214560
1.2944900000095367,0.0539370833337307,2026-09-16T04:15:13.164000034+00:00,0.00010997935060973295,0.15657424654565655,64214560
1.2944900000095367,0.0539370833337307,2026-09-16T04:15:13.164000034+00:00,0.00010997910380507268,0.15657165107739446,64214560
1.2944900000095367,0.0539370833337307,2026-09-16T04:15:13.164000034+00:00,0.00010997885703306547,0.15656905595252124,64214560
1.2944900000095367,0.0539370833337307,2026-09-16T04:15:13.164000034+00:00,0.00010997861007086332,0.15656645882750375,64214560
1.2944900000095367,0.0539370833337307,2026-09-16T04:15:13.164000034+00:00,0.00010997836323686756,0.15656386305074133,64214560
1.294545777771208,0.05393940740713367,2026-09-16T04:15:13.364799976+00:00,0.00010997614545304534,0.1565405402029616,64214562
1.2945736666520438,0.05394056944383515,2026-09-16T04:15:13.465199947+00:00,0.00010997611843766871,0.15654025610154876,64214563
1.2957171110974417,0.05398821296239341,2026-09-16T04:15:17.581599951+00:00,0.00010996697815942998,0.15644413432633786,64214604
1.2964422221978504,0.05401842592491044,2026-09-16T04:15:20.191999912+00:00,0.00010996240844761461,0.15639607793238297,64214630
1.2965816666682561,0.05402423611117734,2026-09-16T04:15:20.694000006+00:00,0.00010993497928526297,0.15610762503095788,64214635
1.2970000000132456,0.05404166666721856,2026-09-16T04:15:22.200000048+00:00,0.00010960733343481833,0.15266200773542993,64214650
1.306900555557675,0.05445418981490312,2026-09-16T04:15:57.842000008+00:00,0.00010960946932426959,0.15268446935862645,64215005
1.3077093333005905,0.05448788888752461,2026-09-16T04:16:00.753599882+00:00,0.00010959580406831387,0.15254076162600927,64215034
1.3088806666930517,0.05453669444554382,2026-09-16T04:16:04.970400095+00:00,0.00010959615533280649,0.15254445562368812,64215076
1.3101077777809567,0.05458782407420653,2026-09-16T04:16:09.388000011+00:00,0.00010959603867714406,0.15254322883944083,64215120
1.3156018888950347,0.054816745370626446,2026-09-16T04:16:29.166800022+00:00,0.00010959242976030924,0.15250527643977718,64215317
1.3164385555850135,0.0548516064827089,2026-09-16T04:16:32.178800106+00:00,0.00010958958416309298,0.1524753513271253,64215347
1.3172194444470935,0.0548841435186289,2026-09-16T04:16:34.990000010+00:00,0.00010958920527758368,0.15247136685895013,64215375
1.3317774444156223,0.05549072685065093,2026-09-16T04:17:27.398799896+00:00,0.00010958493491577403,0.15242645851511005,64215897
1.3447457777791554,0.05603107407413147,2026-09-16T04:18:14.084800005+00:00,0.00010977188490108722,0.1543924779288144,64216362
1.346028666694959,0.056084527778956624,2026-09-16T04:18:18.703200102+00:00,0.00010977080444805578,0.15438111557630152,64216408
1.3469490000274447,0.056122875001143525,2026-09-16T04:18:22.016400099+00:00,0.00010977418936094211,0.154416712286497,64216441
1.347534666657448,0.05614727777739366,2026-09-16T04:18:24.124799967+00:00,0.00010977377012307346,0.15441230346139134,64216462
1.3530566666523616,0.05637736111051506,2026-09-16T04:18:44.003999949+00:00,0.00010977170594593797,0.15439059598537908,64216660
1.3551762221919166,0.05646567592466319,2026-09-16T04:18:51.634399891+00:00,0.00010977330906177614,0.15440745480917073,64216736
1.4016948888699214,0.05840395370291339,2026-09-16T04:21:39.101599932+00:00,0.00010977296433556376,0.15440382956991328,64218404
1.4238679166634878,0.059327829860978655,2026-09-16T04:22:58.924499989+00:00,0.00010977563621711194,0.1544319278390094,64219199
1.424872916671965,0.05936970486133187,2026-09-16T04:23:02.542500019+00:00,0.00010977670497883583,0.15444316724239449,64219235
1.4258499999841054,0.05941041666600439,2026-09-16T04:23:06.059999943+00:00,0.00010977723936164878,0.1544487869646045,64219270
1.4286416666375266,0.05952673610989694,2026-09-16T04:23:16.109999895+00:00,0.00010975966600910074,0.1542639805725876,64219370
1.4286416666375266,0.05952673610989694,2026-09-16T04:23:16.109999895+00:00,0.00010931563465240747,0.14959442006906598,64219370
1.4306795833508175,0.059611649306284056,2026-09-16T04:23:23.446500063+00:00,0.00010922406010741871,0.14863139601240505,64219443
1.4318520833386315,0.05966050347244298,2026-09-16T04:23:27.667500019+00:00,0.00010949710726107278,0.15150283782632812,64219485
1.4331083333492278,0.059712847222884495,2026-09-16T04:23:32.190000057+00:00,0.00010949371286869949,0.15146714142714157,64219530
1.4388591666354074,0.059952465276475304,2026-09-16T04:23:52.892999887+00:00,0.00010960459428074576,0.15263320200926334,64219736
1.4392220833566454,0.05996758680652689,2026-09-16T04:23:54.199500084+00:00,0.00010971556884631154,0.15380024222038835,64219749
1.4394454166624282,0.0599768923609345,2026-09-16T04:23:55.003499985+00:00,0.00010982659902759985,0.1549678673023278,64219757
1.439752499990993,0.05998968749962471,2026-09-16T04:23:56.108999968+00:00,0.00010993768740433617,0.15613610438421177,64219768
1.4432420833243265,0.06013508680518027,2026-09-16T04:24:08.671499968+00:00,0.00010994889034016403,0.15625391765545182,64219893
1.443828333351347,0.060159513889639464,2026-09-16T04:24:10.782000065+00:00,0.00010995112916270254,0.1562774617523779,64219914
1.4532362500164244,0.06055151041735102,2026-09-16T04:24:44.650500059+00:00,0.00010994333622842179,0.156195509030852,64220251
1.4611924999952317,0.060883020833134655,2026-09-16T04:25:13.292999983+00:00,0.00010993830641187531,0.15614261404419993,64220536
1.4690929166475932,0.06121220486031638,2026-09-16T04:25:41.734499931+00:00,0.00010993613420235465,0.15611977046878533,64220819
1.470991250011656,0.061291302083819,2026-09-16T04:25:48.568500042+00:00,0.00010996287433141342,0.15640097729940594,64220887
1.4805108333296246,0.061687951388734355,2026-09-16T04:26:22.838999987+00:00,0.00010996822274742313,0.15645722276896312,64221228
1.4970095833142598,0.062375399304760826,2026-09-16T04:27:22.234499931+00:00,0.00010999496677846133,0.15673847063391344,64221819
1.5010574999782773,0.06254406249909489,2026-09-16T04:27:36.806999922+00:00,0.00010945143392923828,0.1510225240305032,64221964
1.5036816666523616,0.06265340277718173,2026-09-16T04:27:46.253999949+00:00,0.00010953124043910206,0.15186179207039818,64222058
1.5123079166809719,0.06301282986170716,2026-09-16T04:28:17.308500051+00:00,0.00010950413024190336,0.15157669349757552,64222367
1.5155183333158493,0.06314659722149372,2026-09-16T04:28:28.865999937+00:00,0.00010950212300088866,0.15155558477806275,64222482
1.5267687500185436,0.06361536458410598,2026-09-16T04:29:09.367500067+00:00,0.00010917129857254351,0.14807654064995224,64222885
1.5267687500185436,0.06361536458410598,2026-09-16T04:29:09.367500067+00:00,0.00010915829858815866,0.14793982910308778,64222885
1.537349166671435,0.06405621527797646,2026-09-16T04:29:47.457000017+00:00,0.00010915417591130477,0.14789647385640192,64223264
1.537963333328565,0.06408180555535688,2026-09-16T04:29:49.667999983+00:00,0.00010910409771687468,0.1473698372680765,64223286
1.5401129166947471,0.0641713715289478,2026-09-16T04:29:57.406500101+00:00,0.00010910406029124046,0.14736944368942329,64223363
1.5475945833656524,0.06448310764023552,2026-09-16T04:30:24.340500116+00:00,0.0001090428596701654,0.14672584048740767,64223631
1.5503024999962913,0.06459593749984546,2026-09-16T04:30:34.088999987+00:00,0.00010903988312908577,0.14669453833170842,64223728
1.5808991666634877,0.06587079861097865,2026-09-16T04:32:24.236999989+00:00,0.00010905067443465272,0.14680802278161798,64224824
1.607085000011656,0.06696187500048567,2026-09-16T04:33:58.506000042+00:00,0.0001090504918461335,0.1468061026286267,64225762
1.614957499967681,0.0672898958319867,2026-09-16T04:34:26.846999884+00:00,0.00010905269512483687,0.14682927293643577,64226044
1.6192845833301543,0.06747019097208977,2026-09-16T04:34:42.424499989+00:00,0.00010906265424305893,0.14693400586666394,64226199
1.6227741666634878,0.06761559027764533,2026-09-16T04:34:54.986999989+00:00,0.00010906035348452736,0.1469098104331541,64226324
1.6231929166449441,0.06763303819353934,2026-09-16T04:34:56.494499922+00:00,0.00010906008719451173,0.14690701005133255,64226339
1.6235558333661821,0.06764815972359092,2026-09-16T04:34:57.801000118+00:00,0.00010905983302469236,0.1469043371289549,64226352
1.6273804166581896,0.0678075173607579,2026-09-16T04:35:11.569499969+00:00,0.00010905974162366942,0.1469033759297056,64226489
1.6372908333275054,0.06822045138864606,2026-09-16T04:35:47.246999979+00:00,0.00010904719908401985,0.14677147500226284,64226844
1.645107500023312,0.06854614583430467,2026-09-16T04:36:15.387000084+00:00,0.00010904688086154242,0.14676812848384801,64227124
1.6488762499888738,0.06870317708286974,2026-09-16T04:36:28.954499960+00:00,0.00010904629473756847,0.14676196463681856,64227259
1.6517795833614137,0.06882414930672558,2026-09-16T04:36:39.406500101+00:00,0.00010904318780821357,0.14672929128079493,64227363
1.6583958333068425,0.0690998263877851,2026-09-16T04:37:03.224999905+00:00,0.00010904327073828607,0.1467301633971112,64227600
1.6622483333614138,0.06926034722339224,2026-09-16T04:37:17.094000101+00:00,0.00010904074645990828,0.14670361736509085,64227738
1.6648445833391614,0.06936852430579839,2026-09-16T04:37:26.440500021+00:00,0.00010903807379010464,0.14667551080647545,64227831
1.6706233333216773,0.06960930555506989,2026-09-16T04:37:47.243999958+00:00,0.00010902691936764984,0.14655820771571526,64228038
1.6734708333015442,0.06972795138756434,2026-09-16T04:37:57.494999886+00:00,0.00010902184875273094,0.1465048836817322,64228140
1.6757041666905086,0.06982100694543786,2026-09-16T04:38:05.535000086+00:00,0.00010812556178704238,0.13707927408972398,64228220
1.683213749991523,0.07013390624964679,2026-09-16T04:38:32.569499969+00:00,0.00010794068609047198,0.1351350684885808,64228489
1.683437083363533,0.07014321180681388,2026-09-16T04:38:33.373500109+00:00,0.00010794520748259444,0.13518261673885146,64228497
1.683911666671435,0.07016298611130979,2026-09-16T04:38:35.082000017+00:00,0.00010794713034198169,0.13520283807708156,64228514
1.6862845833434,0.07026185763930833,2026-09-16T04:38:43.624500036+00:00,0.00010777142222239996,0.133355041332597,64228599
1.6882945833603542,0.07034560764001475,2026-09-16T04:38:50.860500097+00:00,0.000107771112904506,0.13335178845732387,64228671
1.6921191666523616,0.07050496527718172,2026-09-16T04:39:04.628999949+00:00,0.00010777189719109618,0.13336003623899462,64228808
1.6952458333306843,0.07063524305544518,2026-09-16T04:39:15.884999990+00:00,0.00010777589826537043,0.13340211267823943,64228920
1.6986516666412355,0.07077715277671814,2026-09-16T04:39:28.145999908+00:00,0.00010777201362307004,0.13336126067086918,64229042
1.7007174999846353,0.07086322916602647,2026-09-16T04:39:35.582999945+00:00,0.00010776435595462708,0.1332807304435073,64229116
1.7057744999726614,0.07107393749886089,2026-09-16T04:39:53.788199902+00:00,0.00010776247383992512,0.13326093758801894,64229297
1.7298067222038904,0.07207528009182877,2026-09-16T04:41:20.304199934+00:00,0.00010776188776456733,0.13325477425225096,64230157
1.7372120000256432,0.0723838333344018,2026-09-16T04:41:46.963200092+00:00,0.00010766524900906565,0.13223849351216832,64230422
1.740816833310657,0.07253403472127738,2026-09-16T04:41:59.940599918+00:00,0.00010766483070186395,0.13223409447422219,64230551
1.7432200555668937,0.0726341689819539,2026-09-16T04:42:08.592200041+00:00,0.00010766463595096263,0.13223204641814879,64230637
1.746293944451544,0.07276224768548101,2026-09-16T04:42:19.658200026+00:00,0.00010762814088743115,0.13184825391189614,64230747
1.7524137777752347,0.07301724074063477,2026-09-16T04:42:41.689599991+00:00,0.00010762819696593653,0.13184884364946714,64230966
1.7525535000032848,0.07302306250013688,2026-09-16T04:42:42.192600012+00:00,0.0001076279688882298,0.13184644511919452,64230971
1.7550964444213444,0.07312901851755602,2026-09-16T04:42:51.347199917+00:00,0.00010756461371442126,0.13118018402557885,64231062
1.75688488887416,0.07320353703642334,2026-09-16T04:42:57.785599947+00:00,0.00010750131446516036,0.13051451105047085,64231126
1.7580585555235544,0.07325243981348144,2026-09-16T04:43:02.010799885+00:00,0.00010748888856865187,0.1303838367755974,64231168
1.7642901666959128,0.07351209027899636,2026-09-16T04:43:24.444600105+00:00,0.00010748613367116578,0.1303548654872,64231391
1.7755797221925524,0.07398248842468969,2026-09-16T04:44:05.086999893+00:00,0.00010747891110718555,0.13027891094257638,64231795
1.782929111123085,0.07428871296346187,2026-09-16T04:44:31.544800043+00:00,0.00010747085552507217,0.130194196141465,64232058
1.7848572778039509,0.07436905324183128,2026-09-16T04:44:38.486200094+00:00,0.00010746825997278476,0.13016690057266467,64232127
1.8098675555653043,0.07541114814855435,2026-09-16T04:46:08.523200035+00:00,0.00010746880739300262,0.1301726573999462,64233022
1.8164624444643656,0.07568593518601524,2026-09-16T04:46:32.264800072+00:00,0.00010746919284668424,0.1301767109408969,64233258
1.8224984444512262,0.07593743518546775,2026-09-16T04:46:53.994400024+00:00,0.00010745898960428197,0.1300694107311,64233474
1.8245383889145321,0.07602243287143884,2026-09-16T04:47:01.338200092+00:00,0.00010745525077706018,0.1300300921567219,64233547
1.8260194444656372,0.07608414351940156,2026-09-16T04:47:06.670000076+00:00,0.00010745085934714911,0.12998391062616643,64233600
1.8327819999721315,0.07636591666550548,2026-09-16T04:47:31.015199900+00:00,0.00010745937921773377,0.13007350801738116,64233842
1.8348219444354374,0.07645091435147656,2026-09-16T04:47:38.358999968+00:00,0.00010744605454545684,0.12993338195995574,64233915
1.8432332222329246,0.07680138425970519,2026-09-16T04:48:08.639600039+00:00,0.00010744631744007505,0.1299361466348088,64234216
1.8432611666785346,0.07680254861160561,2026-09-16T04:48:08.740200043+00:00,0.00010738113020269263,0.12925061903765545,64234217
1.8514768333567513,0.0771448680565313,2026-09-16T04:48:38.316600084+00:00,0.00010736002235986628,0.12902864293688965,64234511
1.8594410000244777,0.07747670833435323,2026-09-16T04:49:06.987600088+00:00,0.00010735940375131656,0.12902213747278823,64234796
1.8672933889097638,0.07780389120457348,2026-09-16T04:49:35.256200075+00:00,0.00010733195637736574,0.1287334930529873,64235077
1.8792536111010445,0.07830223379587685,2026-09-16T04:50:18.312999964+00:00,0.00010732093416814946,0.12861758035438609,64235505
1.8807067222065397,0.07836278009193914,2026-09-16T04:50:23.544199944+00:00,0.00010733211015831748,0.12873511025737527,64235557
1.8926390000184377,0.07885995833410157,2026-09-16T04:51:06.500400066+00:00,0.00010732780871222494,0.12868987502234286,64235984
1.904319777753618,0.07934665740640075,2026-09-16T04:51:48.551199913+00:00,0.00010732679126377448,0.1286791752439893,64236402
1.910663166642189,0.07961096527675787,2026-09-16T04:52:11.387399912+00:00,0.00010725864977763202,0.12796257992353355,64236629
1.9164756111303964,0.07985315046376652,2026-09-16T04:52:32.312200069+00:00,0.00010725260910952486,0.12789905453330386,64236837
1.9166991666952768,0.07986246527896987,2026-09-16T04:52:33.117000103+00:00,0.00010725166226488546,0.1278890972447826,64236845
1.916755055586497,0.0798647939827707,2026-09-16T04:52:33.318200111+00:00,0.0001072509231979684,0.12788132500610305,64236847
1.9173698333236906,0.07989040972182045,2026-09-16T04:52:35.531399965+00:00,0.00010713405546820518,0.12665231059797089,64236869
1.9201922221978505,0.08000800925824378,2026-09-16T04:52:45.691999912+00:00,0.00010713334868853426,0.12664487790118883,64236970
1.9216173888577355,0.08006739120240565,2026-09-16T04:52:50.822599888+00:00,0.00010713021485941345,0.12661192165954804,64237021
1.9258090555667877,0.08024204398194949,2026-09-16T04:53:05.912600040+00:00,0.00010712938097582593,0.12660315230169483,64237171
1.9278210555844837,0.08032587731602016,2026-09-16T04:53:13.155800104+00:00,0.00010712358086872187,0.1265421567196463,64237243
1.933214333322313,0.08055059722176304,2026-09-16T04:53:32.571599960+00:00,0.00010712230474921753,0.12652873668264797,64237436
1.937322166694535,0.08072175694560563,2026-09-16T04:53:47.359800100+00:00,0.00010712268753797648,0.12653276219851106,64237583
1.94433622221152,0.08101400925881333,2026-09-16T04:54:12.610399961+00:00,0.00010711958250148105,0.12650010874833795,64237834
1.9536137777566909,0.08140057407319545,2026-09-16T04:54:46.009599924+00:00,0.00010712198133498814,0.12652533556628764,64238166
1.9559331666760975,0.08149721527817072,2026-09-16T04:54:54.359400034+00:00,0.00010709773929681831,0.1262703993725789,64238249
1.9590070555607477,0.08162529398169782,2026-09-16T04:55:05.425400019+00:00,0.0001070982299564755,0.1262755592896012,64238359
1.9609911111328338,0.08170796296386806,2026-09-16T04:55:12.568000078+00:00,0.00010709456569061622,0.12623702482379606,64238430
1.9618853333261277,0.08174522222192199,2026-09-16T04:55:15.787199974+00:00,0.00010708386417151168,0.12612448459395664,64238462
1.9679772222042085,0.08199905092517534,2026-09-16T04:55:37.717999935+00:00,0.00010707513137577026,0.1260326480210101,64238680
1.9705201666884953,0.08210500694535397,2026-09-16T04:55:46.872600079+00:00,0.00010707226648255825,0.12600251998615852,64238771
1.9728674999872844,0.08220281249947019,2026-09-16T04:55:55.322999954+00:00,0.00010706850718416653,0.12596298613111356,64238855
1.974097055527899,0.08225404398032912,2026-09-16T04:55:59.749399900+00:00,0.00010707900922309249,0.12607342857045012,64238899
1.9770871111419466,0.08237862963091444,2026-09-16T04:56:10.513600111+00:00,0.00010706891069103608,0.12596722952454198,64239006
1.9807757777637907,0.08253232407349127,2026-09-16T04:56:23.792799950+00:00,0.00010705074641081212,0.12577620876839446,64239138
1.981055222219891,0.08254396759249547,2026-09-16T04:56:24.798799992+00:00,0.00010705051653337407,0.12577379131163346,64239148
1.9828977777560552,0.08262074073983564,2026-09-16T04:56:31.431999922+00:00,0.00010704551629416634,0.12572120736871906,64239214
1.9895140277677112,0.08289641782365463,2026-09-16T04:56:55.250499964+00:00,0.00010704250173555962,0.12568950540985213,64239451
2.0052590277459887,0.0835524594894162,2026-09-16T04:57:51.932499886+00:00,0.00010703670934836906,0.1256285910126178,64240015
2.018379861116409,0.0840991608798504,2026-09-16T04:58:39.167500019+00:00,0.00010702453528322455,0.12550056506825769,64240485
2.0193848611248866,0.0841410358802036,2026-09-16T04:58:42.785500050+00:00,0.00010654536479043515,0.12046147137846686,64240521
2.019664027757115,0.08415266782321312,2026-09-16T04:58:43.790499926+00:00,0.00010653893701294921,0.12039387503550292,64240531
2.023460694419013,0.08431086226745887,2026-09-16T04:58:57.458499908+00:00,0.00010606302036838084,0.11538899974247241,64240667
2.024354027774599,0.08434808449060828,2026-09-16T04:59:00.674499989+00:00,0.0001060606847504213,0.11536443771726668,64240699
2.0272015277544657,0.08446673032310274,2026-09-16T04:59:10.925499916+00:00,0.00010594872530738693,0.11418704025353144,64240801
2.02775986108515,0.08448999421188125,2026-09-16T04:59:12.935499907+00:00,0.00010594660062282981,0.11416469646420024,64240821
2.032226527796851,0.0846761053248688,2026-09-16T04:59:29.015500069+00:00,0.00010591124701280012,0.11379290780882023,64240981
2.037139861120118,0.08488082754667159,2026-09-16T04:59:46.703500032+00:00,0.00010588885804653028,0.1135574590482038,64241157
2.038675277762943,0.08494480324012262,2026-09-16T04:59:52.230999947+00:00,0.00010588191408440692,0.1134844343602388,64241212
2.03990361114343,0.08499598379764292,2026-09-16T04:59:56.653000116+00:00,0.00010587780084045975,0.11344117831269274,64241256
2.040266527798441,0.08501110532493503,2026-09-16T04:59:57.959500074+00:00,0.00010587250175104104,0.11338545157564761,64241269
2.0447331944439147,0.0851972164351631,2026-09-16T05:00:14.039499998+00:00,0.0001058716780847636,0.11337678966594411,64241429
2.047748194469346,0.08532284143622275,2026-09-16T05:00:24.893500090+00:00,0.00010583575597593613,0.11299902251491867,64241537
2.05037236114343,0.08543218171430958,2026-09-16T05:00:34.340500116+00:00,0.00010583325212620768,0.11297269131640642,64241631
2.053526944451862,0.08556362268549425,2026-09-16T05:00:45.697000027+00:00,0.0001058279614046137,0.11291705257779494,64241744
2.0556765277518165,0.0856531886563257,2026-09-16T05:00:53.435499907+00:00,0.00010582642561148701,0.11290090173885559,64241821
2.0559836110803817,0.0856659837950159,2026-09-16T05:00:54.540999889+00:00,0.00010582638383627835,0.11290046241883589,64241832
2.0565698611074024,0.0856904108794751,2026-09-16T05:00:56.651499987+00:00,0.00010582573127801374,0.11289359992984105,64241853
2.0595011111100514,0.08581254629625215,2026-09-16T05:01:07.203999996+00:00,0.00010582517146546502,0.11288771278127041,64241958
2.0654194444417953,0.08605914351840814,2026-09-16T05:01:28.509999989+00:00,0.0001057580036037489,0.11218135637322013,64242170
2.0679040277666516,0.08616266782361048,2026-09-16T05:01:37.454499960+00:00,0.00010575439682048687,0.11214342641081698,64242259
2.0730686110920375,0.08637785879550157,2026-09-16T05:01:56.046999931+00:00,0.00010574995849206658,0.11209675168215072,64242444
2.075776527788904,0.086490688657871,2026-09-16T05:02:05.795500040+00:00,0.00010573825391747064,0.11197366303442369,64242541
2.0764465277724797,0.08651860532385332,2026-09-16T05:02:08.207499981+00:00,0.00010568298023969198,0.11139238926006301,64242565
2.076921111080382,0.08653837962834923,2026-09-16T05:02:09.915999889+00:00,0.00010565992764459563,0.11114996158926238,64242582
2.085184444453981,0.08688268518558255,2026-09-16T05:02:39.664000034+00:00,0.00010566385755748106,0.111191289675028,64242878
2.09057236108515,0.08710718171188125,2026-09-16T05:02:59.060499907+00:00,0.00010560528566797573,0.11057533096461736,64243071
2.0912702777650622,0.08713626157354426,2026-09-16T05:03:01.572999954+00:00,0.00010560522244271654,0.11057466606974287,64243096
2.0976911111010446,0.08740379629587686,2026-09-16T05:03:24.687999964+00:00,0.00010560583153420465,0.11058107144970775,64243326
2.104726111094157,0.08769692129558987,2026-09-16T05:03:50.013999939+00:00,0.00010560409296616778,0.11056278817192733,64243578
2.109806944462988,0.08790862268595784,2026-09-16T05:04:08.305000067+00:00,0.00010560378095478978,0.11055950697120709,64243760
2.110951527754466,0.08795631365643607,2026-09-16T05:04:12.425499916+00:00,0.0001055473006088322,0.10996554352981236,64243801
2.111956527762943,0.08799818865678928,2026-09-16T05:04:16.043499947+00:00,0.00010554737548966368,0.10996633099801212,64243837
2.120359444419543,0.08834831018414763,2026-09-16T05:04:46.293999910+00:00,0.00010549095713563661,0.10937301948145528,64244138
2.120638611117999,0.08835994212991662,2026-09-16T05:04:47.299000025+00:00,0.00010549470354232027,0.10941241776361799,64244148
2.1220065277814864,0.08841693865756194,2026-09-16T05:04:52.223500013+00:00,0.00010549078131623661,0.10937117051445422,64244197
2.122983611093627,0.08845765046223446,2026-09-16T05:04:55.740999937+00:00,0.00010548970418908445,0.10935984313783709,64244232
2.123514027794202,0.08847975115809176,2026-09-16T05:04:57.650500059+00:00,0.00010549133050577314,0.10937694594839598,64244251
2.1297115277581744,0.08873798032325728,2026-09-16T05:05:19.961499929+00:00,0.0001054882820243899,0.10934488724792746,64244473
2.1304094444380866,0.08876706018492028,2026-09-16T05:05:22.473999977+00:00,0.00010543185019683978,0.10875143403995602,64244498
2.1371094444725247,0.08904622685302187,2026-09-16T05:05:46.594000101+00:00,0.00010542713602011603,0.10870185841178448,64244738
2.137388611104753,0.08905785879603138,2026-09-16T05:05:47.598999977+00:00,0.00010539980910555229,0.10841448077728533,64244748
2.1410177777873147,0.08920907407447144,2026-09-16T05:06:00.664000034+00:00,0.0001054258597729512,0.10868843703227205,64244878
2.1419948610994552,0.08924978587914396,2026-09-16T05:06:04.181499958+00:00,0.0001053763317887578,0.10816758661186299,64244913
2.1434744444158342,0.0893114351839931,2026-09-16T05:06:09.507999897+00:00,0.00010537375696018761,0.10814050897958882,64244966
2.14520527780056,0.08938355324169,2026-09-16T05:06:15.739000082+00:00,0.00010545269852258279,0.10897068098498952,64245028
2.1514027777645324,0.08964178240685551,2026-09-16T05:06:38.049999952+00:00,0.00010545254806632834,0.10896909874406724,64245250
2.151989027791553,0.08966620949131471,2026-09-16T05:06:40.160500050+00:00,0.0001054345589252349,0.10877991980101309,64245271
2.152547361122237,0.08968947338009323,2026-09-16T05:06:42.170500040+00:00,0.00010540851960141022,0.1085060828382911,64245291
2.1723402777645324,0.09051417824018884,2026-09-16T05:07:53.424999952+00:00,0.00010542993572027818,0.10873130085791316,64246000
2.177476944459809,0.09072820601915872,2026-09-16T05:08:11.917000055+00:00,0.00010540763187922371,0.108496747298362,64246184
2.1825019444359675,0.0909375810181653,2026-09-16T05:08:30.006999969+00:00,0.00010540880594169159,0.10850909407443088,64246364
2.18830861111482,0.0911795254631175,2026-09-16T05:08:50.911000013+00:00,0.00010536954358890509,0.10809619996440123,64246572
2.189648611081971,0.09123535879508213,2026-09-16T05:08:55.734999895+00:00,0.00010531495257547574,0.10752210528321626,64246620
2.1932777777645325,0.09138657407352217,2026-09-16T05:09:08.799999952+00:00,0.00010521620792238369,0.10648367832290795,64246750
2.204221111138662,0.09184254629744423,2026-09-16T05:09:48.196000099+00:00,0.00010513821725555782,0.1056635062067639,64247142
2.2172581944200727,0.09238575810083637,2026-09-16T05:10:35.129499912+00:00,0.00010517348967174486,0.10603444100451642,64247609
2.218961111108462,0.09245671296285259,2026-09-16T05:10:41.259999990+00:00,0.00010517473292938199,0.10604751545673818,64247670
2.221585277782546,0.09256605324093942,2026-09-16T05:10:50.707000017+00:00,0.00010533248640637475,0.10770649605428972,64247764
2.2248236111137603,0.09270098379640668,2026-09-16T05:11:02.365000010+00:00,0.00010525189653096126,0.1068589899186485,64247880
2.224963194462988,0.09270679976929116,2026-09-16T05:11:02.867500067+00:00,0.00010547099295303455,0.10916307043808615,64247885
2.22873194442855,0.09286383101785624,2026-09-16T05:11:16.434999943+00:00,0.00010547110268542803,0.10916422441526086,64248020
2.229122777779897,0.09288011574082905,2026-09-16T05:11:17.842000008+00:00,0.0001054720584926018,0.10917427595635232,64248034
2.229290277759234,0.09288709490663476,2026-09-16T05:11:18.444999933+00:00,0.00010547673735820637,0.10922348024271411,64248040
2.231188611123297,0.09296619213013738,2026-09-16T05:11:25.279000044+00:00,0.00010547738175205773,0.10923025687240862,64248108
2.23141194442908,0.09297549768454498,2026-09-16T05:11:26.082999945+00:00,0.00010548829049661342,0.10934497634424845,64248116
2.233812777797381,0.0930755324082242,2026-09-16T05:11:34.726000071+00:00,0.00010549396195073391,0.1094046189747957,64248202
2.2361577777730095,0.09317324074054206,2026-09-16T05:11:43.167999983+00:00,0.00010549832339885026,0.10945048520823897,64248286
2.25195861114396,0.093831608797665,2026-09-16T05:12:40.051000118+00:00,0.00010546780100710597,0.10912950302350422,64248852
2.25561569445663,0.09398398726902626,2026-09-16T05:12:53.216500044+00:00,0.00010552237526924485,0.10970342154333657,64248983
2.2566765277915533,0.09402818865798138,2026-09-16T05:12:57.035500050+00:00,0.00010552235528875943,0.109703211422848,64249021
2.2572069444259006,0.0940502893510792,2026-09-16T05:12:58.944999933+00:00,0.00010557725240793091,0.11028052519940035,64249040
2.262899333304829,0.09428747222103455,2026-09-16T05:13:19.437599897+00:00,0.00010563939093593763,0.1109339916984513,64249244
2.265660333302286,0.09440251388759524,2026-09-16T05:13:29.377199888+00:00,0.00010564205642864708,0.11096202278069556,64249343
2.265939222243097,0.09441413426012904,2026-09-16T05:13:30.381200075+00:00,0.00010569351860537542,0.11150321372195116,64249353
2.2713496666484407,0.09463956944368504,2026-09-16T05:13:49.858799934+00:00,0.00010569118622563089,0.11147868575073905,64249547
2.2745847777525583,0.09477436573968993,2026-09-16T05:14:01.505199909+00:00,0.00010569404622016343,0.11150876226967887,64249663
2.274891555574205,0.09478714814892522,2026-09-16T05:14:02.609600067+00:00,0.00010569447956961352,0.11151331949620324,64249674
2.2825331111086737,0.09510554629619475,2026-09-16T05:14:30.119199991+00:00,0.00010569242948627714,0.1114917602346055,64249948
2.2831745555665757,0.09513227314860732,2026-09-16T05:14:32.428400040+00:00,0.00010569072967417534,0.11147388452530205,64249971
2.2864933333132003,0.09527055555471668,2026-09-16T05:14:44.375999928+00:00,0.00010568784915701464,0.1114435921845458,64250090
2.2885292222102485,0.09535538425876035,2026-09-16T05:14:51.705199957+00:00,0.00010568503695160382,0.11141401822965236,64250163
2.2953620000018016,0.09564008333340838,2026-09-16T05:15:16.303200006+00:00,0.00010564029573139572,0.11094350678577825,64250408
2.297370000018014,0.09572375000075058,2026-09-16T05:15:23.532000064+00:00,0.00010564920495592082,0.11103719873417872,64250480
2.3145495555798212,0.09643956481582588,2026-09-16T05:16:25.378400087+00:00,0.000105644399106156,0.11098665904613769,64251096
2.3247847777605055,0.09686603240668773,2026-09-16T05:17:02.225199938+00:00,0.00010564726106312746,0.11101675620264517,64251463
2.3271832222408717,0.09696596759336966,2026-09-16T05:17:10.859600067+00:00,0.0001056459741072678,0.11100322220744108,64251549
2.3356056666374205,0.09731690277655919,2026-09-16T05:17:41.180399895+00:00,0.00010564606657082603,0.11100419458061461,64251851
2.3375021111302905,0.09739592129709544,2026-09-16T05:17:48.007600069+00:00,0.00010563782291393114,0.1109175019314117,64251919
2.3505262221892673,0.09793859259121948,2026-09-16T05:18:34.894399881+00:00,0.00010562611112245055,0.11079433738886557,64252386
2.362323222226567,0.09843013425944028,2026-09-16T05:19:17.363600016+00:00,0.00010562417140118183,0.11077393872627628,64252809
2.364526444474856,0.09852193518645233,2026-09-16T05:19:25.295200109+00:00,0.00010562215529839998,0.11075273681389053,64252888
2.3811482222212685,0.09921450925921953,2026-09-16T05:20:25.133599997+00:00,0.0001054138197055661,0.10856182024660188,64253484
2.3912997777594462,0.09963749073997692,2026-09-16T05:21:01.679199934+00:00,0.00010536815767278558,0.10808162527485421,64253848
2.3912997777594462,0.09963749073997692,2026-09-16T05:21:01.679199934+00:00,0.00010534621914949294,0.10785091350117271,64253848
2.4234835555818344,0.10097848148257645,2026-09-16T05:22:57.540800095+00:00,0.00010535380098466784,0.10793064624423976,64255002
2.428085222244263,0.10117021759351094,2026-09-16T05:23:14.106800079+00:00,0.0001053624892895688,0.10802201493880714,64255167
2.477364888919724,0.10322353703832185,2026-09-16T05:26:11.513600111+00:00,0.0001053623808222626,0.10802087426565143,64256934
2.4848669999837876,0.10353612499932448,2026-09-16T05:26:38.521199942+00:00,0.00010532774338236329,0.10765661705980589,64257203
2.4904726666874355,0.10376969444530981,2026-09-16T05:26:58.701600075+00:00,0.00010532773922480142,0.1076565733376984,64257404
2.492731666697396,0.10386381944572484,2026-09-16T05:27:06.834000111+00:00,0.00010527068809976811,0.1070566074206043,64257485
2.5345371111234027,0.10560571296347512,2026-09-16T05:29:37.333600044+00:00,0.00010526933577084757,0.1070423859436298,64258984
2.54908136718803,0.10621172363283457,2026-09-16T05:30:29.692921877+00:00,0.00010527193907994246,0.10706976308523197,64259506
2.5772101523478828,0.10738375634782844,2026-09-16T05:32:10.956548452+00:00,0.00010527189355337774,0.10706928431488083,64260516
2.5773494037654663,0.10738955849022777,2026-09-16T05:32:11.457853556+00:00,0.0001052266200725719,0.10659317546661806,64260521
2.5794381749629975,0.10747659062345823,2026-09-16T05:32:18.977429867+00:00,0.00010512276520861366,0.10550100807004159,64260596
2.5820561014943655,0.10758567089559855,2026-09-16T05:32:28.401965380+00:00,0.00010492682938713494,0.10344049103805597,64260690
2.5823624545998043,0.10759843560832519,2026-09-16T05:32:29.504836559+00:00,0.00010470654222810082,0.10112388838882169,64260701
2.5929455618725883,0.10803939841135785,2026-09-16T05:33:07.604022741+00:00,0.00010470471972544625,0.10110472243064095,64261081
2.6081796663337284,0.10867415276390535,2026-09-16T05:34:02.446798801+00:00,0.00010470522462447246,0.10111003209293279,64261628
2.6190134261714086,0.1091255594238087,2026-09-16T05:34:41.448334217+00:00,0.00010459490958484761,0.09994992764487587,64262017
2.630821945865949,0.10961758107774787,2026-09-16T05:35:23.959005117+00:00,0.00010457609664089744,0.09975208535581137,64262441
2.6340804288784665,0.10975335120326943,2026-09-16T05:35:35.689543962+00:00,0.00010457567981241699,0.09974770186852,64262558
2.635389392177264,0.10980789134071933,2026-09-16T05:35:40.401811838+00:00,0.00010457435938737307,0.09973381590181951,64262605
2.652210962706142,0.11050879011275591,2026-09-16T05:36:40.959465742+00:00,0.00010456528525642701,0.09963838975042094,64263209
2.6538819796509214,0.11057841581878838,2026-09-16T05:36:46.975126743+00:00,0.00010449856932141651,0.09893678593261734,64263269
2.6664146067036523,0.11110060861265218,2026-09-16T05:37:32.092584133+00:00,0.00010449245265112818,0.09887246128175442,64263719
2.6808689031998316,0.11170287096665965,2026-09-16T05:38:24.128051519+00:00,0.00010427254612781758,0.0965598615064478,64264238
2.6830969258149464,0.11179570524228943,2026-09-16T05:38:32.148932934+00:00,0.00010416068043744642,0.09538344997248238,64264318
2.6863275585571924,0.11193031493988302,2026-09-16T05:38:43.779210806+00:00,0.00010403910416028345,0.0941049191357568,64264434
2.686717462539673,0.11194656093915303,2026-09-16T05:38:45.182865143+00:00,0.0001039177406145896,0.09282862544388859,64264448
2.6887505331304338,0.11203127221376807,2026-09-16T05:38:52.501919270+00:00,0.0001037965893043438,0.09155456368057835,64264521
2.717380623353852,0.11322419263974384,2026-09-16T05:40:35.570244074+00:00,0.0001037890555745703,0.09147533682764486,64265549
2.7205555555555554,0.11335648148148147,2026-09-16T05:40:47+00:00,0.00010378905557457029,0.09147533682764486,64265663
