address,sold_tokens,sell_pool_ETH,remaining_tokens,currently_empty
0x5638484ba2d2f1d1d35020572b0aa439a9869192,173727.82964717058,31.064719937896385,1018742.4020938685,False
0xa65ce1d604fa901c13aa29f2126a57d9032e412b,30000.0,3.8238941677088616,600000.0,False
0xd026f7a62fad79952d2f136ebd598a71b0053da1,79353.9720964937,8.59903743425798,337804.86535601655,False
0xd4b4cab5cf150f46448a8b312cf4d96521953c5f,8070.579481564985,1.1768025655335195,310720.1289989398,False
0x1d7b4a9960f908ecc71405f74715fd7f05bf5581,140799.66565984843,21.136038648214225,281578.97604929016,False
0x9c58d138adf9cb3d048d96b102c6ab4fb1b98594,32148.543515030546,6.098968905944315,232012.46142790743,False
0x681d22c5e615c7a876026ceba3dc36c6dde5b97d,104755.0,15.48618443313318,191125.4349842602,False
0xd2bf587a280a15e4fad7643551335e6dbce37320,9340.639115974212,1.2689842262356752,184452.00890514397,False
0xa14a22a0f3a3e632a1a6536def1bd2c7e0ef559b,52154.32629980448,6.315701811367334,166280.7334765623,False
0x8738117428f539ce10eaa583354bb3a0158b628a,114872.90827214831,18.671959172683557,157875.92092973043,False
0x35c1336f6ad5fc55d4400733f964073a34d5269b,28161.69396577963,3.751689967667524,152346.1782952814,False
0xaae01d26a2100224f724df95fafacd1d07c13593,125000.0,19.342481670309198,150000.0,False
0x01f3bedb04d4090372f7b1ca0a4f0bb581faaf8f,24440.2528520159,2.4951514359353855,137652.89422977134,False
0x2bdf1a698d39a4358e2c162deacc038fadb8a9d5,536091.550255964,80.04984292815243,128871.4035656786,False
0xe28fc48e2bf590cfd71f3992fadae4be7750bc71,10509.76823578531,1.1981501846849452,124687.31285453323,False
0xea11c3165335d4a5a7b2dd710e6336c00997703d,6032.125461003293,0.9192283628085208,114610.38375906256,False
0xca8ab66188924815df38cac43165ae8c220f1a4b,104617.29525744577,11.934255345346921,101337.21790083355,False
0xf955dab8bdb1158dc0df449997a057ab9eb4f774,206192.61466142273,26.15619348697171,99488.33097153532,False
0xb9e98a981adc50aacc93625990b86a6524c3d3e7,103520.10014129551,12.123810162644926,92761.31294261571,False
0x669e5517086ffef7bdc404e42854922a12ee4910,1825.2782766065643,0.2090077118369713,89897.24818603485,False
0xa91392aea58fc1543b0d9b314b0cfab7e1dc7da6,9939.379864268,1.2361543338285912,85196.40176164394,False
0xe8e4eb3fe4a93b45ddc4589abdd8f8e006d0533d,27554.896767428538,3.85478803983874,82664.69030228563,False
0x60a4dbe0e84e267954f207ce30e7d1b57237824f,78269.16621139212,10.69289377470613,78897.23936632668,False
0xaf5b28a3c5839831cf56163d0d3ffa86933b70d1,23079.254282086356,4.321684151507223,69237.76284625905,False
0xe463e91b5ac588e24ac810d403795f08f86822d9,34201.97680069764,6.26282497165497,65275.664366869154,False
0x690de3a521741d3fba8bd95923518e79772ffcbf,17088.04148005384,2.977747032210789,65001.790210665014,False
0xd9096334c3cfcd0d40ca8ca37a24c32008c21815,126432.47822804411,21.514939204171757,64408.99834258851,False
0x9021604ad662b3ae76ef111048ca4539a3d44c46,10543.547855241768,1.251265485008435,59245.509360179545,False
0xa0cdf04bf2b2bf0a9fdffe3091a3b5d31637b828,13149.238950837174,2.4786737255998466,56886.6542626764,False
0x5140087842da3cbc55ff69ba74b4239af219c4b6,19750.77,2.3963945997468628,56467.25179369697,False
0x5583d769058701d8d1dd7dab6856c05874d62b5d,4818.5,0.8437262196329834,50534.132044230675,False
0x9a8de68613803a51fd0390d192f32ad0268c30fd,27522.113626596172,4.548606238621987,46509.224440094775,False
0x80bef93f418a61576f9aff6fe97c835cf1a679ff,27454.3964937721,4.540801123159051,46443.35975350695,False
0x9022f88232f9ac5ef55c2b0b17e4db2fd7a965a3,27243.973072263077,4.499293768195003,46213.52735021295,False
0xb958ab11987f791e821b3cf78b4e7c7286b74696,27102.85829995549,4.472691554369791,46063.556198743514,False
0x368564edf8ec2d3cbe8ec3ad265a3207e663b93c,1000.0,0.1169346388450833,40000.17885991887,False
0x139a0d2e2630b28a08d962d096a62da55b698193,46196.227750782295,5.4772740973154015,40000.0,False
0x8cba145d686845b50475ab396bc0cd182a6c7e63,3733.5722819593,0.4123031660680652,38665.560087272745,False
0x28f7219ce74a4e985d6ab83ac2147eb51ffe2f41,12748.34,2.390731421218879,38245.04607516852,False
0x5819eef97523a11305fa403a8421609868cd0bfc,37688.1333056322,5.035921602594623,37688.1333056322,False
0xd94a1ce07ed8756d31ecd1165753b930f1750296,37497.956521652464,5.100625981091359,36706.056600855714,False
0x173fc6acc15747ea766a5718a11b9884134427da,29181.13151239339,3.9849161874219057,36598.82020657038,False
0x4614c29946e27ec270ec04a40ea5001b1bb26087,1827.363571549289,0.2357794783355496,35961.648582073554,False
0xf85157c010bb517daccc79ea8a17cefb1645bd2a,2229.019850407177,0.2604871338293865,35609.59723925981,False
0xeac0fbba47ea4d3fff69019527092568492f2450,9000.0,0.9882483880682632,35258.78518335162,False
0x8531e1abd912e58ac59a92a510475a9c64ceae23,51160.87179818465,8.969966639134865,34107.24786545643,False
0xf43d33a1f4b557511931eb32617129e5e00f784a,7299.055267661986,1.3762296156166505,31577.404213893195,False
0xbaf467f1c6b7ae249f44589d818a2c2408c3115f,3394.381549031971,0.5648773136217908,31419.788184629277,False
0xfd9b4e8bcb71c6660c39d4c73ee20b4dddb3afd3,16532.432969618476,2.028154807457959,30979.330987245867,False
0x4b8ba912055c9691b3249a2315216cc88ccf3f87,22603.113870174344,3.881235797757152,29061.146404509873,False
0xff0803ec05af6043df67ee6aec5d4aaec84fcfcb,9431.188087735369,1.4445439529790125,28293.5642632061,False
0x778a378490db74d5254444f3c2153cdd7c18d343,6382.4353774233,0.8176633090307491,26836.603744601398,False
0xddeb5dae1e53d7ed06e4dbc14621cc9370b09881,94299.88045472493,12.368605581464854,26073.699664900905,False
0x3590cb319069d2c5d696150c8e7d1d2901423abc,46708.34433109047,6.787068881480582,25628.41095289854,False
0x2f85fb2a2d54f30ac38148166b75ce22c3c15b43,16000.0,1.945491232342707,24787.44450138905,False
0x1c24cbbeafcd28d634ed13875b73d0eab59e6de5,5172.778763769762,0.6692836358912784,23819.570470592367,False
0x96477abe876a3e5474e4913249da69e26e5e2728,7781.400677057527,0.9795320814439794,23344.202031172583,False
0x9f01a503120cc32c472751583f5bfffc371288b9,18317.69491250119,2.1262943444782056,21945.11441521388,False
0xee21b7e989bd5c42204592386e5821349e5782a1,7298.626104583361,0.9272456191375168,21895.878313750083,False
0x89a65e18e3e9cf17dba0e23f932a6a40adf74ac3,1000.0,0.1779581029706122,21796.585463391348,False
0xfe8358275d4c9619a021282578e5428e6d7b75f4,12551.644673341463,2.0484206972623333,21407.896670849404,False
0xa61c3eeb92452964d5f690fe1ded2da252c358e4,39590.784318553844,5.3070266320778465,21318.114633067456,False
0x6594b6de59288e82b9ec6529d2ade6ff8e9c0714,10018.035774154323,1.364530930309995,21204.658448556103,False
0x07e9ddcbeb02b121df864ede32e79e6d11fcd4cc,4402.309751591326,0.499979277635557,20180.235378380377,False
0x5f1d998a2681d13e41b16276640535ae1f422bbe,51690.9441534547,8.081902505159952,19101.116788004885,False
0xece2cddc345e8a3c021c5d2b2807284c31b3e3d1,12222.05456059722,1.9334177694656889,18966.24604471356,False
0xcb610336e847dde55c319ed8513ed8601a67f719,15000.0,1.7014683596468507,18782.173776585285,False
0xb90ea4b7878fb40a66b2834d47e075ecb2a96b59,19673.0,2.5706012925938966,18150.711569959116,False
0xbd70e6ec12da7731b700b969a2f7e13d47d0b53c,11350.817624184841,1.795430608038467,17614.256163035912,False
0x5b34972a4dcb8004625f13b036f3b34850dd9678,4298.185490228302,0.7016488265480508,17365.85051022095,False
0xfc8116777b51d0e7360cdbbcb06e9399acda0029,4296.968759169445,0.7012128929602802,17327.908450721476,False
0x7d483c2146c81e36e1fba54622513e3a6d9d56f4,11161.720270147036,1.76637052414196,17320.813933228837,False
0x3d2fa04af6099a759fc3477fe601a9c7aadf0229,10250.0,1.0490681803010593,16653.64386723,False
0xee1338f0f9324b97580f1351ea0a30f474e4a67a,17050.951007956417,2.059129677505717,16549.49766767148,False
0xa8efd8f67787179f970025b18fdce37cc74d982e,201325.0696,33.69190422584823,16351.633050486133,False
0xff886fcf23d91eea998126e823e8fd34f8d880cd,9134.68662901178,1.4577464482954845,16315.473941048152,False
0xb584a1bdd8a13c74190384e3fdad12b122d44216,5346.006584850308,0.8266526210458977,15157.605321184,False
0x84a6feff3fd2afc52b69102a1a27acd110359adf,315.95601230136015,0.0414077933658591,15106.467716326024,False
0x93ae8af8ad735a57ce985b373758f66e5deae220,4084.2793189732574,0.4840053054251879,15027.219605499555,False
0xcdba91a0dda105c041d44f698730c96ff3a8dfbf,4860.937462228335,0.8669921075495737,13942.076825884566,False
0x0d2a18e29350277837d6737ca976c22775a8826b,31986.2,5.118544382087254,13679.553691177496,False
0x3523e8c804f265f4d1b1b09cdbf400792fb324f6,13605.10074605619,2.42670663082536,13605.10074605619,False
0xf605c7d652a2aa7a0ab843e130a84b2c2afbdb75,5353.87562817463,0.954228467409628,13402.201878975631,False
0x67638ff88b41d9ee7ecf6a2f2f4ef8d9cb8df475,4519.5731876816735,0.8060023012383133,13240.024098254467,False
0x9ff7f0fa21443f6bc68a42cb70728fcbf81dd9bf,4682.986764894985,0.8351378834010563,13149.24689048397,False
0x249571f65ef05cf04d76fcf45c106e6990442285,6758.465546921817,0.937256569049734,13019.229054579904,False
0xf38e04d7663b6162f9a1fc923ab5faff45c11a34,28393.244389233776,5.141617498007704,12908.667278687506,False
0xe1a215ca41be1ac0ec9dd86b20341c19e526b4a6,13726.243961540094,2.6021928173054545,12670.379041421626,False
0xaff726578eb3e36219ba17d8a12578a3160c1fcc,44981.547724553006,6.084892408535741,12238.807629412964,False
0x37eec47f0be82773bb369da2b8aa7e145bab3408,4828.487430652658,0.7323833278098302,12116.856375588515,False
0xb415feaea73a5e716622ac58b41887a00be4e069,4071.230607823666,0.6853435991661976,11719.679943405674,False
0x0ee9a9e0172f224bf5731a430bf1f8c2ea3cab95,11550.635013227595,1.3794774787614996,10892.750473330936,False
0x5ab2d1f5069dd2f9aeec3b0a8e923b1cdbe7fc44,1500.0,0.2713308678222998,10676.40673778375,False
0x7c86783bebd57951dc4ee5a244ec7013ae5d78b1,1994.335259274491,0.32192316320785286,10287.620985704463,False
0xf53483f3e48492f0870256ace2674666b16adaed,14979.572094364717,2.0648126058047342,10171.235568660984,False
0x7aa5c8470653653dd178916e8b0223a2d4e49d8f,10242.354435769776,1.398169388275866,10000.016842737477,False
0x030da1759db64b75fecf70efb737de28996ef222,7514.9479327155,0.9277719966495941,9862.224535249003,False
0x42ba09cb0276dab9cce4afea93ea339b3553e67c,81243.26267196555,13.360432467060793,9332.17218545084,False
0x02a50082627ff7d70cf7b574e945cd367e7d5523,992.2388309598012,0.1665917772112757,9244.225602756904,False
0xba5649f10c6988671ef05954c91aa236a514d323,281.90558659210376,0.051240247347134,9133.636187494272,False
0xb69b196d919e120fcdfcb1d26d8b70320a378f1f,10627.699327906228,1.234523559288337,9003.998402788497,False
0xf0f3ed6770ea3384fbab749da0cebf3dc9a794ab,7143.929213781822,1.2441152462444265,8975.628401695803,False
0x0e3d5a33b253db6350037bc9b22b6209eae836bd,8869.04878449815,1.0148312641297517,8869.04878449815,False
0xa0e72dc252da0f93de7350aa5bacf3e23c7f8626,15219.361810711343,1.741995122208716,8779.37203250664,False
0xbcd6f5f8c4e6f7561723485455393bfb001dc5a8,15013.59115386818,1.7153412125246368,8708.99568843159,False
0x725c287504f613c2c9601611800eb8dc5822c86f,15000.490884268796,1.7108037294441876,8704.628124717146,False
0x0c87ce806e295fdcf218f90ba08050b256db953b,9158.216909445775,1.6111854849854643,8659.325715935112,False
0x78bb77e0c8c9bf71d0d101bae9a55128348577e6,3084.9198927715,0.3624413369774415,8313.702655178207,False
0xb78923c776d0590684776d05ab68e994ae80718d,9787.165044407813,1.8099096498948537,8191.553751289662,False
0xc006f995f414b0a827ccc3c9d7938dae50207962,61.37968335552208,0.0095089218798426,8143.249271242136,False
0x5fd9571ff8160999f7d5b2c2596de3eebada7a94,13304.55330584338,1.5253533060979336,8140.878624065956,False
0x62703263b64699da4c9c84bd96649aa7feb9738e,12893.002536602602,1.4743844658581844,8004.141838005099,False
0x1e3a56c1a7be6587bdbfa285d48797c4e121f173,50100.0,5.595457153967308,8000.000000000005,False
0x56311f46963d93eba214a95a5c55193d6bdaf4da,12676.304348356369,1.4545451771286944,7932.8032817774565,False
0xb19933d0833ba135673b437b05623fa20ef8b124,12551.020836707054,1.4327129705488384,7887.691668525616,False
0xf7f6d446980ae9b34f5be1822ad09885213dfc1b,12010.244377824793,1.368575782068423,7708.548949693649,False
0xab34e3836988273c0ffe6bf73cc5264a5098ee7a,11408.559653852668,1.3069364678570756,7508.881951863079,False
0x74f071928f3e7a0945c0c167af9a43942f649684,9920.480162051344,1.1972873332201446,7239.2693074428735,False
0x35eb5013900d00e92fe8f642e2b30d3a01fd0f4e,816.4794622993504,0.1521003836699614,7170.3851606941535,False
0x47b6acc9d98d5e711486bf859913f4c0115af871,1248.484036841474,0.1343835647897487,7000.000000000001,False
0x3d2f5f926aa71fddc999c0d7d7d332d105f341ca,46058.06998036976,7.271240453446028,6993.3296059196755,False
0xc6c3c017832d82e9eeaf3b1380e002a915c5974e,288.746119974,0.0327998605203652,6892.610727410858,False
0xd0969e9b77ff135376bdd75c30030f5590253526,221.30491131666795,0.0341410304616855,6865.141699634654,False
0x7d61e57e9901a4123887b8532263856440ee8411,2168.6200000000003,0.2889873662431441,6505.862226951888,False
0xb458f0c3c03f8878a2b22bd629a5147c51e07427,1045.25842924692,0.1273570388686904,6382.676451602681,False
0x7a5453e935423e571ec5c51ae151eb794a58b584,300.0,0.0340656788059203,6209.5465136125,False
0x888c51006107bdc014d0d2f281ab243f5842aaaa,4143.390113530238,0.5741860353623317,6125.7106880407955,False
0x7789525ec1b412e57cfc94dec6e489289059fd95,6108.442057155478,0.9490678533995676,6075.29932012793,False
0x31ed338369864d38307ed6871b7b63fda5cf22bb,5944.22675452072,0.7907417250527132,5921.992039255541,False
0x1748b2ef40363009779380c45fc4d4986840940c,4543.560080940423,0.5593982417276946,5804.468815113046,False
0x6e723aac26d5c674e10096d708f7ff3edb18c56a,3012.0432835327515,0.3522811277399029,5716.583693455708,False
0x6e53d85a267ef0bf83d98ed05b735cc9ab76a6c2,5699.785831339047,0.854761378266502,5699.785831339047,False
0x1c47379a4827967702fad5eae78de8de90cf7e12,5699.381780619253,0.854333756462135,5699.381780619253,False
0xa27df43816da1be74a67eff6a26fd658f1959cea,5699.112204842812,0.8539265937699456,5699.112204842812,False
0xb7150ec826490e6f2ca9e8743a0c0d33aa5b83d1,5698.908141598168,0.8535295289690246,5698.908141598168,False
0xf2f0ac184e4e379d6e8ec15846242d755ad1ddfd,1363.041543776046,0.1568268725789631,5452.170900318964,False
0x2c92d4093187bb78d0497d677d115d546f490b26,661.2029825564961,0.0996565656199797,5157.7333653276955,False
0x0564b56434fb74803e9a3aa970b8a5016751db75,1600.0,0.2049495820696326,4965.62972715355,False
0xe095a34e199131e185272811a081225ca6311aed,1562.409062398612,0.2036668194610233,4800.0,False
0xf04707ba30b883d9a7ef5511ab9ddb95125d5d57,1551.4121252390962,0.2109304847681115,4599.332872352234,False
0x48524e554812c4f174d0eac6394bb4573d8ef0cf,8800.0,1.2007841040286737,4540.067639006783,False
0xc1d5b91586d99fa48f7e2b8940bb5730e15de7aa,4477.405327955096,0.6899311892124346,4477.405327955096,False
0x8cc990f876a7c1751b0098214e5c07ef5ce8b8af,79781.71876293299,11.130788208164821,4359.534410605557,False
0x9891af4a068cb37a0830b1406c87b70b7935db16,2378.051053439569,0.4141832830756631,4227.6463172259,False
0x2c6f5641f64f0d6b2d83969d69d45e60f3eb5060,1931.779562489096,0.3410355660687099,4218.425985072496,False
0x13dd4d2b7acb97c69d5599fa7b0cecbabda17a3b,39.49258443724133,0.0066585923082857,4110.134881220137,False
0x83b7d3f8dce26d5a08ae6eed361405a4868a9924,326.9624693308201,0.056917815023074,4066.3212018863273,False
0xc103ad60e8a746a95a5854bd0c4a5439466f4504,8629.193590695186,0.9178831622683888,4014.1061697637642,False
0x2447a4732e8c2c52fefb7a526fea916bac9fba50,4594.016620100923,0.7879810574805377,3999.6474315926434,False
0x14078a75f65dc072fe76960aa2769157e443b1d1,21898.136521069937,2.9368103186141714,3714.363592719407,False
0x90738366a044c13ea0a1393d1761d7625ed3f0a9,39864.73522043891,6.644232533417234,3541.0989802137365,False
0xaee989fda15dfa276bebf116b81d26ba233235ce,28622.715399213652,3.0229417905375837,3180.3017110237397,False
0x059d8b9c69f05bcd14e42c99b3e1163e5b31baac,1269.4722131355754,0.2254051337333614,3071.5021679952138,False
0x1a5861a1d957e24eafb5d28111e593bd118f06c5,1014.8878578943286,0.1382247007629993,3044.663573682986,False
0x0bb9f7c03eb9c1a31c25b3b7e61e2c503c30b81d,1805.5935341959373,0.3143527384783903,3006.47983594366,False
0x2dbf8d4cbd78ef2b1ada1893d59b7c0cbeaf32a8,3160.344136487271,0.3465362343637466,2957.505598059332,False
0x3bffa0c15ed01edbc5a7dd8ffed25d3f84b2a1b4,1794.2876882227526,0.2323487390993963,2695.322389603917,False
0x2002fb73bf0777d8026d2b1fa804f6316dac9e4c,56773.21405334395,7.237736947686176,2606.052866063537,False
0x802ca05d5d4372a15a4b50c684ae535f71148e05,949.82679629,0.10491293027249,2604.990676100196,False
0x850056589c99031d55dd2e6351bdbfe74c27cab5,200.0,0.0327210227851401,2542.0,False
0x6ea979905918816cbdafcbb82edee1b73b399b2f,8838.126500937246,1.010699496466328,2492.8049105207615,False
0x9332e35e87eac40a0810813a7a12c458e8043184,10471.586737663712,1.7415936585934269,2412.3606437872068,False
0x65dc5c3f43d4455b2786257ab70652346b8308a1,2387.1922471901967,0.4416148186729493,2387.1922471901967,False
0x6524be37c49b085a067cee447932e6d2444c9b58,11924.327666610105,1.433132146007526,2341.9497612860096,False
0x5ef709c59843f48cfd29f233cc25fff14f343747,988.735525630857,0.1546368859229185,2307.0495598053326,False
0x3e702ed7eecf289d17b13459500f3f226be76313,6714.379155126702,0.9852612136949264,2238.1263850422342,False
0x22addbee1cd55b6081b0f8aaa94198d6c1f6b2f5,1426.2095599353345,0.1721454678966752,2225.749481008034,False
0xa00d6d8f99183e74e31be60fb917d6aecd409f5c,1886.976802129947,0.3103985761477933,2168.8371968720708,False
0x1795ca8ea89b6c339e8aae7d666e72b85e7d0361,710.7840070467269,0.134595399995841,2132.35202114018,False
0x733c582d53ffaa4fed4a8631daa542271822db89,332.9785958565792,0.045047844619087396,2112.3839514029564,False
0xe2d957c8eb362fab0145cc54485fd5893f5aa2d0,1303.719332374774,0.1635437293853377,1895.2886251102743,False
0x79f07f8b7beaa11ff3985417a56a2667d619cae9,1625.179723294983,0.2839138289927863,1844.9872727345867,False
0xbfd9efa0b2a8dd476000d8965334c34b9f3a660d,1245.442152208138,0.1422213313297254,1834.229973796963,False
0xa6587d6a21a2086dd4fde6326ef72006acff0df1,607.4979317139383,0.1044538720550085,1822.4937951418149,False
0x116cda031c0f1c23954052e595ffac12f804307d,901.24963689045,0.1023886327937624,1812.7972370111406,False
0xae8c70330038a86ed9a7b2f7cf1e1fd896f18c8d,1718.622481161351,0.2355889873495974,1718.622481161351,False
0x53426fb8d9f01b8419bdcd92b8266b3d733c490d,338.6581992286352,0.0374084973306374,1653.7831064600018,False
0x728aab1e0d9805298bb0ebd294d2ed42e2b00beb,373.3050638679,0.0412348224844653,1652.7837609308378,False
0x04cb45b4dc6cb3392b6012c3f8a918f0ca441c39,5150.456561743488,0.7973845647268412,1636.233937021816,False
0x4dd69b23ab6f16f3f8219dba636354b67349b0e0,187.03259184600793,0.0331104699155617,1585.9698082947216,False
0x56c69177e88ea8c1c44fe5ae713fe1aabd09b94d,186.9360517438095,0.0330910525337821,1585.1511825896225,False
0x3c86d511803afb9b7478a15527274f9b464bab89,186.91192839736328,0.0330865395950952,1584.946625197988,False
0x384ea7b9754386f59894312f0bcf2b2d624b36f2,186.8636957109564,0.0330784013298029,1584.5376291847301,False
0x8004ce0fc1d60da4ebc15c8e0557532f44cdba9b,186.83958636858623,0.0330737592824178,1584.3331905426758,False
0xa37c7dc1f519c427518b409b423aee0b319e71ec,186.81548169183253,0.0330697343538322,1584.1287914633883,False
0xd1836f28f43e3f451120db79f3e40629e3438cd3,186.79138167949156,0.0330677001083981,1583.9244319366608,False
0xfb5ea923b63f2dfd2dd609bf56511d0cb28b91c3,186.76728633035995,0.0330606409974718,1583.7201119522886,False
0x7bca08c776a278f49cee431f66ec07013e53709c,186.74319564323469,0.0330560187528162,1583.515831500071,False
0xfcaaae0c322be427d4cff22d1f5318c12e262975,186.7191096169132,0.0330518042109517,1583.31159056981,False
0xc7ea727095266741e48a949dd14a102d123b4e52,186.69502825019322,0.0330477687002705,1583.1073891513122,False
0x4883d497b43e981cffa0c15c0008e0c9413af57a,186.6468794907509,0.0330388945359166,1582.6991048088419,False
0xec230a7dbc09c9715f2918c36d7f217e178ab4cd,186.6228120956261,0.033035256937603,1582.4950218644976,False
0xf70d7aacbd551dc76636d7d90369ee12ba20dd5f,186.59874935529783,0.0330303299719919,1582.2909783911712,False
0x9cd71850a7f491e5c46b2cddd11c811a17532dc9,186.5746912685658,0.0330262435238432,1582.086974378685,False
0x53a1a269277a31f5b9bfe1fbbd7c40cd1cc12ea2,6.859216572567297,0.0009509130458354,1553.602086197751,False
0xf1d5d506a1f8ae175cf1f3a61e894845dfd4165b,1311.4953688385383,0.2200487534748944,1547.1220583207953,False
0x46cc2f6d19f453ee0ef384aff82e58e9b38b3909,5520.267158350788,0.7330254760481988,1524.311076603155,False
0xf5bc7c8d64fc834bb0a68c092c8ee9d7e877e872,1280.3703713672592,0.2164750992585869,1473.4708004777117,False
0xf2b1c0000e03ce8c7975cf6604206050396d4bcb,337.165716237098,0.0598166862245817,1458.6570067301352,False
0x4e4fdc4ee86561aed74f6888eca51bc39c1d3483,304.4539363293333,0.0453698152374339,1434.7957359840864,False
0x547a10b63ab4c784a49da5805610b9ee2d74377c,354.2895292225711,0.0632833734537109,1418.484013015221,False
0xbb21016a9f51db55e545e75fab5e6088490b5f27,354.24380073059575,0.0631991446321307,1418.300927912625,False
0xabef5cdfa79287acc6831223bec06e31875019da,354.0609752674449,0.0631219788094409,1417.5689418524653,False
0xc1ef1d5c09545533ae8521992ad61cf9c215a8d5,1417.3812431358854,0.2664479202544135,1417.3812431358854,False
0x2aa460bce4bd548fe402c8797de1db122fbcd7b6,353.65013510505287,0.0630477555680703,1415.9240436712053,False
0x1b560d02a295a1b7a614a5baf9e5191d82822b60,443.75427101636217,0.079126700483656,1331.2628130490866,False
0x3c613728fbd01f4a536fa9365b5e5d66c0395100,3354.8700000000003,0.45183313911831907,1312.7800615361205,False
0x1c275cc9a69f39f62276f074d4a08be22a0853e8,1628.3726608111513,0.1933761531494967,1307.8904746136411,False
0x52b7c54d0ddce46d15493f27b2295117d4b7d5f6,1005.1602746436633,0.1850456106796517,1292.348924541853,False
0xb70487ce46538011ce7decfac7ef9db4bc797ac2,1005.1104450128895,0.1850284024585451,1292.2848578737148,False
0x7329c3685bedf5eb54fe1e067022f50bb40cbb52,33000.0,4.428783498166049,1244.6601989947626,False
0x6a8dac8581e020ccc818b478b83528adf9f80b8e,1287.7619715393646,0.1962491549186932,1205.936411896581,False
0x543516f118b741e3454cd08bb65943566c260bb8,576.0876384127125,0.087662333127029,1169.6324779894467,False
0xb19e4456e26181897aaf08e76f09691a27d8cf47,13718.4,1.9486731791109868,1169.5044983068308,False
0x66318a9e0248355e61777259b5a11dbcb1dd2679,1890.7678566964719,0.2950776835982719,1164.2167746064745,False
0x4ceea12ce789edd64f3493f4d429b3e0b0478b5e,270.2379747518147,0.041068450465206,1096.1626062681125,False
0x06fe6d22ee588ba88c2349fa7d9ad3149c0c57a3,1000.0,0.1305083077293219,1071.571821333887,False
0xabeccccd62b4e447e4c115b2ac4d4bef7df2b693,250.0,0.0348597653972315,1001.7628567063869,False
0x699df9a4b9ecec3b17d2b62fe9b4cf9f8d7eda42,238.81001710828752,0.0274981421700543,955.2400684331501,False
0xb293dc85fd5729c52230540823e6d7139669c721,8.41,0.000954673872039,921.9727885176046,False
0x8f82c2cd36d47290cc8cc8af363a50ca64001c9d,1685.3538861621348,0.22817520277098968,889.456008789744,False
0x8b77af2f1f0153c898148f279e71d3e24c176183,138.31608662631515,0.023817893654534503,886.2289823657115,False
0x6e6d15cd5febaf65952bab338266758189456c6c,167.7413,0.0318473306884825,878.3863873178389,False
0x2589f2c70799487cea39791439869334ade86d88,418.76124366402007,0.058398252309263904,870.3330108910527,False
0x55535c44a11bf074c042d98dcd9e97ea28e023a3,226.60961597588744,0.028454952996251497,869.4653160337995,False
0x95b06d5e9f418e063fd76d82e84a95cf37e37ba0,1261.3968114222596,0.1665283846295704,863.6201912369826,False
0xcfdb4accc3c1377b6589c05b09942728bb14f2aa,238.33147702072313,0.037874227525243304,815.2100599709843,False
0x1ac06f889c353c18085e83a26774577bae37dd49,7.586364430650395,0.0012790860057867,789.5178967406105,False
0x5b552a1b639df19ea532cb92ed26d2fa8d174415,1392.154976765712,0.1798878457232776,778.3180686181021,False
0x05960f84dcdcdaf5a5c70a6406bb9df42c279be5,1073.285388606138,0.1389695142412454,731.6606564897509,False
0x05990ad252ff8eea290b864213e9711c3d065b0c,1452.8145461533754,0.1926386300347099,730.8428271161414,False
0x0c0264ca06f6a9d2c367507959e04aa2fc29f2df,1274.0242719110934,0.2007100040948115,704.5083175991005,False
0x895e7eefc15dcbec786cd30badc264d69a5b4867,1716.337584336913,0.2996165606931923,700.0251033475702,False
0x27a8072ed023bcbfb438aee9bf21e1aefb3ade33,1191.9766051520346,0.13468366683775912,694.727357346055,False
0x559da5327dc580e1f149b8c798287617dd42ff6e,100.0,0.0151466910089385,694.5945096758319,False
0x0e4acdbaa7674767d0d9b1d9fc8756b766d02289,722.965020848506,0.0861885262491286,691.4394809161724,False
0x33ebe3bf4abe8acc4cc48982f6c2472af4185b0c,332.6594843309959,0.042134501493291995,686.9183677141926,False
0xda06d85e88dfd64dca4eb49e0f01c310c4ee918d,94287.72189255679,11.529052264357304,685.4349855402008,False
0xf5c2059f1ca4ae44b10bbaec95ff2de31f92cd78,672.7109835949481,0.0902650725891663,672.7109835949481,False
0xb87c8b94d2529dffa87e1cd2041e5b4625a879af,509.48439312087004,0.0946061103100461,655.0513625839758,False
0x788159b2fc582750cc665bd88482215d3fff1250,2751.758356730017,0.3639088141421737,646.5085238502046,False
0xcdce6dc3c9be4b8a37bb6f40395d9ae0239855a1,201.51823728916705,0.0241107517057387,604.554711867501,False
0xcabcb6269f25e6f388230b6ec5916b38e76357e7,94.01024889070884,0.0107983121234572,593.7489403623717,False
0xc7efbe61fd062be0cc3504bba3ec71b6c8447217,189.71,0.0265478311471916,569.1497518179955,False
0xacc33d3529f22b143d96cb3c4aa8dbd77e3293da,170.0,0.0291071837514896,520.6876994485292,False
0x864df6e2a4c8f789a2130e7710cee9c08fe85394,50.09573519131059,0.0065411125341784,513.4414067627956,False
0xc4a843ddf533540474fddb7a9a03342348f6742b,1196.7920660162692,0.1511382383812615,513.3658909072257,False
0x5ce35ecead5863401b161713e0358096ab87bd70,349.3389958216,0.0421680957868638,502.20325808593503,False
0x9e6589a52bc79ceed5946ba659723782f82672fd,767.0,0.1010429871074232,501.59894396226275,False
0x0b2e297171fbd2c85c3c14f48c9bcd76781396ba,664.7312640057783,0.0822957810457898,500.0,False
0x8aae5280543409991f025675b826aabb4911d1f2,166.00202345655893,0.0306853126028103,498.0060703696769,False
0xf751c16ef98a8619390b7e47a087fef5703fe067,94.73546246541828,0.0128699559604357,480.90848613632267,False
0x3226c61be894a20aa3e1fde48edc056259751361,20.0,0.0033462250103531,472.8392430779024,False
0x5a2ec8fc323180c33638bc02cbaaf139ecf37d94,450.0298158615069,0.06062499664699868,465.11638079934846,False
0xc7c94031f8fca51f1cd30259cd9f7a4df6701a54,693.1126222334708,0.0931569772735936,443.12872209005377,False
0x300407454da9ba04f66d284d737aa4db2f06dab3,143.4143022636521,0.0154516907656449,430.2429067909562,False
0x2a412e58427027637aec6ae8e3faa44c55cd2ea5,143.01042784021334,0.0158762617788414,429.03128352064005,False
0x0d74eeb0b00c6a90142e51865f7c05473264841c,399.0943594259985,0.0522869491151723,407.55729124251474,False
0xcdc96713e8f2132401ff73012a7dfd0e6e9d3cde,317.2410695601634,0.0482304180198898,390.77122642704654,False
0xaf4aa6a50de08447cad303e298fe27beacd7c18f,387.8776182894588,0.050835298382723,387.8776182894588,False
0x6d366faf50a0e0dab5708d744aafcff097f516b7,317.12272429324645,0.0360239788201827,382.62266941459325,False
0x1cd6a376f78eb19055168d07ed5308f8e994c0b2,155.25136492569217,0.0255379962206141,377.03620537620094,False
0x17c485b4d433ab5aaa1f1cdde3715c7e8e6ed2c3,657.3908382833408,0.1190397491147622,368.6790273125672,False
0xb64e6db5defa8668512ae1e54f955fb1c67c8bb1,6056.1614239308265,0.9474134974291966,365.77326947863685,False
0xdb6cb34ab02fe251806a4ede94889a5352322305,236.72094526018168,0.0354093027884913,337.236383836695,False
0xce9df13a38fca853b6c3ef850d5a172e80363864,6171.903919229236,0.8548290776136327,325.3062882849711,False
0x90742a7bd8518c7b8539badb850fec0cffc39612,216.2968214104692,0.0279957296442015,318.05645500685125,False
0x3c2f1615cc2fa676de372507ffe55f643d4c678f,796.2152668858823,0.146113287560448,311.56249573795395,False
0x3ef655dc725cabb11aa63b373147681151b41db1,237.58845892644067,0.024526416994971663,301.3408139503875,False
0x75383bf87bde37bb1ec757ddd144c8f8f8cad28e,1303.234259456386,0.1659349304595465,300.74636756685834,False
0x9a462753d92b27ecae8b8251c3a4b92402ab5ae1,88.58,0.0135246247486957,281.58481959606576,False
0x6e87077a18b097c0556673bf65521c870378ec5e,3695.310682528127,0.6560676215997384,279.26384302263335,False
0xd9a3accd957e9ea63ea064e1d1c011105be6a5a2,382.9245839414537,0.0545866959512971,276.1132539653049,False
0xd891781cb605ee94242ab8115961cd96138d226c,31450.0,3.9885994225404766,264.76540680961995,False
0x145fcf1d21a3d93e1b6f191ee6ae582f5cd09e16,258.53,0.0417359251407279,258.54030585650133,False
0x27f96f37eccfaa2665b1659129ab9a2ed802ca95,10.0,0.0015267007628666,243.81087376298106,False
0xa4ce500dc0a2efa0591d86c8b00acbf604584dc2,32.342017680654735,0.0053104815753036005,232.80928233570458,False
0x7b7e7bfb12d1ef731907c92112ba3cc4466c4304,140.74568257477884,0.0254774651928083,225.82024909976658,False
0x6326409e89243011c5f6ad0ab82890ad38a0af0a,209.999493104554,0.0343341215866668,221.5968199492851,False
0xc151a66574ef8af5d301b3b2956566812d2b9719,431.4230704517499,0.0504660458967373,215.71153522587494,False
0x0b7576a64a0f4b4924d55ed328ede4979446521b,213.9356955071789,0.0235426275887294,213.935695507179,False
0xe80a9aa3ca442e7ca1e24d76a660c0ee5f683e52,231.5719370311089,0.0283664248852185,202.43354921979625,False
0xc6714f46f0d0fe46c1f4f392b810aa9c7517c74c,575891.2992632267,71.64704724257797,201.61639150731247,False
0x98e962b2fa826a01e34700d9da3e012631dc97b2,50.0,0.0073906786239589,200.0,False
0x379cc4bb3eda8cf3ca053d779fb835b7422ba4e8,20.27112013789661,0.0035921014194439,191.94249995843103,False
0xb1db5045278eb88a8c489efd819ef66b19e221b6,118.47620807625508,0.0222695491902901,191.784318080165,False
0xcabe8d7e6c7a96dca2657e63e3d2c8711f9406d1,103.79,0.0170726435481137,178.70505132880783,False
0xccb4f71a58c5cfa23d0331b604ef514ed145ea8b,164.24479889867652,0.021096157980558,178.4170118339877,False
0x394b8b7f9589292364eabfdee9e366f07adc9b69,1948.119070519106,0.2665230825373677,175.47701643893964,False
0xce065426551ce16d7d7aab63a6e77ec91df4b897,268.57365547024,0.0417170266617084,156.63560722606644,False
0xd1bbd7c5654f7000ac9c580d36ae8abfc77be5ed,240.99076775180475,0.0313016621062406,151.83172312540165,False
0x2ddaab725a71033ce83d2146aa20cbde6d6c7e78,509.6845753692688,0.0688794434996186,150.3576097761194,False
0xa8f454e25b3155051d77560342b9b586d0384aa8,726.1213452516226,0.1029198811871577,147.99044841720752,False
0x9948ed6f180e064a6d7668b0af3304d3044bf4ef,132.89806551122774,0.013662895930217325,129.72599020503984,False
0xbd0dab4020323d7e4f5eb2dbdfffada3e7e570c5,63.75858135690266,0.0093330768984481,120.48049993629981,False
0xc7389bb44f734881bc0a6ef34604df22c333ba72,11911.97481715098,1.3520014633535593,120.32297795102001,False
0xc1bd8020d08b2a1f98da54f1573a54412d99c609,211.84388979633275,0.0287105634838037,116.48223645894002,False
0x7944a6394849f66484adbde7c9a99b6a6ac3c0e5,997.3145504575244,0.122881100378143,95.36513390695222,False
0xee7baff0d331ce4958a44370019b11496d610578,86.45,0.0150572321853558,86.46836883543249,False
0xa0c60ce7d4fe052ddd56530df4d1ccf446907ee4,4019.5963746509824,0.5401439130296934,85.84129333110795,False
0x1857c15b2f88d085d747bcb28c340a56077d5234,3.0,0.0003322510166508,83.47421137363645,False
0x236cc7b473147167ab6240e78e157f7326258a62,37.223756462744525,0.005184129600026,82.84324256258827,False
0x8da9bf703c1a3ef82d991d25714da3a371d0460a,144.38329316656103,0.0245111912689417,77.74485016660977,False
0xc5f3f78187a76bb449319a6fe05fa38f1996030b,94.66484764966263,0.0104105637187378,59.0110716458182,False
0xdee8100533a49df32c61ab67c1af492de6260c27,222.08396354212377,0.0393396369677549,56.8626025966329,False
0xd0c9e8a9ba85b0f9beb13e774e20d11409deb8ef,5.290243861585793,0.0009508930221092,52.900092673027864,False
0x1b36374d5a26c45726632162188f7162dcf39639,184.84941983581996,0.02303977439655007,51.796394801141126,False
0xcd158f8d22d330876b0890f2890a2e05b146b45b,77.2554707449379,0.0121655134059718,50.567486557064676,False
0x7874d25f0571edb77ec59390bee81487ef8a00a7,1098.4097266843085,0.1391488535975732,37.92896488719545,False
0xe3bca2de2e3783b6b66ac2b071ac22552d8c95ca,55.13807316697754,0.0082474226804123,36.081416573280855,False
0x507e42f3e1612ca996d87230c7686de89abfed6b,853.385786943113,0.1179993568262101,32.819765064972934,False
0x1f6660473c71f5e8a382a4cb6d231308624d6af1,15.514527448986424,0.0023332243663965998,32.200882322258124,False
0x4b0648a448bc679a8bd2556cdc694b766133eac9,25.01484828804149,0.0030927835051546,29.222202469765133,False
0x37e58afb90a1bae2abe5dad651f029fbad81cc10,27.626757666168533,0.0044015647036058,27.626757666168533,False
0xb7312dd8a98c24e5a047b0a2f7ac76f468ab0059,68.91496568298311,0.0121168905216185,27.21704205354227,False
0x898c7da344d2af4c364c9430ab5ffd0d71e5181d,26.844703684125253,0.004988438591094,26.844703684125253,False
0x75ec40ba5602aae8062246332b668fa507c99428,32.23122703352484,0.0058312920307016,21.93890243458413,False
0xbc867925072a208b4cf9c6cdd4d7a0e5d930e254,65.55816177384044,0.0106700633253072,21.852720591280143,False
0xb1e41b39766500d137fed0866327a762cee0c045,4739.884959711741,0.6949542801911642,21.773308438667268,False
0xfc6d8e462a456c88ae1bc55f0b74d0d8e38f7330,100.0409030744927,0.0164854163424796,21.22079762186209,False
0x5ef8de154d1dcd3fd1f9d5f50ebb445487b54a13,1014.753897515403,0.16908624027472702,16.025597526128347,False
0x75580ffef077e8fc8c1d94960872d7dca78d7b84,816.1790000000001,0.0968983826837922,13.119903178553633,False
0xc577382a3bd8eb4a66caa1b247d70d7f9c46d6f1,1705.4007554144,0.2032674410663493,12.407723988974617,False
0x5bf99972915e6d1b418bc7b743032b7c7aac33b9,11.55,0.0020693963097498,11.557614111253658,False
0x9215825ea76b9b2b25922114d51ea92d1916bd89,221.31876800694823,0.0391871672225615,6.500071177716508,False
0x39f9b539805b44534ac33c5f763c40c0fc82fc65,27966.885464600546,3.678635708518483,6.236668468556292,False
0xdf284da4119b295f9a3f31ec58724134ea5268a4,123.28556017872,0.0131981341259483,4.158798619058813,False
0x0ddd7e04eaff071f1380d3d02f4c74342847dd67,10.000228173537629,0.0015854367510413,4.041091924100153,False
0xfddeed477de50d093d586bb0a57f186e9a374776,399.2678458269167,0.0547489226160478,4.033008543706229,False
0xb544e49ee512c7eb9ff43845a8585c348386c47b,3.0,0.0005426434434358,3.5362124501104613,False
0x8c855e11881791823c2ca99c1eaf8855e3dfb42c,12.948373322782281,0.0017073175062094,3.4373460798375297,False
0x74712aa1839fec8a524f562ed7c72780acca6b19,181.2706,0.0343020805888511,2.905138427899606,False
0x99f8a128073d9caecdbd0cf136645d9c9bfd61cb,92.19280315460674,0.0118411303940848,2.88170077216832,False
0x197db9d10f480b005bc931df640d6108732ccf80,2.7428984678566284,0.0004773798386215,2.7428984678566284,False
0x6d35d4292160ec19702096bb2101f9388acbb840,60.3984080291246,0.0074918205876046,1.8113611218431027,False
0x961961f1a8342994814701837b8b3df6103d7f11,10560.024967238616,1.869611417101983,0.9979376652667467,False
0xc9731a5b278d90be21b954ade5b57885837da9b2,770661.0,121.60350882657518,0.9343106073138693,False
0x1e26d603e9577b90ae45810c6ccd5fbb752bf69c,187.73930295945,0.0219972146226084,0.9053348889359718,False
0x88538812e41b89689f5e23871ef5d5ce2be0f987,4816.03558,0.7867916803193492,0.8853726715824859,False
0xd3644e90f9e179269b22c0beef2b28027f11df7e,56721.23491848401,6.711957976902944,0.8644448287141268,False
0x255e5e16bee5798c84651ad26605dc01704a1ad3,2.576018243142894,0.00043601396770541603,0.8442566469547069,False
0x545322d21d3e186639a1571aab35833855db1ce2,14.58671638979918,0.0020316025519059,0.7353324440563778,False
0x8a8c1a1fd4053d32ea8881b790f8123251e7788f,49.178781658101926,0.006083543699718,0.24712955607086398,False
0x3ea5d7708b69dcefbffeaed973fe1dcb73394f6a,98.33135466637816,0.011131457443927,0.19705682297871374,False
0x7b6b26bf8b8d3601899607a310245f3ef9888888,10.0,0.0015478167534082,0.12437319136870144,False
0x32253bc9018d998db5dbd8f66e298edf46a4eee5,5565.0,0.84792368117005,0.072778703459716,False
0xfb8690d65c8e53388739ad60fd0bff8889204358,19032.882535321784,2.6299160743265624,0.07032982276260541,False
0x797dd8b5da7a10bf6e6534d549a9c256f8f4f0ab,14109.177651950316,1.825214323517484,0.014123300952903216,False
0xbb00bbb48887f38806fbcd22c05478e20cf7d043,1644.84,0.1854493726777971,0.009718803834889704,False
0x881475210e75b814d5b711090a064942b6f30605,8382.119999999999,0.8898271779300586,0.009292928760752696,False
0x5b6c77dc0eba651fcfc0b56e226293c3a2b8701c,1070.0,0.1898857810291146,0.00745850937839653,False
0x00c47676ef9512e8e181edf9e7bb6a796201b76a,863.8125440450625,0.1056245460868335,0.007383827704074016,False
0xd23df0339950d6f9a59fbd0b89af09fb6772d2de,1609.7400000000002,0.2618375781881256,0.007246424063244627,False
0x9275dd443b41103a04bf1348603be0d2e0abe853,4940.881739253443,0.6261870098192668,0.006814921066028075,False
0x5349bca810cdccd4e1be37f22c7c85d3dd673b75,2909.7189,0.3653987738949666,0.005670923204598459,False
0x45aa374c3730b4da6416a2e8fbcf0e5e2f5216b3,591.0,0.0770821667363008,0.003061332763131448,False
0xab9ea52e96bf3f654a51fd5c02e48b0f30731fed,22.7,0.0028835505327327,0.002740082835164391,False
0xc1057287c92516f73d97ee8ae1b6e4f9bcc5a237,5478.589115999999,0.9719971504942226,0.001907357288915859,False
0xdb05dc71f746eb7690c61ccd333d0637874032c3,1555.55,0.2570968079876741,0.001535729245970132,False
0x9d5809ea8736bb169672b7b32336171549ac1deb,3957.44,0.4785735656368909,0.001237865769133615,False
0xa06940dcf6453261c3366540743a2e56e2d97750,9974.75,1.8052775296799284,0.00081159398775158,False
0xb80d90fcf2ed0e4febe02d2a209109bf1f62df95,1431.375269697358,0.2265116075137365,0.00069078670096,False
0x36b5fa4d683f6af074ab1a76b48cc603fb2ac9a6,57.082735484633226,0.0073758667940979,0.000608853880651837,False
0xd3f476b73a193e62a14aee190dfa2f51727f0340,31.4553,0.0041136257575256,8.4095158097974e-05,False
0xa3f9c5a5cd542c55515e98c4cae4a334569cd0d9,950.4263,0.1178948599181024,7.7916444435857e-05,False
0x5c7e3ac0a34b892a3b999c07a2a3882fab83712a,549.9456,0.0713025121434511,7.1030489778459e-05,False
0x793e42bd6311c5270f3a7a3c93863c036a66f8da,81.8468,0.0106743069533888,6.7427223156923e-05,False
0x37705a83c98fa013fbc85ef1fd3e0be7e09c4050,1092.751,0.16815951702123322,6.4280144341065e-05,False
0x6737fbeed12b043ba4eab0bc5b7894344bcf52ab,150.6707,0.0195229263190019,5.67371994064e-05,False
0xbd97994f1c67bfa90a8fec807b2c75a7e26858f5,355.4103,0.0577369099072089,2.0881208675741e-05,False
0x29c1d2e9e04fe2ba117a6c275a1998c820a23041,95.6138,0.0153810485292034,7.205730082854e-06,False
0x432fcd67815d5cc72808a7815a02373fdee7d740,1377.7117917357757,0.1517094418955203,3.043921417452e-06,False
0xd008a97c5e28514d6ad6f13d55aefc8ceabcacad,439.16790000000003,0.04662250250428161,2.8048487583e-06,False
0x1cda6af915399fd20d6b253b8cfdbd9feda73baf,11689.693565600051,1.4280406237899608,2.056883784884e-06,False
0xffdac5e7a7b5e65a05373a95247672ab48d51271,155.846293,0.0195729839530506,9.34347688837e-07,False
0xcb0cb3099b016f2e08364b64ff9431a950239e36,995.953592,0.1471970003501704,8.19550053036e-07,False
0xe1b7da849399f8323f08adc5a05b88b5191ca5c5,7425.384804201122,0.9838151302013004,4.71088875766e-07,False
0x0feb08fcf34f5c0e270261bc79bafc0f8eb87f98,18257.99198517487,2.4681861792076,5.50268e-12,True
0x8c07088fd67d5803967f9ec7884f0ad8b3172d98,18033.67065936551,1.942104818719224,1.136986e-12,True
0xcb801f51d908dc4e4619b7041cea75b8fb507c2a,6522.5342,0.8119832592444893,9.04761e-13,True
0x7dcfbaac68e29dec7a3481babab2d57b0bb771cf,5284.518809372603,0.6437375769384772,8.55775e-13,True
0x600b0eee49eaf8d25e27cb25bb880a29dab801c0,2186.717737348263,0.2674604381724525,6.86405e-13,True
0x1ac005e581133718a34de1fcd3c30f083bef8c50,8366.219771881157,0.9886780350134072,3.71374e-13,True
0xdbd47f66aa2f00b3db03397f260ce9728298c495,3336.3417827379853,0.4320345759921653,3.0189e-13,True
0x839271ef8feba0466cea5cfae4daa991c3435e91,894.4337542461404,0.1206821176546858,1.51029e-13,True
0x21e289aea50f89d1a986f74eda79cdb634836ef7,553.7223439331236,0.0884729375760063,1.36882e-13,True
0x9d51f3ce90ff357f6a6974d44d28ccce3ce262a4,485.8973736628246,0.055130885579877,9.4184e-14,True
0x38e6d89b7d7fddc5590342116bbbd07d8aace600,1612.2098386576831,0.1893863385514065,3.4594e-14,True
0x657e6c1b606a67f0c1e988b88ca2d5a05c82c5ed,2270.015799377548,0.3019730375749176,1.248e-15,True
0x98acac4b092bb4566f32ac0e94534da768f0c4b7,0.0062662570695801,8.335804015308108e-07,1.56e-16,True
0x6dd238b82c6411dee6a5e97bac2a4c841e77addb,1.621704834929113,0.000215730276057,1.08e-16,True
0xa40a6c96fce4751e8adf8732f4486ea2b6459f70,1736.3225840915027,0.2222787252765375,9.4e-17,True
0x2b892a97549cab404fe2d7ae08104405ec0f3f09,147.74528559154376,0.0223866333691316,1.8e-17,True
0x4e753ec7fb197ba9ecf6f5804527cb6231c10a17,10088.857348853784,1.1831902916530088,1e-18,True
0x0ba8a02e196d97ae0a787d918f970b5c351bc6aa,48209.41065323191,7.3463048668127,1e-18,True
0xde906cd0777b8ff1f27aadd923eae33677938d8d,99.91586164403198,0.0145842812503348,1e-18,True
0xba82abd865ac471edf8790a5e9269e00deee9eae,570.6241182916224,0.0654398580540969,0.0,True
0xb3a267eedfaef313f3d4d85c092a3677f5fa3936,1369.6837020940477,0.1698865924605904,0.0,True
0x9037b0c13f9e1cbd146d03090cbd074643b763de,656.2958158624359,0.0843387689885647,0.0,True
0x9eb42f017e793512e4734f8785de605c4cb3a24e,83536.91996678444,12.07635440710816,0.0,True
0xb3835aacad8c9b15b0785cf59a95a39b788882e2,271656.0235572211,46.02756356385997,0.0,True
0x9ec57b7a98e3d8ad98e1d114f1aa70a43d812bd0,34468.9233201368,3.924965767561324,0.0,True
0xb37d2a9b3f1be224169e5f0a1643244254024b69,2166.4666132989155,0.3029806818458821,0.0,True
0x9ed4401d0ae52e75882aa5384ff20f1025ccd14d,4000.2570097391663,0.4470584279128813,0.0,True
0x9eebb18e285eada13f1b991a9feae686f1895e59,2662.7125724215034,0.2824581776196784,0.0,True
0xb376e0eea2c09570bb7d3c934c27e461275965c5,279.8084697386778,0.0372112988321704,0.0,True
0xb2f202371d4b6f6ea48e7175a5edf9b8fa75ce6c,0.6339895954142848,7.9526706290834e-05,0.0,True
0x93a692fe5477902c3cf5f6997c1cf59a3712ced4,2000.670573710888,0.2270399531881957,0.0,True
0xb5746e9f96a9dbca4396d1043eb69b610684a10e,30000.13754824532,3.7971100574623287,0.0,True
0x92daee13d6a20951353627587228bd284805cbff,2063.2135935587594,0.2934174549092373,0.0,True
0x9c210a35dd92e4a3038a2a1a210a089dc6914b50,799.3658818966495,0.1167049261273896,0.0,True
0x9e6e75b82018dfa17b29146f8e5de47b54eca422,845.933500256723,0.1112064328118493,0.0,True
0xb529ad6fd7563268cf57b721c1b9377ce532e1a0,438.0350933081523,0.0534273288608813,0.0,True
0x9058d2724aeb9dd14424414752dcf8a9f90738fd,226.4063598064349,0.0272401661916658,0.0,True
0xba731ae19500ac62e9750c8b84823e572909a267,23.293562350184885,0.0035302763199778,0.0,True
0xb4ac5cfd29b3e68290db841dd0ad9734301be870,14546.449394734393,2.0368016724887914,0.0,True
0xb4a22d79110bd50342dcdc15079f966e883e7f0a,30339.42315159045,5.157619347332405,0.0,True
0x9e88876457aafea36de0fdd0263874c5b72b457e,50.28868792263354,0.0094487760974225,0.0,True
0x9309eb602d44ac84fb8f3808d594e84662b2dc58,4335.6924806701245,0.7562061935014243,0.0,True
0xb42de35966014881f191f903679220fb11622c6c,14510.262045659601,2.2807391477216807,0.0,True
0xb4196f47be3490eaa1049ec26ff8e3c9fa0c32b7,395.3187680183276,0.0458194406160918,0.0,True
0x931c50e552978da510446cc9256d14c8ad28598c,1521.7848269888946,0.2306233278573967,0.0,True
0x932d727cb82310d66960e73faa43328a23d1e83c,0.1136788251365123,1.5259763046623e-05,0.0,True
0x9b35c3602c664773b99f0e2c1639ebe659be788a,33582.82540648949,4.67721622126473,0.0,True
0x9eec7807243b663b0107053afecd6205ac611844,116.67848049264995,0.0170779300741895,0.0,True
0xb3f5a608cf1a2af390f13a385e50c2f208c96e90,9.246970101362999,0.0012444155617501,0.0,True
0x936d01ec88ebc97789b2767a5c40e0252a20e2d1,3620.964095777733,0.5366491985028954,0.0,True
0x903f483b8dd813e41c229d3671c534e7d7c756f3,469.8730929776703,0.0603647375437762,0.0,True
0x9e6fc37b8bd2fc7855026cec105d76342e37af84,310.2338972318331,0.0515338043403577,0.0,True
0x9471f70f2518846f7a076636d64e5a22787da105,1285.1836082557888,0.2087251945350627,0.0,True
0x9fc9a4f84bbf073d91fe6b9be6623f4ca0b221c9,8148.6294031158595,0.8652674173866794,0.0,True
0x9489422a2babe681e25fed33c710f89f52f067ad,36274.78116732402,4.480923819004622,0.0,True
0x94986c44fe7ba6248eef1d5f26f67ff7df90fd98,3176.2067845220063,0.4253608274211647,0.0,True
0xb180969b5aecab3995b5f2197e94a1e4240ef717,8.460794686297294,0.001375008460849,0.0,True
0x9fcf623704604eb08924810a6f1265f44232044f,219.66227374782068,0.0345069070365931,0.0,True
0xb15f1b0e1cb36abf515e450a580bcda63674fd9e,585.7897423274551,0.08235089297626899,0.0,True
0xb15a654ebf31fc0a3a149c99dc4c1ea0f99a953f,2562.4755544413,0.4412915051769845,0.0,True
0xb56c0e3743f4800d5b1a3df3de280a8250c213af,1292.780695927886,0.1483884607348854,0.0,True
0x94a7939a28853243e0c3149108efc51a675d5fd1,11072.512576391855,1.2943086585941028,0.0,True
0x9fe5e507e67b6f46797998a2f42bab246d563f4a,5.194568791727955,0.0008272744757812,0.0,True
0x9a9064158580bca535dbe49266378bddafac3bfc,242.70407920861405,0.0394208494046033,0.0,True
0xb0729b80ed1be67ea096c5fb4e155b3d918282da,7592.718006897547,1.0588673015962395,0.0,True
0xbaa37957866829ad03a709d918d9c862e6e3621d,138.39245421598028,0.0178222450342107,0.0,True
0xb066f49a7ffc19dd01db3808a18709f7da95b06c,114.50120483105138,0.0154524300787117,0.0,True
0x901648073264db52846bfdedb4e98b96b48ae3e9,5000.0,0.7407886517287934,0.0,True
0x94d8382492c4a592d0871ea4ae4b782ffe11a27e,9564.627801146227,1.227696096887937,0.0,True
0x94deb1aab569cb18fc973060a5512a671e5e5d39,458.54588566722526,0.0628015891987574,0.0,True
0xb14c56182cefaf3b78d984d08de3a68334fbb5bc,1128.6381326086437,0.1356393886986102,0.0,True
0x93b59976cbf5668665a1e44b1b695bdb4fb0b00d,1557.8022701474583,0.179025115408314,0.0,True
0x9ad301e74733ad7abe541e40936a1f4630e04d84,3782.137092426736,0.4182014081325539,0.0,True
0xb2dabf6e3f31be702fb2f62a6319088f1685f622,10676.453325403261,1.4072357713271726,0.0,True
0xb29f9f3302eed22926cdfa061d019858af770e09,11916.956780966928,1.721029043903448,0.0,True
0x93cf03a92091266dbea9242278f1a719622e8215,322557.87390181987,38.479967218678844,0.0,True
0x9434c17dae2a8b1a9f876935ae777cfd3885fb6d,1372.3797774222753,0.17601781063921298,0.0,True
0xb290052d2dc6bfe8dc5fff61ce67200147bb42bd,60362.40599159733,8.758111345148912,0.0,True
0xb266b964b84653b95e3e0357dcc770269d54a5c8,449.5464880043882,0.0706524648623667,0.0,True
0xb1ae41d2922965d4e9c92a12bf4c1d7ffb463b52,8.39226592165195,0.0013363391179327,0.0,True
0xb23381077e351f45751137ce2e16a81153e7b9c6,112.84517755626813,0.0144697293464227,0.0,True
0xb223867409eade9e8b4f78cf25831ce68f340120,267.5655823342958,0.0406627916416627,0.0,True
0xba86e972dee6818d65d8be636c8019cb1d4fa66d,30.100461774060545,0.004408845223851123,0.0,True
0xba98b164ed75c5cf824e3faa3e5238667095c365,2206.532792312513,0.3082514104129197,0.0,True
0xb203faa6207ce9384d46fa5b9f397d304f17943c,38.7197806740372,0.0063220306576438,0.0,True
0x9abab8e905926c582ccbc9a67908714161e7f922,2776.3973484968506,0.4240467400323463,0.0,True
0xb1d8aa22f6f56ac0cebb43bf0166b4b86806823f,169.91159809410547,0.0237682686947707,0.0,True
0x9f3a3b2b1692b262784a24cd977b1f5fdfca02b8,242704.14789698948,35.280369874526244,0.0,True
0x9f8d29fe6a21fb1b0d690a9a3cfb817e37f24885,262.9755259980776,0.0392804461994236,0.0,True
0xb23a6fdb51620c51c918ec3f254f63b853a85414,280.1678168970176,0.0344720828597502,0.0,True
0x9195728500246d37fff9e71fa065009797ba6427,2000.0,0.2658249782717435,0.0,True
0x9197ce79fcd4a8fc1e6c79d6966260b56e16d4b6,3661.566438441496,0.4016945047640617,0.0,True
0xb85f0e5f8b72cf5c81d82f7fc6c35703f5d229ad,291.8597343616341,0.038550623438535755,0.0,True
0x919f372846d1870c218bc4ff521190955b02d752,41684.915328784686,5.888690191104364,0.0,True
0xb85672d35febf989ff9eb960a519677bd37290e3,7516.999870495545,1.1397071658385423,0.0,True
0xb8318b49307f8c6e909e7c1027e0508f63aab241,171.3838298036961,0.0208734065664336,0.0,True
0xb9f0b668b2311ccf32cee4d87afe8dccda421997,182.0301476589795,0.0249735460974422,0.0,True
0xb7f8ea8666120aab57b7497049170f18aa868778,1156.36971046115,0.1563441710949777,0.0,True
0x92d4ca5ae67f3eef07a6499a4fb534e2c454affb,235.36508879777824,0.0425630192464051,0.0,True
0x9cce2dac7c15f92601111b1e46153eaee020ef22,20676.681229637954,2.335280264247738,0.0,True
0xb7a0330366e7d34cf7d571f8d2c3be3a28251ab4,72509.45444860413,9.163136712423428,0.0,True
0x9cd3724dcd84ee4632c4eee6efb37b28a3d5d8fe,31.751959150402158,0.0051477670547732,0.0,True
0x91a4a46fcd3226d4dbc106583ce6ff04c9668e97,2862.564239221194,0.3487412757446089,0.0,True
0xb780264ffca7c3e0e4e99222ac63e197a2b18f11,7705.796899064179,1.052983558825643,0.0,True
0x91a9b572dac138bf8f1e51c1cb7173489c7a6403,11797.26393423838,1.557220809237353,0.0,True
0xb772e7e643c5041b4e23c42c4ae4cbcfc4449717,14612.611447269866,1.856638491159843,0.0,True
0xb7604e92d0c92c7373d3f96666bba8807084b56e,26695.692565833353,2.861470628341836,0.0,True
0xb7590817f115c891aff2b4162625f90901f60d2c,3140.317374944216,0.4772234643575092,0.0,True
0xb7ceed93f009538bd954b25ee77a036771827a6b,591.2262121489914,0.0809612908818179,0.0,True
0x9bc7cafb7a5c3d2268a820c2e20119953016702d,5.925759330615954,0.000946493537491,0.0,True
0xb9cd47a018d204899a40d95038c3f6d61c5f0e9a,283.9359745090654,0.037888440912502,0.0,True
0xb9965f6de1aae7db61ee736f49d926566d29bbd3,18896.115790165182,2.236834231318636,0.0,True
0xb96d86c8fc170fc7492779247369478e34b6e6f7,78.60953754797725,0.0115197205515543,0.0,True
0x90ea0edce9382054ca1c3ba3550020e181470df0,21164.738880571465,3.0541089948867346,0.0,True
0x9c6be98092ea64f72ff0f75aea2d99788e5192e4,266.13089175433913,0.0421200317584277,0.0,True
0xb96bc6f3caaa788b394590a0cdce04c798e49b4b,443.56979315505,0.0773531061136465,0.0,True
0x9c7a1fac980432cfdead5efbc4c5aa93f808246b,1241.145161252777,0.1873789183033453,0.0,True
0xb9486bc7c2497de91a4ebfa6faae774c324d1c93,75.46597408885377,0.0101693976469495,0.0,True
0x9c8ff2cb10eb8306c98765ae3f9b2e8a4c6233ee,257833.71346296425,34.533695302527164,0.0,True
0xb9462709394cc547f6b1350a604e77564d74a775,141.94702348425616,0.0183877998994814,0.0,True
0xb91372c1042f3771caff7b7c26d3672f6d4bc899,1164.0840519026126,0.1647499912488962,0.0,True
0x90ef35ee4af2b3fef98becade3aa5c4acb79f7f4,10000.0,1.3814908849930898,0.0,True
0x91606e41659f6d59bcdabfd98bef459a36a3f36b,635.1699579736471,0.1190979707516368,0.0,True
0x9bbf37633ce68d180ba75904de7f8b19f0ce9c1f,2.829332046204076,0.0003975043922541,0.0,True
0x916934da62467c5d7f54e3825af31900195b906f,264.0594060424751,0.0302246158110752,0.0,True
0xb9040fb42bfbbf0744a6ea244091454ae7c5a0c5,61.94741442989382,0.0076474916674426,0.0,True
0xb9012a7a62aea07e345e173d10bea681b160864b,1545.951351392959,0.20287795387160762,0.0,True
0xb8fc95e3229d489ffb51b54fcc19c64a770c9fa9,413.18024002248353,0.0546205096231989,0.0,True
0x90cd32a9a55be19082644ec54cd682de995649de,4531.666195860152,0.4924761089990362,0.0,True
0xb66201b6ef9bdc60c42e32339a427ad7764e650d,252.08612347717727,0.0319209579252806,0.0,True
0x9d5f06ec0756bb9570212e060ecb77da40f11b24,42164.77814018934,4.644410169008872,0.0,True
0xb62372d6017b48c07c6ea81dfd9ecb2eb6181b8f,62.21060339266804,0.0073740283066881,0.0,True
0x9bcf7b3dea607d95d5d0bef6b3ed08ba9f9ad737,380.831782021619,0.047976699928809305,0.0,True
0xb61cd492ceb2d03372f66644fe1ea6360a8324e0,209.90409089221183,0.031470381108828,0.0,True
0x9d7170f5a87cd8eddb352414879ae999184e896b,56.111594432450005,0.0068328883176587,0.0,True
0x9d726551eb017ef4e4b34a0744290cac4736f76f,67.38029329454322,0.0090922677602344,0.0,True
0xb60c5cd07b6262e51c95fea96effcbfb810b9e28,6075.80382501172,0.7933206423333595,0.0,True
0x9bbaafd2405300dbe1de01ccdbfec2742ecb1ee7,1220.6616027805487,0.1453806193918331,0.0,True
0xb5ebed2830f0fd89af32327b4cb573fad4362b5a,76.58804881802008,0.0114835453316347,0.0,True
0x90a7520f8a09fa126446b41049bd0f58f4951e16,306.7049431960252,0.0372082629589221,0.0,True
0xb5d703b14d47fd2b4894b9950f3b7995f50582fb,82.62159182981613,0.0095890103930091,0.0,True
0xb5be66880711ae71f2c985a020f32d5abaa7131e,65.32458681915453,0.0097885837007946,0.0,True
0x9bf1e0992277d87a5ade7d0aadd3daee6e8529ed,8770.315252398812,1.509853450590004,0.0,True
0xba185949348bd2e8ccaaa1402ae81ffb88d40919,62188.52535384895,7.887935895084107,0.0,True
0xb5ab0b89ccb8e9b32473844d35165f38e93fdecd,1714.1395429440613,0.2841649729423444,0.0,True
0x9b3e09bb7a55d9376aed84f13e35136c6b1daf65,562.1157907837428,0.0926232422561578,0.0,True
0x9dba22b1c32fb74481f072fc2b5f35def4c06e6c,28274.396071825562,4.240459868640592,0.0,True
0xb60b410b20e8ac1261e1df60ec7e88b9dbbb7134,29169.366017792137,3.874062998262963,0.0,True
0x9ba77712c8ce22d53e589fe3fd7befaa08ffe7cd,28.3932351908877,0.0043025504233375,0.0,True
0x9d1255efc7a50b9e2fbbc18cab238733e36ce6f2,39954.183802843574,5.714403581728995,0.0,True
0x91e34590d02096b75ac681899c938d1784684a66,1356.609747597196,0.1562008122894629,0.0,True
0xb713031ae43d46854ff8af8d6f659f5abe6809d2,249.10571177329416,0.0346219958835246,0.0,True
0x9b8916c133c1c5ab2f358a26cbd9fc581d2b26e5,4331.010773548286,0.445420437601598,0.0,True
0x923cf33935dafd20636d7cb7e80da4354672514e,333959.33298688894,52.95661255058066,0.0,True
0x90c957d6d2adb667a209f2c7c00ad9e5848e8b34,545.4491349942513,0.065849649469793,0.0,True
0x9c5990741bb60b363aabc0f74632660b330d7f87,813.6668461554538,0.1082869532098961,0.0,True
0x9d4a93e569769e549be5bb27ba3c77c45ac30531,1042.948310620789,0.1225618882328059,0.0,True
0xb6945a4f560504a51ddc3fa4ab6013c4559a00eb,10.843162025528748,0.0016490592817976,0.0,True
0x9b6afb9b738b9d6a6149e58d433f30ad97a0c41b,3348.0844826105495,0.5614897127886139,0.0,True
0xb6d9daabd5dbb55a3e946b5a49a04488cad945a3,281.3241320144705,0.0383358915749304,0.0,True
0xb6b4f962540fefeaf5eede4f3edc40c1836614e2,3244.791299736304,0.3671673436022556,0.0,True
0x92a8d5ce2ecc201be0d707f4922ab6484bb50d61,49371.76016418032,6.131042012603799,0.0,True
0xb6b4c1d2f71a7e58950b2080a9180700bcb9d84e,17.893049529871945,0.0027230616873135,0.0,True
0x92aab480f16859d78b4cb414937b4e50076e5995,304.27087364160593,0.0383958415994016,0.0,True
0x9b5c716ab00c152a16cb3bd73bd16c297689de40,34530.454812108575,5.413871671446524,0.0,True
0x9c590a19326575509977353192005628d2ea5ffc,1379.8444298512513,0.14101651550489058,0.0,True
0x90b060224146cf3054dde5a812f7bbfeeabac989,227.7321848883221,0.0377727724157917,0.0,True
0xb6dd6dc01e02bbf9e45b72753eaa4839574257e3,294.1355399257638,0.041558684857394,0.0,True
0xa8a57dc6adfaed37349cb8a20b3dc83f37e9643b,543354.3036131564,62.469431563070955,0.0,True
0xa89323795a67235c8101b09cc2501ab519753784,412.206783904628,0.0628690001251431,0.0,True
0xa88ede78ac0cad2c9c8aa160276b7e5fd614fdb8,548.7920625284858,0.0751868192464211,0.0,True
0xa24de17f52b3814f12ca38ffd412968918abaac2,1806.6319350508256,0.2219672315824194,0.0,True
0xa259f4aa81eaf7b435b7312dc813a2425c4cafa9,60427.19219399788,8.71804747685474,0.0,True
0xa82f4ba49b5e61ba8c1c3a1fababaa459761e324,6811.155552672537,0.7530478780446779,0.0,True
0xa820eeffc78615fdcd2843c60bcd4b369abc6ff4,21910.920000000002,3.3106363688997997,0.0,True
0x98f349c76500805d364bd56f0a6d930c46e6ca71,1872.466874193048,0.3252031686613716,0.0,True
0xa813334b4694b4a1dea68f957b32f8bafedcdd15,6954.983877887838,0.8287254692580647,0.0,True
0x9c03566f22bb9a5db0baf90128b1863fda0d7e84,1302.9034455487804,0.1584731459867866,0.0,True
0xa7d6a857f3a4705247e863c81eac7f0010954dd8,42.40623342204581,0.0055305176017728,0.0,True
0x96e61c67015b704203553cd3206053670d7d962b,10039.71852661066,1.3679076871900462,0.0,True
0xa793c17249d55636443d614a79db9ef45de057b9,26256.08352644821,3.4298547977449667,0.0,True
0xa78dc6c58edd34dc0d1a75f29d6c8df337bf0455,1185.099072428404,0.1607206187925583,0.0,True
0xa78463464b6edabaa2d49310520d57a7d71d6589,97.26636314440582,0.0107400810400075,0.0,True
0xa750477ae87082726cab101cb94478869c2bb621,4331.0094145063895,0.44552399860039954,0.0,True
0xa26670322ccda89958b3d1078e27d3eb8d205ea8,42.63540255521236,0.0064578176009395,0.0,True
0xa72a274fef289e5768d1644e224ec5cbb0cd8a81,3305.803939197178,0.6140138242836092,0.0,True
0x98cd5e6caaa717be743bbd3e7cb92d7252e728be,599.8141617690653,0.081028973550659,0.0,True
0x97707158a292590ecd30f29439f5a06e3b8769a6,36775.36865020924,4.18750364805727,0.0,True
0xa7f009f877771d802bbfe932a610b06c614c8503,1070.5626157986264,0.1452091468560933,0.0,True
0xa9d00746278a3bfdb1a55ed56f236bf777494783,499.5068400521052,0.0714708219802567,0.0,True
0xa9acc7fdff9a05281b24f05326946b9c6796deae,94608.00274521684,12.247464424259691,0.0,True
0xa9a6b03c59bf388a2005afadcfa48ffebf587cdb,2932.529448754859,0.32308731206484353,0.0,True
0x966832b9a78e5c47676242a0f09af9242c74d500,4523.300411450876,0.46208599713394355,0.0,True
0xa97a91ed70b8bc8fd202d5e4704ade94e0acb8e0,1599.2928178851669,0.2165499355555269,0.0,True
0xa1e1a2d159166a85a5e1f7142146013b93968c5b,422602.2878824817,50.68716909233903,0.0,True
0xa202cfeb13b381ca0ea73ec740a46f07e9f31934,92998.4048146133,14.645439360795285,0.0,True
0xa95988a2cc13e18f9e496c64fddaa2983ef39a31,1242.8329773660969,0.1871048360633159,0.0,True
0xa94fb35292b10e8172695e3bd7980b49191bebf1,4893.723717184259,0.6780518121011082,0.0,True
0x9676042f03b5d0da073a4ba37304d4939c73d948,13787.112653834363,1.5258556394479832,0.0,True
0xa8c2253481924559ab85522f374aed2dc282b2aa,4034.076750808058,0.6201192722490136,0.0,True
0xa9400eb6dc4f7a8204b5069f33b54253cb94d2cd,449677.01182389684,63.76305629594961,0.0,True
0xa91d8eeb96a26d5d61f865656b6bb8518db3381c,1112.699319462137,0.1772701828746789,0.0,True
0x96768e7685c98ceddbc3b00530fd8a27f9ba915a,274794.4943462223,34.90632772565742,0.0,True
0xa9090d67e8f9dae35a90921e08f88cd74036694c,3077.698864263902,0.5309364292966843,0.0,True
0x96b32ba2a8c879ce3c6ccc8043df7f586762b71e,53854.79977469187,7.823007676636937,0.0,True
0xa8f6ee0c5905f3f714f3b460a6c251995a179498,86666.19771891323,10.294364001505642,0.0,True
0xa219bad2e0bd736db1f4c293092b99932bfe7d1b,16286.679964735067,2.1247910580888187,0.0,True
0x96c89eff2e0d51556581b8230b84cb05a1c53328,1777.6727224890258,0.2409398986385195,0.0,True
0xa8ea825b8a2797b5afc3f5f429764635125435a6,344.42454604662674,0.0447624111649508,0.0,True
0xa8cd235bd94a28de690289eb29b61eed7272d4f2,28256.80096174453,4.239426925492842,0.0,True
0xa94956193dea5f773310f0e4633dbb0e467f7b46,81960.30303212309,11.027109893365216,0.0,True
0xa556426412811174c8f983cdf42a7c0cfa9db837,198.49183067583516,0.0275469501404332,0.0,True
0xa525155fd85760f80bb43cf9f4d7af8b55575bce,20.503087510864177,0.0036403012475011,0.0,True
0xa5212c402db29772461cfdd5f803bd6fff8cebf4,1910.1622880950672,0.3310526283372256,0.0,True
0xa50594c1aaa0b8e92527491e6b35f02788c0f18f,13848.078798196628,2.19112135379415,0.0,True
0xa4fe33af9c6020bf161bea872dc9b9f28e5c9818,531.7416873141891,0.08082848248226851,0.0,True
0xa3160653eb51c78736b6d06d6656c2b63eb42997,534.4642635221268,0.0751173137511098,0.0,True
0xa49e5bb9a104cdac508dea5aa0e27c40292d1121,1300.6749031343452,0.164673341556484,0.0,True
0x987efbd98a5432ab279a759eee62bf411d2e94cc,54870.54401762756,7.92104660519212,0.0,True
0xa4774c9327a17dc9fde7d6cc79168d4afb35d645,46.72218850630073,0.0082315854374296,0.0,True
0x977f375dc826909f8c707452a4296e60e765f8fd,60448.13072300986,8.716496712216381,0.0,True
0xa335fd7f2700898757ec4e763d5f46ac83cf4161,57656.45644413926,6.731500400316506,0.0,True
0xa3d4eeb179c92851f6e99bbd7ba37768ec3cc537,462.6669478729112,0.0805988560422694,0.0,True
0xa3c7219ac90f4200e788094fea3fd2e03b7748ac,11568.99666752447,1.8957360241300247,0.0,True
0xa3c534bc278cba31e185824dbd9d6b5016e6b4d4,734.5243321738025,0.0897140685924525,0.0,True
0xa3b3f26de89fe2670aca5c5a4477f9d37b5cc806,99370.15475721678,13.373985297041324,0.0,True
0x98ab8cf3a98d5cffdf3d9a2cfa48660095566913,16208.936011601529,1.763883515079017,0.0,True
0xa36b257cbb5069d37b2e74f63c3fb065ff54f169,39.43944978501241,0.0043444968729432,0.0,True
0x98a1c95da2236d190701b3bcea6e8222489e19a2,52178.504074995166,6.836572842779955,0.0,True
0x98a995c62c6824541f8de2aa74ea24f636f73b95,2700.1960998865684,0.4803752719640612,0.0,True
0xa341a9334ae6b6b3060c3aef8746156a12d715c4,135872.4590400316,15.630470467126138,0.0,True
0xa41dcee235f7f8ab2c7d8a3e36fdc63704c142ae,2309.012398820058,0.2850496913010838,0.0,True
0xa2ccdc067c8b2610565a61bc17904da7f14988bb,26205.257711991733,3.423953843394317,0.0,True
0x97a1a46b3781855352222384de1906e0b9fe0718,3684.389483653975,0.487571388787187,0.0,True
0x97af0c4597ab98853a8545e7eb0ec5211316621e,570.6118157122554,0.0654360315140201,0.0,True
0x97b15e206b6e346fe50a5e9b229a45d83b5f0caa,61.3156672510759,0.009586453773176,0.0,True
0xa6d69288b675f74dd0ed1bb84f35afb96872ed98,141.41559611898236,0.0192379902296869,0.0,True
0xa67e9f4470744405f384b6f46aa758994dd1e9ca,4.279137178261015,0.000675158801300428,0.0,True
0xa2f7accf29d5fa6d13824821bce0dca88a0b5c5e,213.55433434334765,0.028987810341697902,0.0,True
0xa661070247f053b6c41945ba258de1f33b53eaa5,59941.30410079083,6.806912495471682,0.0,True
0xa30ae6705dd846ece3624b442aba6f3157b41ebd,219.3016960616009,0.0401551797920305,0.0,True
0x97c928159786d724a4ee92fd15530fb300b93cb6,77.83421332180332,0.0101733049296825,0.0,True
0xa5765f1ada2a4d04e6ae56206ac7286c8f498a8a,15.071274698214005,0.0021603693755772,0.0,True
0xa654f96307c5312c9e670bb143bced204c5debe0,69518.97618434041,9.382690761213862,0.0,True
0xa630d21c40262ee78d1d7833edcd39fb28b2554d,14.720460753727684,0.0020029098135423,0.0,True
0xa629ede3c665a480234a71107f725a9b36bf475b,632.0734009408815,0.0903169762393703,0.0,True
0x98153cf43e104ed590078840c12628d4289bf3df,23430.461171083167,2.604893646758108,0.0,True
0xa62829226ead3aea330b4e0fef21788d1198c090,8.7841e-14,1.2e-17,0.0,True
0x9819e9b9022e6ac8473bac3b4f7e356869b43d47,220661.65429582435,33.98336053323808,0.0,True
0x98727d94a3a830b98d2dc470de0025ddac5e612f,37018.645929244325,4.792844000508919,0.0,True
0xa605161bddc7cc5d15826b9975d3d236558079ab,1120.985618808035,0.1924002801016464,0.0,True
0x987a426ff98e37acb2d2406bcd5cfdb3698b9f1e,30324.66094618352,3.298160470248149,0.0,True
0xa5baaa52358a8ab92417b5bb81a6c06999aab7e2,392.6319630813307,0.0460390978249643,0.0,True
0x97dda08917af2d459f38117d7ffd18ed535bc6be,709.8352117872815,0.1014334242517052,0.0,True
0xaee6fc9ae27c90a6b64db74bf84f508e0d298f1d,49.82455535244067,0.0060694594058684,0.0,True
0x956a20ca142bc9549421d649587a8491941ecd12,582.0856172264907,0.0857439310290607,0.0,True
0xaebfe3eb4afe337badffbbb8db0aa7e37dd49fcb,1118.7963109334316,0.1689808834313144,0.0,True
0xaebf221f949973d0ed8d85e4bc8b044f93aa4f70,5860.389639083307,0.684607396637002,0.0,True
0xa0764a0930ebc4054445a8b37775ecaaeceb512c,508.8339674988976,0.0617343767720592,0.0,True
0x9576439ffb479a99545c583e00e2eb24c3371fe0,23996.56045866163,3.2396765339226605,0.0,True
0xae718b0311ae33c2bf1ab93edf0810d7516fdef6,32406.983438274918,4.286620251269317,0.0,True
0x9a0eadf9c707d2a2f72499c7bddef1129c6aea3a,62.01159705466906,0.0109286738297738,0.0,True
0xae6ba1d629881faf0d64391761ae88389c21601c,8359.007236925128,1.119795139846088,0.0,True
0xa1dae22b11fcf06ff88f7117e41c4a0d4245a223,53456.93692960583,6.358335167931771,0.0,True
0x95776b01ba9f270ef118f72ea873887cc142fe64,9882.808703160204,1.4280256722515683,0.0,True
0xae30ec1f7f126b5e4f9df319b4dfa54e72797716,855.6491770065476,0.1464294111574223,0.0,True
0xae0c10aa5cb38d7208bfcd5eb0d8f9225fef48a4,216.065119065098,0.0350737925782387,0.0,True
0xae0a0dc8dd18bfe85e85225e2a5fd34afa11f8ed,43272.94427216011,6.485915449147371,0.0,True
0xae098a10726e3e946e43bae874b72d62cb608b64,70.93081571164029,0.0108305604823467,0.0,True
0x957d0a7e57defc7da1859ce0a1f7cacc56fe0a18,11591.445932147848,1.6957431641855178,0.0,True
0xae08e6bb57c01d001bea1bdf6c8c59086736743f,5994.53420780168,0.857144062450149,0.0,True
0x9595fc099174ee5669405d71a94a941252035a0d,2833.591466726605,0.4603225257347889,0.0,True
0xa09f46e3b7165bf38af1ac13d89be34bdf662e7f,3.367494233926656,0.0003792782094876,0.0,True
0xadfd559cf53890e1a45da82c691a9de38ea2f7f0,2.658729315746886,0.0003534273904007,0.0,True
0xa08fc86d008ca878d5cfc65ffe3bbee7414b23b6,142.99186620387212,0.0196526018726831,0.0,True
0x94e4a5ea172f20f4268794ad513fc66b1b949cc3,404.03019698969626,0.0427657839875524,0.0,True
0xb05e21d3c98870cc15fee82315ab078039735aea,32.9680223848648,0.0035187267029539,0.0,True
0xa007ccf234d7e5306615035bba0d32b0f5d25bde,5984.483748636681,0.6710921781024469,0.0,True
0xb02500200ae424c18ba7cca9b3d930927348be95,14018.815305762442,2.2615193468691674,0.0,True
0xa00ba1a10b593d0c92aa8c63f1654099a4020410,231.50112154626345,0.0373091711012266,0.0,True
0xb00cf159b2a9bbbc3cf28bada7f1a09e6f44d5a6,6.558757098601224,0.0009508930223514,0.0,True
0x950067b78f91b584c767ebcdf54f4797fcf82656,3554.023766806581,0.4422101887282482,0.0,True
0xb00809e1870e3aa6129ec94a4447f7eea9e75b5e,21.937527589547486,0.0031539056788573,0.0,True
0x9521c60859991d79a1cd093c517e775b48246715,209.8067922525722,0.0283731157521083,0.0,True
0xafea24042ac924b88593f905b2f1f24c57691ba8,207.70680562423547,0.022725695872759,0.0,True
0x95254d57942c2ff694732ecdb3bfdeaf00ad9554,1830.4932203127523,0.24746691090503758,0.0,True
0xafbe9b3a9d32bc7848b7fb83d57a6e09432a413d,2593.2152235176923,0.285349493141815,0.0,True
0xafa7a7bcd846698be2990a78aee7c979880b5d81,17427.768612365173,1.7806993138955414,0.0,True
0xaf929641abaf91f34833e771f4fae94955c24ce0,11996.419725520253,1.597095467861922,0.0,True
0xa00c4ee85797d8eafb5a3b71bd0c1ccc7b30f1bb,3726.4088044949926,0.4125446399437335,0.0,True
0xaf8539820b39471b4499200d35a690221053afbd,144.72295971729824,0.0190822538279964,0.0,True
0x9a39218d6f6d1649b9944c204e9c80ef25f8b08a,4235.927262476589,0.5716894959266112,0.0,True
0xa02578394e6ba6366a90be9984b5d3bd94bc84d9,1438.708938321172,0.2188709249304591,0.0,True
0x9a24f18e2ae1be31e9b15ba5ebdd55c64a11b708,920.6748400236916,0.1563441652823727,0.0,True
0xa048dac173220320d20be3605f4d1ee1f2aef7df,3174.220373738869,0.4846942996145782,0.0,True
0xa04ae5d8ba849d503f980ea5639a5569d87ce157,4020.5396177735424,0.5470613896430059,0.0,True
0xafce6616ef5a0c7b6aaae00a20fb7b42aacbcfff,1242.8302527505937,0.1624111285384382,0.0,True
0x98f96f178f1896dbcb2ce4b0d33533edd5bef4ce,1996.2671349563489,0.2339674540431928,0.0,True
0xabf660dd59fe2087ba342bcc4e2b884f13566efc,1675.4178037505524,0.2155283986157936,0.0,True
0xa190a7fad44bdad0e5d4be7b66746240fa5514c3,28920.00745147962,4.757800998410739,0.0,True
0x961033e85866d5fce42b366d003e5db8258daaf2,806.1920110690058,0.140335486800324,0.0,True
0xa1af1a68809f26aa2e8a86862b28f1b4c01c6bc8,5744.241301949571,0.759949838029699,0.0,True
0x961039f18ca2e6577d711cb753f324352b75a6cd,73.97674363849013,0.0140043639369308,0.0,True
0xab646371bf295e7e2549a3e82fee744b6215db43,8389.002636935424,1.0775779079885237,0.0,True
0xab52f10ec3bde75f44a7e95dc45835fe75e1fb5d,2140.9385469862113,0.29450230070162187,0.0,True
0x9616419fe6e6b771facef180c31fc5b12be6e1b2,6.003818168795629,0.000757340206324,0.0,True
0xa0b1ac5a0530c8fe494aacc623ed6cffdf279ec1,42.42684293778758,0.0057149056021583,0.0,True
0xa1b460590b144b817a475250d1491b4bc4d51a05,103309.44008954776,10.927551562436738,0.0,True
0x961ee1194880f29aaf55bec1d171e410f5b6944e,957.232710303785,0.1237655774169312,0.0,True
0xaa4cb7b2f3dde3c31b04588179119bb8fe201a47,179.99177155214815,0.0250348327530875,0.0,True
0xaa36809ab63025d40fecd6fd0031e63628e8f772,2055.2698218145,0.2269526474315503,0.0,True
0xa1ba5d056ace124a787b0aa7146c8fd0258ccc37,47369.24678941785,6.1912852624596875,0.0,True
0xa9df22a4574583057e28131dc73e66c68f5dfb1d,11192.013804167893,1.2415840208991102,0.0,True
0xa1d72e195415d17c34fabd504c6b03798a5e33a1,453.9438704578157,0.0689628961569446,0.0,True
0xa9da04865fe9a75ae54ffc311234a3a169a7c993,620.6627543000018,0.084280829280177,0.0,True
0xa9d29f9c6ee27b6888553d65d0555d70b5ed6854,392.59783184586627,0.0566411537163798,0.0,True
0xa9d08bfc9dcb8160c4939a182a3ab53a6160f1d7,89.03266711377877,0.0132191609664822,0.0,True
0xab485325288184530b16773a958feb2d56f378ed,1260.722149365998,0.1563655089664484,0.0,True
0x95ab8656e7e7e0a721ed24375613226e49216e14,2158.138563788384,0.3524747962818718,0.0,True
0x99ddc77d8e3a39a425a8f0140761f687af600598,20962.083256675105,2.36591748440769,0.0,True
0xade683e365966847ae29d5a66095d336de35253f,1017.1644121194558,0.1399373664937182,0.0,True
0xade424d0c86e3d86fda68d9202a5a7ccb6c4b0bb,76.97138141954646,0.0111956380921083,0.0,True
0xa0c7174c12cffb36bd6ce659428a789bf9452c94,390.54041555556,0.0678919784020493,0.0,True
0xadae6f8b6c6bbd88c428d7e9bdddfdc1b11fdf8e,896.1384404998635,0.1075115332778386,0.0,True
0xad8c7a19bc29ba104cedab894c01d1722ce185e8,469.6106718188304,0.0539399708628558,0.0,True
0xad5fdcac48c6a71d5be321335d2909b7e83b1f80,90216.28822740036,12.11450848985826,0.0,True
0xad577b8a99ad342236d5d67bd847d88a210f4da0,4126.2317324330925,0.538324622913259,0.0,True
0x99af1efacf378e680652e16aec64cec252e729b1,1323.7967233436066,0.1818808072640557,0.0,True
0x96076abbf36ce25bb12466d7ada975bc443f0bb0,55.23502651841391,0.0094914838324018,0.0,True
0x95bb275c137260a3efabfa40f88b1489d37bd8f1,24864.322917982263,3.374856846262081,0.0,True
0xa0d149c9e3fee0a9f920058c4139c73894c2be98,28571.3962580514,3.6955107472311854,0.0,True
0xac5e433869eeae2170d6020f7728454f9cfea7c3,859.8839585139891,0.1007312429258642,0.0,True
0x9937dbd71681e843139c4ea223e480f18322eae6,13.153861359015142,0.0019985486777975,0.0,True
0xa101f4c5d1d258b1782f5012139a136e7474a955,878.4646759076933,0.1084092564685849,0.0,True
0xa1230430a6ec66ec8efc55e9c6390f2fae9c48af,26131.527669285333,3.5212510499129954,0.0,True
0xac2a980db5e3b873b176946b1232e715314091fd,67779.94635521091,12.460138733900472,0.0,True
0x95c80074a6df59b76e2227458a838b5957f56bf5,10634.395001933988,1.73086399107892,0.0,True
0x95e004c348433f75483df1a1d91714edecdf8138,6324.2366885582105,0.9607757831541321,0.0,True
0xac0dc208a5dee6e46ab26a4bed0c0881b6dca78e,1356.668363937719,0.1694310249938301,0.0,True
0x95b0746316368ca24e5a58da7fe961d791cb6829,1411.774205570332,0.1621473512622385,0.0,True
0xe8c6cee0408d8fcb1e09dc13149b6d516c32ff70,4278.805270609532,0.7232864573335918,0.0,True
0xe8c1a7398e8fcc9b5f08b80b18b0fdb8cf809af9,148.82423567960095,0.0243801285645094,0.0,True
0xe8bee648a533c59db5b04d29810caf9ac3a7292b,7788.483311044264,1.131787893176508,0.0,True
0xe8be3c83eb9b98e8eb2396fdc97d064b4e95e992,11420.164514712174,1.4827268531201123,0.0,True
0xe8830f539689d2538b7e4453ecb5717d41ffc54a,799.5578672089064,0.1167399720071399,0.0,True
0xe8729f4c49a13d9e50a9b7f46f7cb842654dd653,134.168402415878,0.022015696100572003,0.0,True
0xe83f71c3d8ad6134b1296062f6735606e873166c,1236.4753244576052,0.1631173439319498,0.0,True
0xe830b4efdfb4952045dc789c3134f085eaa7bbee,687.0917564322136,0.0948044221376783,0.0,True
0xe82b1a9805d2b77da927333a5d6627e8857e06eb,2812.433306251179,0.39951833274782167,0.0,True
0xe81648fcaf1427bdd9df4c16862fd256878d2f5b,156.31585093502767,0.018153255057773002,0.0,True
0xe7bdafa518bdd898ec3312b0cc32cd6f59567b91,25000.00114626695,3.482856723302245,0.0,True
0xe779e7e592b16ddded41cf3f95965e00d16cb559,122552.28976613971,13.397570967863508,0.0,True
0xe739b7b2ec8771bc4c7eac4de82fde63d1393fc0,9779.3409444568,1.1930048062690937,0.0,True
0xe716919cad884217d4311169f304090dd2c70de4,11871.173487161788,1.3619411536297497,0.0,True
0xc4c0802846875e99ed7164dfba9102c4d6af4f85,60436.0146474364,8.719692882318261,0.0,True
0xe69c04afac1e0eea166cb0de8c00294efdbb5e6c,2380.5679113055567,0.2554040911187682,0.0,True
0xe66d43f88440d42ec00b2b7f9f8b7838b4428e04,766.9422279392148,0.1251513740123626,0.0,True
0xe66879002a9c7a4535c78fb33517caf2b0151383,87.62049940678473,0.01342566212991673,0.0,True
0xe66767b47dfede83696c7a992fd3d5210aa69f80,832.0732223618259,0.1189072537004149,0.0,True
0xe646f82a3bc4b24cae839d35743d8be14f944ee3,259.59677302927093,0.0345150204138797,0.0,True
0xe60d466d7955b66ab4c1a4af8dfdfd6deb3c4afe,3505.1940845176437,0.4760846465449544,0.0,True
0xe5ef38f93c3325d90a2d1df84e1fe56884ced209,143.99194366397177,0.0226816363729843,0.0,True
0xe5eebaf6948b709db246f7989dd2329cd94f380f,572.1109565570016,0.0799394836199636,0.0,True
0xe5d05cb1c9402a6ad6f3bcf4a5345c6f3c34ca74,1446.8874899348252,0.2025814023413432,0.0,True
0xe5cc5e91b13085d92e91ec6bfdefe45f9631f4f4,253.36610042168925,0.045050584961122894,0.0,True
0xe5c0e865fe6062cd68917e3c94ad920b7f9d982f,551.8289145824759,0.0844801926183123,0.0,True
0xe59cde8babce0a220d6592aa592ebbe736328551,26863.40930811577,3.0938953195552377,0.0,True
0xe595ed0eee63fe6ceb3e6b6770b9d826223a3737,16055.0,2.566922736442913,0.0,True
0xe5693d4761e58254f9e9d36d95694719606a08cb,1040.069933226081,0.1447913967844464,0.0,True
0xe56706cc370225a6d8b013a7f66d65e1d7365dc1,27.94493139812266,0.0036797688798247,0.0,True
0xe6d7a7290a3314b8bd9c8ac4a4e809377ab4eb32,1061.0438125158294,0.1161732411545203,0.0,True
0xed8f40b3c90df2809599cff75bd64b5884e7fec5,2373.1491958152947,0.3134068278088504,0.0,True
0xed83a9ed5564c8d4a1bd69ed90dd3a2974ca8506,517.2,0.0687332318884546,0.0,True
0xed5e9479a8782284c92ca43c13bf854d9fc4904a,1664.6136062378862,0.2029922984960115,0.0,True
0xed4f1d681729ce87a1ad0cdcff9d92c6791741d2,49.32292287378412,0.0080538258575772,0.0,True
0xed3ad83572cce1e7db2ea644f19abf98fc096684,77224.0671100746,8.24781431851627,0.0,True
0xed258fce86f9f6413fef091c06f0e2700ea1e250,4225.243766134894,0.4635738672579752,0.0,True
0xecda123969797fba5cb8c8c3427ac143fc66be9e,366.1959184112801,0.0508254728496061,0.0,True
0xec8b9ba20bb93494f81fc1b48adf26574d8b477c,45.63645476177669,0.0049695853694011,0.0,True
0xec7e5a9165662ef7c3d8241c1c3e40a63060ebcd,9944.647132837415,1.3468113938248312,0.0,True
0xec6471271ebc514480a34341ed4a1afefcca36c8,2183.5208556455123,0.2960713775228937,0.0,True
0xec49f8d35bf60324c94e479e63e4db0f452f4026,457.4909133295683,0.0639852427365942,0.0,True
0xec36697c3c8c8e385b37e17df40dbcbe2dbd9ffc,3190.8287618611994,0.4145127166475014,0.0,True
0xec2ab6766790b70ed3c1c0d56ec757c7faba4e51,8483.111345155878,1.1487633769308314,0.0,True
0xec113fd561e8ef00d16fa907f50643e431ef7a3a,19226.4200027614,2.0536898989383157,0.0,True
0xe8d0e9c0b6dfba75bf2423a48bea58072f1a5aa3,4305.326165573078,0.6961517743427934,0.0,True
0xeb45990178614fffcea9f21757405ee10dac901b,14.758295415695864,0.0018938219739548,0.0,True
0xeb019fb09cb3b9d18cf96da3e7699e1d2a06c084,75.2821598050024,0.010498932382196,0.0,True
0xeaf38881e37e112868b8950c97cbe9154faaabce,85.07003005719334,0.0131173672255359,0.0,True
0xeac2723e4e835b9a9c7bdf0e920c9b5c34ca1085,6.640410205200817,0.0008600138035681,0.0,True
0xea97a31c67c47c38736d594a62ae07f6e25a370b,85000.73160049449,13.025168841169869,0.0,True
0xea778338402667140de5606b173cd8d42b5566bf,381.2146010823215,0.0707916230695299,0.0,True
0xea40937ac6e6cb125c7f849f6c51793794d8806f,119862.42306955664,18.562524014438303,0.0,True
0xea29912a7b92c9ca724c755bce3429442f65c2c9,8132.783276871072,1.2628727013541472,0.0,True
0xe9d0360e6b0438cd61cdd17b0af74f0385498863,5401.208520406401,0.6604580998507974,0.0,True
0xe9cd2b0cb5037c1e25530998f96e390ce13ed3a9,48952.96022038532,6.649457973215713,0.0,True
0xe9b56d44713cd01a609d76de8b9351b0dcf505fc,3336.508398997973,0.3554100826061361,0.0,True
0xe9908744df557482897cb17a707e4b55681936c9,173031.3529709496,25.31277123536898,0.0,True
0xe9656238ef8eee08e181557ace4a08e8399c2d90,40.231460206229634,0.0070880638700972,0.0,True
0xe90e4d909b29acc630fc22906a2c1fd26051b944,3338.61045107102,0.5075795295372831,0.0,True
0xe8dae5e25586d60330f4159f128962196e372827,8965.324678357136,1.1341848899102696,0.0,True
0xebbeae26abb6d35233d10489b22cc6d3adcd4e7f,590.4646562374851,0.0790870903878794,0.0,True
0xe089ec6b790d6e274236c5883f079e615b96a3aa,563.2788293762337,0.0937943656833078,0.0,True
0xe064fecf15a2498d7d0934c5e7fa7e9b8aa562f5,20.673125948618065,0.0027900290731945,0.0,True
0xe0423171e78e32791160f7aa32dbda1b0aab1d4e,607.8346593128972,0.0821917081159132,0.0,True
0xe0319713f48c00cb27031405c83033a0f0dca0d6,7.988290570053799,0.0014294043344537,0.0,True
0xe018308ea1690e8fccb694b8670ed276e766f296,502.6159683126442,0.0718953872368896,0.0,True
0xe009ce99719a4b2cd4df35f8ebea007ef2056f16,59.66800660628384,0.0107909800701972,0.0,True
0xdff166df9a877b05da5a94953554f97342a2e541,6456.995835231049,0.8670864626501804,0.0,True
0xdfe9788d17c72e997ae8288a01406283e18e9cdd,2937.1525941108407,0.4775391370350854,0.0,True
0xdfdd5e3deae2dcc5d538be65bc6798858e7de523,2167.0876254072823,0.2548424294916685,0.0,True
0xdfd6189c77c85d79defa10554e686b2b4fe44c1f,326.1650026711469,0.0487127862080789,0.0,True
0xdf96b63dd55c6be157523ff954eb13257a434b3f,1033.4795743609743,0.1925259399211479,0.0,True
0xdf5bfe430627f4a75cbbd302bd208071454a4521,1716.404540540468,0.255681226728004,0.0,True
0xdf58a034008c134f6cf38d4e59cf31489c586415,125.16708231823633,0.0167530368958299,0.0,True
0xdf567e5a746d31f41de1bb722f365b87cc781792,219.30316979120568,0.033401730838238,0.0,True
0xe530390d18c886669448cb56b0d551ba11adb219,464.33575418041465,0.064751612818438,0.0,True
0xdf30151acf2463f4ee2f468f9b80685ba6f13e7b,481.47903145576515,0.0643694662289629,0.0,True
0xdf170fe6e058655e790aa8a05cb2279f215e433f,223.86477072274437,0.0327110267981122,0.0,True
0xdeda7830e3e0f818a04883b1aa4b1bf970f1cdc3,60460.782100348704,8.733229710904414,0.0,True
0xdea0900f0a224e1aa07e181b67de45622d9e7ff0,1153.6613959554224,0.1959092727904448,0.0,True
0xde9e6b2fc62041fff0a66e4230f4e64a46e2fde3,17870.45990905486,2.031442271635657,0.0,True
0xde93146c63b5ac4d7dc03b5c469ba6483790ae9b,1914.689412534685,0.2601307106002396,0.0,True
0xde8772e0189307618cd87b621eabaddf7be80c65,1782.2504455066078,0.1955480277138907,0.0,True
0xde6399df71bf774e24a815c73588fd0ab915001a,32387.718137048603,3.783184828186754,0.0,True
0xde46c8ad3eb5b3992f21721ce69f3d92ea07c96f,5527.744114940624,0.7973096734998846,0.0,True
0xde347c1b565e508b80ffece67c898d81d433773e,2035.0410455958709,0.2576853788132829,0.0,True
0xde0200e9c339dec09bbe5254108ebc104815c213,411128.71382780134,68.08933900956619,0.0,True
0xdde00b1559868463ae6a82778778f0463ff41432,14433.56867545834,2.5698749597582022,0.0,True
0xddde011b54200a9ed20ce2ced0df8c8ca75fe140,1975.403180923678,0.2163637584900559,0.0,True
0xdd79639dd1295da8454b51befffa1c91e5ad646c,34.91389145254178,0.0053218208731642,0.0,True
0xdd64f6e7facec9efb905cfa21c8242b3e7ab0dcd,4275.4328367908,0.6738097928518674,0.0,True
0xdf31039dc4e0ef912fb565a0fcc11574a075e7cc,5802.216259150455,1.0564910398674634,0.0,True
0xe50a91219d0fc6d41c4189acf2e444d10ebe041d,16996.79870629601,2.045723330488045,0.0,True
0xe4f3c2e834de80ecf959a5ed19685c381c47b89f,133866.29875314582,18.93217134475169,0.0,True
0xe4e00f0b48b89d9b39a44644b4890a418ffabccb,37022.30629870689,4.342174313875308,0.0,True
0xe4b5788f40442066140fd74552c8ee8ce42a034a,5684.51685372275,0.9055517474359562,0.0,True
0xe4b28bf62ff66d07579c535218d00dcee6c206a2,22.28766854382795,0.0034124284944134,0.0,True
0xe48797eb4ff223565701006472711d1197b2a342,20.468352642128064,0.0036502596987191,0.0,True
0xe47d6f2eb67a96cfc215706664aa1e4e4162543e,31.590484207598408,0.0045142866673924,0.0,True
0xe45f3814ce4f490d1fc2de40a66f2d89b4aab3e8,1223.305287252995,0.1860280714235594,0.0,True
0xe43f8a33498e0f2c7add5a249993d0edd4c2ec76,13469.99916610893,2.0776371786666963,0.0,True
0xe3f7537cb053f04c3fcda2c7fd6ad9371253bd58,66.13299592337565,0.0104843747076971,0.0,True
0xe349d5798e1b7849dbf6343c0e0702fb618908b4,595.0874484904936,0.0748967126740024,0.0,True
0xe2ecec4e03d31d9b5348e17b18763e1dc3ef5f09,311.29386802558446,0.038781142936595,0.0,True
0xe2c58f3b60fa217a3a33755353ce9a28af0dd650,72.76625007061055,0.0118214591090142,0.0,True
0xe2a0e551ad88fb2b6d2e1798e938873bcf6add27,213.5067862249335,0.0331753405770952,0.0,True
0xe0adb20d5538ea866d5d7c8908424c3b376b0476,541.4846759239753,0.0689508192347014,0.0,True
0xe217285ddb65ec15f1e67b18aaf3b5fc37963d25,2564.071328628814,0.29509115416276677,0.0,True
0xe2114b9bc4ee596668d4228cf78277e90537bd4f,595054.7279132513,82.08104248576156,0.0,True
0xe1da102a07eb7af0c0de87a2196cc7acce962f85,2194.2598007859797,0.3826609449441176,0.0,True
0xe1a2d4c32308cd62cc93aead9a32803a2d6b711f,30.111062819901893,0.004407539231779949,0.0,True
0xe178c4de5095e092b3f379ec5eb12bdc2290b766,3205.504808253329,0.4582106000068052,0.0,True
0xe130bd204787f6d8392deca59cb7b4f4468dd75f,33503.00957805848,4.21596975822864,0.0,True
0xe0ff25663733c17389c1fab33f9525114b37d9b2,1.272239331048727,0.000190181461358435,0.0,True
0xe0fc3342b8d7f4ab85551c41256667d8f8df18d9,19.429597329507985,0.0028834122016413,0.0,True
0xe0f2ad6b24c4cdece39d49db0e6b943b71ec6208,362.79645217040894,0.0415796767650258,0.0,True
0xe0e602f9f60305259db4fa26561b1fff8fbfaef0,11133.33701757689,1.7747202112546208,0.0,True
0xe0ddf6ead14f45ac6c60d462465ffd5e7dbb78c7,1251.7742568374488,0.1866802836569012,0.0,True
0xe0d4c69839ee6d8d6be2133a6af51d2bae27dc2d,311.29084747485706,0.0387812132374588,0.0,True
0xe0cfa5ff4fc59655410937c7d8ce8572ff55fd8a,53534.49189545734,7.6101467463378665,0.0,True
0xe0c3d3263e7c09a199e173e863eea852dd06fdef,26.779936557414395,0.0034416212873332,0.0,True
0xe0be8a86334aa2e6fb7ce91b7746031a66a80082,2616.227227672569,0.34648350666192973,0.0,True
0xe21c0e9f3b30064c477b2aec2898a1580177e21c,6000.0,0.8890860970662615,0.0,True
0xfb9c5d25eb4443143a3ac187779bf2fa011dbd9e,43.34534302543376,0.0068264363992573,0.0,True
0xfb792e4b3c9aa2997d678ba240aff9566493c32e,43161.04873983179,5.984496550305916,0.0,True
0xfb680d0b2dde56c9b5799902de7396ad5c1a535b,22.734519504142195,0.0041594639305633,0.0,True
0xfb426a467709f142252900bfd9dda665205f57f8,58338.37986076693,8.310007357057117,0.0,True
0xfb14873bd013dd9cbd04e644b673ab9e58065e7a,1294.0878996750378,0.1749561040348864,0.0,True
0xfb0d8b94027c5109ae89c5f08b025cc598cf6f49,215786.98528662074,25.00851536050868,0.0,True
0xfaecd4cb2026aa1c34f34ad3bd0a79ececae065e,14443.873236084764,1.6010243716959631,0.0,True
0xfadeded5b558408fb9d3e5f8fd09dde62d6361df,2110.9594158670047,0.2464623138799589,0.0,True
0xfadedbde46e07fb2fbde220fbf2abca5e61efaa6,2125.070502751846,0.2481450973500312,0.0,True
0xfaced1a28cec1608d674b0e4129f356ccbe210c7,14911.047637902142,1.817714884156478,0.0,True
0xfab55b975646bd4f96becef3b766827205ed4386,2171.493492123673,0.239079722335171,0.0,True
0xfab53dd547d0efbfca4e076aa4b4526943f1fbfd,48139.02739753542,5.780199388778921,0.0,True
0xfaabefe6e5c4e064d6bc5c7857fa3357f96ac103,24512.546611638398,2.701227703840189,0.0,True
0xfa8f45cfb81782b2c3426e0c0ed76f80f1ac664f,1464.8151036664065,0.1788227132743839,0.0,True
0xedc748716e52b2702b4ae98cbc43973252fbb53c,9491.609948795229,1.157753491870777,0.0,True
0xf9e54118be0751cdd6a58c487d03ececeffbb25f,3644.439837456759,0.46161924656546804,0.0,True
0xf9da9493f577bd93840182bbb261652d071691d8,82122.13909863381,10.729006430372026,0.0,True
0xf9d9bd237948a4d7d6125fa64dae3efd227b0d34,15899.473790357135,1.693027962408843,0.0,True
0xf9d79ccdaae34d228cfa96eece1e2ecb092c269b,1956.2520812342516,0.2530493057549371,0.0,True
0xf9b158df4e3df23a9a87e1aa277ec3a8a933f071,499.52558031887855,0.0714708460310208,0.0,True
0xf9aa91a1a7fcda4bbd182212b195907d3ed78599,2904.848972876,0.3085324479847163,0.0,True
0xf9932e3c4e69699d35931c5fb4dda5b856f1ab9c,349.1909000835814,0.0455640425182694,0.0,True
0xf96ea2432500c037946dccccb987916d64bad775,287.46761029605403,0.0370970700666535,0.0,True
0xf94eea1d315d32cae8c0b2d7e95b2cc74b54d509,7649.318608956474,0.7954670342890539,0.0,True
0xf946a88691bdd3a48c9847317dd9d4c8df6c36b3,1084.7485920810393,0.1370763904660758,0.0,True
0xf91ffbc8d384bc2aa9c30c5d2b199e51ecf44690,21534.460443732532,2.842347228010989,0.0,True
0xf9193ec28e3bca91f66265e269c2913625293c9d,14595.84232613494,2.300027475178006,0.0,True
0xf91111a4bc00ad25449774ca160664f93c100e85,285.9753625887782,0.039435230856955,0.0,True
0xf8ebd999231915342cd24871814118429d4ab008,1571.006176902442,0.1720242753442354,0.0,True
0xf8eaedfe56c5f058592bdd53e35a0155d5bcbb7e,38.01616134904216,0.0053166233493201,0.0,True
0xfa37c1d4bba5fd5da2eef019cd9e52c639d9511f,25211.872684169342,4.0372285170492495,0.0,True
0x021137ed990e9efef3d557f3103fb37fb8cb47e1,83.45758796630504,0.0114229689006415,0.0,True
0x01b88308e0cc94d103cc255fd12569f0ef8ba8fb,34510.857059031056,4.5212374138271185,0.0,True
0x01b5d8055590e17b489c8764125d59021e9e25e3,1011.7635958979317,0.1911979258640918,0.0,True
0x01a63715d411b2fb0f582670eed51e95851bcdfe,10110.23679584787,1.7169976903071864,0.0,True
0x016be7a3ef30cec10f87ecb8c794fe8533c9dddf,123594.98824178772,14.095358988506073,0.0,True
0x015f981df01829cc451572b53db9aa150db6ace9,13364.310468898942,2.2247125930351843,0.0,True
0x0139b6acc40dc97d54015b2f68d45531332e481a,2708.264407938092,0.3628198295620324,0.0,True
0x01392f31460ccab5ba3a34549577f60fe6a9ffbd,23038.089835026785,3.882203187350466,0.0,True
0x01316d81e8aab2500df4fa90b2ebf555f9520c2b,84.03818031994322,0.0116640538021582,0.0,True
0x01158abb9968d46b0f148831b0416492cd4be805,877.6698967522752,0.1046305561247734,0.0,True
0x00fbfab3a2941a0a6450a731c5f90e3ac8d48265,469904.1640093635,67.71238347007201,0.0,True
0x00f87ac521be4d7d60a5aa32d993667dd182a6bf,326.86012840886053,0.0399142294067252,0.0,True
0x00f58f91febe009329df2a115ccb0c2b1a731433,3545.179087997834,0.5147139653045663,0.0,True
0x00e45a188a1cc3631de5a95ed24529df76ce5da3,17981.123657318767,3.368960116871414,0.0,True
0xfbcde59cfddb74fe367876400f1b74ce459a2d78,19015.434254403437,2.063925432016289,0.0,True
0xffd0e4b7bd1e13e9b89b1ad184967ab4d8e34a0b,80.61418145490315,0.0113783262591391,0.0,True
0xffcf6b4dd873223844c7350ba0aaeb5a3fde312e,275.8274860879039,0.0340194515847779,0.0,True
0xff94728ea5813e9b6398c3475f0fc27c015c1fb4,594.7765969673613,0.0778325866529772,0.0,True
0xff5e06600acb2dc49a48a27e0c256a7a2af35a51,156.64384592088953,0.016015982024512748,0.0,True
0xff1e64691e71726473e154e87b6676358533fb18,219.10008686820183,0.0333702407760427,0.0,True
0xff1a42c178df7b10c851a354d578987f382ae93a,1715.7188880571262,0.2249065392939364,0.0,True
0xff00ee4bce74c07569f5b8704a0f26642b066300,17679.947892006407,2.2052662040088706,0.0,True
0xfe7cb9ee6e52bf726610ef654674b0b8ce1678be,115.5776553958782,0.0159805895834162,0.0,True
0xfe66df936fd4f63a8007c9fb3ce3c562f474115d,12404.331444989824,1.9634408136864476,0.0,True
0xfe5b1924a969af4e9e4a94ec4406e446b511eb90,30.111196482269417,0.004407998510986166,0.0,True
0xfe276c988bc3c798df73823ba6b2bb146eb17eab,193.2542482023336,0.030358069082374,0.0,True
0xfc457f635fa5ef7ea0d6610031bfde916675b805,36785.419898285865,5.017267150221219,0.0,True
0xfc3c962fad2c1cc77f1a0d46e7b8a2de79a21774,825835.7555063223,108.12969474939206,0.0,True
0xfc3c1a44c37f2baa436c78c79b2eef8f27dccc39,88.2849780889878,0.0117423397847257,0.0,True
0xfc1ccc61f4576ebcbf414da2369a2e456805705e,14.144932034804372,0.0019309494928736,0.0,True
0xfff075b9562c9bbba0f9d2075556a11b991d3451,18296.1652789995,2.774919991440249,0.0,True
0xf4ab14647291cbde3204770eefda5d91b7449975,2783.614678660578,0.3517186536543207,0.0,True
0xf47c646b434871e2eea962b966953633bc6b8e0d,2862.38802697772,0.3813770941726034,0.0,True
0xf46df30aeb730b2a3cb982e12bcc52315ccfaa3c,1926.7340386376059,0.2707889980393713,0.0,True
0xf403e1e95eb1b9c7e214ed1dff799aa50c20271c,11908.958320570177,1.5629726064556055,0.0,True
0xf399dc4e3fce4e92c9de101ce347ed5906291aac,253.15849270882163,0.0323018581842429,0.0,True
0xf367864a5d1bbef215e9bf2f20861b22309af130,104.65064820775171,0.0164058106139951,0.0,True
0xf33cad6d0cddca1037e76bdce1fbf09eafcf8d22,23357.9290411754,2.946451489454602,0.0,True
0xf3067050390dc587d8b5c99f05c4c2d9d3d48854,23115.68680582597,3.4433075537129256,0.0,True
0xf295093e8eadf11434a49a47e0bd2836f80be20c,366.5091143741972,0.0446224208704402,0.0,True
0xf26f064294118fc1a05045d2e31b5051216a03dc,2564.298087949338,0.2899906042797448,0.0,True
0xf18eae010b44026c6b5f15f569f2761b730a0a80,150315.81239249624,16.972194212241117,0.0,True
0xf189e836f5c3a1e296c26b8cba6b75f527d297d4,60.491764902853,0.0075817147386676,0.0,True
0xf189879fa099e1be25b2fd832a6b657e03d8c41d,74.63082432061518,0.0097305208220888,0.0,True
0xf17b0cd3805003f15b6f90bec33e16b4f635da26,497.09110061711135,0.05236229860890196,0.0,True
0xf8dd21037cb62242ceb8e388adfd9d95d7a6e0f1,28253.276411254865,3.509381218332073,0.0,True
0xf03afdbbba4b0bbd272941e2944fda1df4b375a8,4510.9547716783,0.7099703039149374,0.0,True
0xefd41b6120cc080c36ede31a0e0b901d51b4bb3a,2669.720339926063,0.3236463542500216,0.0,True
0xefb2bc68d19e40e079a1bc328cd392b8847641f9,368.9538423516912,0.0404941887502338,0.0,True
0xefa988eabbb2b768ab95ce5a194a910b0050f377,1276185.0950697972,205.33992447571399,0.0,True
0xef3f6ab1b666b3dfeedeefba4a5c99cc30e98010,1515.5723311029017,0.2249181681534316,0.0,True
0xef36a0cb88ffeef623216b20a4bd6399a05469dd,31.540070245679075,0.005489008571082,0.0,True
0xef2f855506d88cab4b3d788b8153bea08228e803,13792.192330615582,1.8138994144216714,0.0,True
0xeec34991d463110c26dca28135877c220ae3cf9c,325.8313356553889,0.0593339323835604,0.0,True
0xeeaec2b48dd972067e3130ec1c2e4769bc6788f3,136.3688731007888,0.0189705550744564,0.0,True
0xeea328c1849e7f28695382ea459a076b86bca440,5662.378401564533,1.0075182635349853,0.0,True
0xeea2bfba9b06d76e5561102f2966129582496c0d,615.6666374102841,0.0667921976016708,0.0,True
0xee7edabcec0ac069e461cc5b768775f71c46247a,1696.4136282175364,0.2224028177668999,0.0,True
0xee3bd62fdab6336c2a3e3c0ba4da1514fc550cbe,105.22720009124188,0.01387678208479,0.0,True
0xee26bb996576ac9f77d6b0bea42f69502cd04938,150.54414362043315,0.0189072722348995,0.0,True
0xee09594ad4bf7c39be4ed775a06e7a5130ca2cd4,35.516415548688215,0.0051455279134792,0.0,True
0xf12ed46adc77882e12165b513b0d1f7ca6d09321,65084.797375,7.736376302370122,0.0,True
0xf8c50a7dff1f13e89d15a43ff2908fe3f0d18d75,51537.14274113821,5.553847619394366,0.0,True
0xf8b5dca737cce1a0f290f7e5320ec7c5507e3aa5,12724.782082485614,2.387154012110395,0.0,True
0xf8860a98bde721e2c97b73c571c2e2f0e684d0bf,9378.83394035478,1.4953609098519118,0.0,True
0xf8709567d1312c660e5f638a8c6e82657799c4ac,792.9223731048784,0.1090007751430085,0.0,True
0xf860df8e76a29cc81e03ad2bc56ad163ff8b3499,526.343412844634,0.0923918913179088,0.0,True
0xf8261bce973ace5c40176af5952515124d497744,37.86485298397396,0.0063840177056557,0.0,True
0xf7e89a19dc078d885d46de69704597439856cef7,74.74349286393878,0.0097939703633643,0.0,True
0xf7c29429ede629fa253c66f51ab63f35371c5911,165.20758707037078,0.0187657219026342,0.0,True
0xf7ab5776d9f8aa87cad7853f421c51525e8aa3bc,365.2856871937903,0.049272071584711,0.0,True
0xf7a361d24c62f14633e97bca366a2d77adee1025,65.28292782182425,0.0089536267638492,0.0,True
0xf79c56056fd4226f7688ff3aac968b42cbc9ea01,355.1631696887866,0.0403436099515144,0.0,True
0xf7867a5065b8dafdae0e85f9ac4bb5f6018c5ad1,25.52940815756965,0.002651789333001988,0.0,True
0xf75f318182d6f72eae41994b982b62c8c27198f2,0.5313309743760509,9.4572567917208e-05,0.0,True
0xf74bbbe5926ec19d480b9ded94883143199e494a,59.25100527012683,0.0062789996254833,0.0,True
0xf747a6072649d81afef0ff949f1efa09b8e374c4,554.3226192696962,0.073230910093088,0.0,True
0xf4d40628064997cabb40aa7a2f614e22703a4f9f,54.37772273184747,0.0089708840868018,0.0,True
0xf721450f260f37fe9221b745e4a904fcd88dd5cb,344.4436044004734,0.0447670639612707,0.0,True
0xf70e90d6769d3f67eca3c44dae45a632159d8b55,475.8821755163506,0.0542229528025027,0.0,True
0xf703fd64093b50797abdc9e450632240fa2ba5d4,5861.363033104085,0.7517390783802275,0.0,True
0xf6c84eae979f8fd0b7d8c9c9283a28eb00157e90,217.1745310677329,0.0237773620793397,0.0,True
0xf658ff7ef6ba867fc3c8a8bac7e64e98dad9a5e8,980.4908219759002,0.1559057536347237,0.0,True
0xf64cd2e4fb8a1441240ce0014f502e08784530ef,7518.788322516219,1.0167345140377786,0.0,True
0xf60797747ee29c944044b7fde0fa8e5d41e6cedc,520.8053244152835,0.0818471592428839,0.0,True
0xf5f45d2e053a7fe063b99cee408b44b8f86956a4,156.07,0.0196733296418775,0.0,True
0xf5e39e09ea9b478034f7938f75e7ed25cd7b1ea7,381.36382238853986,0.059752725902448,0.0,True
0xf5ac62cb5eb748030aaf4bc3eccd7c312032f733,3622.8909352544993,0.4854504167996044,0.0,True
0xf56d85eb82b6ffd1f102e0a10739ae7dbb743f05,267.2730086987852,0.0316344606144908,0.0,True
0xf566f94d9e7efe7ae3d5e1a310deb0bf0d9d35b6,802.0361502506516,0.1158447536363594,0.0,True
0xf55c02b021f91752521c0cb74303565f25baccb1,26.803699545892925,0.0034668847406606,0.0,True
0xf5500c3d7d56137a823cb91b28fcc5294e7c9be6,467.9588646979551,0.0788917214040958,0.0,True
0xf5237a89156700b6dec2883f1576126306ee9a80,106155.18487925023,16.66383765575367,0.0,True
0xf73ad907483a5bf960e43f2dc46cf160c9744efa,2902.1628871756448,0.309720908461775,0.0,True
0xc66cf03579ace4c4e2ace0897fb4c1818352c216,491.2463634904356,0.07401780128187771,0.0,True
0xc629aaac6818b077444a5fddb77fbb3b490f4855,11088.747093435835,1.431616204239568,0.0,True
0xc60e1e95337b332fd367584723eeebc7a90a7cf3,20946.06408244356,3.146408191768084,0.0,True
0xc5e2b8f0e92fbb2095a13942482050af0b836fef,782355.1131396786,138.36043747280598,0.0,True
0xc5df1bef1d2e4ccaa7baa8eb9e78cdb2f0f1aa5a,13.36517664588084,0.0019585876759991,0.0,True
0xc5c732e4925d52d1136ba8b173eff39ce6943b8e,153.47046376498952,0.0291107062001514,0.0,True
0xc5c2309d4d4282c31861883b17dbc036f98be5f4,69.47083134400496,0.0111002168390828,0.0,True
0xc5a121b07258d3a84f908839459b024fb56c216d,362.4526025787564,0.0460761580303508,0.0,True
0xc595e2bd44a38731145803ef49457c0402c2da83,1063.729816469517,0.1300923331624129,0.0,True
0xc5639b1e83a610c0c8098e8b65649108e446b332,232.3145051430611,0.023686509210878875,0.0,True
0xc4ff0d92538eb133174cac869190b50ee0a9599c,31941.43016084862,3.8089192457041,0.0,True
0xc4e4ce31ffd4ac334bfca4febc7bbea6dbbdee29,1622.396711403538,0.1976944081630854,0.0,True
0x8fb1eb0c7fe2af990f99e36ed79bd7bd7975b311,1695.5336621685162,0.2223683786328521,0.0,True
0xc49a9757caf616f827883954b67a8296346f66ee,2674.3233979986057,0.30934666331800476,0.0,True
0xdd41860e0294b8f581c459c094c0a9098db94553,27385.86885680621,3.4597239765337977,0.0,True
0xc4890f87e32cab2f72c50fb59f801fd4de07a6a8,1677.6611728544624,0.2254276441664165,0.0,True
0xc4776943387f7b2350d94dfc6b0b1d841b71ea38,758.3024859139658,0.1008492203890795,0.0,True
0xc457e684f6b5f8038aebb7b392df12be16a51ef8,427.8753736835126,0.0464892112827073,0.0,True
0xc44b50465baf60b318e57debf5e469a95d794f24,204.87235696735434,0.02162067341466192,0.0,True
0xc43dd892f4fa2d621f1fcc5e23d2066dcddb9ded,12699.367547910942,1.9041254399344512,0.0,True
0xc43787fd051c7f6464983c4b283c891024591df8,336603.2304539203,59.648133487560905,0.0,True
0xc4210bfd73206c3208ae1f0854ee146ed8f1271b,60401.95701560428,8.739035489488854,0.0,True
0xc3ea56540e06f0bc9ee70475663ad6f7d82beb37,243.75735723344405,0.0322460781431775,0.0,True
0xc3ea51fa7e72882d1947597c6e05f928d4742807,78320.83882385792,8.11266886662395,0.0,True
0xc3d16ee7192c083776b60cd03c7a180363033c8d,47.37248162599257,0.005029175318837925,0.0,True
0xc3c570056e06370b9b4022c98174226d576570a5,17746.510435384353,2.2174472059810464,0.0,True
0xc3b7d1c32f635843325d0db5001d0b8ddb945335,2520.7413588242616,0.3352904448357132,0.0,True
0xc3a4722f6a6585647d76f7ce8d09859347b154f1,16.23915355329592,0.0017796281318009,0.0,True
0xc38c363a9ee0472f42e83702af668e9458532b64,4275.553684512555,0.6740077751741956,0.0,True
0xc37c75b106b1032b4fa4adeb9bf682bbfa694616,6643.535978210809,0.7290749107549608,0.0,True
0xc48f28432f74c5d8f89c6404cd0ff4185cda7dcf,93416.82907967106,11.73003602534543,0.0,True
0xcbcc9d6ce6de572eb051c1e3f29cca6059902af9,18.49723974445601,0.0022985746029472,0.0,True
0xcb909debbf7640dfc192c4e58d7ee34096c7dfa0,14854.42661913244,1.9757964718351608,0.0,True
0xcb28061e2153ca181830d3864646b4473f4125d6,1360.4041290375746,0.1808028609396201,0.0,True
0xcac22a6c1da709ee467c06eb5f0f0e2686116377,29451.6877960404,3.236855688305321,0.0,True
0xca7b2c2030f5fe87548ced9d2f643d282eda6723,928.5965729298327,0.1578152960385821,0.0,True
0xca7083fd8192169821e10ba82f74835383175594,190.76608740625784,0.0324032803450381,0.0,True
0xca69bae262deb44c1581e56937f079e36cb7b010,7147.73706500405,1.2548761068230552,0.0,True
0xca5176785815bfff50739b63dda3dbdf6b4d1725,139.80845479171523,0.0201801933808105,0.0,True
0xca13fe474d26f30920b986422747a2ee9d771149,26.17923646967777,0.0035329072404427,0.0,True
0xc9c28217d103c6962b1fc1953f78a17906cfc716,82.61578234170979,0.0094819066514176,0.0,True
0xc96b06a3d8a6ea1ed9e8dea287c3ae54730e48d7,140.49172627713162,0.0203265980841305,0.0,True
0xc95ad80b79833fca89e54d46cf73e445c84cbfb9,40042.14737593897,5.707101901586775,0.0,True
0xc95a65ae949552209d1d23eb43c7a2892c05a287,150554.0433911411,20.26839788859076,0.0,True
0xc921d2e7f77193c42520aa4248f2769080f3d126,75.38682351209374,0.0091783699822581,0.0,True
0xc69c363551d6b4107f4c0db18d292a825a4fa055,62917.450079353104,10.176428116947635,0.0,True
0xc8f1749904527664c3c0ad4382b656fb75393075,679.780324913468,0.1184293570670289,0.0,True
0xc8e1f7ddc8df8624239c6709a70028e2d9e7ad4a,42233.410770056034,4.909605096084261,0.0,True
0xc8dd1663fbc8adf7662e62a511328c166cba6570,1345.1517923855101,0.13886684504214453,0.0,True
0xc8d7b228fbc3edfc1061084cc17b559522c0fefe,109.28031747762415,0.011263320036485247,0.0,True
0xc87a5ecfcb24d1aa7135653134f832e3fc7d1847,103.679360029914,0.0176765394045285,0.0,True
0xc8757d2bc5cc17d031b3c40a632e9d8ed8480dde,872.1685389667589,0.1004687606100313,0.0,True
0xc853e4467897f149fb6265fdfc8d4bef0caca500,3684.108051322884,0.4874059105164882,0.0,True
0xc8348e804cf22c4bfe1937c8a564dffe50d62788,547.8502902633954,0.0693451439845379,0.0,True
0xc8343f18649eabfacf9214ad179a703c6595e69b,329.2908190059092,0.0570732126722704,0.0,True
0xc819bfae26d5261916fc1e410ac277fb346ad90b,3158.1777607496024,0.5274821034611361,0.0,True
0xc7c5b0d05153d9e44c87ea41b9b5f33ad71010cf,192.0203480213072,0.022132526802889,0.0,True
0xc7c34622203e43f3e072589ebf5a0e8d2cfa417a,18314.992393192777,2.463420634622305,0.0,True
0xc7a226701dc89e56dbedb048a1ca354c6f8795ee,21115.704230351574,2.2271258209251132,0.0,True
0xc75c25821fb6c2a9fc40d9b2039c4f4bce66fd96,10470.751108136152,1.4122881129655456,0.0,True
0xc6da2c6f68f7cf4a1127d7f0c2c2c8ad67a6d9ad,26.997842234286814,0.0045436835299469,0.0,True
0xc9045f918e6ea106c0d13a70af1f168a61864ed4,600.5388597095795,0.0975397701024113,0.0,True
0xbeb91b44db1d033a4b491ddc6c41a24e81288dde,460.7484582428916,0.0688511802868659,0.0,True
0xbeb0070c9c33fa3d82dd68f1e072c5156e55b172,14.244810168513029,0.0018858275869876,0.0,True
0xbea1282b8bdb759aa974d878a9d2d9de75f230da,287.30319570477,0.0362288472582136,0.0,True
0xbe90acbe81b4af3fde931d4416cb5a08b4c69de0,246.1,0.0384878640468136,0.0,True
0xbe75c68d0a7fd5ef957df454b2bc5394ecda972b,321606.63073828374,43.30787232340681,0.0,True
0xbe66d573274a7d4803e5ee3639212f0185c9dae5,586.7021684887933,0.0766496843346744,0.0,True
0xbe4040c0715cc051b0e41cf1ef671be9b10ae6ce,1097.4488476127678,0.1858726525082345,0.0,True
0xbe3d19e56d1dd610a4e18201366346e3db967daa,59405.9661748769,8.136635271994358,0.0,True
0xbe0ca442d6b7d81e0faa7dbfd09331019f893f89,1087.7647096931448,0.1460781459609659,0.0,True
0xbe0b0f3122651469854d3cc3c677d9612aab5be5,46.24800190189834,0.0060893051632385,0.0,True
0xbdf46069c9e68508e6dbfa7e0d7733ba13ec829c,16571.83192501993,1.8407819006012311,0.0,True
0xbdedc063f61566c3085dd858a1078df09a26aee0,95.02872219869462,0.0120598605175794,0.0,True
0xbd812ad75fd6b024ace173ac35eff5327763a828,41.1966390319428,0.0060064620808842,0.0,True
0xbd7ad5b74a81a9c7faa5f73ab82276e0e19d08e6,140.61527582456503,0.0176545526519677,0.0,True
0xc37bdacda6a2b853e4bdc01332aa656af4ec02e6,836.2874938204583,0.11523788483378261,0.0,True
0xbd298c8ef8aecb70a93e9bb83ceca0616de5555e,11298.691500552164,1.7020482398922825,0.0,True
0xbd14f36855ad96f6e909c6d6c4fc9a4b8385c61a,73.61470314362857,0.0097876532898922,0.0,True
0xbcd649c64f68359391b1a454fa5cf80e608bc97a,87986.21855601264,12.599070509150208,0.0,True
0xbc4a5cd097023e45b068458363de5634b982b2fe,11.612898475300495,0.0015053893968812,0.0,True
0xbc4583ee4bcbbb10f779035e5e48ea472f180c2b,110.67122911896595,0.0146293507732833,0.0,True
0xbc2255fb3746403cf1858a69cdabd2e9be77c538,34602.839100184094,3.9403152174540925,0.0,True
0xbbdf950d047127828a0de6d584b4540b008eb326,1000.0,0.1293310954717752,0.0,True
0xbbbed802a74d645b2be00a1f7aa485f928ba113a,3113.8325373944413,0.3851472230453043,0.0,True
0xbb952adb375f5244f015e390f965efc1942e9226,222.72785127774603,0.0300069904203017,0.0,True
0xbb9394bcbb66896171047d47806dac9ac9bd9413,5127.222481788137,0.6846537168173716,0.0,True
0xbb8d220d7087d2cc029409ad2842efe074bcb941,425.5959821409808,0.0594378892328495,0.0,True
0xbb52acb115fb400ca7ccb4f52ccf6f9c726a614a,2842.8491273282043,0.5176508255078098,0.0,True
0xbb4f2b76ece85310751dc0375b974c61ef6e133e,68.93849614540584,0.0079211145446072,0.0,True
0xbb310c960f95f2b6b6bd0852fb2acdad109936eb,493.9585299545947,0.0568986395550105,0.0,True
0xbb07f2d75415f72b1eb0101cf228813eeaaa032b,1275.2473439181604,0.2108167924846081,0.0,True
0xbd50be032530c47bd21b2ae4e2c1028c250016d7,83.45547433036532,0.0123727591959857,0.0,True
0xc36a2c98fced8fd18163145bdbd235d689334477,30190.904026153068,4.960515827011259,0.0,True
0xc36405b8384c21ead7f8ccbbc9c68da380a0c55b,34472.43066554108,4.503282868980592,0.0,True
0xc342e84caf9f6c4cc1981991c6e3084e265d7532,1951.712866256968,0.2797766388497885,0.0,True
0xc3099c99c425192148d78eca88b77c78a8bb23f3,4202.467811856744,0.5926923364823725,0.0,True
0xc30072253242c30d929ed5702fe5dc2e85f30028,12044.509485062026,1.5115986169315816,0.0,True
0xc2efeef229bf820292bd373a99d7640366ee2988,1902.5844367238424,0.2249498765318379,0.0,True
0xc2cfe8bdacd50943258a326e498b202ce0f4bb45,4114.460130923278,0.4996051329004488,0.0,True
0xc2a3ade56507c7cb17bb268a1f129eeb487262d3,832.0212110602324,0.1189071807825353,0.0,True
0xc23046391fdcebf62eea250869d430dc54798919,880.0353441309514,0.1028301768689973,0.0,True
0xc1fa4a1456197d7844784d9222fad650bf71db1b,1217.9329959899026,0.1537899711574613,0.0,True
0xc1cce3a5611273e1f9c92fe28f8ed93571269dc7,988.2661811753673,0.1204105204670555,0.0,True
0xc1bfb22b7b294d388a1b963dd41d0ef11eb60491,110.92928313399904,0.0151804488835759,0.0,True
0xc1be5817f9ee3cdb06fb4938a10f97405634c8d0,87.0743641181866,0.0128812917407301,0.0,True
0xc1af05b918714bca71cc06b9b32ec63db61adaa6,1143.023233648147,0.1589287735647319,0.0,True
0xc176a9287f6b9dbb3c19a4e68885bc28d133fa83,672.6099999999999,0.0889394641355435,0.0,True
0xbebbad0b95ed88e6c56c8d79daa82257e97c3f44,271177.9196980002,33.083213423257014,0.0,True
0xc12511bcd405805301b8da8f321e7d8283575336,1746.6598556947804,0.1915911685046023,0.0,True
0xc0fdfeb9c4bf4c95c90063757b2bd3e5ecbd3698,53291.68865165327,5.880759393909583,0.0,True
0xc0fc896eaa83d7959a13b897a6bc84304fd2cc1c,1097.4370536483498,0.1341272976576747,0.0,True
0xc0f754ee95e856a82f63674f943038cd00324ed3,45143.91593643109,5.630132812008986,0.0,True
0xc0c0e4f7cb82c826a2596f50ae01cafeac61085d,7958.322149179377,1.2593982176718423,0.0,True
0xc0b926d73a2153da5d5f72e98c3984a0f6f7ba5e,140.88652358483543,0.0226508174123411,0.0,True
0xc06aff4273c51f33d73dd931f41578542ce79515,36379.48656392606,5.25395707052059,0.0,True
0xc0522f7e7e6408aaaf738e33c048444555260bc5,447.2092781762759,0.0603585598532315,0.0,True
0xc017df7046e875727885ea58d74edaff1dea11fd,21.05196202990106,0.0023161777017471,0.0,True
0xbffa316d6430bce0ba92c9996e488319a06d7f6f,428.19508517569966,0.0540379864938647,0.0,True
0xbf97584b9d63acf16a2b9ff46cfcd8ca9bf74cfc,919.2138403287604,0.1121764948355715,0.0,True
0xbf56d3dc8e68f39d31a3817a5aa9cbc71458d078,5382.891527463678,0.5624626675636183,0.0,True
0xbf2be58603abb64be3f0d3a50c8634f7b7aae689,97793.71569216458,10.666465368206724,0.0,True
0xbf1f7087f95ddd015db663fe21e606bcdf6ba047,97345.86116286817,13.336439854371523,0.0,True
0xbf1a1684112336d3dfbc7c6cdfb2e16bea3272b3,9733.322872103772,1.231201356652292,0.0,True
0xc15add28fa8cba4a09ec79f745e471b8528fca2a,5066.961412706272,0.5183779881582614,0.0,True
0xd880de76ce1f85a70aa0a9bfc2c87201988962e0,60.0776997962972,0.0090169715233523,0.0,True
0xd86c13937c939fe18d1399a007a9668c7e451fe0,9099.019664258334,1.0528795421201438,0.0,True
0xd85a5a46b8d10e36040f1c3da0c8b5b045f47118,47541.507849207854,7.125388072689869,0.0,True
0xd8573dcd65f99e78bd2d82046fb64f679ee1dae4,6928.7547963293455,0.7928758303431983,0.0,True
0xd7e3d3b24001cffd752bc05e943a8d14db6d73b3,2523.1652895421703,0.2693735334537857,0.0,True
0xd78902a4d9394e3d159352ff6e8d969bf4c0742d,1089.12246345931,0.127979105614625,0.0,True
0xd76f77773c7a897d901e578735e37b7a68a9d5d2,39171.4666492145,4.812125973832426,0.0,True
0xd7015406b53fe64b5ef34db5d116b8f36132f1d9,1184.22645438141,0.1298699523648373,0.0,True
0xd6cbcba99bc931d40f1490f93a4bd8a7abf29ea5,14597.870609772572,1.6186951371543592,0.0,True
0xd6c0b0ed4ef53cff86e05436e70d2b782e0f1348,20.259960203295478,0.0031761167648892,0.0,True
0xd66549fcb800b55c4ec258ca73bb866f7c1bd0d6,671.1012174115883,0.0900397284529363,0.0,True
0xd5c0d910717604d5a822652036e41dba86c9bd42,3787.040501333364,0.4014652105062184,0.0,True
0xd591f2c3d5ffb7a2a2950f0da2fb2598e96182e8,3759.339042405611,0.5423678701755958,0.0,True
0xd57bd4df685546171e902336086bc6d9f15ccb04,110.45665144556716,0.0191919791447006,0.0,True
0xcbe1050360e1014543c78e54e99029fc3b25f386,2784.1747875116184,0.4462236843611565,0.0,True
0xd572cd5aa778bbe04375f132fe89a1af5ca4b1c5,44629.115943710196,5.996965111410255,0.0,True
0xd56c38de5afec2a2cb23ee01908aca645e5fec37,38.078341563199984,0.0058866870659763,0.0,True
0xd54a8f0db33bacc81479d488298d869df01059b0,1696.0028921662242,0.2224834749870503,0.0,True
0xd53ba81faaea2b1c68757eaa09799e375cb9ee2c,3079.741119891079,0.39071205382748775,0.0,True
0xd50cac9a1b0d5bdaf4358544c10aa0274d0e1c54,1820.0111523630744,0.2093826296971681,0.0,True
0xd50a8cf2005b2f9d8237d58aec79bba7645eb9ab,30202.19721744921,3.9280604350900297,0.0,True
0xd4a76c4e5dbf07e4ffc0caec5e644e9fe29c1998,403.8276792692766,0.0674089090483682,0.0,True
0xd49ca4c6e3a8f648b5172bdac2217033117d23ec,3590.172827043445,0.4617599842904632,0.0,True
0xd46557055bc1761e83f62470372cf3aaffdd7304,1398.9336697122546,0.1501026894398702,0.0,True
0xd441fb8229592d30267f4abb7b27ef602885f011,81.339765492866,0.0089815213942866,0.0,True
0xd3f932610d57dc33265e4bc80ce393c2d73fbdd1,12891.64465258066,1.431227064544191,0.0,True
0xd3dec1c9389a247f8a78fc5248382faf820a272e,136.52819452908673,0.0144840529735002,0.0,True
0xd3cc79d8bce6d69a4a39148cb5d11e0ca111ac0a,30.1004951719239,0.004406225766664373,0.0,True
0xd393beec04402f2c2b13d30442fb673dff768b45,498.7893342706364,0.0810185790951689,0.0,True
0xd373a3f763152a90f16a76c98f6749faedd1e73d,87.53617532652486,0.0107019599560612,0.0,True
0xd573c80158e5dcc9366e1f057c90261d54df4973,126.68167598627768,0.015094501867078,0.0,True
0xdd3c15c343da8e050e8e4562d0bb2bf89e392deb,18751.868319931324,2.074949152453218,0.0,True
0xdd2b1bd1d8f32079971a90a6e1c0614f152da463,92563.830566572,12.73809600948561,0.0,True
0xdd22bf354c79c8bda0cdd87c5bde214bded4dfbc,3569.246800660492,0.6213546181085549,0.0,True
0xdd091739143ca168eb16671ae8d0a9d3ce7d4801,153.08617788170034,0.0265315312108518,0.0,True
0xdcf7d0a816848c794fcb3802062244d9c2a33469,40.25251049745018,0.0063810907608679,0.0,True
0xdcf7a2bd5fc9ef758aaa870e4e7d46a980178f29,1287.7472865902712,0.1962048219989001,0.0,True
0xdcd6641b0ba30abafa422eb7e3219f569f58661e,1577.23759901559,0.2082917697882008,0.0,True
0xdcd4c99dbcfa2bd0830c08c3ae99336bc857d800,2009.4808015922624,0.2235584360857673,0.0,True
0xdc789fea58db5d4c934248582aaac3b153bd358b,2965.726316742569,0.383826795620886,0.0,True
0xdc71aba1b3d4d1fc00aa977c14a8b784f30f190d,692.7439710177058,0.09332782941673379,0.0,True
0xdc688a9d5a258266e898c9119ec2f97f68655fdf,658.1813118012739,0.0770030640273844,0.0,True
0xdbfa5c216e3d45c8e72e66a44c04d504f78e6eb9,493.50568073517184,0.0768268732362826,0.0,True
0xdbf30a05167184d29632a52af81fa85d4d347dee,1709.355689816894,0.2258954571555197,0.0,True
0xdbc84804702929095c7e8b77d61eb53fc857c9a3,3584.557980891041,0.4279105048670867,0.0,True
0xd8a17dd80ffc1c2895a2b85161600c8bbe1265ed,10000.0,1.3951052954502825,0.0,True
0xdb33195fe3884932e894b42db70ab6734a73c510,2331.136966266732,0.3083270209452131,0.0,True
0xdb1433c30e326e669b8d5c23babb3630ca52ab8f,13415.402078050724,2.244577132561416,0.0,True
0xdaea5adc9726447196d93e018f0f09b8a4020f80,5.816489431095939,0.0009497487183078,0.0,True
0xdab88b06923d9fefab8107865dfa241d2784e4ee,181.5564091453774,0.0206866698882242,0.0,True
0xdab1626efaaa4021ae1183decd7b4728e4d2cb32,491868.4019572647,66.7339706416898,0.0,True
0xda8777232d8ca7471cce4c07e49f989f5674718f,19057.93786281256,2.2310922641913966,0.0,True
0xda1486d6e0d053f62ae78c7cd264d16663c8a80a,77.97116425028331,0.0101009174570752,0.0,True
0xda04672a845dd7a2d48aeb5e2482efccb0578931,910.8114839735886,0.0980114468796524,0.0,True
0xd9964ee0d187aa63394c6fe0a1d19ba714b244ef,105850.50438477976,14.069981706454172,0.0,True
0xd969c48687901f971a0d16de061b06c80283cd4f,3834.8209016787714,0.45614352224882515,0.0,True
0xd946b4bdfc5b507fe1863d30da0c321dc2f92476,799.4138717416034,0.1166908904228079,0.0,True
0xd919c93f5369ad73c5ee7e4300f887f1cc6eea3e,445.36905496221857,0.0691125903526909,0.0,True
0xd8faf74e5b4fe574d1812b94a38b6b4ee65e75d4,24.62356220376472,0.0031632517829674,0.0,True
0xd8ed4164a7e08c5b58a61598a7534e58e62d1070,5358.795172492708,0.5538262550605073,0.0,True
0xd8bcca09aec29ab2573f6ba2fa0c519282b280bb,5.103554133443498,0.0007876778663129,0.0,True
0xdb81ba0cb2ba58152147e7953b90099c17b5e249,339146.58672331256,41.819917248222346,0.0,True
0xd0009c456f75742a4ee741f8c91fe8e8eecc6513,334.7201510010518,0.0543929942320465,0.0,True
0xcfd44ea71d5032ac304fb64886a614a13277e563,1361.4727867346367,0.2144245866054386,0.0,True
0xcfa44548f7c20d59aafd8585dd2d6a51e9f0c84d,1200.0,0.2001404228671881,0.0,True
0xcf95728f298c9dc6611985ce0a4f826fc2958338,1746.9012540106294,0.2192183511348287,0.0,True
0xcf8ac9e2ea1cabf9667798566e4bf378f5424504,114.80220619538235,0.0138011134330924,0.0,True
0xcf68c48457f048354b4a75a039c8953fdd2052e5,102063.47824971638,18.280666719194752,0.0,True
0xcf64381c4545351d45017accbf1aef72e32febdc,882.6188522131071,0.1142740351372769,0.0,True
0xcf61728015a3aef69ef36c0b95b9132eb4922d28,2933.851181422321,0.3978847385117565,0.0,True
0xcf486ce2ee2ec4356ab9aac3049f0d18d2e58043,18.8295887055332,0.0023295134643171,0.0,True
0xcef549f5f73e4a9210e1191c66efef3507b28263,8399.771376843953,1.1199972187748384,0.0,True
0xcef098167aefbd055b1a6bf43842cc2b4d279dbc,1869.9077828452243,0.2322260042442174,0.0,True
0xce98b9c50a16ac2868448dcb9a6a4a77ae2b9037,127.46828978288669,0.0212918746365396,0.0,True
0xce5756db336fb2bec16f9f040287c2bca51d43d7,8542.6413912172,0.9712739956268569,0.0,True
0xce338539a47fa89d1f3cb1f45fc5ca36a984108a,29752.2354527746,3.6790236182161022,0.0,True
0xd371dfcbddf3351478dcab3eeddd1f4001219df0,30539.88025945746,4.414729140528721,0.0,True
0xcde467b19904072492ef817f905c1b6efbf8840e,28.186615023202627,0.0042434563644805,0.0,True
0xcd8b4eee9851a8201b55076d34d30236aac3c072,68.07954821740906,0.0119390804279885,0.0,True
0xcd42904352123fd46c73298a904e1f9414f9c6e0,1000.240174892432,0.1332982296321281,0.0,True
0xcd201956ba68cb7dbc29ae3a10d5ee4481671242,3076.955687408534,0.5306754017951363,0.0,True
0xcd09548e3f48f727b80f530ded525d067bc32814,1889.6374775742063,0.2149429364830389,0.0,True
0xccdab274a6805ee4abfd984ce3536173cca8373e,612.9091767131234,0.09254817866464629,0.0,True
0xccd0841029612819a316580c31d32d1862288722,7697.884151451965,1.0334042673333648,0.0,True
0xccb2571d2672ac5062cf2115dd7b40189f326159,89.51494388029195,0.0149092662054798,0.0,True
0xcca47a607b54ce4e16be4e9ec8db8b6483b4f3f1,144.0608040083448,0.0237966187999753,0.0,True
0xcc8bd21d0a9c33f88c328ec7c3b8e991d40b59f7,31980.419546830904,4.617959672577429,0.0,True
0xcc66ee74980f884c34d3e5a2df8780af145456b4,673.0765635493799,0.0914018292482355,0.0,True
0xcc547467b1017c88c2655fdcfb486df596d979e5,138173.56585628845,19.036900954700474,0.0,True
0xcc1fb33a6f72c20a761a62fd5f1dacd647858a55,399.9270035583701,0.0567525103050458,0.0,True
0xcc1b8adb8fdb184622f4ed4a716904daabc3f6fe,24712.832512783123,3.1600301113467695,0.0,True
0xcc1856a5308d83d0d50cd2773023d601acc76d6c,8894.871419662173,1.125973229738265,0.0,True
0xcdf738018ff256c904687875df55c106fba6e90b,1058.4537561062814,0.1719203135349817,0.0,True
0xd3653cf1cee4ec2af196236a65b565b0fa2b25f1,12326.419914841345,1.5170140508377286,0.0,True
0xd3649c6b31ceb982eb6644a2de2198d9909c64ce,42146.04572368186,7.017055714012249,0.0,True
0xd344cc06e3131b01972925296f846f0d98aba178,12.807610826270382,0.0017775836199341,0.0,True
0xd34243e0d3770e5f5153995616d917a250583e82,21270.60027968969,2.3988877808547473,0.0,True
0xd31081829132c25ca4e8625b5b264c4948bc4248,17795.775664188262,1.8642860695269765,0.0,True
0xd2fef56768a5c5075f1be7a5a3d6ba5c0f7b769d,7097.780905016391,0.752697267848738,0.0,True
0xd2fa867cce88c348d9c01b334ccae2f05f2e25cc,598.0786430329865,0.08473998226214441,0.0,True
0xd2bb88dccf3835b5dc24d08e6bf40578a5889265,1028.4402196571828,0.1521285159880841,0.0,True
0xd2ad7f407265a2f0bc38906a8b264af4452e8620,1716.3197162487847,0.2250672048076429,0.0,True
0xd29fc06570d6c7a8d06ab1a5fd00e20f3a9f99c3,721.2755696627668,0.0896564904204187,0.0,True
0xd29d4d21ecd0aa5cd5f199d8dc92c17d9d49e8d5,197.58809498292055,0.0274865503747617,0.0,True
0xd28c5baa2dd23011dbbbb55f04b87f92d3a5f9b3,112.12536874019816,0.014646815384418,0.0,True
0xd28a65a1c686520bdb335d7b981c393ba05f4ee9,112536.03473655088,14.56468198313351,0.0,True
0xd26a2bd8a59ea00bd836142cc6be9717361a3b51,5065.629900000001,0.5272829581097707,0.0,True
0xd2540c3500b5284fac8461e3f749e0a904cb00c7,9.757505829408036,0.0012536548791761,0.0,True
0xd0063444b3a1765ac3011f0eeb99d882bfcb9323,2753.436815784679,0.3612485625030847,0.0,True
0xd1ef52b7a127e76818856f9c17d6f8d499a21440,270.434849619394,0.0337466107239482,0.0,True
0xd1d2d779d5ad234c3448261b4effcab0db6d8299,1002.4176477335624,0.1607305919393584,0.0,True
0xd1cf6d8d922ac54e9b0b9e31c91f63aaa0ec295f,30491.552137713777,3.3738193384507644,0.0,True
0xd1adfb0b676cb48534c438dc3d428c7167dad341,480.5175228948272,0.0646019468892748,0.0,True
0xd1a9f3f767d6c4fb3564c50dbcc93e83e0bcf00d,8342.012040987294,1.220525035256973,0.0,True
0xd18f153dbf6a5409351c57bde7a502e4125dca8a,100.0,0.0138294498503075,0.0,True
0xd1765e4d37055e5c255d059d2be92697f3fa5f7d,1296.6606581840756,0.1759232187012797,0.0,True
0xd169335ec70ab4f3d3738935bce4d3a61c83382b,17249.413385910408,2.149688474105936,0.0,True
0xd0c3fcfa32616cb6a4e410ce5b0de9988af02121,1234.0412617996162,0.1736421309278086,0.0,True
0xd0bfd1ea2f3c52d212d9a89e9d313f0ab7375270,122.09982584129564,0.0190894899394572,0.0,True
0xd07e3adee8ecd92643db3ed0c897148622d56423,1122.055103362026,0.140638393118255,0.0,True
0xd0640fcb1ef5ac385b57701c5ef7030331c8d80b,207344.27461985557,31.273655980720953,0.0,True
0xd03f0b022a3c6587caccf3fb831ec1b271898c79,3293.159152620576,0.3712303021948505,0.0,True
0xd03da4452bf9478c67a54c56d46678d55a8d9483,49009.73318736386,7.168802063174093,0.0,True
0xd028b1f8a2e842a1e403d29e7a5f6dab368e3733,2297.806167822435,0.3027626115596341,0.0,True
0xd1fce41264684d77ff8c0a7b2fbcee28163a8abd,434.3747144222135,0.0560369597173178,0.0,True
0x30393c1e07cbde1e8e837662168e498514c5b33b,766.9216737515374,0.1251440672931502,0.0,True
0x3001e16caacf3891264fd479aa45a5fac6f67808,3885.2835884136493,0.6597101245732948,0.0,True
0x2fe4093c894749e596f458764c377bf4f1337b58,60422.175552398054,8.744842170705631,0.0,True
0x2fcbf276a39b18ccf918e3faba214ef52cf66ff3,8308.355158202028,1.1488215252363956,0.0,True
0x2fbd520f5c0fd5ea7665ff6e9f6a1f1773bc24bf,112.34791161095694,0.0208909590704735,0.0,True
0x2f78d01bb8414110c24bb4b506da38683ff10933,16931.35579144596,2.322531223405412,0.0,True
0x2f5eb3f35df41a6bfbd17faaf0130b3d4228759e,16513.195713362926,2.085092864936559,0.0,True
0x2f58e6e787a47121d98a191184564e42b602c296,1404.7791638544352,0.1717881291652738,0.0,True
0x2f2ac368b7768665ee6b942601f8b02ffaec1832,50853.16586592776,6.171205902911067,0.0,True
0x2f25b929f03fe2869e752f1910e5445f8b5778da,296879.4198607943,53.588373397464224,0.0,True
0x2eb84c206561b0f8773f8039508efcd6a3f62cde,60378.14150702061,8.77817545369773,0.0,True
0x2e798a0521f368f470a59a8025d1a2909908d93b,3492.4547323052493,0.4615776696602305,0.0,True
0x2e3e2bae73aa9e705ac36f299137902b8c94541c,1166.7052748297267,0.1456064389445713,0.0,True
0x2e299444432080310dabd1263af657fa826dc702,2539.989578307731,0.3296825438391308,0.0,True
0x816920477edd65724cb644899cbdd0d0f5a4579f,37437.28607150875,4.262038867002132,0.0,True
0x2dfa92f043ae4d6c8e6720bf00454d02ad501970,264.20263508415843,0.033994563749685,0.0,True
0x2d9aed7f5ed6322cbcd863cdcdceaea7dea47f40,263.20319675316773,0.0325141802096783,0.0,True
0x2d90f551322db292fb4293972bdc26a05e3b0e21,20.74609599414332,0.0036835017104886,0.0,True
0x2d72e9a3b15b4fc3fabd559f11e7ceac9dafa933,10823.0169877795,1.2354166511964906,0.0,True
0x2d70b8de1a89427cb44031d44c4a9c1e1dc9ff95,9330.650984376634,1.003201372193844,0.0,True
0x2d6947c634df9126038604bc6282bb9bfd888888,462.2529746467774,0.0764197350881379,0.0,True
0x2d67ffc279c0c0010958647110dd02b0cc013c1e,427.9157996437664,0.0547066143798378,0.0,True
0x2d4a635feeaf2dd7d9517005b5621c7a70d653d5,1072.2970336406563,0.1366919713718241,0.0,True
0x2d46721a0bd764df882b6b7a7c0002b1fd25b410,119.36599786096797,0.0142348655682475,0.0,True
0x2d19ce1c167ad6c5a91316a062da224067dc5d64,21245.17725814822,2.7963046243900225,0.0,True
0x2ce7fb0b0e1cf80a39d42acdf27aff6976e1d24b,332.91945260967447,0.0354738946583991,0.0,True
0x2ccecf28c70c4e76c43c5c9cd895f219d4ad9d4b,1811.4725489807784,0.1972225595765699,0.0,True
0x2c9742d480b3da51e03a19c0c4544e48f30cfbeb,7035.121183533061,0.8663290184991888,0.0,True
0x2c97322ec717a8c051d7ef21163911078c648a33,3471.318412016725,0.5641023568901353,0.0,True
0x2c7163f9a9eb5c4e431c7e3df6878b685ec468c2,708.9535414020208,0.0921477973025915,0.0,True
0x2dfd5e7a193c3ade70315a9aa059f2b9183a8dcc,8.0,0.0014047281567767,0.0,True
0x3376159ca1f8669f04d1ea5c8ac6f05c6cf35dcd,30148.347014776133,4.384110416883205,0.0,True
0x335976666b4cec08cb052559bd18681c000f4666,210.20091206150693,0.0365831712002611,0.0,True
0x335385b95573f2ead01016fd069e15890590d565,43982.93220489433,5.359584831659509,0.0,True
0x333411b580fda17c663059038c3dc6f6796b1da8,857.7226960430631,0.09073837281923691,0.0,True
0x32c112509235bf8b7d8b6055440e648e718aa3aa,1172.1706192599356,0.1552465139791522,0.0,True
0x329d1645c551dc54ff94e01875f7bf1a3dab21be,21343.646496939917,2.9020492583374504,0.0,True
0x3292ec4c7c01e4969110c44a4e8d430d3a45d167,361.2102306912205,0.046723393506275,0.0,True
0x3282c4e22526d82b62abd2416ada341908ed3ec0,4698.101536629883,0.6616244693211547,0.0,True
0x327facc561234ebd02c933a4d4486fab6585c566,26580.613013524737,3.776332727063406,0.0,True
0x32455600f73ade6269a2ead3033e060ce6eae17e,253.24180221072183,0.0295896171431521,0.0,True
0x320470afe65a632634d3a3cde8e0698b5a231985,97.06688776969833,0.0134707009317211,0.0,True
0x31f204a3fa6e4c40347848d8c93447b11de37cd7,443.5574337031002,0.0773537555019924,0.0,True
0x31b88334ed07e93e8ee6106a1acfc75168c78e9b,202359.90711467827,21.1954579225052,0.0,True
0x3194dc01d91db4422187f06c6a51b3875e70c443,93919.93015153862,10.402755685879814,0.0,True
0x304520291421dbbcaf1ed1933454f0329aaf4536,857.0952811590276,0.1002679196456957,0.0,True
0x312a2e35f2ea6fd250f456746e1f72367d97b7c3,21923.15000418552,2.4741719295490143,0.0,True
0x3126b0605e601dabb87afa9948ba5688f3ff479c,41648.003527612425,5.61667180954741,0.0,True
0x310dc5a32f1a35c99f5ced8d2d6336106fd31cce,285.31061794758074,0.0375653129781342,0.0,True
0x30fa53d78478ac8992ab0c0d8b526e2c488ef197,10.234390818471056,0.0018337283802774,0.0,True
0x30f9ddbfd0f996d9e983af7713a5b9293744129c,199.289514048098,0.0338593014402576,0.0,True
0x30e5505f8252a3c1fd12b0c19c326dce5e67bea1,1130.0011663774367,0.1428826236365828,0.0,True
0x30e22fb0aff38c0501267420853abc3c6c8796ff,62064.06738071498,6.650743633992462,0.0,True
0x30d6dad8112c8457dbd681952ef54871dfd584fb,52128.38351393651,5.411918946803755,0.0,True
0x30a33978e00cb892237548dba20fd5970491f4e6,170.09043117213315,0.0280619505425914,0.0,True
0x307a05a20e3875b51301516ebb22bafea717f21e,346.607921322771,0.0556300704739681,0.0,True
0x30609ac37858a438fc78c073951458c1eb8d46a8,17878.010722248575,2.422670403541881,0.0,True
0x305cc19932c5bd080f64bbe7dbb9c566205ccd60,36600.978327886696,4.166063048954557,0.0,True
0x3055e477d5626f16bd589db1380f41eaaa05c878,3923.263998303516,0.546558883997027,0.0,True
0x3052143e1f7f2e4c92605bec868100a2a486875d,666.7241377309017,0.0841702703621581,0.0,True
0x305094e692a51f67ea13d464e2ebe13f500154ef,3527.579138989089,0.3946221648780261,0.0,True
0x3185fa728bd57b4c755dd9bc0f1922614298e0b3,1300.3661364562213,0.1603515597734097,0.0,True
0x28913268a3f41572b29909d613db6bf60a6cb006,2477.064727570528,0.4134305705456336,0.0,True
0x285c6c5bb53508a72dcf8e63e44bf0ae69baabe9,103996.1384396496,11.572467090874058,0.0,True
0x282b45f17bc398ff08d94190523719a9ac9068cf,222.68012046193303,0.038265367909301,0.0,True
0x280b011ddbdf255b960e83825c9443471d08750c,11.00010383435054,0.0015804342414322,0.0,True
0x27fa3975548b58351e990e8856c9c4fb9c80e2d1,750.8333730441423,0.092532866727245,0.0,True
0x27de93ad802b1d9228c1642b4d0186ea3ddd1d27,1130.1870353919078,0.1977083856865528,0.0,True
0x27d1b5a24eec7b77ba902e0aef08fbabd7307640,2147.137694450776,0.2751775553498977,0.0,True
0x278313df8f054d875bf3a813b3dce4a938e33840,1853.6674762062216,0.2515064333766926,0.0,True
0x27760da3ed48322b99764aa3eab94830ceae2b08,35842.64899307807,4.676152599677578,0.0,True
0x2772e520bd0fa8893b555ff32ce043eb8c85ae5c,579.3830714287454,0.0732864363436952,0.0,True
0x2763242db968b041eef607d651f7b3547b72e5e3,428.77345717095335,0.0645039682032437,0.0,True
0x2759575a90f4df27df06c4818027fd2a793f016c,11354.166846491358,1.6093087136899502,0.0,True
0x2755e6d91aa574a106fdb76e4dee3a0e11cfbfa4,2.443133415769225,0.0003042102583879,0.0,True
0x27493c761288ea349c2bd9d2cc7a5e6031ec8212,92.18191710452624,0.0134778450173991,0.0,True
0x2c5a6e124f2f9586ed63359e417371184c7305ab,193.3645893993423,0.0325068764627058,0.0,True
0x26f7e591bf4eb57e1ea0f77805aa03ef66b63449,1259.3745656341985,0.1316178532217857,0.0,True
0x26ee094480064c5dd07070a04f753485630ee75f,6905.149261030494,0.9206301791758588,0.0,True
0x26e059dbbe0711b6487f0d02bc88bf772652329e,216.83632336747544,0.0288738884326213,0.0,True
0x268f0d612ea8ef92fbb4d7b6cce4a9f5fe9a7174,163.6798429002393,0.0191062537725378,0.0,True
0x268456d2da8e7b8b34a8456e547d7155474e1b44,27120.84168869478,4.178209483658362,0.0,True
0x266311a44e70363b3d168bcb38cf38cbf2ccc51f,684.9535550302002,0.083616686626859,0.0,True
0x265a0b8b790ddd834f534e7683d456038ef40f69,2186.423003274341,0.3597241916666493,0.0,True
0x26479d2b731e8f93da986a375d83ec8b9c823899,130.60514902719694,0.017599532107078,0.0,True
0x25c289a0a073163a873dd7402fce63424a0d0680,23930.45442629494,2.4948550780606893,0.0,True
0x25c22dac01e362517928e64851f240298b9a4ac8,34728.60310767116,3.953920584110722,0.0,True
0x25830019e99dab06334168d5e39eb364b124b369,1696.9762188775865,0.2160776835451879,0.0,True
0x255b7879959b462d7e9f19c5488cd49019663be2,660.7949971096604,0.0674046081508387,0.0,True
0x251ea95cd2b82184623501053d447c1c2873abbd,1.3117842871515348,0.0001592519655944,0.0,True
0x24ec26db209181ed63c4c92ef8b5aa5fbf16de88,1058.9875612549592,0.1221599233479899,0.0,True
0x24e7a8963c07dc0ad58098172ab2b9826bc90fb2,504212.4924848647,62.45142142339081,0.0,True
0x2731077dae62ae7e76e1380a84b51600371eb999,50.49842112270832,0.0074946772297951,0.0,True
0x2c2e292096620cc43c00d630728a26ae17e806ed,27.95597366980324,0.0050253520503429,0.0,True
0x2c0aeb9abacfd684530fadd2b39f6d5ef1595293,419.0032649791489,0.0555014369285039,0.0,True
0x2bd9000e3e516a74582e5cdfa2e67fedee38157f,641.1496527926629,0.0805362790465417,0.0,True
0x2bcecf4afa17b4dfbd33c88212b2be6fe9a3c994,443.59451360874806,0.0773658325860918,0.0,True
0x2b76f8ecdddfd99ad75dc808a9b31445e4bbe7d6,366.02331953864433,0.0444361661944738,0.0,True
0x2b69c3251b373d8820e90a2580dcf2a84fcd00e6,17755.97420787205,2.216467090248584,0.0,True
0x2b5657a81007697e5104a6528f6def34dbd3ab1b,7550.166860898956,0.8994067202326236,0.0,True
0x2b30b9b01082dce02aa45893d88c347fd9813564,30.111129650974405,0.004407854716950702,0.0,True
0x2b0a8aa1e0da508c4725e2afc0cd268be5bc8246,4386.0887844244135,0.6935628716677306,0.0,True
0x2ae98b4fe8db7012f440553ade4236d8ea20dc90,178.52987508608828,0.0248525918911542,0.0,True
0x2ae2519036ba86b7d08a70cb30a3a34a6c3a78ae,1152689.4004666877,160.31003556413302,0.0,True
0x2abb8a4a8f8bd1de7f1a5be9bad5d68486242fcb,499.5630640164627,0.0714815244666295,0.0,True
0x2a728ecc26c0c87607313986f29501cf64c18de7,860.1985980959856,0.1179332487997268,0.0,True
0x2a4dbaf83b433b7f8c2af7bae285596cffa01e82,20866.953516790105,3.158139398639664,0.0,True
0x291798a49eb3880ddc9a0f4499549dd65428648e,99.80915008461317,0.0135385010754601,0.0,True
0x2a4077015ef530703c0fc76e03bbd23c83bdb3a9,113.93775149977782,0.0157894293770012,0.0,True
0x2a3399038a938b43e142256cc59273dc9911ca70,194.81794371950184,0.0246252157934154,0.0,True
0x2a26378a06099cd881dce8e6f5e298ef666d037e,230.19717051117783,0.0328216275326527,0.0,True
0x2a1bec001bd0effedbc983bcb43d19b09663e992,106.7643099814258,0.0140126570343087,0.0,True
0x2a0b1198c6f6f6aeba5d50952904901aa82677ce,705.466452312267,0.077422340978443,0.0,True
0x2a0a64a11f847874078bb4f53a2f7ddfcb0084d1,344.4340750258231,0.0447625617697182,0.0,True
0x29e4487442b21bc98b4770a2e2de50701314ed1b,899.110647808615,0.1057399438978553,0.0,True
0x29da34d0a9436975fc785752e27271d257091d50,8221.047953928084,1.1370924197180676,0.0,True
0x29d4daf23bfb744ad952ad5d7ddedc6051a81ebe,11719.917006922826,1.6595463513996558,0.0,True
0x29c58ea922badad0c9bd61e6420dca11dec3a23a,6631.500775579666,0.925183232436128,0.0,True
0x299933d4f6d2d466d6e555938097c1b87395260d,3295.927632300953,0.422828292694778,0.0,True
0x297cac09c04895823738f1842cc7dc94771fb9aa,37246.97268619583,5.387443429115941,0.0,True
0x294e65d353be7ffb53f9c1a321613b4d83965991,132.81137151163347,0.0166611853996915,0.0,True
0x294d96d9ea087da094a435bd9aaf843f1560e7ae,1464.8019122859228,0.1787714832173303,0.0,True
0x292829bcd212c8bdd134b3793f33d38b87845d21,421.7167706441248,0.0685560643864322,0.0,True
0x2a4af9b0953c753c73061378d3d4b48efff93986,11920.472525032916,1.5393645154407,0.0,True
0x3f558c6c5ca7c1c331a554afff6a5e707e5e37d8,4752.302360421419,0.6569707613108691,0.0,True
0x3f286db4a34a3f3318ed621de086ea5c6e186db6,1895.4985247822096,0.2373897836684388,0.0,True
0x3e9b1ae2bf5db9423e1f06fe1dfe26c02379a949,556.199418984775,0.0881902002250279,0.0,True
0x3e960e93b811d5f6727eebe48ea5bb6a73639306,171.70514848498993,0.0220102759381259,0.0,True
0x3e8c8e5fbfa3752e54e0403d2a37a83c1e6a0612,7548.396933933749,1.2481844766597063,0.0,True
0x3e8439a5a16ffb7ba7cb6fe773d8c1a064156195,2958.906680956808,0.5605094268658957,0.0,True
0x3e4f5793f307d3406b4cd7571cd39a7e325f371d,557.2970886903855,0.0751953932609851,0.0,True
0x3e36ffb5c16385c7d52ea472c92945045776091a,9228.525974123446,1.1487500713833507,0.0,True
0x3e2379e68881beaa48de35645d41c5ff6513b73e,18280.4148330431,2.6814418365362647,0.0,True
0x3e0f0083ad7cbfbb06b9c2132d2e234a99fc12ef,1531.1901095791964,0.2004742752318342,0.0,True
0x3deb1f0f81aa5efa02e4761e3b5514e31cbf5059,509.0935336581094,0.0846276793020886,0.0,True
0x3dc877899b91651f40d6522f35f786d57f306bde,3790.886053172023,0.451086356534998,0.0,True
0x3db5df63992e4f2dd18eff8a36cd150f7b3b471e,32.19017996708511,0.0050405713555567,0.0,True
0x3d957c9ea42c8743b462abd451e3c93f249d4ace,22754.122478938996,2.466938244754216,0.0,True
0x339ddbff0da39adc157d74d39e61cb09278af865,184.8060723786994,0.0309871572348531,0.0,True
0x3d54a330df6f1594d217c8e06b329b814b7e7cc0,551.1051053347823,0.0673753520141213,0.0,True
0x3d3809bbcc6e2d5ab9fd4c19ec23cb0c15169e69,245430.05992416444,42.77028845940885,0.0,True
0x3d21402780fbf386ca154851aa0e61a74324c701,217.0722186607017,0.024928210787512,0.0,True
0x3cb86ccbfaacd79504023370e49aab11647cd69d,645.6736770380517,0.0901535378664866,0.0,True
0x3c92d801019fcc477e19be00676a2edc8ff22351,0.2845932740966179,3.7854189839037e-05,0.0,True
0x3c8009ece33f56aad10f6b51e78939d3d6333529,485.85439361499806,0.0859385469680856,0.0,True
0x3c53f304dcd45ca7e77472f2b818c1d28b7afe0b,3716.10198629548,0.4610094604522932,0.0,True
0x3c18fcaf0e6347f4c7c22254e6cd4869f65d938e,38373.36358384624,5.113474453058824,0.0,True
0x3bab49622197b0e0bb1b6fafbcb57e6e6d6b28f3,7323.734033408848,0.7818528812961937,0.0,True
0x3b733bcbe8fc3e31fd985cd68228a38919354284,190.7880704119779,0.0229680106443666,0.0,True
0x3b4ad897cfea522507029c5d03154028d678024c,7233.260515078573,1.0520538201294785,0.0,True
0x3b1f2822ece942878b42560fee5b7cae51560d74,533.4325291780223,0.0762616552104332,0.0,True
0x3b1bde3d2aa1054f34b820ea98be4fc11b62ac4d,570.8612940535567,0.0833058176607358,0.0,True
0x3aa55ae41a0b28474f1889fef09769e423944c22,2062.6579765687934,0.3540698348718556,0.0,True
0x3a94a04a7969ee00c7d691fbc3decab71152592e,66.48715526307316,0.0089030770648814,0.0,True
0x3d5c4f006933c017ddf764cf421def6207766c26,6449.442006013992,0.8199562822817125,0.0,True
0x4459c75b9ac5186ab152019b7ae905669be082d8,19226.24122502151,2.1248757945802104,0.0,True
0x441b7f97921f92df3c8a87ecb0bd42141e7843b5,4183.8611,0.5677527000306861,0.0,True
0x4419b9bfde89a44e2510642df5c75c6df856b2a5,423.1032082570434,0.0602325070764081,0.0,True
0x438c94e24370a0af05a7790b2d93a6df818707f9,486.96111271546,0.0790786117333832,0.0,True
0x43873ddee04e41f3acf45da9ef8b49efbacbdcaa,4.062819592263584,0.0005703544410784,0.0,True
0x43445f836842027499c7125f224df2017f0624d2,169.10038554718454,0.0194088285256537,0.0,True
0x4340ef14ce3eece99db423727d2a4e58baaa9744,452.1026011338986,0.060316597245438,0.0,True
0x431f15623676d6617859794f18dc3d0681c9ec00,120530.62612893558,13.461745135909814,0.0,True
0x42fbff25c0237b15dd2966065f72908bd8059289,2853.2483078725654,0.5123824481700625,0.0,True
0x42d4e44136d8fc0a01193a241476af2833139583,180.04068754943793,0.0266150753206859,0.0,True
0x42aa05f4e40bbec329c850c652362bf9234e9cc0,503.1905612653359,0.0620631620232445,0.0,True
0x428bb77b1d7703868e4a26e3388292634e74e0df,5224.5475189795,0.6816365772154813,0.0,True
0x427070e33d630b0476bedba5d53db224913eb946,12559.264754891265,2.271135855682623,0.0,True
0x425b20ae5e06f3f0dde22d0edf56f8c2003c23e1,4513.006785488145,0.7105420831130802,0.0,True
0x3f8aeff69ab1ed4565960aaec13b596ba0f41eec,2000.0,0.3467004820838145,0.0,True
0x42348c6e20856d6bedab44869576ecc4eedb6e38,9298.898967233064,1.0231382307607746,0.0,True
0x4230d47051cf81f931116d1aca42e656fff35255,65731.91832715503,6.9784894492587135,0.0,True
0x41ad3e28f80c5e5c39bec89569122ec69af0148a,661.7197753490302,0.0909224346537525,0.0,True
0x41a91cc2e81b53761b8fb4931882e5620967b118,109.58792821212614,0.0164673796440481,0.0,True
0x4197a0baf914bbb96c5eda6aa28effa37fd384e0,7876.990859828501,1.372722098486639,0.0,True
0x412d1c1929bc7f24a127d828847d6194f617713b,1653.9625492681864,0.2700636240493018,0.0,True
0x40f526bfc696556b02d422dac853b61f4646c3c9,782857.9668223368,114.31923993445093,0.0,True
0x40f1690b0cd0483ab68dbfe1f77f33da20c063e5,2957.56,0.438680002479228,0.0,True
0x407deb6086f24dfd951ed53107efde91e7169d6c,1087.5951449290249,0.2059788108429519,0.0,True
0x3fe5e7579db53b677df2826c63c120f7ffde5155,56.16334746702725,0.00914311381128,0.0,True
0x3fdbbc0e479a544e3744973ac52947c7a11c9000,4377.527075422065,0.5658871494267745,0.0,True
0x3f9f71d0edafedb92045e41137f4a57553ccbea0,234.3842673255252,0.038261771209494,0.0,True
0x3f9c3691f8ad85c7b8b494bd0006cd4327c38881,5567.614899688593,0.7094302373683083,0.0,True
0x3f928aff37633858d4e6ce03718bce6147496df3,8886.171047733576,1.5300720459551735,0.0,True
0x3f8f64c30e682a12e544e435ec7e8015fd302b5b,347.0903261195109,0.0604211526080979,0.0,True
0x4258b7564dcf84a996f28bd244f3c9f2669241da,1161.3760285462754,0.1825201325586483,0.0,True
0x371632f0323a017e8508099f1502b403416d6588,70.07814181426343,0.0091930959295702,0.0,True
0x37160b8a52c2eb7ca3df2e7c4b05283935eb1607,450.50999121807394,0.0784024099732932,0.0,True
0x36f987da605928f41b799231b22e53a0eda30f79,47153.2450297854,8.387356582472883,0.0,True
0x36eaaca5159a1dcbe60aaad12faaadb0fce6c58b,20716.512554587727,3.2220905573098784,0.0,True
0x36970aa0af732d0666361b14e3cd0a20b5c4d310,5856.87212692848,0.8739574717413888,0.0,True
0x365b94ab73ab228544a66e46b90be4deb946a6de,82634.91959079569,11.444068617965517,0.0,True
0x36487f9d9cd2494cad303fda0ab6b339752be674,5746.882297495809,0.8728372780959489,0.0,True
0x35fb327a5087bf230b6b1c44369d0e5d93dd842b,1205.2545408671663,0.1473359517401861,0.0,True
0x35bece42f64f1f4beda18077aa45350c44fbbde4,3766.9537636644463,0.4944627406004555,0.0,True
0x35b01f4d927bf314bfca1489d96f7c5a33902d6f,13036.608525693704,1.7996486326177072,0.0,True
0x359336af889c877402add914126ef3b15bc4a3dc,2428.316225468784,0.3133192300096655,0.0,True
0x3579ed4bd0bd903ac8b259ee96a2de515c8ac956,86.06723218768464,0.0106757305912813,0.0,True
0x356d51bbe4dde975e71db9b375217437ccdc1d8e,374.0051924373661,0.0542229173290149,0.0,True
0x354c5df1c0982cf04a3094ff76bf202607d871d4,1516.660022276916,0.1745372270561057,0.0,True
0x3a73c370a956eb01d1cb296386cbe4003e2bb09c,605.371914970159,0.0914123827233778,0.0,True
0x3507d7ddb72d119ae51924bb51dbeb5bcc7aaddc,25000.0,3.1483347204962078,0.0,True
0x350018cbb9707f6a5ee3d5ba050b831201633771,699.4023412554419,0.0885545301932288,0.0,True
0x34fccdc5e781b724b9640d7ab5c742a00e06baa5,1657.0887465256967,0.2996666935582887,0.0,True
0x34e7f7c225a3830872e6cf72a92404de4ba95100,47792.33194538555,6.096000190470298,0.0,True
0x34c4059e4008a0b4bd1a15e2c83530d767b24bdd,23608.328317830143,3.834425656778586,0.0,True
0x348b27cb8b35bc327ac0845f3424fa3ed50b8278,1945.62002963707,0.2639991634198846,0.0,True
0x3462da7ea23d73a9fed95c1300af4bc5821ec7c8,6075.443564116124,0.6691140871499973,0.0,True
0x34606e4d14bfda85c5f8314931c833755fb964df,2450.6457792625206,0.3315096118129741,0.0,True
0x345da3abed6f1d02b90809636ab08aa5d83cd3dd,2220.5879559699574,0.3935008701868452,0.0,True
0x34568cb6bb15afc4d314a88304b93b616dbde77c,62443.17527536544,6.650402651625011,0.0,True
0x344ecf72b8ee652ec00fb0b3d3586409eb205016,213.7659111234678,0.0232140888412758,0.0,True
0x342c3cf2b246197b33106cebb4e244a6862a1d95,214.32400881524265,0.0357675629109184,0.0,True
0x341587bde6e6c6effbf5df6f729b496923b724a0,4310.342929544113,0.5263734744973088,0.0,True
0x3400b34fc8885c48922fb1199ad52d705c2a99e9,631.5231934496502,0.0880752029826913,0.0,True
0x33cee7971b61de88929ea1b28659ccc6bf5287c2,9889.031992047914,1.4381633154886972,0.0,True
0x352130926f65dd0685497b051cba6ba1310a058d,92.25805705624666,0.0148058695992357,0.0,True
0x3a7272ed9140ce2fbe92743012e2ba6e1164ac5f,4398.744040469253,0.6520291806600609,0.0,True
0x39f55618003b5c0121b14ee35cc59ae51ed041fb,1463.2397419973147,0.239377811955938,0.0,True
0x39d73492b5610f8272202e6995f5435b00e55940,69.46470119505551,0.0099399197813847,0.0,True
0x39cadaa81bfd445964a76959f4adea0d786dbe61,39683.630468090574,5.463522560860504,0.0,True
0x394077c2d58a60a88f2bc58cf420602b1fa1724a,1185.7536535068552,0.1472658003978428,0.0,True
0x39296eca0131f6e6edd1cb4ad2d9773deb541d3d,165.17715498067966,0.0289490078531626,0.0,True
0x3923d6901266356222ca34882587fcdd195a80f0,30.11102940444907,0.004408857067783192,0.0,True
0x391e72f13aa76dd1822eccbe21e500bb5e4cd99d,12235.028839104016,1.7657609243718897,0.0,True
0x38f5475abc178c404d6c224ee55129af792d00f5,19682.370647574022,2.776832651306683,0.0,True
0x38ee3df0e26f4fce54c269b913ee06ba68a2cf55,996.2202698654866,0.115147637010488,0.0,True
0x38e55907e48e119032ce8cf5a7c5d12b8eae690e,1604.0832395362145,0.188024674703286,0.0,True
0x38de598fb927e0e7eeb83df73df6cb7d1e6ed688,4765.595718971745,0.6029105810747764,0.0,True
0x38bcd038bff0311d7cbd2483ba5f60c7f065b394,11643.117163266666,1.608918731784637,0.0,True
0x38b229873eec95576cc635ebba813fb27d5c00dd,4688.4874728601835,0.4820782922750455,0.0,True
0x3899aff9fca5d485b7dc1d07dc67c03d87ec638b,16.727965962031064,0.001923279779365,0.0,True
0x3742ed73b45aecce7f534e60fe2f27d1da64b068,1313.0873729199382,0.1555804291324088,0.0,True
0x3887493f5650b241d8c9f574151ffe451adb5d42,1808.0431009664808,0.2384509188936996,0.0,True
0x3885e8cc884eec52a4664ffb195e505c3344903a,48.43515966031887,0.0066408439112906,0.0,True
0x3842ba5ce382e23b2cf6d61c3a14a6ec95699e5a,604.544823400874,0.0768099227395694,0.0,True
0x383d4ec8e868b67d7f47b92e8675a9f3aba740fe,24160.26303564472,3.301345672461526,0.0,True
0x38251cf37a5d554ab1003e28d39ba353a5388a24,7450.798995964413,0.8179162615346589,0.0,True
0x38151664da1cc4ade5305af94e7709c6a5a0dd16,36463.15997130319,5.409100356444935,0.0,True
0x3810ded8ef3aa5d09c20e0dfeb65732a7ac51b35,202.136798330044,0.0260762847394842,0.0,True
0x3804a85597ef39efec762a151c4ddfff28b779c0,34451.12148678771,3.603990979547316,0.0,True
0x37fa5da88bec39f54f1dd3f2f54c8069be61462e,2.0,0.0003481492580674,0.0,True
0x379d1b304e3a13e674adda934255cea035f656d4,5.766844782828263,0.0009509108071534,0.0,True
0x3796a177d315b1b1035887bdce9a71daa6a8bad6,125.25049685589026,0.0143430025980252,0.0,True
0x378dfb1d0887717f316672dd0050539366666666,1337.206099201999,0.2101669452864113,0.0,True
0x3770e4dee3a7ca1087b893b0722db59024f7b56e,14828.14931014535,2.0237165078988517,0.0,True
0x376d2767cfa0c39fe049caeab371cf691c3712d2,247.9289419816242,0.0404814324712169,0.0,True
0x3765ef45136448712c55cfc338be38e0f920e769,16651.039701024823,2.2904066512407306,0.0,True
0x388e75ddc005e9c50d3b0bc6c29e1a4168b0df41,1651.9555658784288,0.2179170476671612,0.0,True
0x0e2038030eb8d0f489f1835bb01b8e64fdc6e977,18543.863300772977,2.191044833121363,0.0,True
0x0dec70bcab6544543a708dedac8e31800f36f21a,1161.1444928489154,0.1768879926481492,0.0,True
0x0ddbf1a5437a8d8f39bc5fc59fdc923fa184d1e0,47652.3330722195,8.543562706102017,0.0,True
0x0dc63f0181f906e1096a74a26222ac3a0dfd19a9,25.198104126780777,0.0035401880031016,0.0,True
0x0db93f422176464a304796f6b2089e0b3d802a5c,3063.688218111092,0.3361770037179595,0.0,True
0x0da492cd26580d9bf9efb2a57e511ad9c8704895,1085.0640060742885,0.11467265224701133,0.0,True
0x0d4d3b718bc17fba4c1e44ac51bcdaf7df9e30fb,101.91953984131769,0.0119134653667343,0.0,True
0x0cf932c5935366469946a9e02d05935e5d7aa776,241.95254748734456,0.0340604665943382,0.0,True
0x0cf2cf2f37a42c66c4e218392c63ab3dbe442c23,1109.537539575125,0.1994533255491053,0.0,True
0x0ce86c68da81e719949be022b3d9934615f9fdd2,31096.59833556578,3.202380398383271,0.0,True
0x0cb62eec26b3bc54afbff7be330f5486cd5d9426,2250.8781238398283,0.3154581279315199,0.0,True
0x0caffee48d97e3675818196d9494a231ebe02ec1,1052.0155371706974,0.1817918344375288,0.0,True
0x0c98d24475772806ec059f5318082398f0834478,273.20246563294563,0.0370556592607218,0.0,True
0x0c7480c4bc155589de70a2faa527e5f393e8ed32,400.0,0.0546933138913065,0.0,True
0x247ccc8808e832ed2d559ffe6685a1cc5ac08db8,4511.980603600732,0.7106336997395079,0.0,True
0x0c1a43d61dd08bd240cfc17b91b5badd285d26d5,1461.4264894062933,0.1662526082495151,0.0,True
0x0bf17af03bfc7a44a5bb80419b323271bd0155cf,14633.320476595194,1.5270709395268272,0.0,True
0x0bb28deb686acc95b0fcd92ca55de88c00f55e29,2320.577270305347,0.2544105197438055,0.0,True
0x0b9661026455ba2dd66775479c71cc466a2cb980,149.31975691864514,0.0177270641566,0.0,True
0x0b65bca644e2d8eb83db69e8439d731e3a24b968,657.1033402438925,0.0682923266661887,0.0,True
0x0b5f74d6af6af370762d1ef5f679160180353b68,94.84183982276708,0.0125462422426312,0.0,True
0x0b3d2fde374357ddd27de3b48900a22438932ee1,17.12354594119271,0.0019012946151064,0.0,True
0x0ac35ba3684bbe85e3fb857a296bd56c38d760a6,123.69228194312856,0.0201852547846201,0.0,True
0x0a428d982d3a2fcd7097e3bb36cc329367c7fdc8,5782.822466681759,0.7674328628920272,0.0,True
0x0a2609dbd9c2880086b4be85360139eb41b0adc8,1800.9429121036735,0.2386985229269419,0.0,True
0x0a12dd71aa4498ec05c2458330d97fd24d3f7210,3684.334574298831,0.4876963549052742,0.0,True
0x0a05f742d71ae5e0b56f88e2983e5b6c03d31f11,38111.3529952228,4.338464745291272,0.0,True
0x09eaf3a9a801380aae80ebf0a876122c152fd37e,663.9967144898849,0.0901451438025759,0.0,True
0x09a71d6a42da1c135c6f54eea7900d923d909aa8,18641.6375807893,2.643668780794817,0.0,True
0x0987624fb504f6c3e469b79212b9f0a888cbfb8a,636.403999960247,0.0960269979379564,0.0,True
0x0c2a8e8bc8b54cbfba08683bfc124de5539bed42,51.95166940370914,0.0076984050335343,0.0,True
0x1303db2ebcec8ebe990989f99b94ef081507e753,60365.22433484625,8.772777701002141,0.0,True
0x12b34653d8665d94a9730cbe11e9b3acb432719f,8067.3440921435795,1.0981339171169318,0.0,True
0x12a8ced406cc8ae3cff19e6ae2fa6f88bd840332,152.53463034897484,0.0173263939988946,0.0,True
0x129f47a69ac472a34ba6642a3c180cba69743559,674.6500252993001,0.0822717835906462,0.0,True
0x1290e759163d7c60baaa2d8e2bef3e96f45fc9a0,129.92226800079868,0.0220735086160402,0.0,True
0x128a2f8f2ab84adbf7777de0542f8af7fede2529,698.9435814878502,0.0970202210706088,0.0,True
0x11eeb207111d7d909400d8b71ea09e26dec5ba4f,93509.56410077991,11.75139567089183,0.0,True
0x11e1fdcfb680ed1e71ad336adac324d37202263c,31731.02385888044,3.484033408880186,0.0,True
0x11dd408954faf2b78611de3e2b5f1d19901d54f0,11789.083998783211,2.155040905085069,0.0,True
0x11bc74e240c13f7067529b21dfb9933ff7fcb136,59953.1391972115,6.797823803490324,0.0,True
0x11ac8bb80c6024b32f7ad90aced84ee1b7ff7262,663.9576707662058,0.090135524791808,0.0,True
0x11a943916a0f4b99df1f9f64fa67e30c0d919f32,4620.726102937036,0.7385708749350073,0.0,True
0x11a2893e19085d250041533603d5793c1a55a661,130875.56852112117,18.005151386347336,0.0,True
0x11980f54c1b5f88913f14a48dbe8f7a32888fa6c,176.06341021167793,0.0279133051314531,0.0,True
0x0e2f575b1783feed84e3037012c4a6f07f86456a,6640.557009657859,0.7930018755071492,0.0,True
0x11645b58c83c92e59dc11be5ecfff820b539497b,2761.6276113647705,0.3708579888010728,0.0,True
0x11633a342e232ddbbca7877bf2f2a8ff0ed9506d,30.10576159706014,0.004420766026394014,0.0,True
0x111cb00b8da7be111e294a2a1889e4bb9c431ff3,54.98963851297052,0.0080382319573684,0.0,True
0x10ace80a54f7fdd5963623d23178c0c330fb373d,9055.291140175825,1.1890829177966882,0.0,True
0x10689376bc479a58ddf89993733792752e61751b,2187.9252276901693,0.3598451853157737,0.0,True
0x104b42a20aa2298a86737e9d2b8e0981146b1a0f,710.0086103466283,0.1301259285725621,0.0,True
0x1041366c0f67097b106dc13c9fac51def8b13b9d,76.32280027143076,0.0123895733294593,0.0,True
0x0fbe515859bb68f245a80b45471699ed84aab2c7,63.49954572052334,0.0119061721425827,0.0,True
0x0fb577b206f32b379586b9edeb97be2766ad1b94,4203.933653676277,0.5618414868679497,0.0,True
0x0f8b161f9f8611cf28d50494c9d68d8d40027018,415.3061007836205,0.0562098181538037,0.0,True
0x0f62c4c016608b4af21e247f8d1ca034461f04ed,140.82660335443936,0.0208194732810252,0.0,True
0x0f51de861eca17fd9eebfade18ead4bed83d93e0,482.75056167563474,0.0784528256552033,0.0,True
0x0f06a03d40c35bfa688780938282d87e5e2ea31c,161.46278695258113,0.028665556443311,0.0,True
0x0e859fc08f2159b49945c3cca087d936f04a0a7a,1114.9558343230856,0.1745956071149489,0.0,True
0x0e727c5bf7156e08dd9f2e2a95a2e61fc12a095c,6711.373979121786,0.8734914931204883,0.0,True
0x1194a5241d4fe6c6182b4b48c20d7cadc0c2cf24,5005.920000951148,0.6503703054017584,0.0,True
0x03bb9f20451c3c99ef48c6e0eeea330fe3a0d7a2,141.42342949608252,0.023133561511962,0.0,True
0x03607e70af9c14f5cd88e162ea5fabfb6af23053,20518.20255498795,2.7908279024069027,0.0,True
0x035c2b7158560666012fe810a423c0799db7b7d3,9049.17332793554,1.3608280348645323,0.0,True
0x0339fc776ce3828d07820f979b47d46026071dbd,281.5809288898218,0.039572404672367,0.0,True
0x031c53b39196bf42dfb43bae1a828d01a2108c18,248.99828126543864,0.0313992198863116,0.0,True
0x030002cf8ff168d3f05427860104a78117f33f3d,31512.04099924492,3.5884541392879052,0.0,True
0x02b894f94fc14c8469a6ce62ac7eff9222dbf433,84.99711252491916,0.0113028821787623,0.0,True
0x02b0c14d2c03852ccebd1b2e66ab3c075a57711d,32684.42447186668,5.134058503340658,0.0,True
0x029c9e353b8cc4f39d7335346d2961aa863c15ba,2088.5507366776446,0.3424368344844485,0.0,True
0x028facc04c63d3b558a90b94aa8d4fbaba909df0,1190.5198781019603,0.1310872823053698,0.0,True
0x025b4f1937c879c9232c6bee2a3180252cf1681b,6439.350745363115,0.8320892946898025,0.0,True
0x023ab8e20a4682d315daef4c91db96bd77934d66,23691.15062896168,3.231643616572465,0.0,True
0xfdf857043032b1156a40a150b24bf0c2243a0380,10542.115366796796,1.3680215027463334,0.0,True
0xfde10b0ecdcf4d4137fedf25feb3bb752ddeae97,597.0132175935416,0.0655056245168984,0.0,True
0x098489bbf0c0916cc25c0691928e65a32fcb2b82,5992.44074796767,0.8161077213933892,0.0,True
0xfd8caa0ecfda0cd681e8294cc39166485d97b423,8849.720395037572,1.1621213860058834,0.0,True
0xfd6d4817b6c3c35c2e857d965d6895f4d0a756b3,386.6770138531245,0.0466819321211762,0.0,True
0xfd5c301dca4f200e66add26f5e16cbfe05e9bca9,175.4030809956291,0.031284171058354,0.0,True
0xfd3bd73b200e11e680242c29458403065723b23b,352.3974837574476,0.037119842878643235,0.0,True
0xfd248caf057aa39230500e2ea33f01e41871f408,6856.391016769956,1.1438992424932384,0.0,True
0xfce9751705601165d10976c0a9361e89c8b9e9ff,1918.6694223851337,0.28796070422422,0.0,True
0xfce86e6a615b40a620b1a666ff4b866cd273c476,3407.6,0.518102255664718,0.0,True
0xfcbfc2f397b0f43861c1b48cf11eafe401bd0ac2,1474.969567458955,0.2179707941411909,0.0,True
0xfcac324cda467e409c54ed6952e867247f3f71e4,564.2725195506464,0.0916926731814612,0.0,True
0x000004fba09dfdd43f6e1ffcb66d2e3c802f17dd,308.88036951297187,0.0485405317504422,0.0,True
0x0239a36cf147fcc256d90630bc7b9300802ac90d,8797.362075562985,1.300332214187507,0.0,True
0xfc8945ccaef4b6b5d7a37e2394301928e1807b88,195.72547853923075,0.0219283166545707,0.0,True
0x00974e6e260b0243ddc57420850f843686a03566,43735.90427551826,6.655900873122581,0.0,True
0x008bac045a4220bf6755564c5ea2e1b271eb670f,316.71506742002106,0.0424898749115436,0.0,True
0x0076037c24542d401e03df0cb5ab2cc6caf33a52,73.53263991778645,0.011208134426324,0.0,True
0xfdc0d5bac28f67baff2d06885eb961512ce1ec28,1101.3979344355494,0.173909351248476,0.0,True
0x096b42670e796c77ea62927c0ee19de211189630,4445.6627881577015,0.472279559953155,0.0,True
0x0940f4875ee0c1fdafe8702cb9804fcdc3427ff6,326.2151091977124,0.0394990096933884,0.0,True
0x091cafe937cc446fcc45a87fcbb8d55590b862dd,476.9194370246229,0.0603486534701342,0.0,True
0x08fbb59b0b546ade04111ecb44c428dabdb1631b,86585.60924837527,10.281637391789857,0.0,True
0x088a10eaf9492b539fe4cbf2d613184f81638b70,354.23625590896137,0.0411947965739545,0.0,True
0x0822e5b5ce8b1ba7f5a113a74989af7ddc744004,84907.21836024603,11.117717675925022,0.0,True
0x07fb753a79177927fa871eaa6eb1ef60a00d3473,3.943579159267691,0.0004780011230047,0.0,True
0x07e442c7f1c3f90141fe21fc90745f8309e344a1,729.3164840797847,0.1161415838371436,0.0,True
0x07e188fa06c337a933c34e15dad1d54efa7a63d9,14250.361544756865,1.6723315780087746,0.0,True
0x07b82dfb0a6570457cc242cb77002dea9f322f86,367.5359772763276,0.0582704971915513,0.0,True
0x06cd569591c76173f2fddd17ec4f54842ecb2cbf,2319.616059468608,0.272746335330391,0.0,True
0x06508aec1e88d621bdf1ed6d371bf36e41aaecb0,696.2490976023372,0.0959754026304884,0.0,True
0x06299f49ebffda9227277e10c61000b5599ad286,259.35144543171424,0.0411249226415394,0.0,True
0x06273e093315937340c11bb4e1a81c4cf2bb4b01,6987.253491915631,0.958454809905428,0.0,True
0x0600902b1b274b5d05dbaf994c6d3894eea855d3,3337.62253495299,0.4307674281275744,0.0,True
0x04212f4f389a4c1b08ebe9e918bc41d5e7ab3035,402.72258384595216,0.0457449673582366,0.0,True
0x05ecde3dab8971a81137d3c31e0c6ad984c36d97,1434.347075198726,0.2074566433266406,0.0,True
0x059c04282a5c3cff8406df7ecdbc3631fb6d004e,6884.44214977281,0.8748861289195826,0.0,True
0x05583a1597de1b5589f0b151e7b93d0f489e01b8,3030.027360056109,0.31475601716606927,0.0,True
0x05426c94dcddf633f7bf782647279f3d9d99d432,10556.613361340977,1.3895586938447406,0.0,True
0x0531ec624e0d32ca1b09481639db9f8eddbcdc41,78.42597640794605,0.0088608009699668,0.0,True
0x0531bba1c1d07ca243c6cb20455c3236ec850b55,8930.841845666257,1.2101532433330324,0.0,True
0x0506dd6dddce43ad525d45b05e5a90cd00c27693,1302.0170220087412,0.1835264324656697,0.0,True
0x0506ca379e2c41355c5e65fb8a694bd3bc099c88,3684.104332584848,0.4876619390155081,0.0,True
0x0505bfed047ee63796da81a40061136c918d7ec7,1.7761405553439793,0.0002169903910291,0.0,True
0x04b244f10d790c62577fce3d4d835be7de6e2184,6055.307939880192,1.0521160467057613,0.0,True
0x049d65a55241af476ccdeec0757177ef83db1016,3131.256945724635,0.5448882914354266,0.0,True
0x04920268a7d94396fa8c7bd13153167d0f21da33,1238.4292985456673,0.2164311959181483,0.0,True
0x044f9b81afc417db941715a0aa2a78429a876f19,334.9672233556022,0.0583124000979844,0.0,True
0x0438e83a132f6bbc7cf3770a783ae6b33f5eddfb,439.6696700118653,0.0668821921514392,0.0,True
0x0437dadda60493c6b8a4c459ee45fb3dbbe4d6ae,345.1189600014485,0.038017442552848,0.0,True
0x05f3ec8b9ef6f74a6db57dfa188701df28e9438b,1716.139434656875,0.2250161528383722,0.0,True
0x201dbacbee817f1a0f9948dfdd689b5936bc1268,98282.91611364612,15.853190018168227,0.0,True
0x2015a4b620c5b188691ca745eda51c2382f236da,12558.6609534379,1.3910340626966036,0.0,True
0x200aa03ac10d6063e7202ed26c05e1aee06cb851,6.003819878493561,0.0007573407387584,0.0,True
0x2001fe5d4483fadec5772f4927a278ea44d450f5,1323.2090489382003,0.23951018030322388,0.0,True
0x1f75e5db8563b4286e06483e4d0e970a1882e84a,1119.7292031300046,0.1351725550198435,0.0,True
0x1f65f8102f4e93503390bb3ea03a80ab605f0d64,442.03242785079897,0.0536270436603467,0.0,True
0x1f4c68078cd3f5c7c26e85f153e3d2dc426b0887,3168.943730689399,0.5147279104647121,0.0,True
0x1f1b1f7b93e60cab5c9828e3094ae44b84eae9f3,537.5219584411398,0.0591933694450199,0.0,True
0x1f15b2d09c139b12ba916009d6fbbea8ed576a7e,26901.14185013089,3.615402091151698,0.0,True
0x1e98e8075c6e7aa1737d67cbcd57f9143b4c961f,11.390011316596114,0.0015461282789507,0.0,True
0x1e7f59d2bce6817bd4e292baf312d20ec6a7a295,11677.946158297314,1.4762900769390983,0.0,True
0x1e467dfde1d23b54d74333fbade18b1902f07412,67307.2378320366,10.141411671695575,0.0,True
0x1e2d8a984bd0dbfcafd0f8607fab7cc5f5106197,60452.71054758185,8.724975038131923,0.0,True
0x1df407accf8466857e7472f63db096e31c4fd4ed,1340.0822541349348,0.2208029715611025,0.0,True
0x135413bb6883d648c4faf261e7d3a9e6ede740a1,15127.780288179303,1.7896139348276523,0.0,True
0x1dad9c3f3e5ac6c75b39f6799ff7a63971f8b2f5,3564.1991201945466,0.3758371374187766,0.0,True
0x1d97a8f4dd7c47f6dfa20becf1d88d03709ebc1c,61.14671030124389,0.0091307797181003,0.0,True
0x1d7e5f97d7ca2697177d57d8f3a9b7b458b8e9c4,474.99496010839727,0.058159778933775,0.0,True
0x1d5c174c750a9b1f5c48250508f3938c36e05ab4,169.5077603689198,0.0245247116126703,0.0,True
0x1d4828a230c21d1a2af00d79b29653a880050b4f,2157.617408696356,0.3523296509112338,0.0,True
0x1d3ec927cc89557d7854f616e3cc964439bfdb26,60526.08071364297,8.748892397551977,0.0,True
0x1d3dc61044712441c35637279fa1a9b613335797,339.77435961593966,0.0417915890920256,0.0,True
0x1d33f13f2c3a1030b4175edb3148df01ea16c0d1,11139.7459304905,1.994969180565784,0.0,True
0x1d0ad177f9f84ae0abf55b0ceb2fe234fa97c805,50.60184706492965,0.0089879817064081,0.0,True
0x1cefeaced3871df1cf606899bbfffff3c6164325,63998.539862520935,8.671162243829595,0.0,True
0x1cb6ccd4b2c5b4fcbac0e042668d8f1df378e944,2576.6527255779665,0.3922070767993384,0.0,True
0x1cb5ffd2fe0bad6564994a8c920b2ae612bf2ff9,2286.145326748131,0.385067308722471,0.0,True
0x1c6031b3aab134fa8dd06941131ca230af08c77c,26423.263182783292,3.5548228559905835,0.0,True
0x1c43925835ea30480e36a8288dc7ec19cd822791,71.13884407674027,0.007270487623804234,0.0,True
0x1c403877006f2a0f6a5989a631d1cdd731a15bc5,236.83667096208035,0.032154450730564,0.0,True
0x1db3c6a2ea9fd77e533564f1834b30a382d6a924,1230.389580895175,0.1348954368629894,0.0,True
0x247887be8d9cca3b8b204f285eca97fd7d628d19,1715.8390284531376,0.2248949039600082,0.0,True
0x2453303a863443ea994ec1eb77fd870b2df69a67,996.2572614316986,0.1130427297004521,0.0,True
0x2444429b617062858c0b789608bf0e9fae313db3,366023.04194185307,45.47144899155034,0.0,True
0x24278276a6482a0a980170ffd19ab5b82e25df89,39415.97406553673,4.358779710421916,0.0,True
0x240cc1adeef02eb889a57e4253652673661c77d4,2254.6160583812098,0.3059438682652052,0.0,True
0x23fc56800a4425cfe6cab4ba863f4305d08529d6,387.132689185549,0.040908108309662995,0.0,True
0x23dc7fa4de581b3e62b6c51d4bcbc9f2e1515e8c,11635.14854288525,1.4160386227151496,0.0,True
0x23c8835ed1f1ba29a22209fde6c239524c9160dd,515.6071815719149,0.0776485592524606,0.0,True
0x236268ad54d356590e6d89a37b2d3d2499a0d7f5,110.53224037372148,0.0153765071543916,0.0,True
0x23041f2027a730c6db55482412f36aa469ca5468,11598.066924270586,1.8911870396892638,0.0,True
0x22f25c08cdcc28f1e86e9c547ff78fa672f07b3e,7596.97505319737,0.9261352128270668,0.0,True
0x22ba22fdb707e983bdf5756c46e36b96389f61be,30189.428614855824,4.362076931336444,0.0,True
0x22a08747cc31ae9f6ba316f3dcaf96d9a4ff94a4,7522.354232173958,1.2278262748796545,0.0,True
0x22593ce5b7193336af30905a14527f273ff2bab7,8307.585558106633,1.4498216104415056,0.0,True
0x2042422d4d132c462e7b1693ced1457538810e3e,390.6562403589027,0.0481722474705373,0.0,True
0x2229698be33202137ba212ed6fd6a01fe505f67e,93.78595167409048,0.0118454730370679,0.0,True
0x220aac56890e2a23e325c009584bbed39056774f,3573.0183152275026,0.436759968856043,0.0,True
0x21e9da0bef5f5cf2312a36bd24c894257db553c8,4579.34253941192,0.637760451724811,0.0,True
0x21bdb4fa880ad7f77abf26bc0820232089c2b7fc,86.57626093801764,0.0141612430173451,0.0,True
0x21a20649f61eb5972e1115160ed36b7467dd236c,2926.215675957781,0.5033501417637813,0.0,True
0x218d0bc869a0dbe8978a985de25d5c5e71f084ac,179752.73694507102,25.42587428957892,0.0,True
0x2183fed06aa521598b05e041cee8940f60576d28,1.0,0.0001168752615945,0.0,True
0x21412bb5fe7d2bd77df39820cf80f752eab0eb88,14407.0,2.265834420944998,0.0,True
0x21376161d77aad378480dbe52a041ba73e4b444e,3684.095235078264,0.4877890657494867,0.0,True
0x211814515634661945568a0a169129d73561fc9f,1802.006251739814,0.2654728404332035,0.0,True
0x20f895e3bd0092eae7a9937efbe67c4e7d218393,4851.940327658261,0.678410960610138,0.0,True
0x20f690fec5f58ec447b96fcc02a314143fc863ae,524.948717485028,0.0675177250022845,0.0,True
0x20c3c770fb5475d48b0bd1468d75416ab0184fb5,1060.9329509095573,0.1126847897676373,0.0,True
0x20c3310de35783e43b819b57e37ae415b6ddec51,3066.962860757351,0.5380379879678922,0.0,True
0x20c0cad5e374f346b6d689a2ac6e622359682816,7171.597301164027,0.9279469278184934,0.0,True
0x223f1e254160c0ddb5bf0d98d34b836efbdf4863,610.2441982820354,0.11556350146818,0.0,True
0x17c40dd76a02dda4bd3ca85295b7e5a357f85a58,63522.432227930934,8.561197481713368,0.0,True
0x17bb1b32dd3fe30858b1350ac8486d73939b2ecd,241.92365948041063,0.0376107326212652,0.0,True
0x17984f1fa4400b6d0ea3596d6464b850d1b34631,2464.077359200742,0.33479286309031053,0.0,True
0x179846dd7ad0990bf4739312791c9df38cfa0d10,325.35001003077434,0.0414482760924293,0.0,True
0x174642787adfae0f1e07ed6a8fd7ab5fb8bfdc4b,2560.641654572245,0.3282710870772801,0.0,True
0x17266d62101bdc151728036bc159d6ad9ea3554c,553.2663902110396,0.0881783906994038,0.0,True
0x16be2a01ac025108c10044b3fe89780ec90a6d90,512.4710469498784,0.0722725670347035,0.0,True
0x1676bc20455ed491eba07b1a8e9123579434c3a0,433.7880023166729,0.0584705430230974,0.0,True
0x15f578d55bcb1f200222a8e0970bc7f642f70ffc,25350.826524835593,2.599229884113163,0.0,True
0x15ef4b1c59ed8856c986f59282ca14830ee9e143,6452.4454768357,0.8199585664259316,0.0,True
0x15ec484c32ed55a9c169a1e4f5a7c67ad737e593,92.65456555006529,0.0155866844140691,0.0,True
0x15e501c7c2de32cffea5842a6c7fcaccdd7c342d,10695.01470246684,1.9000436811722008,0.0,True
0x15bc11efd27a0e39b947c6f96cd02c5cc8f23f8c,39253.343243054966,4.716303310598532,0.0,True
0x15aa27d7454f93c700d183dcd4c3235526aee30a,1059.6154997805857,0.1490386054037194,0.0,True
0x1c3eedd0a5f576cfd88303a0602882c17c646cdd,914.5957560355896,0.1030329266283285,0.0,True
0x15470ac9dd7502323ba5cad584ff2aa0db6ba748,8538.76690858704,1.0319201188297311,0.0,True
0x1526b5c2fc6f66b4985715c46f19b69b8daac586,659.5151919698492,0.109004395589673,0.0,True
0x151f5fc95ccfe4f3f29ce50c345b221ddbc33901,2283.0248367796385,0.407969487580303,0.0,True
0x1510549fd9e32b51cb417a828707eceba8f61749,24513.396456378206,3.2828860318849253,0.0,True
0x1504f42d4d3ce2abfe1405c403db3bd6e13f5e02,4614.938634526615,0.5770917543808598,0.0,True
0x14e3929818db1d1fbc7ce05d4ea41d3948100f40,743.0171939010022,0.0976273225256173,0.0,True
0x14d557212d44165b82c0ee58f98df693b5782aa0,34027.09699621048,4.86544234223233,0.0,True
0x14b33822c8bc5689e4130b0d3fca676674fb6718,988797.5418197432,114.50991916883511,0.0,True
0x1482552c252240096d6bce6f45b6fbf61217c6df,6637.849903944479,0.7003950516660731,0.0,True
0x147072f7d75d7e055e1c666a854fa5a07817daed,31.330053656017984,0.0036735627895848,0.0,True
0x13f7c86f2bf36dab35a75f0232e49e833d13bad0,113953.01409598798,14.643004342542445,0.0,True
0x13d3801f43e944e72cc8bc47bb878b932ea637c9,25.22791603881173,0.0027915649779236,0.0,True
0x13b524a1f91ae519c5f8826c0d502d89a2ca6c0c,37140.20469280076,5.130222918920252,0.0,True
0x138ab382c889add23de09a78fd7a75b9b4fe5c25,920.9075772358884,0.1477753177671074,0.0,True
0x1387078be4d40daeaad1c4bce8200afcae93b835,16705.530572281015,1.7080707132615658,0.0,True
0x159dc25b97d39d971acafa0512920ba035acf841,15.540330956018444,0.0021222789830505,0.0,True
0x1c3becc3000ec36300b260cdb19a67e02d35059a,29357.299436011504,3.419986864936442,0.0,True
0x1c25b95fa8f0f0576654de9c5878d4afad946523,7259.965486562473,0.976755692472289,0.0,True
0x1c20a623e9b37d17397eea513aa1afe2fd26c775,18.091399748884587,0.0025082511008494,0.0,True
0x1c0d8ba9a7c5351549c587b4012b5b1dd927e57e,2987.60392588646,0.3913592464901295,0.0,True
0x1c0a829df11fcc5ea76971da70cbb185ed2f82f0,1854.0938262600491,0.3213395190652207,0.0,True
0x1b93b9aedbd252fa1bb12226212effb7796796c5,107.0885601752799,0.0163291537671484,0.0,True
0x1b8fc59da56ed9da095d2a78ccb9ff69c8a3ac68,57.54340709660875,0.007894938005384,0.0,True
0x1b6dee709671e7ee34eabc6822031c39bcca9623,216.12857280498918,0.0380167847729668,0.0,True
0x1b30f0a3e7fb54211ab31741a2dc58725157b039,3479.8367660620365,0.605751312288961,0.0,True
0x1b162b63891e2328177eae76944dd3fd0ddd004b,22.26244352883905,0.002807316597692,0.0,True
0x1aceb2f52457c7a4868e6759bd493003d5e1dba1,57435.26341705967,7.493073520792885,0.0,True
0x1ab7727e8817402069dc0a2c7d6fc25e76bfc953,78.82554283840366,0.0088229092541604,0.0,True
0x1aa56df48969e4768088ddfa9e421abf2bb1ebdd,39667.783042651725,5.534931915388852,0.0,True
0x1aa2a5faf6a74c2455072a1a17eca0ca5f217e04,1939.9273904400127,0.2090932394160245,0.0,True
0x1a8f1d918b2de1bdad984fc60a84c8c7217f08bb,3615.316219853603,0.44904521891652,0.0,True
0x17d393ba087ebd66e9f941998112f688b9fbea4c,89.00960643229129,0.0107218280167723,0.0,True
0x1a4f3457d505d617908ebfe70e35c82ceac694b0,260.46248508125296,0.0361910929753434,0.0,True
0x1a4dc10f0fdb85799519bfb93a67c42e075b1a9a,746.8516088492548,0.0872629905374489,0.0,True
0x1a442d3869a63b4e87253ab2d1e58c107b9bed1c,12134.401706607996,1.3280788680221751,0.0,True
0x1a0a0a1fc4b31a4892441a2d1c3ba7ba64b74009,389.7462928669168,0.0738394341999954,0.0,True
0x1a03830b15b77d3afb96c17d3e04fa2aa7e10c42,1541.490709668464,0.1691012480026043,0.0,True
0x19a45b8dd53a7e42677ee801b215e03c4cfc59cf,249.6633636361132,0.037979133089679,0.0,True
0x19a36138f4da7b57791170e922ff7e26507580a8,333.71571044233826,0.0463122543634981,0.0,True
0x1967b8beb660879c63089ba2933783bfa5ae6c6a,57.548017302630285,0.007025739096301,0.0,True
0x192006caeb073cf2ee94fe0434aa03601efe9a08,8262.286032606658,1.0196980232055348,0.0,True
0x190e88132cc203cb9730ccaba14b41bca95722a2,207.3759959799532,0.0276567041048258,0.0,True
0x18fbc974b7e504651fea7848739c27aef30805c6,24027.98841443482,3.247429942626102,0.0,True
0x18e40158f00a3190d7f2ad0abfa327659fafdc01,684.2104775529361,0.0905367627348298,0.0,True
0x1886f0139b6bbe917b2b3c7e42a8155694ef7b48,86527.78047126294,10.275616759761851,0.0,True
0x1836b1157eaa7ab8a9634e3896d3e017b8b4bc55,327.48146051386914,0.0608355081446,0.0,True
0x182e020bcef142c4cd639ce7e17dca98e143ddc1,77.39383928985085,0.0130889369976517,0.0,True
0x1a587e89e181813e5f57815535ef73321b6f9375,8833.9639725023,1.274733496717645,0.0,True
0x760dabea92c16a5c895b969de21fcbb0f10b6365,773.8316095371309,0.1056680475932436,0.0,True
0x75f51986952e17ed1d742b92eea35a384cc68538,7093.941359492342,0.8451254922895477,0.0,True
0x75da2a42b9b869fea9066a9d12a6563b542406ed,6.31460035954696,0.0009398001479141,0.0,True
0x75ad44c441c93cd309840950f50eaa6e650c2fa5,2290.3411369767136,0.3485227974090327,0.0,True
0x759dac83761f77fcaac940f8dc144c8114a8f8cc,6625.959859469875,0.9608139414501006,0.0,True
0x759823fecce8dab63eb73ff2e5f9f2aad21333ec,2235.6169824615963,0.3254129401212329,0.0,True
0x7582ef2735b63639b72315d77f852ac4d8fd53c3,978.5994887138696,0.1240789050141467,0.0,True
0x7575f77b979fbdd62c57010280591f911b8861d4,63.536321787074456,0.0096758629691309,0.0,True
0x7563b48ccdb1dd4b10b7c7dffdaa9b589a7491f5,4162.054444178585,0.524678291869979,0.0,True
0x7558cdaeca96325d939483d2c7693df5e0c2de02,28.192860324065112,0.0033636626010726,0.0,True
0x7555273406b6fe404f4e59b8c5536adf8fbb237b,6244.648946326572,0.8996562389106707,0.0,True
0x75409b0f83cc80ac3cb8042d0a169a21e3c63c07,11101.440227999994,1.3866495828592962,0.0,True
0x7501f96fd9a57babe1ff34b66a6308ec979343a7,1267.7386832140303,0.2206515140564613,0.0,True
0x74dda631c760a653e6d706d85a0823640c2044f3,7748.559199051378,0.8555808064472631,0.0,True
0x44845bf8149636c5fe65342d68b7d45cb51a03a3,6036.261289960117,0.9420317184262258,0.0,True
0x745415fbc09a48deb7a7e8be91b3aa3d3c4a1f3a,45504.781029340025,6.844162291725541,0.0,True
0x741ca68e72b0b69b5d942f2299655c1aefedea4f,26274.264328043853,3.534297835505852,0.0,True
0x740f36171be3fc7cf3437292e7872dbee411b654,60425.235623709355,8.720684684090468,0.0,True
0x740b6471353211a1afada68f092a3b43d495c6cc,11994.699523733743,2.1452296856188946,0.0,True
0x74095c9d2ac6f7c9801ce0d6a314c54a2a9aba68,443.6068746105538,0.0773707941563749,0.0,True
0x74080c7e2ec9de42fde8ccd405fcc1cf25a03dfd,36.3270351475545,0.0048298285269037,0.0,True
0x73f1a2d09b00647c24e655c2c6a368cec2678c49,563.46750083214,0.0735412606722963,0.0,True
0x73ec9a0c4d5431963ec326e18ae4634996a3aeb3,30.111163066594102,0.004407981646659014,0.0,True
0x73cb89e0617709e4189827d222ef8f40cba5dd5f,123.95404409579768,0.0210481989572908,0.0,True
0x73bcd314ceca8435fe9580b10599ad39ed6c059d,1696.931091208684,0.2229835700185328,0.0,True
0x73976a95bc1746cd5b3c1fadd0ea35860693bedd,41773.818971229375,7.425589296351824,0.0,True
0x736ffb2c736b921147c4b3b6571ec5a65d672adf,113.75084471218108,0.0154418043053327,0.0,True
0x734e23ddd71f320c1e5e2e4a81ad657163995eef,29781.34896887013,4.487881940795496,0.0,True
0x733c3a8c1a75eff0d7fe221675cafb27c5999199,4771.657990856868,0.7872051943874051,0.0,True
0x731092d2e03e60795c127cafd645853c361b2afd,158.07172570367692,0.0199832095168567,0.0,True
0x74708abada2c21c1fe66714cbc0830650b671842,3393.2589476740686,0.6304357450862302,0.0,True
0x7b4bc375b5664f72ce0e1ab5d1ae5e05003cb410,733.8939569625747,0.1144974888703889,0.0,True
0x7b20d98824d033df9b44bef56615c5ff0d810f50,18951.616171446687,2.5047368148213,0.0,True
0x7b0d1e53c49d2ae5e6e361067a69aa12065e3596,1861.6888116045427,0.2542604441083682,0.0,True
0x7aeb860272506ad5ce893a79369adbbc5a3fa0a4,2223.8566969948765,0.3628337206278359,0.0,True
0x7a9fa555dddc3ef62f3c2774b50cf56bafbac66d,334.9768781642783,0.0583156777306654,0.0,True
0x7a18a778ff7eb382b7aff1bd7b2e0d6567eb66dd,9299.143122202053,1.0795850032140004,0.0,True
0x79e5ea3a20e9905661ab9bfa8c0b6ca3a3af869b,26876.03037225686,3.619078928093166,0.0,True
0x79b9f1b9d2714569e5a2ef771cc003fd9b666008,36570.00329831638,4.766356173792039,0.0,True
0x797e8581315a74c55d44dc67fd1ef388a4de3952,421.6841233531324,0.0640555480590894,0.0,True
0x7965127533f0e6d56effff1f3c44e8aebb95982e,976.65874791206,0.1298124506617127,0.0,True
0x79501a47571e38487785b2519ba7c6e6a6e28ac3,8388.34054957291,1.1380857797127408,0.0,True
0x794d19f8d95292e27555dc5b46aa499a0e3474be,654.4882381723721,0.0885838024112247,0.0,True
0x793b68d3d57a51681ac93e30a06946115b3ec01e,17091.27795666064,2.579469975147813,0.0,True
0x78fc644c3e494ff8bf6d80e4f08edaa33185d15f,598.2296931026659,0.0946397040364881,0.0,True
0x76475295f23efe2a7c3edeb8feab5ddeb72783b9,11654.349644427253,1.942014219636707,0.0,True
0x785ae2337e816a68b04a5ae5cda9bcaaaaaaaaaa,9641.316835054873,1.297496680225772,0.0,True
0x780d292e298873e88e91dc85a0d3bc74f01d94c9,6653.192042948824,0.8549561809435025,0.0,True
0x77faff61f32fb2b0952b301ed17b5f2d92d9af71,1191.1294825953792,0.1485338833805544,0.0,True
0x77d2d0da7e92ed38426ab964bfa35e56d3572ce3,1244.9666405033531,0.1624655433981773,0.0,True
0x779ba92cc60f74c30fbde6d30dbdf543c686f909,52799.15576615183,5.823857881334785,0.0,True
0x778eb44862fab41ec30872a9a883bfe207c1f082,214.43002141555095,0.0265273917047441,0.0,True
0x7774d54e02cd12166df95cb033c1e51e4f72ffff,500.0,0.0792397376044579,0.0,True
0x77619274c699437e043fc6df6d3e45007fed16ac,16547.343951940788,2.283360506470074,0.0,True
0x7756cc297c4007b6a2183927320f14d19a5c61be,3180.6683865105324,0.4291707488645526,0.0,True
0x76f31b36a8eb35d008cbcb24672d2f6e8958177b,16992.526505425372,2.145455444669999,0.0,True
0x76ee915cd2eb0767207e82c8e875df7df32c1b32,69325.50278313753,9.542796049788068,0.0,True
0x76b31d4ec61a5c687319868ed9211c2808894a2b,2058.7106407609376,0.2553106822239678,0.0,True
0x76b1b9ca0695593b8651704eec5ac3f9e7f7c213,208.43074391918282,0.026077278223569,0.0,True
0x76a46978c940559593a66bfc4c047a9fe86955ef,96036.87147733924,14.169563540787447,0.0,True
0x76498f41fe3d861288a4a626f39f75d319999999,4337.088544986308,0.5536887648667351,0.0,True
0x78c382ba287ef26b843cf8d18939f24521b46f19,30539.330529066618,3.783897153830433,0.0,True
0x6f1e9f00c32d11a366405a1811389a088f7bc46b,632.895864096478,0.0956873811182914,0.0,True
0x6f0dd760b17ee959e00c00088130b9cab7d9d2a9,302.48345086195474,0.0353823862313342,0.0,True
0x6ee426a5fb35edb887bf1cf7f837af2726e9b0c3,1.1677956754273136,0.00018983791376262098,0.0,True
0x6ee3d9cab766945985bf3d896b9d4226dc0cc819,26.880519717940565,0.0039852098837997,0.0,True
0x6e6a0b8ebb36bb7501d962c9e721a3e4bae4df89,8555.967770506406,1.2900338907937887,0.0,True
0x6e35ecb1a9cd8ee248a5a9dae3ce9b35a0739151,8.795959759983754,0.0013368254855489,0.0,True
0x6e28dfbf98e1ad7d8ae544a376434fa9f67c40b0,547.4087406602132,0.0832246246952699,0.0,True
0x6dff22e4d3f5ac056e4ad1a07eaa09cfd75e4128,3.2517484225494937,0.0004765242215964,0.0,True
0x6dfa134a49efd71b207711d41c1a81640ed3dc2b,9070.832452011044,1.2276221448474087,0.0,True
0x6dd9ef90821ad274130c8dfa53582ab6c2a19593,22.05073390410356,0.0031359204529182,0.0,True
0x6db1ffebb98e4c5f9d26633730aca1693204e67d,572.1051300724306,0.079935318809391,0.0,True
0x6dadcbc31cb6cc88637c5deb71bf2d12feacb7d6,12315.722539092283,1.6277606002439178,0.0,True
0x6d7269d6c3add25c19853a9813e0165350e10184,70.98875970764315,0.0096343175126911,0.0,True
0x6d6f0526eb92c1392c0fe31842992aacd7e1d1a3,3220.8976657139733,0.4050415328341411,0.0,True
0x72f909416e8779a2f17f2e4561644fbb50291f7c,4722.10458954982,0.7738535383957664,0.0,True
0x6cbc88fa89c3f330ebe548f41b0474cbfcdf1ad8,125.50610029231524,0.0175189004917228,0.0,True
0x6c9ae6b9a81343680e4c90b710958112c1109b9e,62336.42723847766,6.907227212817931,0.0,True
0x6c4aa67d6202231bfc6f446fb1bfed12abef684e,31797.883901060282,4.79239964194061,0.0,True
0x6c38d201a34ebd50670062eb2e3bef9a400996de,22856.28078055217,2.8213066406777347,0.0,True
0x6bfeac84a1479f1f713d9621fd178f43548574d3,4236.0138550135625,0.4608955252450327,0.0,True
0x6bf8737251ce6cb981643069262d1e360493df6e,696.6046367294634,0.094243446299088,0.0,True
0x6bf23d9f676ec7d22ce6d76c075d38d5834d3fef,381.5073457349272,0.03922175346685252,0.0,True
0x6b8aa2e3c58428645ae75699e550b506fbc8c363,195.6509128809235,0.0304013199379682,0.0,True
0x6b471099fa7bd541cb7ab5c3fe4170f55caa2b31,245.15613521823656,0.0328119394576595,0.0,True
0x6b3e1281c3b8201cd5436bbf4a27b3e3ce182312,48.86178219183898,0.006959940313481,0.0,True
0x6ae7e5b0e2181bc27085ae922dd692a2c8f587c3,12.179359658793524,0.0016101050839879,0.0,True
0x6ae171d14a793b1b51910c4dfd60ab48d25c3cda,253288.4613368993,34.68786707557735,0.0,True
0x6adead5adbedd4bff3e4fd533a90aced97548502,841.2578442313379,0.1024719341527636,0.0,True
0x6a990527bf87171eb4194604e65ed014105b5389,1520.1403593056443,0.24897663725026603,0.0,True
0x6a97ae3a85900528e7f18bf832fee918dcc57f1d,18.71403125329693,0.0025384547889674,0.0,True
0x6cd76c292c49e3aa844c4f2d99eb8ed660776b47,212.15211495598138,0.0304211398279955,0.0,True
0x72b1143c421ce0f6de954997f8221e6e3c0db84b,392.47418095032253,0.0567710873408742,0.0,True
0x72961bb8576f7b94ead721db170687c2d7220dec,182.0062921378458,0.0229590065845579,0.0,True
0x729009e6661198e5cbffa3b721a2239779df4194,591.9145734996152,0.0680337802534429,0.0,True
0x728b7e9450cddc3e3ca11decb1281da6d317e3ee,11031.728205816398,1.3638159565850332,0.0,True
0x7270698bdfdd6893af4620b92348a90d53c5d066,261.966171390382,0.0339197742071619,0.0,True
0x72396055f1d09d69cdad2e948db35dec8d29f638,359.2569327692496,0.052340513603477704,0.0,True
0x72145210d11d323ba087edde7ac3c026563e2848,4433.09411042986,0.6062783532407253,0.0,True
0x71fd3a4fdfc4d57ea9b455c2357403560dbdea3d,16608.86535537221,1.8258988334548876,0.0,True
0x71fd2543b1e0a97d5c7f3db6c1e1b733aa2b435b,555.4485304816757,0.0677305395775089,0.0,True
0x71f9be8ffd2fc8e2a9cf39cf53e1a4ff7d1e413f,644.518472713136,0.0715492453139277,0.0,True
0x71f2d1a7eae15c75d7ba69506922f6604e925a5a,335.8409457281,0.0407420365861716,0.0,True
0x71def18185d8ebcf26c053e1014d14d248b5fa42,534727.7123109518,64.43376416464997,0.0,True
0x71d27bd7be869fc45e07eda01ae79b2b40a4ec89,593.6442635171234,0.07578082841524811,0.0,True
0x71c75263696cb48ccf62b9145eefc6788f5094e5,283.9612948424562,0.0332206586576419,0.0,True
0x6f58c938a4162560d878d1c55024742cdf7661f3,2584.9999999999995,0.3147918245093153,0.0,True
0x71ae74991e45be14680fa0775033f1d5067ccb4a,133.41114176726214,0.0205689820387155,0.0,True
0x71a458678bda9d71cbb2b711ddd3f62118b457ce,479.4362886643796,0.0641531818927231,0.0,True
0x71a2baf4569dbd2d6b314c6f65f5899dbfc6b711,73.95725689289495,0.0088315100553494,0.0,True
0x715d5e019c82afd86ab8c651936a6f7439972f86,1176.6258116682823,0.1871863213941779,0.0,True
0x71074d1ce90456d952f09e9fee66b3a02b531f12,2763.9320470775897,0.3824498552770151,0.0,True
0x7100702d23e3403087672a9712ce75071d644b3e,614.5702087128521,0.0986248708665898,0.0,True
0x70e402901ef81bc5d275c61378859715b22ee19f,752.419404391876,0.0827248790373055,0.0,True
0x70b810ad085269f0c2e2a426c22f5d12e55d43c9,704.5686881042585,0.1075851162257194,0.0,True
0x7086048bdab4695a5c42940a26612f4ca82f1813,411.7913386124417,0.055384524675949,0.0,True
0x7033553c157f3df6efe3975045219d82834b85fa,11.30075040374939,0.0017239261426364,0.0,True
0x702ed7c5da11e02b4c7a87c0040666e7e0373c2f,8555.65063679982,0.9932344983134094,0.0,True
0x6fcf506c8574f9d665f5ca30d2bc964c2a477638,1648.3893375767186,0.2869795814436447,0.0,True
0x6faf3c89a39cc29e6c4ada6b8344b61e53e3aa3e,23.7689410068088,0.0035772949112709,0.0,True
0x6f6e4258043a7ba79255a5c1d502c27447975fa1,195.94623413075752,0.025344540762133,0.0,True
0x6f6bb0f25aeab41d377f545da94d2c0496dd9ec5,799.2407764530345,0.1039689786008333,0.0,True
0x71ba4ce9bd0b5ecc4dbc815ec08960890f0c2fb3,6961.223434767372,0.7636095379026508,0.0,True
0x89e3cc24540ef42eaf3c09ec31a1c5961d5caf8d,46268.54859114085,6.348854719874071,0.0,True
0x89c2f9c465372852d9724f4688d8c7d000db2c39,45607.12015957442,6.3522950792948585,0.0,True
0x89b3853e84d23e0591688265fe376a66eba9c02d,8933.345046824319,1.2112722566937344,0.0,True
0x899536723a207aa8e41c3fc7019407f2a52e7ecf,24273.905375691604,2.7490769544503033,0.0,True
0x895318bc379135f46617ddae68f4f9e9ee460620,115.8998786470634,0.0203772791319488,0.0,True
0x89309126ff24a9d83439f45ed4d6026937142282,175.0,0.029497841243247,0.0,True
0x8918b60b5ef535d983b2f36648037b4ae565a124,1231.3433363402646,0.1836506701829937,0.0,True
0x8908253a36effaf7c284dc044f22d90fc9a3139d,176.84423271249997,0.0200501355320034,0.0,True
0x88f5a9430968ca0abbe1bc662fa963cae1dc4a77,39775.60039791258,4.447887285059128,0.0,True
0x8888240544134227b8dedf963d9b838eb0888888,436.89379309107625,0.0574024179801676,0.0,True
0x886cce0378b357cb8147a0d4f480e150b9888888,2549.3879839715555,0.3109762949117371,0.0,True
0x8832e2ac20bb587bd16cc38b30017461d7d752e3,632.6363825450536,0.06570701404782713,0.0,True
0x880add5e4ff53b8070deeb6d9c2fbd05dc94d059,30977.557614710815,3.9490815194109574,0.0,True
0x87f530b9ecc4bff59ff823cea6ef67532339805b,13090.835224908682,1.6188456633502937,0.0,True
0x7b65e9a5c8f5b788d487a227039c8dc51bff6e33,132646.93772724748,15.722133927818398,0.0,True
0x875de10a445f91f23c7adde90e7c6f890f503ba2,80.17241725903231,0.0107387543930513,0.0,True
0x8704bf847c93feb2873291e342620fcd7b473f93,30.111096235410336,0.004410609307817516,0.0,True
0x86fe4479363e214df2dbfa3175a4b9f32ffeb315,4112.864230087618,0.4615128350326966,0.0,True
0x86df21e6972231bdb7f27460d25799bba052f631,96.30598208785352,0.012623866545312,0.0,True
0x86be5bbc0b5b617a420fc3ea16076e123ef7ab6c,2623.6065326441194,0.41622763514457595,0.0,True
0x86b578c35141ae8ad3fd594b5a247b5cacd6a1a0,16184.236150780718,2.0256185911972944,0.0,True
0x86b4c67adc477983340c980a66ae5c3ac5171ca6,1050.45042152627,0.1210710580351021,0.0,True
0x86934089f98d904bc2865e25d734e28bd6e3f5dc,1695.7682528225648,0.2224259156428873,0.0,True
0x865fe5e98e97c23a851aa99c0d882d4ca511906b,113.30725604464078,0.014213041809134,0.0,True
0x85f3b0c0b0a7da727a04e7f001ccf1a90900046f,367.28107285892185,0.0498471896903288,0.0,True
0x85e60a02dc18f0f4716bf38ca54775d78320754a,12034.293247230016,1.435499051230846,0.0,True
0x85c521838790918214ee343bbbd2701107906ba2,113313.0270667314,19.992383192706907,0.0,True
0x85abb63d2fe9814443f841c2aa995d4dbaed3b86,7138.93749314864,0.7417889465810459,0.0,True
0x8585e42e57f37c0ced0912ed6b17ae17244fa9d4,764.1290277600672,0.1220782796857028,0.0,True
0x8579158bd9ae033b8fa4eaf263e3d45d103d09ad,39225.509105869736,4.735291170786299,0.0,True
0x876318610c20aaa2836327af2be8cd125619e8c0,118.55930290299356,0.0200439633443242,0.0,True
0x8f2801e1120dd650344513b724a0b4e6de1aaac6,60471.84221443701,8.723247866482538,0.0,True
0x8f1bbc15f8d6cc01bed371e7d49b4e5c6abfecb1,202.62966420149644,0.0326699713772627,0.0,True
0x8eea4bd83ccd1f2521ee067595a017259c3ffc11,1854.4750000696656,0.2318495112487312,0.0,True
0x8ed00bd004c23382a8f771ad9932b7c307b618f9,2196.08306141811,0.349322625259801,0.0,True
0x8ecb0ea37e199575de65df2508b86bb6df0c5ed8,24661.93779913808,3.0359805025646827,0.0,True
0x8e8b1ba245ef5072a2ac51401ef0beacb7dec85e,383.87884889136535,0.046482174559241,0.0,True
0x8e5417abe669823d1fe4b5573d056e0686bb2512,1215.429949442168,0.1635612674761161,0.0,True
0x8e53f0af6b8e01b2a0683192b7f62559dc3d9735,594.8315399950319,0.0787351837727394,0.0,True
0x8e43a8a43d0237b3f88f4e23dbd067fbaa5e43cd,279.22783484392386,0.0453609761259371,0.0,True
0x8e3094af331673f4f7e9cb74b539ad07f862ef4c,367.2860047647175,0.06409521959087111,0.0,True
0x8ddb363fa2eea2092cb6df28c6ddfbfc3fa6929b,783.2231052109472,0.1191802276235283,0.0,True
0x8d867c57520dd10558231354495c804f38317485,2796.3405777115036,0.29166939135001596,0.0,True
0x8ccbeb5087b50dc8bf06ce5ec518b64910e5ab5b,72.89995382969394,0.009282462717198,0.0,True
0x8cbf129aeabb871a976d85b10110ce42a99dc663,73.42926246228633,0.0099740171716748,0.0,True
0x89fd93953fe553b7ede882249be01d9c11e0c029,322.4869156349281,0.0416268458917271,0.0,True
0x8c471a087884d423f95f59c005afae4d2af62c85,1095.695099122512,0.1776730033214987,0.0,True
0x8be8126c06cdfea549b55b0452c90a57d5a497ad,5.472561633267957,0.0008951384736011,0.0,True
0x8be541246636d2d6b6b79eacd17a665f5d00846b,342.93130270197594,0.0556905793372904,0.0,True
0x8bb747ed8fa7ab7c8dfffada712d47bd56cce19f,1397.0018891959678,0.1604513962098526,0.0,True
0x8b73c11e053581620bf5d7826d0942c50cb7b9cf,7236.752826882216,1.183362382290576,0.0,True
0x8b46f19b7b673b83912f8f4d790619ad367fa1d2,0.3117845264314876,4.7493661619282e-05,0.0,True
0x8b0ce7838481bc47e091866ce5286329d48181e2,82648.64915813031,10.626604507265728,0.0,True
0x8aeb8cb47c59d66e0b3b94da059027f28c803903,15597.379785225394,1.7129060887745116,0.0,True
0x8ae9ca81823a442eae26e7bad99b9d2f5f64c80c,47.148865711466286,0.0063995914116484,0.0,True
0x8ab83793cafe1f88d3c875187a70344c31652c22,9054.731216602504,1.3378117817331932,0.0,True
0x8ab3eb59c3bf3bdd98b379fa74c41111f070f955,32.722941533608925,0.0038001774092855,0.0,True
0x8ab346ab64741f79e17bfc407926c7df0a169f50,59.09836175622642,0.0095795499097631,0.0,True
0x8a91c5ca1ddc2d4a161a1dcff265233287ede4a4,11070.538342479247,1.2796468666066576,0.0,True
0x8a735a716f80b7605413770c9f91b9389c2bf4dd,21.956442216656285,0.0040059992930839,0.0,True
0x8a36bda4ef5ad2611a730dc0e311ce4722f33832,6389.814361967616,0.7065739612957275,0.0,True
0x8cad7753411ac6e734d113c82a5ac67219ad6732,132.00902307380366,0.0174408459636678,0.0,True
0x7ff28928178951aad5c30ecd24be48ea616ec517,677.8228731884248,0.0955793420689341,0.0,True
0x7fcfaccad8a693349253f9d104d41613617515fa,8687.3768651375,0.8913471683459734,0.0,True
0x7fc42c8c0b2683c2ac8ef6fb4d7490488f6e0d2e,487.46083316949944,0.0677627251849647,0.0,True
0x7fac2bb32e579e666fe93a9e5efacda13de21083,12250.188818901104,1.6401647873350678,0.0,True
0x7f6812acd39999fad7b9bd96bfeccfb09129f302,125.34424579938728,0.0141455983073862,0.0,True
0x7f6614bcbe404a78aeb8147fde495070a2b2de43,1092.521928008896,0.1231710721646418,0.0,True
0x7f3f065d28d2d67fadc36bdcb49e30fa18ec40de,556.8064457176621,0.0976055404893381,0.0,True
0x7f08779b038a081ededc171a6401d54c7db41ee5,74.08603005985208,0.0095089304498377,0.0,True
0x7ef56bc69b8a45e0855761ae342b856fffcfecd7,7655.165042756294,1.0917562627371606,0.0,True
0x7ec5069ec7fe7c4c4e382b0654d0ba5b8e25164c,132.78571692178815,0.0180256491604778,0.0,True
0x7ea54f141a1d13a2dd4a74a460912749db5c6ca5,4231.876721791808,0.5220565413435482,0.0,True
0x7e5be92a83f6c3a13b4b76f012ed67ae2d1880f1,9356.430648214073,1.0714325943111185,0.0,True
0x7dca41c716e19a01fefc54d7abe78394d4b7ab72,1520.9230677403173,0.247219254890979,0.0,True
0x7da7186e67195e38b8f4d3003751410103374784,791707.8490648995,115.53323718514532,0.0,True
0x857262095c0b650daf258d457cbb64f24349c067,582.0202631504409,0.1020614851632924,0.0,True
0x7d29cbe7299b3673ef044c2e90c73af2e685b060,896.9341161121,0.1130665917380947,0.0,True
0x7d15db39f310d5c7d9b45ca19e4e0fc3f61eb200,1941.7430443724706,0.239968414025731,0.0,True
0x7ccaf7ce05332b68015c8a7716daee929e0ded1a,10182.192331347085,1.4629040979680086,0.0,True
0x7cb84c8cf5b6e37b9539093b8f828f725928c324,127.98195025255464,0.0205171926894126,0.0,True
0x7cb5f12b74cdfab73f40eef123004872e814a5e8,412.4621206475761,0.0508743848199875,0.0,True
0x7ca1282992daa97e5ba506b6511c9a2f65f21382,75.28186342097351,0.0110861132785866,0.0,True
0x7c9457a775015eee6e098cb1a4ba6cf9b0fdf3c0,32703.11861446125,4.679341286372665,0.0,True
0x7c7b7ac95efa1f179549a0c5873526e0744aaa16,3059.0790906901857,0.4028491671673744,0.0,True
0x7c5f99d55c76f86fe496cdc93646e60e75567453,115.24238867766128,0.0175381249353288,0.0,True
0x7c505e3e3f66f5bb81a937500153ce1c8c24ca18,166276.22366040736,22.6097009668053,0.0,True
0x7c42c27fb6ffecaadfb6d2acc18914804fbeb9e5,123.74398867179302,0.0169587154223396,0.0,True
0x7bbd6293d5ae967ab349fda71b9c6e0bee1a0b66,54211.504437270974,6.588922563500036,0.0,True
0x7bb18a5c1e56565f2a3dd5cdeed38a013a388705,1606.2875389191051,0.16687803542428029,0.0,True
0x7b86ebb0925dd33cb5756e0e7c3d6b3040d9a37f,6633.184230332294,1.2315404063006954,0.0,True
0x7b7bbd8e061f8a72d9ff79ea351f9e33de0969b3,86732.87325376584,10.305400113075617,0.0,True
0x7d45f5e8f401a283ad8a1c6cb3f10e8b345766ee,23.151656824895458,0.0034549034752468,0.0,True
0x851738f5d5a6300aed7d7611a271b15ad037b5f9,1098.7655201831064,0.1450275814746486,0.0,True
0x84d0f74d21a89f86b67e9a38d8559d0b4e10f12d,7195.79158548918,0.8728672351087585,0.0,True
0x84b2c3781b7eaf118ee2666477e52d63f5c4270a,62.217494957850974,0.007382455838562,0.0,True
0x84a3293bc2535f5cad35a422807b575958c0f755,984.733848078002,0.1241640634168914,0.0,True
0x8427a0aef2691ba80eab69265c331c2ce1c66781,4078.066250330953,0.5036537110945232,0.0,True
0x84224a153fc8289617574f23e37a4dcc380ca8d9,67488.46038576886,8.608151744518437,0.0,True
0x83e54891db9707752a37e9788aa31a30a00e107d,31402.809056865397,4.104554274745173,0.0,True
0x83c0af442cdecebcda22e00b67d061633b0c0edf,835.7523826647235,0.0906729106057608,0.0,True
0x83b340697f1323fd74068cc3f6822ea3dff5a1b9,769.8745968695284,0.1070760928713857,0.0,True
0x83ac4f10cfe0ae6190d351b14f4dc0e473bf6268,30.095129961420376,0.004418893076740828,0.0,True
0x839a5d28fc70d2a3b2389d88de4ad79cb40f8e60,12.476859176731146,0.0023162898139666,0.0,True
0x8364534b17f6c0b43aa36b538387c1bebbb8fb36,24021.172168236662,3.6560316630947005,0.0,True
0x8363e6b9cdd6b1783466f3c597947cffd19e6265,485.49,0.078904603916857,0.0,True
0x83620edd579f8f88b0ce1592bbc1ffd406a4e101,9.056686735526352,0.0013050783997697701,0.0,True
0x83538b6e4294f994e9ae2683f198221ca125a492,20574.260445643828,2.861252940897345,0.0,True
0x80093b12549d65300b3524c8c973e2f57b0e7ef5,1355.618039249252,0.2396336014810868,0.0,True
0x834cd5a02813eb6d7ae06e85bef4552a1faf51de,270431.03885472147,40.93507432465384,0.0,True
0x833cb7aadc9faf0610e1fcb585ca4fdd3c642d9f,1737.1842872731577,0.231261060756759,0.0,True
0x8335b43480a9a8eeca40609b6772eb96aa12b6cc,637.199795889535,0.0913932419570783,0.0,True
0x82dae3f4575e9fafb4291d244d63fea82b57ed5f,642.7950843377097,0.0867455927631333,0.0,True
0x8241d727703e2087ef4ae6703604340318b107a8,918.398058780282,0.1074659533844151,0.0,True
0x821e2e7537bd001052350b52842469f768be92c7,3629.228713000089,0.4429803338732648,0.0,True
0x821d2f6a7c331715e30dbbd1fcadff26ee4ba1f4,31.197909443702148,0.0050900337745419,0.0,True
0x820cf83373df506153ee85f7016af6c6e7fb3514,993.2264771830436,0.1377778213804747,0.0,True
0x00004d5687eef42e5cc30f4f2120413d03bcdead,46554.170457766304,6.118258222452856,0.0,True
0x8149c1d88a70e4311183ea70c9d8b1d647390cbd,4.9345e-14,6e-18,0.0,True
0x812a18837d67ffb540443453b9bf40f3e7487666,34045.38147784112,4.2610647037122,0.0,True
0x80f6c36a438e611070ea8d50d76e19656ab62b2f,523.6739061504726,0.0705690639421242,0.0,True
0x803280efd220216729d3d8ec28ce1407525f1644,2756.0209596461304,0.3503971077923813,0.0,True
0x801ff26528d5bd804026a7c26a10794848316083,39084.30237057756,4.805500690717594,0.0,True
0x800ab198ae6cc43cba5c9533909c51fd3725ef6e,1266.5136088896586,0.1791824941094634,0.0,True
0x834e27b21ae759c39d7d1d265642ba99690a9639,7003.715997120818,0.863015587612338,0.0,True
0x514677b2ffdd0cb98bd5831897ffa986794620ce,1395.6576101273106,0.2237289691966416,0.0,True
0x5105bd73257ce9628ac0a42ae8c693b4ae05961c,499.54432164030464,0.071470870081797,0.0,True
0x50f91469cedb4a0976620677bbe52f373028cf02,13062.551160651306,1.766008514739394,0.0,True
0x50f27cdb650879a41fb07038bf2b818845c20e17,423949.8294166904,72.69270334323913,0.0,True
0x50d31d668b43eb05cfa2e76c46d6f3cb8d206f13,14613.72939232935,1.971434972633857,0.0,True
0x50ae2581d763bf1bea3a748532d766f0e45943b5,21903.60596697256,3.476576503131705,0.0,True
0x50a82c7ede7396608f4dfe77848f07e5a114e5fb,906.42225836917,0.1340891964501296,0.0,True
0x505ccadfe603fd6c16e6b4fbca466d2ac48ccece,4273.663490376444,0.57509321692986,0.0,True
0x50106adc5754bab54512c31bbeb49eb71ac6616e,606.2392354095182,0.0738178724055873,0.0,True
0x5003fa43af846e13d0785ad7e7fc9aff82fec23e,473.1914656589519,0.064234294772225,0.0,True
0x4ff25ae1b4bf1cee786d5458b43f116d3203d374,355555.62705613463,54.81970382810408,0.0,True
0x4fe9e1465d589757e0469b33504d00b91f431055,145.75177137935623,0.0194361100245996,0.0,True
0x4fc767ba7bb04af6c4ef7eece450fb221d71b6d9,35.055503289156896,0.0059777619658901,0.0,True
0x4fc5a371c5e22b56b674c32025bef12caff16b6e,1263.846712974492,0.1716002134050673,0.0,True
0x6a9532d820934c608ae6bc536bc0aeb942b1e0ee,50.15069399881322,0.0089210084587562,0.0,True
0x4f6bb175ed99b9e7377b3ecab0f980c426be025d,120.68592564801008,0.0147607803260742,0.0,True
0x4f60be8eb97c2efcea9e5709b76e37a1797ad2f6,326.8870030803323,0.0520798628046404,0.0,True
0x4f187642276f4179d45ae086afb24f652bce575a,8543.363069923105,0.9405542146590112,0.0,True
0x4ef173ca8eb41044199bc3c495df29876e7aa00a,252.80879869451996,0.044085229809941,0.0,True
0x4ef0ea31f9c092c60e653837fdb29592ff5b2118,1845.705291499229,0.253153090608392,0.0,True
0x4ed0f4849b40d549fa07016f4fb1136a8a31d5e9,511.3388765527964,0.0899538664492369,0.0,True
0x4ec2dcdfb3c165da62dd1367cb42fe7551524984,980.6916558572308,0.1261786258407177,0.0,True
0x4e820111df86e8ec7b8f54843084f49c01df3d0d,9543.083506479994,1.1632829250382866,0.0,True
0x4e770fb65b1db450e546c48751f4d00b4bd63d6f,968.318228695143,0.1120965961538729,0.0,True
0x4e383adfad8a892cfde182eba4aef26d04be1679,732.4239718110163,0.0962898626992526,0.0,True
0x4e30d4a08648f2d0c88741f54a28a4cd89ff778a,72.21474819181515,0.0089306747431139,0.0,True
0x4de5b9d679b4ac41e394cb97154983c2c052cfd4,3250.6993368771227,0.44106494705754995,0.0,True
0x4db9d656da75bf9c5d0cdefa3076e4494f7e8bfb,484.596244833818,0.0737026085064443,0.0,True
0x4d92c44f917573dcdbf6242e9b249e792ca7c69e,286.60415294208053,0.0335248804470743,0.0,True
0x4d90c10361d383a7125371311163004df3ba49c5,22872.8240085006,3.4609987445227555,0.0,True
0x4fa6e36d62277ab8cc07033e331ec9e902c14a88,227.28837997080225,0.0356819493491921,0.0,True
0x570c16baff38d218859de956a49d880819666f36,56.404507496988735,0.0080820317213623,0.0,True
0x56a356c3235382c197d1aead97b71ede5b5aef05,1278.71084195385,0.1657678654420026,0.0,True
0x567dccf0519533fc23db018b9b06e4f452c9aa20,2893.651227458781,0.5077791659534773,0.0,True
0x565a624860f330a79a672e42a2cf2cc71e27d0b5,1568.8946729342297,0.1732800642365384,0.0,True
0x56092e334872ef6dff575f7f93b2bc683511fd06,8715.299180788184,1.019470122555689,0.0,True
0x56044510cd3c8470c9944316e19341b90de7d18b,806.4698562501792,0.1165276214336729,0.0,True
0x55b826c77c9cff98561feab1b559b8508695862c,121.16199981830908,0.0163693841369494,0.0,True
0x55b5fca9275e65d7969ecf7928001761d09c8c8a,0.7760667802786289,9.5089302024619e-05,0.0,True
0x55a1505a8c43e92493bedff34f517099b471a93b,150.1362791898686,0.0160241796183554,0.0,True
0x557e3bb65404924cefb38240959d789d258c436a,602.5742148880792,0.0807073253733,0.0,True
0x5579062ed2e8520c88a856abd7b081c6de130d17,26.42424890945734,0.0045004359754697,0.0,True
0x556c9458a375c928cabbe853c8969daa8acd45cf,5750.415907950172,0.6960339391970337,0.0,True
0x5542a4cfaebc974f5fd37811e8c112b4730df0b6,932.055992514005,0.1285112348156685,0.0,True
0x54986ab90518ba804c00f90e375a12531f0e9e49,19473.638274874786,2.6682380629355054,0.0,True
0x5146853e897f56be8f10dd58c2c97cc9152f371b,76.03421859041855,0.0144073397834861,0.0,True
0x53f5760b23a4e277653ed9c30c8aefb2d6b65419,682.1276504770851,0.10686379949548891,0.0,True
0x537948624d4e8c4fa9cfcf8170906620d43b482c,129034.85213580224,19.82231984769023,0.0,True
0x53695b8537fa62173cd13832f377c014aba1cdf8,6667.058215536442,0.8084567616577807,0.0,True
0x53187b1a5c3459ec7bdd73640cfa229112a6e399,3018.535275170698,0.3413456101247592,0.0,True
0x52ef2f74b89ca7c6b074633bf14a0fefdf46e3a4,27.291615739367224,0.0036300962821597,0.0,True
0x5264e6cf07ebc99071f3205d2d6e397bd2672a49,61.475152819177,0.0077521628862921,0.0,True
0x520d62d4942193102353b381d5afe25ecc502d52,13913.019262568232,1.5182471460208282,0.0,True
0x52045d495ff3fe90340d6e9f692c85f78ee7f7e4,494.12236216750136,0.0563821024979946,0.0,True
0x51ffe129b0c5699829aa99b892f21658527f5edb,2362.3825949172515,0.3839534975699353,0.0,True
0x51f21e7c3eecb739d3766642da9c4cdbdaba69ea,4968.171643972112,0.6614269855804661,0.0,True
0x51a6bf315a019d3bff529559081c64e8627dd60a,56470.61985160023,7.234063621080646,0.0,True
0x51a32231e753efb33d99d6b6cac13c4583efdb74,257.19203419372445,0.0293682225874924,0.0,True
0x5189f4f534fb182c46fe9b6ddd0e2adafb168874,2157.8779707202843,0.3523121827996715,0.0,True
0x516a4db3bdaebcd1258983f57ec1b83ee0f3336c,674.3765676789124,0.1067362095691138,0.0,True
0x514d03f78cf7e931d2577914aa8e130935cc896e,370.2168418970394,0.0629035468059053,0.0,True
0x54052c6ab1ceffaf5d0afbab21697115266102c0,5.468911390150224,0.0009528140181517,0.0,True
0x499a2b341922477a9956861695eb0a60b6a2215d,199.8339725672913,0.0285932946123494,0.0,True
0x49224d70a64e7e7dd5dadfad610f039ea6d08c8e,60324.74578863033,6.512488948338545,0.0,True
0x49013977ade9428efd60623aaa584252f59af875,138.57711889772258,0.0176485410575383,0.0,True
0x48827e59d3702532e030493347595144d48b57c5,80.55984298407803,0.0107108067024791,0.0,True
0x487b269fc4efd1847c59103b3978b8267f0cf21f,15.621697752538008,0.0021062778018413,0.0,True
0x486f67da1ee1aea1dd12deff280c6759ca6fb901,20819.896888667823,3.5138701759150752,0.0,True
0x483aeb08393a1ff286b12a7fbb0c96a9c48b8c53,34618.56885457443,4.999641061393925,0.0,True
0x4825a7d5ebe5d3c0848fe18d84e897525e25d2c0,110.42512610920586,0.0133692470710696,0.0,True
0x480508a3435ccff2356f6d43fe27d8f98fee8745,182.2643470098428,0.0212894313787355,0.0,True
0x48046632ef49622f372a76925c30ebcfd6670770,2665.596334423842,0.3272897797067576,0.0,True
0x47df2cecaac7b607bf448dcc8186e99779999999,10.840210227826478,0.0013012550763059,0.0,True
0x47ddeb703264a471ec06c03844e20150872e480d,892.8103960963165,0.1570075476752557,0.0,True
0x47b3b02910bd24bb8945ae8d9234484b0b5bec74,323.7073900600436,0.0380360044312594,0.0,True
0x479a1ba2346c58bd2a48af7283b1af2f2f0da209,2733.9972072006008,0.4715904328858065,0.0,True
0x4d823ac48a3fa665f588c94d1c80aeed55b84e47,1104.5887023689456,0.18969355311489,0.0,True
0x47311056fc1392614ac3f5d5b61476164208b573,1173.178926171508,0.2190073217015524,0.0,True
0x471e5b977f888d24fc6e200b409323a75a7e0b92,724.7374570530312,0.1286238527183059,0.0,True
0x46e05e6cd27f7f95809aac32fd31e8da113f0c22,167.27351536079232,0.0216374611863004,0.0,True
0x46c65d2ce1bc6754a00e00216b50b4d5fa7915d0,1235.7408605712678,0.1628229066417364,0.0,True
0x4690bc020b975b897242db637ba8d9cd8e51829b,10120.808127631131,1.415760684752964,0.0,True
0x468a053612d28cd725ea96b33ec87a3dfc1b3990,747.8896724531346,0.1084328738170447,0.0,True
0x465fe9de1dc8859798a37d09a8565e2d09a3d450,1667.7964499302698,0.2263293387136152,0.0,True
0x463e34cc7f1a96d548bc440f90f61ca090518cca,2179.992677067729,0.2784196199462899,0.0,True
0x4610761ff0236e3e8c26783ca4267d9e355f3521,2296.891491576732,0.2702783302127574,0.0,True
0x45f498e2545ab7df017f073d0f824f130ed9412c,110.65319414910138,0.011322000742027943,0.0,True
0x45f18043a07e7ed9479fe51abff561e90a57e0e2,55.34154264900192,0.0068185541207174,0.0,True
0x45a953fbb55b93070cc995c45a0205482bb766c0,494.1335288806387,0.0600507701987744,0.0,True
0x457b18fb2cb18e0bbe793de510ddad2fbf87ba28,108.22559791957526,0.0175637424153278,0.0,True
0x4564d6d107a19d3ab3d734a7bae61eb63dc3d30f,1169.5945722302895,0.1632814502493728,0.0,True
0x4545c0136b2cea587d6fadf0719b2dc866340577,7.846923524628332,0.001195474471695,0.0,True
0x4774ee52450442405719bdc6e444dd6ef72b6837,24881.957421390103,3.3515181258408417,0.0,True
0x4d540f49ae032df9895cc1ee2a9831be5e18889a,218.7878182496242,0.0315874789784232,0.0,True
0x4d0ceecdf85da7d4dbb4f1e9ab1acd0d276986bc,4979.912978401629,0.6136621957839358,0.0,True
0x4cef8316d380d7a971f79b6714af99e70641bea5,713.131909606021,0.1053186886919285,0.0,True
0x4ce0902028840dad3da79a38ca2309f814a132b6,769.4131276724637,0.1286815626415164,0.0,True
0x4cb27005f5122889b7f4769f3905a47d5239aee2,152.90788515136634,0.0287451666882117,0.0,True
0x4c9e974694d4be570b05a662ddb7c2a38339d715,275.46595166101014,0.0414118316177575,0.0,True
0x4c9db892ee55af16126a4da253bb1fec8ba5d17e,992.5829616925809,0.1462034095566842,0.0,True
0x4c89caca17ce7ed5f2fc8c7aebad0353063c91da,117467.1978518394,14.759960946952406,0.0,True
0x4c7f72108529fb97d0ed633192ccfad1cc6efdc0,86.46856889243891,0.0162467330025983,0.0,True
0x4c78e1b8099999853613a45a53297069fb150789,16610.562094061443,2.161699321370913,0.0,True
0x4c71b6d4cc7fe1597ef7b4994ac3aa4d751e51eb,20.45610497087148,0.0021818009662732,0.0,True
0x4c01c06c874aafeaea1c2f96cc94f495cc7e6c8d,45784.86619743661,7.290762713047954,0.0,True
0x4bd09f1258a46d6323000972436873724f111f56,1065.7770845,0.12974350842273202,0.0,True
0x4bbf76cf6dd12d98aca6ce669c254e9b62421bce,2570.4778830927385,0.3118362943134797,0.0,True
0x4bbb57f2349133296eb31b96cf2c67897b2f9cc9,53.62872691637048,0.0100838472059431,0.0,True
0x49a8ef78e145c0e26def3c3b126ea07e015a7148,295.9982377030396,0.0383490606363151,0.0,True
0x4b8cd77efd9e2f93aabb3611e2b815ca57907cb2,291.52666192265616,0.0318837417595212,0.0,True
0x4b81449e67b8d001bbd539f3ea0f6087d97ac14a,6893.448528378752,0.7387315679215003,0.0,True
0x4b7d03a6e76772999155654263df5fee941d1b1f,29186.813261138966,3.906396764515771,0.0,True
0x4b36ca44383f9df00b2798b396ce7dcc72653e40,5874.790817720376,0.8777464084798894,0.0,True
0x4b168fa2bf10ae38f7517d6a17802149b3625d79,1691.1719500557524,0.228901718487082,0.0,True
0x4afdbcabcc441b61ac0b036e30722c7d763f3cc2,1673.8282857859408,0.2406367024553301,0.0,True
0x4add5ea0dde0fd258ac608eeecb12eb3f3fe5ed0,695.7304710996399,0.0992272841781474,0.0,True
0x4aa0ef835b790fa45bf8af500245e482f59e6537,217.525924626062,0.022178478676069556,0.0,True
0x4a9f666630702ae8041f80f92d834d1e77040b21,1146.4242241960485,0.1474769162211038,0.0,True
0x4a86519782ef8d28bf1d558cd2d3b739b92688fc,509014.08679950645,65.31729773082367,0.0,True
0x4a428200d8a15a4c5cc557e19d38555cdf55fad3,593.23,0.0802099532564767,0.0,True
0x4a3b502ce36f370eeffd2745861e5128f2d793a9,149.99225145173384,0.0253127323686935,0.0,True
0x4a0fefc03204ee5cdd1a51de24c5034f23f7db8e,20302.05013271485,2.756886198379764,0.0,True
0x49d501f603e3f2728b79e087095516e3af4c7d47,41557.12843822809,6.036605067395565,0.0,True
0x49aa82b95ee949d51dadc1dff619f81e07518a9d,4.15730395366713,0.000568972971409967,0.0,True
0x4ba5f32b3c29b2f609b6542c7f81fcc653479873,604.366823826558,0.06273554354916311,0.0,True
0x65c98dbb9abda3d96fb7aa267ce8bfbe4238f3c0,3.554868295944817,0.0003826496351786,0.0,True
0x65a40c3c00eb213c30c3d3fe83c0ebbbf4424c3f,344.46266433622355,0.0447684531122847,0.0,True
0x659b47ad10f533c7bc9b2707b1b5e82950d3c8a5,15551.239235967907,2.4152626120937493,0.0,True
0x658d6f9c350774a0242d2b06794e11c2899bb8da,4390.996320406803,0.5135550912709574,0.0,True
0x657a1af52de1772e59e1d83df8671f9e5a33f4ac,8555.002731127644,1.1813187529022084,0.0,True
0x6571e16a7680eba8fcda28adc6f2d30a4b9a2111,44.07223389329749,0.0083689003553654,0.0,True
0x6531c149799757dc5f39c553d4ec895b53a4467c,71.05197953392974,0.0109547851597148,0.0,True
0x65250158629dbc7c10f571f7ef8ffec1e3115ddd,1549.7177953904177,0.2802885918769569,0.0,True
0x6512c35069e95a4a5a8b15f9bb1cdc4fa970e0b3,3023.890327225433,0.48425534846707663,0.0,True
0x64b34aeea3ea05031c6cd921b4b21005dc01b55b,14057.225126187854,1.780916110738801,0.0,True
0x64b181e2a8c5355f713d74240ecfe7a792a12cc5,5768.760859203486,0.7593278001990834,0.0,True
0x648adbc9efbb4ca4b1dc43bc31b0d13fb47e4066,7.789147335850763,0.0009508930224647,0.0,True
0x6477c1d5c37dece374bc5904da1f06156cd6350d,984.9656264070318,0.1717367955393068,0.0,True
0x646f90deea5ffe2ac8ce554c705961361d5fc8b7,2049.8323013171835,0.2535673882991496,0.0,True
0x5734f95dbf38852ccde9c13b897b2a4bcaee9bb7,16.542329288945943,0.00236698243988,0.0,True
0x6467050e73130a90d9661f3dc4792431dc7d4806,111.35572133053464,0.0132638810779425,0.0,True
0x64138ad2038b425b73e181118b9d969238a4e880,1081.7124812950476,0.1713232625879075,0.0,True
0x63f931d9bb73efd59d1157492b681e6bfaa78a41,4397.6855666824895,0.5246711035519362,0.0,True
0x63ec40ffd185e7de69f0922478f3ad98cbeede9a,888.7859872912613,0.1071263995197351,0.0,True
0x63ac1b19399d0413fb8f90aa2e6e748cf5f005e5,1706.9438198118264,0.2288306509120404,0.0,True
0x63993c0094399d77a7c49b6669edc1a971c68287,60387.031140994,8.779110979165093,0.0,True
0x6377a94ef16c373d717232407c17306707864b55,11.598992335637568,0.001337060403082,0.0,True
0x63775f77212acc33c8f91e589e160cbbf94c2391,113892.02110939873,14.890490711134156,0.0,True
0x631b05736c9fe1a4aa648a95d48af811e18077ce,74.99982466473624,0.0095540402195332,0.0,True
0x63109d80461a6f02e08401cf7b03d830d6f97230,158.90863439333677,0.0242133573402985,0.0,True
0x62fe252faf82ac7ab086d58f84907a3f475efb13,431.9331738570696,0.0763222608502387,0.0,True
0x62c3d097cbef19638bc4accfc6ff48d36a881323,166.29,0.0289504557592681,0.0,True
0x62b4602685827f1dd007c1f81713fbad86dbaf00,39908.1656253302,4.893173308166781,0.0,True
0x6235195632ee18c1e52b48c4e93581ce56ff60b2,5542.931742251761,0.7795523357864127,0.0,True
0x622fc5bc5e983cf040fee9bdbb7216ae1983534d,1606.6557320301658,0.2198595523338402,0.0,True
0x646abcd8c4183d2060e93c15173cae4437261574,799.461865908285,0.1167049098306477,0.0,True
0x6a6a031cc66325c976dbc233bf4606c7df219e1d,123.50612376506116,0.0167727733028268,0.0,True
0x6a23e5620c64f4ee58c3cc02c8cafabfe58f5946,665.5308872772298,0.06785450382115334,0.0,True
0x69ebbe90f08b3abf4b03abd15341932097e157de,4025.8108334476,0.5282172424354498,0.0,True
0x69cd2138e1de4f1db5dff86e0b12e1d5c0f4e316,113.51239056533733,0.0154138326574496,0.0,True
0x69bca91e2287fa6ed136a32e38d59b3302888d58,40308.641509385256,5.24679697343118,0.0,True
0x69a47ca9b99414c602dd1ffb2fdb6d6305301676,1351.3679896799658,0.2548511888376961,0.0,True
0x69933e15ac0ee1f6f9ff6baf31af840490eaef82,98.53838803034859,0.0117382294076636,0.0,True
0x697e09088c1ac382c59f27a51c3fa406d752b121,1261.172557308954,0.1871521262702362,0.0,True
0x693fc4338b976adc21b3a65d13fb78c1ec1e9637,14719.204599720972,1.8725254860722995,0.0,True
0x6938fa94d58b42cdcd80ac7dab595d82ad18aab6,10335.97485078719,1.1447852903125657,0.0,True
0x6935ee7038d877604b006c52709abad248449737,271618.851733777,29.217039808924188,0.0,True
0x6910c590d8503a1f3ef5ea9b64a5d7c7f3b5feda,1138643.216397727,165.054577585706,0.0,True
0x68634e035322376a824b69af143fb087ea214d55,46516.47337770641,8.277632407988165,0.0,True
0x684d6dad97d4f6a7b9dd12d1a787edd6c55d238f,2023.9658505876007,0.2596992508081588,0.0,True
0x65cb5cc7c3e8d2fc902f5f6e82c4c7e4462f505a,433.5339816041524,0.0594375021496951,0.0,True
0x67ff4f9ab75d73cc4abd1414089fecd8e27714ba,2015.979135118252,0.3175517857129852,0.0,True
0x67fcdf5e6813dda3eb574231ff89171c12c8c4f9,344.45313417059964,0.0447693905863212,0.0,True
0x67c8f0ccd282d42ce1f61cee877977579d0e1b8a,2851.0132054071346,0.4252849238468396,0.0,True
0x6746c68b738800dd293e082acc2deadf908f656f,577.4216206646354,0.0780076833754947,0.0,True
0x6728e131501f0d6076718967ff8c69424d094448,3882.5787044187014,0.7050042543463348,0.0,True
0x67283ebd069eadb8ebd7d9c3e43692707cf52278,2.6972436128813517,0.0003304016507869,0.0,True
0x670f191cf634b99a8753d90bff96d06ede177be4,981.7676148681746,0.1431632499284001,0.0,True
0x6679ce32f4973bd4f0a0e7ca3da2097350df334d,75466.73923356601,10.458163682477949,0.0,True
0x66666b6f617e5e89e0eaf2859f1020db2c08aabb,1000.0,0.1459781986018199,0.0,True
0x666666663dcb379fb7f51a97709b246f2fb5b668,9997.586943943306,1.4147967743843675,0.0,True
0x666557fa07cfc58c70f4e6edc0507c35b8293c5d,977.755252095054,0.156797465686742,0.0,True
0x66616e27010c8269d4efed631f14c640ec0a31c4,590.7312970508483,0.0967941928868942,0.0,True
0x6641c0e1e15b61ca1932d1e9749a9e676f2ce98a,18.167337280338664,0.0024961835145625,0.0,True
0x660e95770ce45a2a5a6a579d03fc38a58e72c914,127347.32097326298,14.066744100716203,0.0,True
0x65e635f88d7c0d522fee14d504a0cf5bbcb94140,33778.58889474253,3.8176233836540314,0.0,True
0x6809a3f0948f6db6df92a53f78e78669a060d5ba,74.54309360480478,0.0131691583628426,0.0,True
0x5c8e02921ba4b59908079566dc8cf4f6d8e108e0,1.5573698186514389,0.0001920996000998,0.0,True
0x5c6aeeb743a4d305dafceacc50bf66edcb466399,6.003819036140851,0.000757339998966,0.0,True
0x5c4025deb6dc0d26e82134cec5b95310de955aaf,12.149140174168846,0.0015725001518829,0.0,True
0x5c05c60c6a6e1ac392f2b7de2c97036d29b34e6f,892.6557479846155,0.1081955944799595,0.0,True
0x5bf065db77e057e6d694821bfc80b2ab1a2d0d6b,8887.64742895931,1.5597927487371035,0.0,True
0x5bc4fd30ed462bc7bb6050b6ea1a8e74fa73fc7a,29.416670932413087,0.005149815487043,0.0,True
0x5bc28d0a7ce0d83b32fc50ef001165129c398392,18026.269699658904,2.508975463629005,0.0,True
0x5bb24fb75af805ebf55e84bcbfcd6efaf2fd5366,830.921305442499,0.100830915800347,0.0,True
0x5b8533a440603e671dcd16ccd21efde771dbc24c,1332.7877323697223,0.1589170829745828,0.0,True
0x5b3fcc404c541491b5c9662d95fb9cd905f21661,4331.13865757283,0.445641035242817,0.0,True
0x5b3af97c1013c12e08f1f1a882322d9125dabaee,4498.674217680271,0.7996228576736629,0.0,True
0x5b2787b662c4fc14cb6465412365d95b6ed6d9a7,1738.213842209749,0.1865224632409805,0.0,True
0x5b0051e4ea8eaf6ec523ab2aa76fe0149e68b040,219763.0193356704,28.426510626576317,0.0,True
0x5a5dcbd14a87fa83c384d7b474141ed8793fda37,1040.683911217003,0.13177344979447,0.0,True
0x6226e6db8298693034ed4de21a008a010561a52e,100.0062424429302,0.012178837318218,0.0,True
0x59de24b9256baf1f19ec900e6f800ed36e8337e6,7904.902778959694,1.0225932249791785,0.0,True
0x59b4046045117887044cf92ffc0a09481118ab47,82688.91719797594,11.225164486829131,0.0,True
0x59107cd3c95e479096c8fa42b41c12e4b8a91a5d,22301.128856502102,2.525682415044245,0.0,True
0x58eab29be9fe0dab67fbf43ae3b7bb10ba367a6d,5988.341493353089,0.7766700369938369,0.0,True
0x58b1e445654c66ecf8a8af9fe6f06b96370f406f,1326.3442236818685,0.1742382324373585,0.0,True
0x588295adf8c8a80b055b9fcdf0b73ee863c6e97d,2730.993253195272,0.3189508335171137,0.0,True
0x58610f962be617a7c8122ed76d4135253ad1a558,14275.148024973718,2.334569683404691,0.0,True
0x585a2b8ab414338c1fea9721f2a43912d3769f19,60489.96086055956,8.735415195326869,0.0,True
0x584cc7968cb3bb5302d4a881b9d9a51dbbace0c8,799.509864397213,0.1167189317651063,0.0,True
0x57e0f193e5d6bae01317383caa2f3f2264990cf0,38922.41773871457,4.657978216093804,0.0,True
0x57e0917351ce83fe7b72f659efb435edbcb3fb21,20622.682853052196,2.49451694473315,0.0,True
0x57c5c112da1a7e56c1becc7bd439f980e1d6cfe0,1749.701624645308,0.18060037986064129,0.0,True
0x57827fe65eab6c205e0d183fea55ba3f49c42647,240.8480625490264,0.0292201883280538,0.0,True
0x575c48cfac7105fc598e37274bc1d153f896069f,13248.728269661045,1.829791911437879,0.0,True
0x574793c29e7013b985dfccf0e3639456769c8108,2894.471400447097,0.3808758688671481,0.0,True
0x5a08a6b889e4ffcd876610b594cdc47a084723d5,1172.5905525273022,0.1503443585879293,0.0,True
0x61fc4e803e2ac2c6d4b536e6b6abbfd86628e03d,4254.898690396209,0.5865927469630747,0.0,True
0x61f87a2634303e25cc4da830c559a5b5550b2cef,248.7516456546805,0.0403689010747377,0.0,True
0x61f779f35c329652f58c56910aa6cdf9868a361a,2.726497967354572,0.0004754509099901,0.0,True
0x61cd85598d6f36d0eb9059099a66cfcfb823fcce,2230.130626456488,0.3654663277254222,0.0,True
0x61c6b312ff182e14b8575060d4a7198d8dda99e6,2179.591318311892,0.3809822382084091,0.0,True
0x6196667571e96d42e051643324d455230667bbb9,129.1674109967314,0.0176941561928045,0.0,True
0x6185b802f5052876ede52e255f75eb850a243312,520.5868654809732,0.0679066812509548,0.0,True
0x6150b4a6bbe8cff57623e6972407f02ede8ffe42,66.95778660842934,0.0072801868823265,0.0,True
0x610c78970d17c08e116959182c097bfdfb00aa1e,238.3146198905329,0.0387441173689831,0.0,True
0x60d56d6c501510069ff1a35229e7341c9605948d,890.1478921072759,0.1271653055510868,0.0,True
0x609fe17db3cd92f4551dbb34b324c033a025bce6,1091.503928833966,0.1237459657721447,0.0,True
0x609aeceb26bb081d6e2174c69d07213639da004a,80760.74108056736,11.318197934310255,0.0,True
0x608028f2c5e61b93f0b93304d276bf992807feb4,443.5821531235897,0.0773608714930505,0.0,True
0x604b5278bd394ff2104987fd41b20ad9238ee837,1715.758425609446,0.20841135557492219,0.0,True
0x5fe497271cb5ddbea7ce9d3892b5f21a84f4eeef,488.9784837302219,0.0554857739623906,0.0,True
0x5c90d8c81b2ed85a7b2654ec1cfb013adad02ddd,13446.752241358605,1.6961272613718417,0.0,True
0x5f412ea53f827155c05bbbdf262bf1d9eb655220,3137.240394395779,0.4085396001189346,0.0,True
0x5f3ada916b3d4f6964e99828bf4f9c58aae85ce2,15226.229292297321,2.388824045964503,0.0,True
0x5f19b7929f2d40e25f87adbd3b8169a77cafabfd,956.1473716281548,0.1134783473774995,0.0,True
0x5ea0e16e4cd3d454252b0dd08a375e6b1f50114e,1728.8523215794603,0.2491352212727715,0.0,True
0x5e7fb100d4070f3be71338b8c0945c78596bd9b1,1000.1348394040148,0.1313995311148756,0.0,True
0x5e5ad1a518a5367a8653738b17c6bb62b2204e40,607.9892762978355,0.093740872363222,0.0,True
0x5e041a72ec17afa3c8618d9a7b917ad6bb8a697e,1243.2784164854734,0.1727586986297747,0.0,True
0x5ddceb0fd89f07c6af93d9d60760cac39d89c897,8439.922852943782,1.2577511634509284,0.0,True
0x5db51729b029c7a23fe0c2154f1a4fb860b15af1,114.25851745941128,0.0136420840401954,0.0,True
0x5daaa3eea2b09530ae615d1a3e1d1640f869f69a,24.035259316349496,0.0039269178386135,0.0,True
0x5d5bc3b2aaf033e636a48c62d319c08b25dee144,3662.828295305648,0.4519640650449687,0.0,True
0x5d3dad0cf96c61eddf17fa2eca36439b6fe1764d,4207.011807032117,0.7810187544090043,0.0,True
0x5d1b0ae6e45a9e376cabe2351ef470970cc3d938,9555.240354737214,1.1241291794293689,0.0,True
0x5cc1ed35999ca59555a96f83f9ff3c6f748e9d65,6.003820745839181,0.0007573411649363,0.0,True
0x5c9f6c4e2d6c8e2939dbfd2d097ceb0738715cf4,24504.342312534733,4.127720045962025,0.0,True
0x5f5a2bd2d89754ad6b329d0f2b1dfee20aaf947e,211.89399773736557,0.0310682445071974,0.0,True
