tx,block,timestamp_utc_approx,swap_count,pool_eth_gross_activity,sides,external_positive_addresses,external_negative_addresses
0xee7e8ed349ba055439f96092aaaee63975813c58496075ebbd5a882fe217e533,63253295,2026-09-15T01:03:15.935483932+00:00,1,0.16127168440284434,buy,3,1
0x363a3c4f0444ebe0fa12ab638df7891f31113cbd5740a38e0a9463de63d78b9d,63253407,2026-09-15T01:03:27.424516201+00:00,2,0.1804740064838919,buy,3,1
0xb0d66b818dfc169233f35ba0e1ed264d7e6eb9e7fd14d53103320748ee61dcfe,63253858,2026-09-15T01:04:13.688387156+00:00,4,0.2406784512640837,buy,2,1
0xaa28629f5b4a4248d5b7548bf38f73310a8d78516491bc31a56355481d7839de,63262160,2026-09-15T01:18:11.633051634+00:00,1,0.08261120098126479,buy,2,1
0x9834db9b28ecbefe8165d941b523026893ebbe527e3db14cc76f003d5388542d,63262266,2026-09-15T01:18:22.410721779+00:00,1,0.05714473518657147,buy,2,1
0xd122d35a6de8a1a39f842e2175af16a18753d4673e41add45122d768310af3c3,63262520,2026-09-15T01:18:48.236459255+00:00,1,0.003207032775706822,buy,2,1
0xf4282fa9cda4c49ae81b9eebb05a29120548bfa085121889e6f531221612296c,63262832,2026-09-15T01:19:19.959412575+00:00,1,0.002179961471637752,buy,2,1
0x8494e08d138a7f5cbea1ca8a0368dabfb746b7a7d52a55ff9b227a5ef4097997,63262890,2026-09-15T01:19:25.856628418+00:00,1,0.013049299573761672,buy,2,1
0x3cbb8d9f3dfccba7a1bc612b74ff378eb7e0d73af7a7d890885d1c1bd8411c2c,63262949,2026-09-15T01:19:31.855520248+00:00,1,0.008686469342686135,buy,2,1
0x2ba1b6315663744223a5d54e7e68c601a58d8908082c91c0af84cd5611ec87b2,63262957,2026-09-15T01:19:32.668929100+00:00,1,0.016577557102482328,buy,2,1
0x33d2b89bea87b34836fc820adc1883b4b16c320f1032b6454c9776805c5cded2,63262970,2026-09-15T01:19:33.990718842+00:00,1,0.0213347516865872,buy,2,1
0x55afbd7ad9e5aeaa7fc62b8901d29914175331e24b940231e4a3fea33391b509,63263013,2026-09-15T01:19:38.362792730+00:00,1,0.043133669863675894,buy,2,1
0x29b579fad1025ab8349c3bfbb46a07cae8ba3f82cc44a8f804967cb58b891cf7,63263024,2026-09-15T01:19:39.481230021+00:00,1,0.027783571737372573,buy,2,1
0x7d7c09f80fc8c55e6cdff6b740d2363c48d937ad314809c9f508ef771d60add7,63263066,2026-09-15T01:19:43.751627684+00:00,1,0.018345650318336126,buy,2,1
0x2c13d4b19d7fc08ef2f3cd1378185ca9473b1aff0b7072d4ac5c92397480657a,63263097,2026-09-15T01:19:46.903587818+00:00,1,0.01765893775082953,buy,2,1
0x97a43177a02db24fff1b967ea338a495ea235a60d12250eacb162d9152e53ad3,63263113,2026-09-15T01:19:48.530405759+00:00,1,0.12519407840383384,buy,2,1
0x7c4b152e0f158eb2ea83df95dce5a50c5e03b6a460e4140ffe9f98f3a6b4230d,63263115,2026-09-15T01:19:48.733758211+00:00,1,0.002924701747046656,buy,2,1
0x0dc33e9d99e909e335c76ac80180087267a0f320d1eba82590c0f858f65f27b3,63263154,2026-09-15T01:19:52.699127197+00:00,1,0.006678624099088372,buy,2,1
0x4929efae474a9a028e62936a8936fb2c2038910ee06b5b9218ab417d4d5432d0,63263183,2026-09-15T01:19:55.647735119+00:00,1,0.001695631462264885,sell,1,2
0x84d833e0d223ddd319ac05aca83a2214f4d0f26872c9c9071adfb4ba0fd1c45c,63263194,2026-09-15T01:19:56.766172647+00:00,1,0.04061292694267949,buy,2,1
0x3adfd76c9414f1ef766129192bfe5b58771871477c301bec939b5e437e57cba5,63263208,2026-09-15T01:19:58.189638376+00:00,1,0.016547667805180237,buy,2,1
0xc6bc1c4a8715bbce447dc2cf4e867c20bb039a558416e6af2302bfb08c36c7b3,63263256,2026-09-15T01:20:03.070092916+00:00,1,0.000382973007103669,sell,1,2
0x762a88459190f79a14b861006871025046cd790f851852df3cfe66bae6415a8c,63263257,2026-09-15T01:20:03.171768904+00:00,1,0.01853039906539433,sell,1,2
0xc1b7501a59e77ae211a69e9cf08d89649d9a8b32521a64043088d29fe9c5e7a7,63263287,2026-09-15T01:20:06.222052813+00:00,1,0.01068645843341118,buy,2,1
0x9d5f5d52a392169d96f7071bbc4b3df01608fef31209f7ce193e6c7c6fec9d0c,63263299,2026-09-15T01:20:07.442166567+00:00,1,0.000816392430564317,buy,2,1
0x82d629b77afeca0dd2491c91273cfdcf7f917c68d7ad11dbbdeb95d0e8519ac5,63263310,2026-09-15T01:20:08.560603857+00:00,1,0.06383357921676114,buy,2,1
0x1393bc7c6b93b58fdbf574adb12e9d485eb0b0e8cfc8fb0d1ecaee2c45af38b4,63263311,2026-09-15T01:20:08.662280083+00:00,1,0.03365576646664421,buy,2,1
0x1792b05230b90afaddaf0b33cf191a5de3e8bf5556539481af32fd29df06d1c5,63263315,2026-09-15T01:20:09.068984509+00:00,1,0.004582560886711309,buy,2,1
0x9302d575a122bcfaa123bfcd756597b5deca7f51772ef36f6b03733f1657c938,63263347,2026-09-15T01:20:12.322620869+00:00,1,0.020824763980680686,buy,2,1
0x04498e2df731d96abdbf35f62c9e33aee0360eedd11a79cf44c4da75ba5c92ca,63263370,2026-09-15T01:20:14.661171913+00:00,1,0.11031470171843114,buy,2,1
0x4e25b640ca3ff60b7e84dfd225455ab5cf5365ca616e16183171acab8aab9664,63263399,2026-09-15T01:20:17.609779835+00:00,1,0.14937617726844032,buy,2,1
0x216278bb53a2357585dcc004e044c0f82e9b43234bd2fdbaed63cf84b40b4674,63263497,2026-09-15T01:20:27.574040651+00:00,1,0.03231616764931112,buy,2,1
0x67ebc31ea87ea3a345cc2c6770baac040950979e3942aa864186255d64fb5706,63263723,2026-09-15T01:20:50.552846670+00:00,1,0.0490220723422565,buy,2,1
0x048a475ccbebf569e430471c86be76afd57c95e988e0b63c5645b72d0e058c8f,63263734,2026-09-15T01:20:51.671284199+00:00,3,0.3281242098344333,buy,3,1
0xc56736a511701c1bfb4fdec3df3f55534158104ac25d65e218ea6f7faebc0bbe,63263736,2026-09-15T01:20:51.874636412+00:00,1,0.004270087210338945,buy,2,1
0xa7d2a8eea3106dad426a157bab88d09bce036b0e2568ceabc47076250d4af80e,63263822,2026-09-15T01:21:00.618783712+00:00,1,0.12632128418962704,buy,2,1
0xf296b7047e9bec8fed2ba5a2d2efd9f49d7441cd869c6d6253e705cd05ea7438,63263826,2026-09-15T01:21:01.025488377+00:00,1,0.008421510171953975,buy,2,1
0x60bfcd4b50417a9af3ea42a7c4b44d7438951d1ab3922d7b430a87e868d479b9,63263882,2026-09-15T01:21:06.719351768+00:00,1,0.13531182682597528,buy,2,1
0x87554b0bc1201688e227b0e29976c0165e1454add05a347e402337b39316b9d9,63263953,2026-09-15T01:21:13.938357115+00:00,1,0.025400659741827113,buy,2,1
0x10966aec3a911249967370fbdd0e4b4e588d45c25c086d0c504793342c6daf4a,63263954,2026-09-15T01:21:14.040033340+00:00,1,0.018010044294866166,buy,3,1
0x77a9d769358e831036ff8cf57b2c67d8ed9386f97fc34ca25dac13cac681fa79,63263954,2026-09-15T01:21:14.040033340+00:00,1,0.013760547323015598,buy,2,1
0x340fbb808c18f10236d434628aa9160b792eeedb9dc1eee3f9274eced42d0c1a,63264025,2026-09-15T01:21:21.259038687+00:00,1,0.01956532497587941,buy,2,1
0xec3685133cfb4e5095d9558c0af2c4b1bb0aa491325cb6aab0640d61ac780420,63264039,2026-09-15T01:21:22.682504416+00:00,1,0.017559721045916937,buy,2,1
0x27800440aede040df35c8ae28cd9d499136f40dd7b263cc95d5eb9ce43bb54e3,63264144,2026-09-15T01:21:33.358498335+00:00,1,0.009887703865818066,buy,2,1
0x97c1846f90f68f1837bdc2d76b5b2ed807efc022aa3473b0bc7f82adb3b5807d,63264178,2026-09-15T01:21:36.815486908+00:00,1,0.00855846804286531,buy,2,1
0x1c54664fb6370a4c3604c28450d5c18dd72a6a6f3bb3b27cd046fc1190b117d9,63264264,2026-09-15T01:21:45.559634209+00:00,1,0.023246577497486036,buy,2,1
0xca45a5e34fe99396b678db4cc5bc1c38e5682fdc65d834d08904f49f54715f14,63264295,2026-09-15T01:21:48.711594343+00:00,1,0.052628116840452106,buy,2,1
0x9e51c72c8feeba232910762835d5ab432a711edc9aff7aa9985dd23ff3b28d56,63264344,2026-09-15T01:21:53.693724871+00:00,1,0.007433646813724844,buy,2,1
0x40130d1c00c44e94be32d69c86417ed2437e3c2d32bc795e5ae32e1cb1bb2c51,63264400,2026-09-15T01:21:59.387588263+00:00,1,0.21663928962605428,buy,2,1
0xdb42c9717b0ed9ea569a5c541829b71480ae38f515fede3a7b8ba31e706599d1,63264461,2026-09-15T01:22:05.589832306+00:00,1,1.3141485566997857,sell,1,2
0xd4111121710d6d6dca340866f420a1eddf3d345a433f240130a7e338dde28c61,63264535,2026-09-15T01:22:13.113866091+00:00,1,0.07622943653967323,buy,2,1
0xfc353d05ca350dd3093f72af2eb2dabeac7fc3fabed6c53582ac14ca76cb673a,63264539,2026-09-15T01:22:13.520570755+00:00,1,0.10506381382030694,buy,2,1
0x4c4adfb44092d57e548db56b5f296009d2e9ee27d75e0a193931e55ff2495de7,63264786,2026-09-15T01:22:38.634575367+00:00,1,0.13756611630161422,buy,2,1
0x04f6637b35b440284a61d9c05b75719dd22aedad5f858833d1a3c52a1e6cae6d,63264958,2026-09-15T01:22:56.122870207+00:00,1,0.7172030727519157,buy,2,1
0x7c3c734b4149362cf3fc2d66ffd110c3d4548325060c91e9ddb17e1de645fe2e,63265282,2026-09-15T01:23:29.112594366+00:00,1,0.4284464513054974,buy,2,1
0x90891537c6e004a9c219d7ebf03ca67f64282d638b774e9ac62811957f7a3ed1,63265492,2026-09-15T01:23:50.563551903+00:00,1,0.14182377113533262,buy,2,1
0x10bde45b8fc50b25ba1c5f7f215b38ae9ec3732996250515ce7341c4115f2470,63283648,2026-09-15T01:54:39.095769644+00:00,1,1.1585206481809196,buy,2,1
0xef24c7456234ccf40f8754048bdee9b58ace2e3feb385e5615cf1d178cd3f496,63283649,2026-09-15T01:54:39.197839737+00:00,1,0.6652212230743434,buy,2,2
0x20c8d6d70cf68589f9f59aab8d13d84348e75c2c5cd51b181cd3372743a6b74b,63285429,2026-09-15T01:57:40.882808208+00:00,1,0.6129545713925069,buy,2,1
0xff0c6cff9600877dc35318be2cbea2582a12210cc8a56d0b26c489b6cfec35bc,63285673,2026-09-15T01:58:05.787938833+00:00,1,0.32020205897338655,buy,2,1
0xd8753ac07cc510afbc14c8ef52e368ebbd5349a197aa75bf8b3ada86b861ce7e,63286630,2026-09-15T01:59:43.469126940+00:00,2,2.7503514594192,buy,2,1
0x9bb8398abc4aa48db1cf4a5035f19ff0563d4c1edb255bd5357a6bb8848c4c6c,63286772,2026-09-15T01:59:57.963096380+00:00,2,1.8476762348586038,buy,3,1
0xe6119474eda6dac0e5d2e742f2f18a065d59c34a10c5cf9b8fa6ae24197fab8d,63287451,2026-09-15T02:01:07.268766880+00:00,2,0.003076258492581422,buy,1,0
0x526d4e279524519131cb1912db6577229594ba75500b75203eb4b1c02e707b80,63287636,2026-09-15T02:01:26.151755095+00:00,1,0.5014397935965057,buy,2,2
0xdc1765183a427beafe29ad87f1e82fdb0b6a32994c5f24c1222de4057c58898b,63288310,2026-09-15T02:02:34.947074652+00:00,1,3.7381419034294114,buy,2,1
0x330805ff936eff279c9b40fde3ceaba851c97bd6804969901e79f4c5564311f5,63289209,2026-09-15T02:04:06.367840767+00:00,1,2.83043208,buy,3,2
0x8359f03f3422dd8a8faef6d9f54655c03e3e329132fe1af6cc219d4903317d63,63290610,2026-09-15T02:06:28.389083147+00:00,1,0.3047242940580939,buy,1,0
0x3fbbb9fab0cbebeea1f5f1f16d523e7ea24202a06a7addeaf0f5a7bd949cf909,63291047,2026-09-15T02:07:12.688357115+00:00,1,0.25621313584422356,buy,3,0
0x0082fce860d8d6ee64b49e4ee6015e2a149b8caa035a00d797c5ed3b31ab693b,63299709,2026-09-15T02:21:51.074736357+00:00,2,0.10593509070214877,"buy,sell",0,0
0xca4d0eb5402562be077e6d3c605adb861319d8807183f93613eabc4b7c4250e0,63302308,2026-09-15T02:26:15.653134823+00:00,1,0.09349588937840539,buy,2,1
0x3ea265f78427c4ffda2327afe43ee222f1e314c6b4e7733c8bc99bdaa78fc563,63304089,2026-09-15T02:29:16.265517235+00:00,1,0.014365300157266872,buy,2,1
0xa45abf95b6cf464fa12eb7b964cf60d14f7496dbb86b06c62910af53da6a7220,63308103,2026-09-15T02:36:03.327899694+00:00,1,0.032680287888538814,sell,2,2
0x55e8bf9914a0b949c91f8ace5f51fdcfd52cc6028f9240366ec8d8021ed42e58,63330781,2026-09-15T03:14:20.669957399+00:00,2,0.10964258992279205,sell,1,3
0xc631ab59e3ef32f03d2b1373fac5b2495f4f71935a826030f88c38ba5fab2006,63332550,2026-09-15T03:17:19.643002033+00:00,1,0.15011228142909902,sell,1,2
0xc6698f04b5629f2e8574d6ba49cc0387deeac1794216797284da451c495a5cb5,63334016,2026-09-15T03:19:48.324543715+00:00,1,0.2963906411203904,sell,1,2
0x3537b957b4ae4f5186de608dff4a06961913329410dd00bf1b318d9f40edc7d6,63334120,2026-09-15T03:19:58.872210979+00:00,1,0.07670841466080788,sell,1,2
0xe1fae897dfc49f24f1eda63f15769ef5317877a5c611c64c0b5a4ccd3636208c,63334299,2026-09-15T03:20:17.026369095+00:00,1,0.3448333979808064,sell,1,2
0x6c363ffef7a7787d5ac77fe09ebe7800cc114df53cbaede1b63857bf059d1e70,63336188,2026-09-15T03:23:28.608519316+00:00,1,0.06512436836794785,sell,1,2
0x564a7afda704bb5de08055771037bb585dda89c636be442802500d64f06b393f,63336317,2026-09-15T03:23:41.691683531+00:00,1,0.3168047039080164,sell,1,2
0x04906470698fb1019415444c9bc209ac3ba7714fb83e29ebe30b14715b453555,63339598,2026-09-15T03:29:14.450304270+00:00,1,0.16920570687418937,buy,3,2
0x11c022c4ffe79bff7ab60a2ec11c962c862fb95d334f579bb3b7da96accdfbf1,63339823,2026-09-15T03:29:37.269776821+00:00,1,0.1460915541313802,buy,2,5
0xd47cb7f1e576347686ad8c3985f487c6b5335433e0976faad7664492c0901ac3,63350200,2026-09-15T03:47:09.708722591+00:00,1,0.050393402366445295,buy,2,1
0x5a570552bd3719f22828ca060b21b355290b73a2b63e11b7d5022442a839586e,63351725,2026-09-15T03:49:44.354192495+00:00,1,0.03698309300373846,buy,2,1
0x6337624d4d8361a6c3473e9ed1d4265dcc91d2aac926e4ed96ce60e22227fa21,63353098,2026-09-15T03:52:03.585818768+00:00,1,0.04132398382543679,buy,2,1
0x0d27df389379f6af099a7629b52f1ab94483e086d3deac7823e6fdc1fccd5f7e,63353224,2026-09-15T03:52:16.363083839+00:00,1,0.08531578760508958,buy,2,1
0x0974d0fb3ff7a953334b1f17e63613f26ce1890ffafc192f1a6d2a3fbdef8e1c,63360981,2026-09-15T04:05:22.745520115+00:00,2,0.014611799289839132,buy,1,0
0x1ea0dcfaf772663cab54cce099ffa8d105bb7b34dd29dad5e0a8985e1d502641,63370482,2026-09-15T04:21:25.696645737+00:00,1,0.7751656265683702,sell,1,2
0xe831a5a9f092b7ab3b3eb4fdbd49f11968e486161b2dd02a7a5a060968626ccd,63370482,2026-09-15T04:21:25.696645737+00:00,1,0.02921354058867731,sell,1,2
0x9f2899ad977f19bd9e831835984db3dab6bcf4b45ada9c3152791cf91cb035ff,63370778,2026-09-15T04:21:55.716456652+00:00,2,0.05821494224260602,"buy,sell",1,0
0xcee53f69155cb2178cd1610ef200ad6b093ce0fba50f4ae0407d3ed1f80fa33b,63372094,2026-09-15T04:24:09.182913065+00:00,2,2.5864794678488265,sell,1,2
0xd16d1181941ab331d667266da1f1fdc687bc2db0cff3d9da56041d6227d4a2e9,63381460,2026-09-15T04:39:58.466006279+00:00,2,2.2070283434918325,sell,1,2
0x1dd6190f0f3be5bc96e642958e8d756ca1a049fdf2b0552a712cc634d254a3ab,63381460,2026-09-15T04:39:58.466006279+00:00,2,1.0798262514720578,sell,2,3
0x8a098a70f192e3c3a699dd34cc8765ea32de57440745f7d78f7abef6792d608c,63381461,2026-09-15T04:39:58.567312002+00:00,2,0.06467492792203136,sell,1,2
0x3acd4783bd3fcb6dcd2ff723b304a27f19ce4874ac53bfadbcf6b2112473b349,63381784,2026-09-15T04:40:31.289058924+00:00,1,0.015022916003946217,sell,0,0
0xe14b01704b2fbda6247f07fd7239cda0aa33fc56306dc44b64a870ffa6c78adc,63388740,2026-09-15T04:52:16.360857248+00:00,2,3.3662707423298177,sell,1,2
0x792964d240363b895ba37677c0e3af3a5f79af6265149c31ea828541575107ea,63390314,2026-09-15T04:54:55.980259418+00:00,1,19.009420264594457,buy,3,2
0xce8717db4f79e2add5cef0828ae69ae51d3aefa4f20350ae7070b0d8cfaedefd,63426711,2026-09-15T05:56:27.075933695+00:00,1,0.18096035866046484,buy,2,3
0x3f0c350d9f2b31debb65a40b5a66a0cce392476ac9eabc15f80f1e2f66b366a4,63432709,2026-09-15T06:06:36.071065903+00:00,1,0.09411324748993334,buy,2,1
0x105aab5a0fb803ad9636032d51b344614a3ee04f44cfe1918c5bca2549d0a162,63434046,2026-09-15T06:08:51.807106495+00:00,1,0.19615678614353857,buy,2,1
0x777926fbe9751da610aa243b1defe9676b1e5cc360a657c4c7301f83bbc5bcaf,63436365,2026-09-15T06:12:47.238578796+00:00,1,0.05203281461091968,buy,2,1
0x6ea475fd8f02fe2502cc8f0c9dfe2e0f71bb7f77db35cdd680fae6330de5b3ac,63436814,2026-09-15T06:13:32.822335005+00:00,1,0.03268842070763475,buy,2,1
0x940b78ac1b160400835632c11e74baea296acf4cdf985b7a110485c7e932e53e,63438633,2026-09-15T06:16:37.492385864+00:00,1,0.000915387269180186,buy,1,0
0x1309e580b791d44f10fbb0a36945869b9b154cce340426ff8bdc1edafd764e91,63440125,2026-09-15T06:19:08.964467049+00:00,1,0.5482148593099473,buy,1,0
0x22c8157f0f293acfd9f6eef1d09ea520171584ef5feb3ee841150bcdb641f74a,63440337,2026-09-15T06:19:30.487309694+00:00,1,0.026956076022132142,buy,2,3
0x4898524650a109281cc17938e4249b650431b497048bf09bb1ed4843855de420,63442194,2026-09-15T06:22:39.015228510+00:00,1,0.007264459685905783,buy,0,0
0xed3e6986c91d86299a8642258a7375c83b6bb2dcf0df43d9319ccf27637c0c13,63445699,2026-09-15T06:28:34.852791786+00:00,1,0.0467298888,buy,2,1
0x166c53714b8d223bf1d14d3129ff3167c76533bea122dfb6480b493c431c22b0,63446082,2026-09-15T06:29:13.736040592+00:00,2,0.050779390951883795,sell,0,1
0x247934c374260eb4b9736518fe2668a07c3137199ff9e06621e388512e97673e,63446138,2026-09-15T06:29:19.421319723+00:00,1,0.0188438429279718,sell,2,2
0x74f4ff95b56a97571ad784301c93621ae2e309362c72403af7a59a6d05fda374,63446307,2026-09-15T06:29:36.578680277+00:00,1,0.004548757056940524,buy,0,0
0x989832f0c7a4311c56e3c2114745c3cf524e973540be81326ea50874fb0edac1,63448679,2026-09-15T06:33:37.426830530+00:00,1,0.02175431722839071,sell,0,0
0x19a2addf414d6b7f2bb026670074ecceaba6a883f6d87c966d7341e0b65d522e,63448836,2026-09-15T06:33:53.369513750+00:00,1,0.10021150284418617,sell,0,0
0xfae3e4d51e777bc1912e8256bc9f8beba9ada31c9ac45a8d51148d67ef98cc6f,63448978,2026-09-15T06:34:07.789010525+00:00,1,0.16278767254165746,sell,0,0
0xe960a447261b5fc58a0f2f15fe4909c222d3fa877ec42d3adbf70829d0086558,63449380,2026-09-15T06:34:48.610402822+00:00,1,0.19985722321990826,sell,0,0
0xc327804424a738c9abd1d1e0c0018cd18813b1327330dc5f0551af764a10302f,63450609,2026-09-15T06:36:53.410131931+00:00,1,0.0376054186977831,buy,0,0
0xd288bf645a467246eed3676f622f7a3d3542a08e523ae4120c71291528e24012,63451141,2026-09-15T06:37:47.432471991+00:00,1,0.06301455903050775,buy,2,1
0x73a6e78433172b13b6848714847e5a21b6336337dbe0d80a8d76fb36139c944a,63451540,2026-09-15T06:38:27.949227095+00:00,1,0.22051747842519687,buy,2,1
0xff46ba28425fb97c0e6e6b2c2f94e34b1536a4e727b54048ff7ee5422bba53e9,63451586,2026-09-15T06:38:32.620331764+00:00,1,0.47669430143963326,sell,0,0
0x6b4479de2556d2a78c649256a4e27191bae127de9cbd1544842365a78688fa90,63451587,2026-09-15T06:38:32.721877575+00:00,2,0.3559306277876617,"buy,sell",1,1
0xcff46d337bf5812621b58ad236706fb2f9174020ab48da881359ce1066af955d,63451626,2026-09-15T06:38:36.682161808+00:00,1,0.10094822582306451,sell,0,0
0xc17a247accd36096b556eacee21c34d28c07f839bb7b983a3569b71e668c7633,63451830,2026-09-15T06:38:57.397495270+00:00,1,0.2835095695835793,buy,2,1
0xed88f23aef6605d66b8c357e0dd8b03a535be6b3c9c4d458f3044b2dfc244de6,63453400,2026-09-15T06:41:36.824325800+00:00,1,0.047137472309214765,sell,0,0
0x4acf36025709f99688d5f0821b6b4cfab62d61f9e23063c927cca2e329802829,63453402,2026-09-15T06:41:37.027417421+00:00,1,0.04359568876579547,sell,0,0
0x56d89c14c64c802f25bbd860ff2b67e27b9f97342c8b4355805ee179244bc422,63453477,2026-09-15T06:41:44.643348694+00:00,1,0.3168129054983608,sell,0,0
0x0fd198c9129bcb7db8bbaa86e8bc2c83583fe2cf37d54409bd2b4395aec846f8,63453477,2026-09-15T06:41:44.643348694+00:00,1,0.10814201245372335,sell,0,0
0xa9590400239222d4ad6853b1a511896c8643806ec16d7432555046b1a0bb225f,63453523,2026-09-15T06:41:49.314453363+00:00,2,0.9017246899709838,sell,0,1
0xa62f6280a597c3c251db5954523e52b7969915e84b77a48884cb6199caebd1b4,63453992,2026-09-15T06:42:36.939410925+00:00,1,0.010361496551588053,sell,0,0
0x2ed806f93668090075aff8fa13ac6ef4829ea0fc772c16098bc6ffaa6bda06bf,63453992,2026-09-15T06:42:36.939410925+00:00,1,0.06373886918218005,sell,0,0
0xae23b52e56eefde14fb2ad3b5ba2d7c74fdbb742c3b4c446e0efb721cbb545ee,63454098,2026-09-15T06:42:47.703260660+00:00,1,0.04300752070518792,sell,0,0
0x68e5a12f25493c593f3490014a0a56bad88770f7e753bbd34258e96b49f687e3,63454203,2026-09-15T06:42:58.365564823+00:00,1,0.09304926928121775,sell,0,0
0xcdf0b6c651c0fe6b302b70d8884dbfe7a285e574b03fcfa74db2d605ea01fcb5,63454266,2026-09-15T06:43:04.762947083+00:00,3,0.22304895780093575,sell,0,2
0xd925db3451cde5da03fea31143e98e4b9f440ce7e661171e5c1aa20c4ac8183d,63454266,2026-09-15T06:43:04.762947083+00:00,1,0.04085942404689397,sell,0,0
0x64186cabcbb13460898a05cb55fc92842fa5c71a90805ada53318768182ea122,63454266,2026-09-15T06:43:04.762947083+00:00,1,0.011126185245110052,sell,0,0
0x78bfab74405f6c6e8d79e577ddd2a848d2f3d7779d3fdedae847347e1f7baf25,63454466,2026-09-15T06:43:25.072097540+00:00,1,0.08556222561941783,sell,0,0
0x42aeea4ed3f9896244a6254f2d25af442545c47064f7d51b2ccd2733d2f790cd,63454470,2026-09-15T06:43:25.478280544+00:00,1,0.008634293734327452,sell,0,0
0x5015a069977153d5d78c94435f484ca4f5fa248691d34491642365ad5f963d9d,63454536,2026-09-15T06:43:32.180300236+00:00,1,0.004821465554875995,sell,0,0
0xb6c2ac7e2e33a753089ff6414d6d39dc777aa5c65f364fcf752bf1a21e4c07a5,63455055,2026-09-15T06:44:24.882545471+00:00,1,0.014434203419002586,sell,0,0
0xa32fbd35a5ce693543843a9936c782fdcab13f5e4d6772a8781a7a389f46e36f,63455617,2026-09-15T06:45:21.951257944+00:00,3,0.2595888340225557,sell,0,2
0xbe0eabb111a8b74033e4d6fdd564d83469fa19eec9081aecda88974229d59b67,63455617,2026-09-15T06:45:21.951257944+00:00,1,0.04069998466247408,sell,0,0
0x31951b721a5d4b421f456aa48e2de936700a86eb52202236d279a50e5b43ed1f,63456062,2026-09-15T06:46:07.126903534+00:00,1,0.03600176578858996,sell,0,0
0xdbf3bfc20535691850a0eefc40e4662aa45dabded2ad8174ae0c38a81aa10d90,63456064,2026-09-15T06:46:07.329723597+00:00,1,0.03694657015690438,sell,0,0
0x20481e60146e79bcf3a6459befddebd7a12eeb218bc8707e14cbc7025630366e,63456631,2026-09-15T06:47:04.829216003+00:00,1,0.04099326070334229,buy,0,0
0x03df4fe55da0637b25fc6341c959cf55d777b3b28749bef601ce65a75eb7e81d,63456669,2026-09-15T06:47:08.682797432+00:00,1,0.09452397817194463,buy,2,1
0x43a9d837cfd745b1ec694329d52c0a257b45155b8ce62159a53e07b27925ceee,63458153,2026-09-15T06:49:39.175296068+00:00,1,0.022922435988088,buy,0,0
0xc374ad0043f77dbdeff7053a770446f6af4812955acbe0a8c01d7b106084542b,63459126,2026-09-15T06:51:17.847264528+00:00,1,0.012750665142022128,sell,0,0
0xf601a14ed699b303b4d2211ba51f06feb3c9dca28b50aba262ef536d81246b15,63459999,2026-09-15T06:52:46.378228903+00:00,1,0.29462831214733093,sell,0,0
0x09b4d6ebdf8efaa24d77b77e5206a4f4dd2e5969891d3f2c687ee01ef00b94ce,63460005,2026-09-15T06:52:46.986689329+00:00,1,0.02356995600367845,sell,0,0
0x3bee629f919f01309a131caf03ec4496e9ce1e57676d5dc38eaf75afdb5bd16e,63460155,2026-09-15T06:53:02.198195219+00:00,1,0.11927503656805559,sell,0,0
0xb4581e10e45c63d5cfde48572638f4b806de3052e1c87ccff38cce8fcf0eb922,63460324,2026-09-15T06:53:19.336491823+00:00,1,0.030495743433989333,sell,0,0
0xe8efa7dec557f625ec2924005eee38e0408f19e8161a4c2f61ba0f20f702fd9a,63460969,2026-09-15T06:54:24.745967388+00:00,1,0.03760808924958626,sell,0,0
0x8ac2d00902d39dd2eb7b47d40d121595c3bb519b43e4e1ffd49f02ad1f65e856,63462571,2026-09-15T06:57:07.204850435+00:00,1,0.04469644904977403,sell,0,0
0x44c69079c78980d955b56944fdc36c0d9fef5bb7a030b96b16eda7a742e6e149,63463190,2026-09-15T06:58:09.977664948+00:00,1,0.02159359818898507,sell,0,0
0x31342745ea6dab9a6d50f64ef129446c6a810c12e36b45f737b80ba9fb8a721e,63464133,2026-09-15T06:59:45.607332230+00:00,1,0.17874118486553897,sell,0,0
0x0544eb58acbccd9d83d7a8733e8eaaa070e4aa2a994bee69f5da8c2234de9415,63464133,2026-09-15T06:59:45.607332230+00:00,1,0.018816578001739945,sell,1,1
0x930508969ac36fd6daacb975d27cf8b4f7ea3e28c2f22858a86e5c689ec7c6b8,63464218,2026-09-15T06:59:54.227185488+00:00,1,0.04675732686993572,sell,0,0
0x14ebce4cc100cf9797df6db86b384b2498956bfa80e4308993c913bd858f4955,63464219,2026-09-15T06:59:54.328595638+00:00,1,0.021035452468534624,sell,0,0
0x9dc9c8e3a216c7fff0ebc1423fe5aee52333c2e2b7cfeee1fd1a7d50da47e876,63464374,2026-09-15T07:00:10.047151804+00:00,1,0.06383703031574409,buy,0,0
0x3993c8a7e4c8b1f100e8a9ae31659561528b3ef4235ca8a84e83d8d628862429,63464413,2026-09-15T07:00:14.002143145+00:00,1,0.11215744064778396,buy,0,0
0x898cd8d96a21de5316f5a10e822bb2d3d6de187799e12894fdcafcbd08bfa35e,63464414,2026-09-15T07:00:14.103553295+00:00,1,0.04341150560541746,buy,0,0
0x072d3847e854eae58f969b374eb0bc0165db1c1ead4d0daf945e279aecabeb30,63464916,2026-09-15T07:01:05.012044191+00:00,1,0.006367430732228707,sell,0,0
0x76a405b89a356dacd1ac920d721aeca5be53c966c22b85b57de325f00442c7f4,63465730,2026-09-15T07:02:27.566524029+00:00,1,0.12624210942560457,buy,0,0
0x0b4e5794983890b6c89204bc061ac0e75af57a61d198ddc95c1e6c176b93a48a,63467192,2026-09-15T07:04:55.840049505+00:00,1,0.03565598786318083,buy,0,0
0x5327d0455b9cfc8355c3eb2c4066df8e824267134ee3acfe9aa9fde1e950476b,63467336,2026-09-15T07:05:10.444281816+00:00,1,0.05378631989776522,buy,0,0
0xef912b7027694220cdaef0bd95295a71e690014918685af297c4d2839f93c60c,63467404,2026-09-15T07:05:17.340724945+00:00,1,0.00905785048194485,buy,0,0
0x4e3199c800d49eaee92431dbf8836c584a9a457debbe44fa5b21df287fd8cbfd,63470167,2026-09-15T07:09:57.559432745+00:00,1,0.08950363925549837,buy,0,0
0x0a09ca3eb4ae170d10ee579410eb4113245a73eda7264d6bbc34edf2c2740f4f,63470577,2026-09-15T07:10:39.140927553+00:00,1,0.015729704399450407,sell,0,0
0x534e945596d682ae25530b5d24a5c368b1ac677a98d35e2380eec6c92ae9daa6,63472735,2026-09-15T07:14:18.001575947+00:00,1,1.7899386988,buy,3,0
0x22def55c7e3b03a6da11ceb44c32b4b2fb147028832b69d3619c9fbc091ca807,63472817,2026-09-15T07:14:26.317874908+00:00,1,0.03106737875984381,buy,0,0
0xf8fd9dc1703463cc2d41ae6d034be7bb2a7a1d409b950b13060393e0aef5b143,63473533,2026-09-15T07:15:38.933363438+00:00,1,0.01992286891506619,sell,0,0
0x2b50879e143393ac47be1068279a55cdf8d1834673ede84943e943b120130184,63473544,2026-09-15T07:15:40.048964500+00:00,1,0.02421964925454313,sell,0,0
0x4f262dfefb6ac1bec73ea02a906a81d95b5d346708a81a41548d56da65f76deb,63473548,2026-09-15T07:15:40.454637527+00:00,1,0.03948013736590177,buy,2,1
0xe7487b7a21b69d5990dcdee5e973616c782ba9fc916dd6323466f63004603e0d,63473618,2026-09-15T07:15:47.553917170+00:00,1,0.02955974984242184,sell,0,0
0xd3133a1a51322b476bd97a9282bd50165be598a7ca9d21375999bec4673a78bc,63473958,2026-09-15T07:16:22.064038754+00:00,1,0.1426951901903319,sell,0,0
0x5524a848b48d7bcad24de4d0d21828117421f2e90557d7dc4adf1ef267d69fb8,63473959,2026-09-15T07:16:22.165574789+00:00,1,0.10069540641070013,sell,0,0
0xea4d5b1e2092b50df0cc5a7219829a8e09fbdc1651bac9d4d154263c8f4340eb,63473981,2026-09-15T07:16:24.399367571+00:00,1,0.016322191497748374,sell,0,0
0x2025b7e8f35a301e8df5e80c962d4e2a701a8ce33f4a39f00073baab82ad89c0,63474189,2026-09-15T07:16:45.518861531+00:00,1,0.15868565219816697,buy,0,0
0x8407920fe6a9863005798d02e01399c59fe26fb77499834c1a791e8490844be3,63474189,2026-09-15T07:16:45.518861531+00:00,1,0.0619261039509822,buy,0,0
0x6afbf2fafc175e201e91e7ada7d4cde74ebf3e536599c4b5b1fdff7d186ad0b6,63477077,2026-09-15T07:21:38.754913092+00:00,1,0.06710851162951217,sell,0,0
0x93b7e334bc5c3e3660e25594ea7adf65cf4207b1f7bba798c50520272e6073a8,63477680,2026-09-15T07:22:39.981138468+00:00,1,0.018041006702149833,sell,0,0
0x266a958d762d72179de230ecfc2b4389e442abcd98eae5ff2fb6224009590e16,63479997,2026-09-15T07:26:35.240117550+00:00,1,0.031189653248081203,buy,0,0
0x5fca3236c8fb15f6465dd0db5bc7f0f1d046dda1ae61d4143bb5c7ffe7136ece,63480153,2026-09-15T07:26:51.079737902+00:00,1,0.002257586305028791,buy,1,0
0xb4cfdc655d2ce62f46917380506643f7761ffd5757fe75ecda966777fb61c72d,63480264,2026-09-15T07:27:02.350237131+00:00,1,0.0433157327727218,buy,0,0
0x7184689b2b790b776fd33ba26496d2281bdcef78be9fb2dec98d9ca677598572,63481795,2026-09-15T07:29:37.801897526+00:00,1,0.03210655710290327,sell,0,0
0x3fa3f08ecdeea7998db88cc3885ccd68fa1bb08f1d843d97dc7653ecaacb97f5,63481931,2026-09-15T07:29:51.610797405+00:00,1,0.014080264733722956,buy,0,0
0xff1f6b10951a1f140dcf6eec576390734ddd63511c42a170b3daecc401c2d809,63482037,2026-09-15T07:30:02.373616457+00:00,1,0.02251602905568007,buy,1,0
0x5d4491cff5684b351b910f5291df198fad6522758b31ddaa9344eef91a08b4ea,63485979,2026-09-15T07:36:42.583756447+00:00,1,0.0447686185112728,sell,0,0
0xf9e87a47d741976b5ce239195563c3a5eb93194b3f96e092c1b26db7da591f99,63486124,2026-09-15T07:36:57.304568529+00:00,1,0.039523342212983,buy,1,0
0xe8e84454d6994d094ef8495d39f3a450a1d9fe523061e638c1c8a145d220d213,63486252,2026-09-15T07:37:10.299492359+00:00,1,0.07688394716972932,sell,0,0
0xb73b6dd344b8555483e50dccb08f78c4a46f8965a719ecdde20f6bb3da5d2eb2,63486256,2026-09-15T07:37:10.705583811+00:00,1,0.08771245638267185,sell,0,0
0x51ee551f315e39e5e96c4562bab12620709561475df7d408a3ac97b20d7e2dd1,63486439,2026-09-15T07:37:29.284263849+00:00,1,0.06733201980062152,sell,0,0
0x88704248aae671960c8a9601f67e6dc16dfd706822c5846d6b1d9ca047187b0e,63486441,2026-09-15T07:37:29.487309694+00:00,1,0.02634042025619887,sell,0,0
0x2c9807b610dc8730e25f41f81b7afedcd95d0cb19b24c424af9a29c8843b40a0,63488659,2026-09-15T07:41:14.664974689+00:00,1,0.08045949201375782,sell,0,0
0x385dd59cfe0c598dc2a92efe7901dfb5cf0aa283744433730cba330b7c1c3e3e,63488659,2026-09-15T07:41:14.664974689+00:00,1,0.05211765558061984,sell,0,0
0x871345b000c881548437d3b6db76913b6a19339b9e026fb8fdab7691223690d5,63492056,2026-09-15T07:46:59.410435200+00:00,1,0.0385584355440492,sell,0,0
0x5748a88b02f3a2b85cca4ab10c5578b12cae9948381da0dcf741f07fdc4af018,63492114,2026-09-15T07:47:05.286742449+00:00,1,0.017232123042934484,sell,0,0
0x54dee7204191cd30e4a552d5dcb7064d03bcb8cf03601bddd7a19e23c58cff49,63492153,2026-09-15T07:47:09.238052368+00:00,1,0.022141466758120384,sell,0,0
0x259ee5f09a131485f26b76a2e221c79d0dbd66eaf0f8bf4180fb22cac31a87e7,63492165,2026-09-15T07:47:10.453840017+00:00,1,0.028878973797812776,sell,0,0
0x0e1cb9961ae59683ddeb763a779955cd49f8cffd23e10d16f645377ed63b0847,63493381,2026-09-15T07:49:13.653660297+00:00,1,0.04699503452274478,sell,0,0
0x41f04a65c7d0dcc2f4cbdcd9b5f4b806a5b2d379366685dc721130b63d8dda3a,63493903,2026-09-15T07:50:06.540425062+00:00,1,0.027696007487108525,sell,0,0
0xb5ce7140537f3543c54cbfa6d13057e0237065cda8a8f3ca5fee64d9ff53dd5d,63496045,2026-09-15T07:53:43.558529139+00:00,2,0.004340604216472911,buy,1,0
0xe0d5dd1e00f338db70ba8eab0cc0c9db1692dd169f1648856d26bad681ad87b9,63496097,2026-09-15T07:53:48.826942444+00:00,1,0.41680960022493535,sell,0,0
0x9d152e213abfab0d7b47d5b0b1f6d7c1b323b84242dee0835e33461e5a4616ee,63496097,2026-09-15T07:53:48.826942444+00:00,1,0.05150259872965653,sell,0,0
0x3d5a138beaf5a5e28218568447e87761094b3ff9bf535d8e547e40ac5f3c593e,63496097,2026-09-15T07:53:48.826942444+00:00,1,0.01832195348393434,sell,0,0
0x2105995f0b5ee13c9af56afb388eca6193b36d129f905296cdd7715b96ac908a,63496650,2026-09-15T07:54:44.854492188+00:00,1,0.9863252750628811,sell,0,0
0x2fb05a6c26a8c968ec83d5f52445a7f1ba8dc26ca78fe91585d0baa0170d3d30,63496651,2026-09-15T07:54:44.955807924+00:00,7,0.12300755111149625,sell,1,2
0xd78d804baecffad7070497da99c80ea5f8bfaed078f6848a073eaa8aa951327b,63496659,2026-09-15T07:54:45.766333103+00:00,1,0.0337688522123319,sell,0,0
0xc9c81ed500474e55fa252c94f8406d1aa3c5919479bbe2a579a27ebb675397f4,63497287,2026-09-15T07:55:49.392555952+00:00,1,0.9582884402675947,sell,0,0
0x283ec58bb6e89bb683803ddd6ffd501256807bdef3fa0426df89b964660291bd,63497296,2026-09-15T07:55:50.304396629+00:00,1,0.02072044158828504,sell,0,0
0x1b4d59776d8f4db49052f68a73c5473cf0ddc1a1cadd388861f6fd5390da6df8,63502277,2026-09-15T08:04:15.382671595+00:00,1,0.18726883240445819,sell,0,0
0xeddd24e09726d294a700a79847373aa37038946288546336237ee4519995c36f,63502277,2026-09-15T08:04:15.382671595+00:00,1,0.02466097776534503,sell,0,0
0xd5b01c08e6f0e3f0a3f78a0a32c934ddaa9d1620eaf830c52c479a576784299c,63502279,2026-09-15T08:04:15.585740089+00:00,1,0.01692091063968905,sell,0,0
0x7933a91354d7e7119146151aaf68921d70f3282ccd89169147ef6dca96a96075,63502734,2026-09-15T08:05:01.783844709+00:00,1,0.024201942853541047,sell,0,0
0x90beaaa240c7d5211cf08770150de972fd076042143784973f1cab68f1b86955,63502930,2026-09-15T08:05:21.684566736+00:00,1,0.3094742485332861,sell,0,0
0xa3f88cd03a27169fb980c8429512a5ba86ccc1710ba5ec791c7e08ef0e21d9fe,63502930,2026-09-15T08:05:21.684566736+00:00,1,0.023875404254400812,sell,0,0
0x8489f64c731d166783e22dd6d53574f2764b891d532a07fb5d6f140e2a71b51d,63502935,2026-09-15T08:05:22.192238331+00:00,1,0.006110864547613682,sell,0,0
0x521ff3a8b6f66a479fff150ed5fab511d46e0b0870cec996684a73b4430b643a,63503142,2026-09-15T08:05:43.209837437+00:00,1,0.9606551566316617,sell,0,0
0x32b388f9177d95f9ee2cdce6792cc92c91aa46adc9c2941be956a27626984790,63503363,2026-09-15T08:06:05.648916960+00:00,1,0.10831565053152575,sell,0,0
0x2deb642930f3e44b5ee4e4809b137a240665c0d317dcdac01230381227676da7,63503363,2026-09-15T08:06:05.648916960+00:00,1,0.02324125055094447,sell,0,0
0x7c792e2a303aaca2738141931166f3d63143fe2e18854bedd3484a91b132e866,63503715,2026-09-15T08:06:41.388989210+00:00,1,0.14760728712711488,sell,0,0
0xa631051a796be0a93b8edf28878f1fd7ea477b8447fb8748f9c3e9af577b45ec,63503715,2026-09-15T08:06:41.388989210+00:00,1,0.02303113897419357,sell,0,0
0x1eda2b23267aec8f76ae2acb6f1f9cbf9f83b269f5a8577417d331853c118ab4,63503839,2026-09-15T08:06:53.979241848+00:00,1,0.031092426620590086,sell,0,0
0x0c84021f265ab9424bfa9856a77cced8f0199db70b4fec54f409d91bc65fa9d0,63503867,2026-09-15T08:06:56.822202206+00:00,1,0.01992454323990219,sell,0,0
0x851d1cb9d6d485d0dd843c8328d1aafae03336f4dc366ef8cf6beb06a7deef99,63504156,2026-09-15T08:07:26.165613651+00:00,1,0.34132822699626564,sell,0,0
0x546e2b0ea8d0410479ffbcee8817e5d44b87ec436ba0073a0cc28faa7fbe2a55,63504156,2026-09-15T08:07:26.165613651+00:00,1,0.019946101892283814,sell,0,0
0x86f1f1f5bb413fbc792380decd6b886b8826708d71a6950e62c199d8df1af98b,63504158,2026-09-15T08:07:26.368682384+00:00,1,0.04751365569022896,sell,0,0
0xae42996638f5a871701e7cafa9b260e15bf3c041775afb3c1e18f67af648489e,63504780,2026-09-15T08:08:29.523014545+00:00,1,0.009156527667255906,sell,0,0
0x800753f2ee38fedaef331f5612d36a4414a48284f24d92382a716c8d36084554,63505225,2026-09-15T08:09:14.705776215+00:00,1,0.019901087386120772,sell,0,0
0x260454c175078fd12cb4219eac3301af6e61928dcfbaf53d406628e6aac79142,63505720,2026-09-15T08:10:04.965252638+00:00,1,0.01606060779899553,sell,0,0
0x00032e9ddea190e0eec63527d6db03a12e3407af46779ee84f983f7aedca04ad,63505775,2026-09-15T08:10:10.549638987+00:00,1,0.02144246308300988,sell,0,0
0xe0aaddc911a12fe2271c59d19ae3793f510025695b479d88743e870369b50b86,63505776,2026-09-15T08:10:10.651173353+00:00,1,0.03501192766564746,sell,0,0
0x6be758b4bdc04bed5b8685e9638d53996331564e1493960a36122395d761176a,63505874,2026-09-15T08:10:20.601534367+00:00,1,0.018520984000572487,sell,0,0
0x3e50c863a8e8388a739bdff2a4cc626f63880541a136607cfeceea14aee36662,63505877,2026-09-15T08:10:20.906137228+00:00,1,0.01914810109517233,sell,0,0
0xe3719cd563798eb01e019c1b93b222ee6414688d82c2b843ce6601315da23492,63506199,2026-09-15T08:10:53.600180387+00:00,1,0.007302302589642468,sell,0,0
0x9f21b3bb99ed93ebfeb8d598e5b04bcee28c6c4a0a00c240a27e04f23f2a526d,63506252,2026-09-15T08:10:58.981498241+00:00,1,0.016525997146523454,sell,0,0
0x066c5ba4b33ad993cf9a78c18f48ed80105f1acbb8674958ba9cb8e56e1d66f2,63506449,2026-09-15T08:11:18.983754396+00:00,1,1.0312622774621916,sell,0,0
0x9e1c35c0a5cf970a7ee04100b077685216c4d1ff2ea207f82e4b516b5e81ee60,63506449,2026-09-15T08:11:18.983754396+00:00,1,0.02136153045830935,sell,0,0
0x28005aeb686a17740103e4782c88d0b4e1373981eca15a7922a83e9dd1bcc95d,63506449,2026-09-15T08:11:18.983754396+00:00,7,0.038724813937956494,sell,1,2
0x08564ccfa29bbc5e205e3d1630d096f25e3cadc414d2cfa5b9ee4b4d8693af9b,63506452,2026-09-15T08:11:19.288357496+00:00,1,0.019076052959298373,sell,0,0
0x47daeb19e0528bbfd72a7f76e9bf23f4744e266237c0396d3fc2114073d7a520,63506453,2026-09-15T08:11:19.389891624+00:00,1,0.011371124298433948,sell,0,0
0xbdd5dc74408050062f035daf5d7ac6c7712e79129c5a49747f55f9f5d4df8188,63506454,2026-09-15T08:11:19.491425991+00:00,1,0.01387259548388854,sell,0,0
0xfa783e6db6fae2a4fdbab2ddf80c7b2c337a2e2533f962869962aa334fad3ffe,63506455,2026-09-15T08:11:19.592960358+00:00,1,0.015067600232548491,sell,0,0
0xfe768e450f9443a12610b5305d5264ec53bd533076dc5b44bde42183cb24665b,63507121,2026-09-15T08:12:27.214801550+00:00,2,0.046097813111483615,sell,2,1
0x0d03ac0ec7ffbebe4bbd6a5ea2b09f0790a06c005acd304e0b2f0de912b07160,63507121,2026-09-15T08:12:27.214801550+00:00,1,0.12627347349465873,sell,0,0
0xb1962bb3a9b249c65e7158204cad22cb1f03247e19f54461abcb42544258b7ce,63507210,2026-09-15T08:12:36.251353741+00:00,1,0.024131581595870265,sell,0,0
0x18a3410b3d54075da069221f1ae6d30e6544a0dd130c8515cd9d35d6b21e6f95,63507250,2026-09-15T08:12:40.312725544+00:00,2,0.06721957604372303,sell,2,1
0xf28951edc082fd95ab9a1909985a87a063a3991d60ac7af7f2305b622eb26322,63507250,2026-09-15T08:12:40.312725544+00:00,1,0.10307080714753945,sell,0,0
0x78e6057448c442d2ad1055fe045b9a4d88bf1632ac22432b2ae171dd5f2a3103,63507252,2026-09-15T08:12:40.515794277+00:00,1,0.010111874119339217,sell,0,0
0xcbc4cf20b92abdc6b0b41e29fb8816ebba7acc131738e9f8ef436cf6fd00c79c,63507254,2026-09-15T08:12:40.718862772+00:00,1,0.015582079081328032,sell,0,0
0x0e2c207d6fd01cedabb6a0fb62e69132e4f70025c06529560a9e226c63163f0c,63507324,2026-09-15T08:12:47.826263428+00:00,1,0.3721463493933697,sell,0,0
0x47a1fff40b313e3adde1fba0d261aa2cf11140160ba7cc275e2833f2eb21c02a,63507327,2026-09-15T08:12:48.130866528+00:00,1,0.034342206869141995,sell,0,0
0x2e445affd514ce54cabb57f79720645695bdff1f520f16da5c642e6ef67e872d,63507329,2026-09-15T08:12:48.333935022+00:00,1,0.011155188564884072,sell,0,0
0x0aca1baf6f00f75e9362136d417bc021aac938a119e0e5ebbf79bd768466c3b4,63507796,2026-09-15T08:13:35.750451326+00:00,1,0.018180395526504904,sell,0,0
0x6437d7e6666248476e19d547c9f064deb6a41da02d9f7a5c53431ee9fb1136c8,63507800,2026-09-15T08:13:36.156588554+00:00,1,0.011294611309705532,sell,0,0
0x29c30172f918965d7585e30e68058f44f1225c3b535c74e88abc1c0937609236,63507880,2026-09-15T08:13:44.279332161+00:00,1,0.019170309477128996,sell,0,0
0x921db10c27cb3955e1eaa44fcc1c501d77a78161cf0efe6975b9544d1649fc25,63507880,2026-09-15T08:13:44.279332161+00:00,1,0.027868336706029815,sell,0,0
0x49c443ac9b163f20f553dfa0c377ed39671595bad8c220792a87c81539550436,63507900,2026-09-15T08:13:46.310018063+00:00,1,0.011368062217062262,sell,0,0
0xdc59312f69fb7cdee7e836cf6e5a27ca7903359befe27aec6e4904ff7b756f42,63507932,2026-09-15T08:13:49.559115410+00:00,1,0.17268945749760872,sell,0,0
0xdbd58c4211483bbf71245405eecb62a7828c54a76c61d2f5f730b86a6c450ebd,63507932,2026-09-15T08:13:49.559115410+00:00,1,0.0214610578681054,sell,0,0
0x7a6b1a17dfd22df631dcb2917c5e7ff4d5e345f44cce7794a046c16de2ba9cd6,63508004,2026-09-15T08:13:56.869584799+00:00,1,0.16507110625124305,sell,0,0
0xce678776ca145cb05fa44c8278c8b23360607f7685e9334dce799c65ad37db88,63508004,2026-09-15T08:13:56.869584799+00:00,1,0.021466277703160435,sell,0,0
0x17fea762a5dbf273c96f2ca9af4cf1c806bbf48210e4ce4b0779d3102ef7292b,63508053,2026-09-15T08:14:01.844765425+00:00,1,0.019588720880963903,sell,0,0
0x7c15d335406e6b1950b0fa152a726d6dc946663d63cc7009dda5f65e6c21c61a,63508054,2026-09-15T08:14:01.946299553+00:00,1,0.017236342960715786,sell,0,0
0xed847f053438057ce73991aa641863d266a7fafe6a41fae67758acdd74f9756a,63508071,2026-09-15T08:14:03.672382593+00:00,1,0.18120571522460324,sell,0,0
0xd33d60cf9fd29f097afd0093baebf491cf5ce9490bcfb8b7dcd36984cd757683,63508071,2026-09-15T08:14:03.672382593+00:00,1,0.01563709841687109,sell,0,0
0xc50d13214b727edf12edcf4053855fe346f49900514f71a380c6c63ad47f8a4a,63508124,2026-09-15T08:14:09.053700447+00:00,1,0.15949503874223708,sell,0,0
0x69e92763caec41c4367cec9a2ca6a4519230cd6cf3686de440c45110dd559fb2,63508124,2026-09-15T08:14:09.053700447+00:00,1,0.0200459464182837,sell,0,0
0xb162760da824b4daf05a236e70a341f3c459af542f38d6292b3dde6911681b6e,63508185,2026-09-15T08:14:15.247292519+00:00,1,0.09966568940991008,sell,0,0
0x2168c50d80deb8acab210bd69e73e07e8862ea40a771a557bd1e43fd1a31960a,63508185,2026-09-15T08:14:15.247292519+00:00,1,0.020006132805540616,sell,0,0
0x09ed97d9680755330472eb711da31fe1e2f9130ac68b59c751492c6df1a26246,63508236,2026-09-15T08:14:20.425541401+00:00,1,0.16949200560500063,sell,0,0
0x8d56cea355ec5da8ee9e1ca6e74f24329a0caaf8efae84e8885b6c9097185c67,63508236,2026-09-15T08:14:20.425541401+00:00,1,0.008151131680540156,sell,0,0
0xdc3d1b0be61da8f0d1aeaf2c482e0af733c2dd2e9d11762675262297279cd4dc,63508236,2026-09-15T08:14:20.425541401+00:00,1,0.02802997918276828,sell,0,2
0x96220a7abd0e8a7957ad45dc8a53ac55c3dd9b8c84ccb0e877551e83f6eb8df3,63508237,2026-09-15T08:14:20.527075768+00:00,1,0.011970116487539746,sell,0,0
0x35b17ae34b3f0740984da76b74a0f38da311b3bc2ebc4a6cc86db23daa7accf0,63508358,2026-09-15T08:14:32.812725544+00:00,1,0.17996830522142657,sell,0,0
0xe3886208a37ef87d5d5bb813e92e0d8dc699cdd7556760a054c108699d1a58f4,63508358,2026-09-15T08:14:32.812725544+00:00,1,0.018262368661936684,sell,0,0
0x05dfdc30a31c58c6f9c53489b218b089074df4cda99926ee574d3f2191d37ad6,63508429,2026-09-15T08:14:40.021660566+00:00,1,0.04001919914183324,sell,0,0
0xc57468ec5fb33c155ee15ee729995fdeefd7b3d0e9666f9249564413e0ffadf9,63508429,2026-09-15T08:14:40.021660566+00:00,1,0.01833347301818755,sell,0,0
0xa716451861237c6479c54d530ac15e6379c4ce8872df7d342a4802ff06d23171,63508492,2026-09-15T08:14:46.418321371+00:00,1,0.018237153889289016,sell,0,0
0x9e5a1a71a8c56ae8e4a8a92994c948c0744b661639273f0f3ca2b84813632bdf,63508492,2026-09-15T08:14:46.418321371+00:00,2,0.1093351045812437,sell,1,1
0x2c85a4c416dfb73eb4d2ad2d9fe6b73b1e9075f212f4f5504e535c73242af69a,63508493,2026-09-15T08:14:46.519855499+00:00,1,0.232291135842569,sell,0,0
0x2d4dd5276eb0cbbe8463f5cec7d44d19641f7dad642f4398ffb3a493c456674b,63508533,2026-09-15T08:14:50.581227541+00:00,1,0.1750725798720403,sell,0,0
0x0a015895ab27d85418ed18f768ec219146bb8ac6f5de1eaa28f5c5b11cf26cae,63508533,2026-09-15T08:14:50.581227541+00:00,1,0.01775156227651774,sell,0,0
0x771d703f790d700793d548f173f81d4d3ff25110dd6ec476fb3d96b097e87d71,63508535,2026-09-15T08:14:50.784296036+00:00,1,0.01617867798643653,sell,1,1
0x4191207f8eb8da1caa771c4b3145fb26b66bc4ce8b076578d7e53094abb50e3d,63508535,2026-09-15T08:14:50.784296036+00:00,1,0.007050540200348066,sell,0,0
0x4112c7817db5e025977cd4fea76d8b1f5579ee9b0a3862571c295b3547441ec5,63508545,2026-09-15T08:14:51.799638987+00:00,1,0.01638968280257514,sell,0,0
0x1548df90aa3ee374ae73eaf22ba72ef9443d10e1ba6ea61a832bea435d7988a6,63508588,2026-09-15T08:14:56.165613651+00:00,1,0.14264718064188567,sell,0,0
0xea37a11c634820d0fa921aaa841b88cd0022c60df8226846e34ad961b41e8fd1,63508851,2026-09-15T08:15:22.869133472+00:00,1,0.16579349310847555,sell,0,0
0x05c5a2da12463ae16a0c6559f55be6c13aa2278354c51a047221f919cb5f6c5d,63508966,2026-09-15T08:15:34.545577526+00:00,1,0.18961059462160235,sell,0,0
0xe0e60d5ee304247423aece44bce6b3d8f858cf6c17fa90c95dc4aad9916cac1a,63508968,2026-09-15T08:15:34.748646259+00:00,1,0.03291487961343123,sell,0,0
0xf88f8dd4247e3c5314a0fcbd019ecad8c553b00878ca209d6f698c755dd342e0,63509027,2026-09-15T08:15:40.739169598+00:00,1,0.010566508834421713,sell,0,0
0x2f9e13232ba9092eb8355fcc53fa6c20971fb98d28e025ae36b3fed784863343,63509570,2026-09-15T08:16:35.821090698+00:00,1,0.18556430637610494,buy,0,0
0xbbbb56de94ad42cbeec109171d4d1f9277f7d1a0d4180ab52c03f68eb08b3bb7,63509570,2026-09-15T08:16:35.821090698+00:00,1,0.05743998816803464,buy,0,0
0xb62285ec4c852bcd30f80a415483e4817e8ec0daf360295ac9d930d2ca2c1b0e,63512013,2026-09-15T08:20:43.534024238+00:00,1,0.03081193458331363,sell,0,0
0x72b84a61238a96308949dbd72687992b67dad064117de6d9e54ef305f77a663f,63517915,2026-09-15T08:30:41.979269981+00:00,1,0.011020207239633643,buy,0,0
0xe395c508a723b007425adc239a4168df43b9b2f94ea3279d68aef5963294b220,63518682,2026-09-15T08:31:59.771666765+00:00,1,0.8903593350463804,sell,0,0
0x3a2c98bee3a59cfe03bb89919d50f6e7d2bd839543b1f0ffe834ab5d3894363a,63518963,2026-09-15T08:32:28.273864508+00:00,1,0.185575665565711,sell,0,0
0x98158a36955dc9eaea84947715aa96ac11c3a809b2a548bcc4534dd34cab6f44,63519080,2026-09-15T08:32:40.141327620+00:00,1,0.01659145877917398,sell,0,0
0x23b5fe34e27303dddc47f852da510ee3a065149c51777b26a2149a3ea23163b0,63519485,2026-09-15T08:33:21.221007586+00:00,1,0.06090625917801691,sell,0,0
0xe322a665b771e5c20733f91387825a14eabbfa9c3439c3fc2309c5f43f29573e,63520555,2026-09-15T08:35:09.752507687+00:00,1,0.03645041691356768,sell,0,0
0x808809e67acea64a1b84173dc4e18b317d4339e3fbb2ac55b164c45ec10ad71a,63520719,2026-09-15T08:35:26.387242079+00:00,1,0.09173365379825683,sell,0,0
0x15621277312638e76007b896464b77e9acce0b135120251038a367c0f73ec4b1,63522910,2026-09-15T08:39:08.623239040+00:00,1,0.10498820099698288,buy,1,0
0xb7fba91e6d599bb65502a8caa42e1d3a1354cebdc379aea9654277d87b4b8632,63523195,2026-09-15T08:39:37.531162024+00:00,2,0.010326782610375004,"buy,sell",1,0
0xac2d8cc5ceb507ba82d7d71af3fa2c57525f958296c083a330bac8e393586b0d,63525411,2026-09-15T08:43:22.302941561+00:00,1,0.03750971066855075,buy,0,0
0x772d296084f1a4f5f69da6d7cff5462fe22dac01476bdb6b75751d704282b694,63526146,2026-09-15T08:44:36.854953289+00:00,1,0.3583958465367269,sell,0,0
0xe59e5b5eb7303749e4c157ae441e53a915f255be79742581dcb9d6ca8c4b06d5,63526197,2026-09-15T08:44:42.027950048+00:00,1,0.0586811440421742,buy,2,0
0xd932289ca37073957388aab8c7c4a5b550e461f2155b602afaaf3adf59e0cd66,63526586,2026-09-15T08:45:21.484729052+00:00,1,0.23414895238565434,sell,0,0
0xe12a4d87a7cc029452a0c4f43e7676f61e83da6a685da51994e27d8e35cf826a,63527095,2026-09-15T08:46:13.128868341+00:00,1,0.43708291222504164,sell,0,0
0xaf0558103c69ce58ad9c15ea46841d600b548a4d5630d1bef96750beed34ea87,63528538,2026-09-15T08:48:39.645358086+00:00,1,0.18408570138054353,buy,1,0
0xe148a0067c3d1a67a12207ca83d0fcc0197dc14f37f733a75561e75433bb4e65,63529548,2026-09-15T08:50:22.196747303+00:00,1,0.24097631664110586,sell,0,0
0xa2e88401eb2c228bfb98fc4368af46785458b381163bd8c1e7f7d8c91e07e330,63530384,2026-09-15T08:51:47.080867290+00:00,1,0.45331474354815815,sell,0,0
0x9cf766b8e21000e6cb12272f9996778b37667c2fcd12d85369705f096e1564a6,63530864,2026-09-15T08:52:35.818161249+00:00,1,0.5113326238676854,sell,0,0
0xb4461e72a474a2555e39ba5ef5d7b408bc4ee52280927b1e7f3cda03e9d9b5b4,63534416,2026-09-15T08:58:36.474135876+00:00,1,0.5552788464635667,sell,0,0
0x8d275806f29655435faca2cdfeda552f5c59d7f059b88896581a673caaf7b241,63534633,2026-09-15T08:58:58.507454156+00:00,1,0.3247265879577908,sell,0,0
0xbc5055d7fcd922d33edcb8ef89b0978b3baeea723a7346db991fd34ecb214225,63535429,2026-09-15T09:00:19.330133200+00:00,1,0.3017129843323555,buy,1,0
0x65eb158a32bf2e23ba97880a9b527e2077c35428e0dff5ae10db9ac32c567a57,63544462,2026-09-15T09:15:32.539083481+00:00,1,0.0354556556405995,buy,0,0
0x8d2f39ed1db0da79d5dfe65495c7dfa4de18bef0a6ff5d2d235ce8fbebfa7006,63546886,2026-09-15T09:19:38.544061184+00:00,1,0.007248423458603764,buy,0,0
0x7194b57ff79b3c34c08778332d160bc3158ddd4636ed55e79cb642c7c3465a81,63555993,2026-09-15T09:35:02.378232479+00:00,1,0.02074536970485026,buy,0,0
0xc72a4e535774ee7ac8dd19785ec083d4ec9936323ef3bf1d20636519e9d0e3cb,63556253,2026-09-15T09:35:28.688104391+00:00,1,0.21300418707066557,buy,0,0
0x72e08bc5606bfda93e3abae39fef3bbf4f5ff02ff031e801fe92093257d6df08,63556254,2026-09-15T09:35:28.789296150+00:00,1,0.03866934132994457,buy,0,0
0x1fae479288355c16a4b150cea1ea43c023523e08cec4dc603ef74a05c28065b5,63557894,2026-09-15T09:38:14.743872166+00:00,1,0.3678689353092583,buy,0,0
0x35d93d95d328b6279c1e64bc1981b9b01d0d7e3c35a88f85a07e81a4d2d7b54d,63557895,2026-09-15T09:38:14.845064163+00:00,1,0.06121366649299946,buy,0,0
0x849f87525c8da44e68d7996f467a38ab4b7b26aaafb44698077fbb9d922af4c9,63557952,2026-09-15T09:38:20.612997532+00:00,1,0.01880878169050754,buy,0,0
0xaba2f66eee8faaba7236cf171e8db105b169b9e0bcd76e11cd2ef52ea4b3274a,63558254,2026-09-15T09:38:51.172925472+00:00,1,0.014926595680712643,buy,0,0
0xd5f2f58ae4af3be19de4cac2ad703a83d6e2344072aaa869a481d2c59efb603c,63558484,2026-09-15T09:39:14.447042942+00:00,1,0.05418925347947784,buy,0,0
0xd2a1cbc7aeeba2b7c5c851a039cfc71534bb70b747a78b47b8d062cb335eeb58,63558486,2026-09-15T09:39:14.649426699+00:00,1,0.024923866708164436,buy,0,0
0xd9aa01c5d1f00f6c41049ab85c66735a2d31a7e996222c4268a629f883247283,63558551,2026-09-15T09:39:21.226894617+00:00,1,0.17042194053834478,buy,0,0
0x68c76b38c6b9739f5e03946e03d8230fc52fed83824c823f965c0b4e39252da7,63558552,2026-09-15T09:39:21.328086376+00:00,1,0.03518787074912026,buy,0,0
0x7eb604e457544629768691863312b1db660cda5687dac3fb40234135fb724d09,63558648,2026-09-15T09:39:31.042500496+00:00,1,0.2443242043211795,buy,0,0
0x961f9b6ffe61b2896881deb920685a5e1d6af448e54429b1d643eb33bd9621b7,63558649,2026-09-15T09:39:31.143692493+00:00,1,0.029404050793675376,buy,0,0
0x3623f783a3cf228eee34a5e895e230ab424800bbd21d93588520be374f21987b,63558890,2026-09-15T09:39:55.530919790+00:00,1,0.02135611814102417,buy,0,0
0x10f2a3e38d98200119a45e7c1bfff415ec95539116749eda05f503cb36b515d7,63559338,2026-09-15T09:40:40.864852667+00:00,1,0.016738857745112933,buy,0,0
0x4f0b2c9bbb0d6179945594d9a285b58f262a2b94ced0a60ad93d9c0a9d7e4888,63560220,2026-09-15T09:42:10.116033316+00:00,1,0.02616762524975189,buy,0,0
0xf3d57b3f7ff91c1bab42bf3979b432c240d594cf5958289ef214654fdf93ec1b,63561027,2026-09-15T09:43:31.777827740+00:00,1,0.047594832428011075,buy,0,0
0x1455390331afd9838e9be0b79fda30167d83eeedfbe7a1f029ed2c2004f5f431,63561116,2026-09-15T09:43:40.783899307+00:00,1,0.02237804810862365,buy,0,0
0x1ecbf87c104f661de3eb8440e28cf1b6b3a1c47e74a8eaf494a24b9c96a8b6c7,63561204,2026-09-15T09:43:49.688778877+00:00,1,0.06666693919875298,buy,0,0
0x997fd2a64779572b0f2642164982c2a03cb4397c080034444a7d0c635dda829e,63561441,2026-09-15T09:44:13.671239138+00:00,1,0.13386416048495398,buy,0,0
0xbc39bceaf705ddbd8aa4476fec9eea3b63afaca61c72635e6197faa15838a1e8,63561441,2026-09-15T09:44:13.671239138+00:00,1,0.09154388759947706,buy,0,0
0x001d7828d8586831b3ef71e18f19af13069642b04268b62a38624ba1d9a7458a,63561670,2026-09-15T09:44:36.844164610+00:00,1,0.02105025990251332,buy,0,0
0x13020fd93b8ccddd31b0fd59c8e9ff3cf101fef531efc042a425aaf2a989ba1c,63561696,2026-09-15T09:44:39.475151777+00:00,1,0.12364828474816339,buy,0,0
0x17dded6dcb4c0160da8fecf622a0bf81f52c47741741b6c06ccf880a83a31d55,63561696,2026-09-15T09:44:39.475151777+00:00,1,0.053657985703115654,buy,0,0
0xdadea25f703b7cd39d70582a0092ef8b34d29541a17022d5debf24e5cc3a8e52,63561842,2026-09-15T09:44:54.249156713+00:00,1,0.012195049672768292,buy,0,0
0x6cabcc58ea9b48b0e385d8e1449099bdf6c879bbf7ed74036a4bf976c29581d7,63562021,2026-09-15T09:45:12.362491608+00:00,1,0.05777583563790141,buy,0,0
0x28950c5440cb28045d9028ddf201285e8275457cc51a5857347b0d231b778c0e,63562254,2026-09-15T09:45:35.940184355+00:00,1,0.13688479608375922,buy,0,0
0xa7557fb967e3d2ae4df7e136ef7d5acf1fd5a240e4dca72fc047899a579a2a17,63562254,2026-09-15T09:45:35.940184355+00:00,1,0.11710951900489941,buy,0,0
0x8db030f5cf29b3cf3553a39f72af148e681839b73006c0f519eb9f9379514e1f,63562482,2026-09-15T09:45:59.011918068+00:00,1,0.16643898092588416,buy,0,0
0xc6b2e0caf626025eb5af92eade8b929317470502f8abde057ea9a42bcacc48c2,63562482,2026-09-15T09:45:59.011918068+00:00,1,0.15886894272364574,buy,0,0
0x6c3fcce458f774bc5c622a3c74210c32acc3e225b890d9b6ac44668b5ec6948b,63562597,2026-09-15T09:46:10.648976803+00:00,1,0.15948796847726318,buy,0,0
0xc69543e7b6c1bf686f79e160d334ddf86cd4d6b916039a34c3c5cc46be30f70f,63562597,2026-09-15T09:46:10.648976803+00:00,1,0.15748329869180394,buy,0,0
0xc52522f69df834c2e28dd9dce7b0ae3f0b4a715f48bcea500c0e24ef26514276,63562607,2026-09-15T09:46:11.660894871+00:00,1,0.016347385264560577,buy,0,0
0x3520f8a2876d3c66fc0acc669ada7496a8203f7b6f35be10042e38da4e3fdd87,63562775,2026-09-15T09:46:28.661119938+00:00,1,0.14475944629434984,buy,0,0
0x829db258ac0cfe52f0b918d46aa7c30abb8fcf8fa09310ac53ef62c19e67a588,63562775,2026-09-15T09:46:28.661119938+00:00,1,0.13730931332656074,buy,0,0
0x25c1337e55db079ef59bd767a3242df69c696d9bd4ca44d3b67e2bad833b6734,63562958,2026-09-15T09:46:47.179221869+00:00,1,0.12890650226407108,buy,0,0
0x2e5333266ac2897421481a565b5f40858c0c8a07b7b3f0f841c8d2d5b83a2d0a,63562958,2026-09-15T09:46:47.179221869+00:00,1,0.11207195321541989,buy,0,0
0x1ffbeaad9dd8bbde5e1a75210c4a390b5af6fcfdc5f94774f19584dd0031aaf7,63563051,2026-09-15T09:46:56.590060711+00:00,1,0.12624496315539624,buy,0,0
0x25344c193ac05e08f418c5ab21b8c8fecf702a4be61a3d6064ec018340dab8dd,63563052,2026-09-15T09:46:56.691252470+00:00,1,0.10115619287614755,buy,0,0
0x9042b53c9606225202a6dc01e7ae454cadcc567eae5a49b3917540fb55b0a4f4,63563366,2026-09-15T09:47:28.465482235+00:00,1,0.05011159970774484,buy,0,0
0x53130ce7241e417f11eeb5523268ea723a1a4b945528fff5570edf7dbf5079ee,63563369,2026-09-15T09:47:28.769057751+00:00,1,0.07936965064265272,buy,0,0
0x71e492509eedc28b9c3c5c48f5ee309fccfaf909181bd415fe200fef2ff8880d,63563466,2026-09-15T09:47:38.584663868+00:00,1,0.022315785843866814,buy,0,0
0xf1db41a97b3d78ce1ded6ba2473d90d8b16615089cc193838cd5a80af776e94e,63564143,2026-09-15T09:48:47.091522455+00:00,1,0.8648010035799646,buy,1,0
0xd868d346dcdd50d4bf50a8a885db05d3a523789accae8765b1b6344de90479b4,63566169,2026-09-15T09:52:12.106138945+00:00,1,0.09720558966198893,buy,0,0
0xfb173bb261bccaf05968b93717a520747f9acee5829ae85199e14b772cdc4315,63566169,2026-09-15T09:52:12.106138945+00:00,1,0.0540417126392758,buy,0,0
0x0067521c854fa3fa4436d002a3e99e35cece283dac6b123aef04f433ed697f08,63566762,2026-09-15T09:53:12.112884998+00:00,1,0.23487341172636927,buy,2,0
0x4dcaf9b87144b3562262e26924b30e75d103238a613e740a3f5689c1be910052,63566840,2026-09-15T09:53:20.005846739+00:00,1,0.029897424854615794,buy,0,0
0xfa6bb4d76d33ae02a661e85434e760e8a4c7cdc18d8d09174ac0108e8e49a11b,63567492,2026-09-15T09:54:25.982909918+00:00,1,0.0194628037855958,buy,0,0
0xc847f2bf243992c94d7d6ed5d03b35df4d9309761cbd683938afa6992599d153,63567933,2026-09-15T09:55:10.608500004+00:00,1,0.059405234842944465,buy,0,0
0xb5d815aa8f64024279a8f083da2dac13c05aac6d48e72159ed70f00423a4c3b0,63567933,2026-09-15T09:55:10.608500004+00:00,1,0.09059257535525904,buy,0,0
0x56c7ec7a6a5fd5c32010bea18707e31793b38129ad634af48a2199376bcf6d15,63568286,2026-09-15T09:55:46.329210758+00:00,1,0.058296444800961085,buy,0,0
0x21963e25b60ab28cbff8e76636377a018ffae9359b2e6555283d2c535d7c63ed,63569186,2026-09-15T09:57:17.401844025+00:00,1,0.08296953968646693,buy,0,0
0x51b98ca9ac766ae48b61101cbd698daf071deb93306be35bd6b6e40a0f2efbcf,63569186,2026-09-15T09:57:17.401844025+00:00,1,0.20050920803554126,buy,0,0
0x2758144af1faf78d1625b8aa63f230238ec257533b42d97e827c53476adf724d,63569187,2026-09-15T09:57:17.503035784+00:00,1,0.013274017141727436,buy,0,0
0x717cb854ba1a335feb64a3facfcb4f9bd0ca2c61d8aedd89c7edae664d068e06,63569275,2026-09-15T09:57:26.407915354+00:00,1,0.10263704045981115,buy,0,0
0x96cf8d6b29ded54c6e551dcd60eb212125ed2440bd8f2392e2ff8de275fea9c4,63569275,2026-09-15T09:57:26.407915354+00:00,1,0.22656848340083013,buy,0,0
0x289f037df2f6a5ef8a948c75d0c1901837f34c314afa6fdb9b46c768948b576f,63569276,2026-09-15T09:57:26.509107351+00:00,1,0.012180672279226956,buy,0,0
0x71f42496e93614895e06da8eabba1aa1a6fe5ab72870054d82657df6207f1762,63569365,2026-09-15T09:57:35.515178680+00:00,1,0.09667542459867311,buy,0,0
0x3cad70bd31e0e1712595a9489c3c314949e46e576cec50709b7a9c6ee3b054bd,63569365,2026-09-15T09:57:35.515178680+00:00,1,0.21438886138803023,buy,0,0
0x7d1bac061bbcb93a21892d5dabd3b2a92df8ec3c64163152209f10aa7ceb5a92,63569441,2026-09-15T09:57:43.205756664+00:00,1,0.5093411090762959,buy,0,0
0xec53442551b670437da26cddd91b522f9ed5b05922686967bb35c9de4ea58cd8,63569442,2026-09-15T09:57:43.306948423+00:00,1,0.1590996371351576,buy,0,0
0x24fbaf12b0e8d9d55ce88325595b0a52f03df5f7b3de9cec97d41ffeb006d23f,63569506,2026-09-15T09:57:49.783224583+00:00,1,0.09689806114766293,buy,0,0
0x1dffd9e9404df9a90ad1518bf244d1cdfc689f80a18d0bb31f6e8d9c64eab136,63569506,2026-09-15T09:57:49.783224583+00:00,1,0.2481033523530477,buy,0,0
0xdc0557b902d08b50c73e9e7f3b48ba1cb80af4fb46202489b6920ef8bc2ac907,63569512,2026-09-15T09:57:50.390375614+00:00,1,0.010758862307394677,buy,0,0
0xc017cb933eca4c61ef044cc9d55f75a3f58f4a961e8a88cc187e519b9da1dc65,63569561,2026-09-15T09:57:55.348774433+00:00,1,0.06827622584475142,buy,0,0
0xa23c7c70d3d31567c98f6a5f517e5df3b9501fe0f73e83609e6f5471431f13f5,63569605,2026-09-15T09:57:59.801214218+00:00,1,0.24050937179658277,buy,0,0
0xdb3d195ff73e2c4e3d184533ebd88318dd96c794ec6cce1b51daadfacc298d77,63569605,2026-09-15T09:57:59.801214218+00:00,1,0.08743530851638648,buy,0,0
0xfe0f4492d97ae5240bf81bc634a3fd5e1257304b22830dbbdac14fb1f68f4797,63569642,2026-09-15T09:58:03.545311451+00:00,1,0.02828992683309824,buy,0,0
0xd39b93d3fda3d5be6aadd04780bd6072e5d8cebb988e0b996fed85ca8aa99dcf,63569642,2026-09-15T09:58:03.545311451+00:00,1,0.06913623110216482,buy,0,0
0xbfc617a955c0de9f3cd6c85a4a11a205f3bfd99844e440d963da53427a2211d4,63569686,2026-09-15T09:58:07.997751236+00:00,1,0.3495201060839446,buy,0,0
0x92720042cc0e31ee1aab1447bdb9c2646f5e1de2cc7fb2d43b3f291af4d422eb,63569686,2026-09-15T09:58:07.997751236+00:00,1,0.1278473236998288,buy,0,0
0xdc51f7f942a12d43fba9f4f4248ccb9f2e0b169d4a00eb4e8035fda9f8f56136,63569698,2026-09-15T09:58:09.212053061+00:00,1,0.262922630420592,buy,0,0
0xb7b27036d0aea4e3f27ff8de4ab5ea251a1eb3733fd80763105122af3a57c70e,63569698,2026-09-15T09:58:09.212053061+00:00,1,0.09092802230165613,buy,0,0
0x82a867a0087207bca5476d54ae09788c0289df651238c986985ad1e0049b3052,63569918,2026-09-15T09:58:31.474252224+00:00,1,0.09827830565860593,buy,0,0
0x362ba566f7c1154da1eeae920c10ea68431aa12a22b923e44b6caf4fda2f68d2,63569918,2026-09-15T09:58:31.474252224+00:00,1,0.2499056552040305,buy,0,0
0x6d0d7b5eef77fee9a4b497edb1d966ee66666ccb7d0f507240e7289bd5991fc4,63569920,2026-09-15T09:58:31.676635981+00:00,1,0.01602919086220423,buy,0,0
0x9e75f3b6d8ca899c5abcce9dcdf9747c7764c476323a60e966557a739a9ddf3c,63569948,2026-09-15T09:58:34.510006666+00:00,1,0.0081781155934328,buy,0,0
0x856f88530e911c32fc20da5dc689d7961f9712fdce2866a79c52acb897a6d0d5,63569986,2026-09-15T09:58:38.355295658+00:00,1,0.041332697542295176,buy,0,0
0xc6184474257b092dd90c31168135f14d4dcb5caff143c706769283c9733a2f02,63570117,2026-09-15T09:58:51.611423492+00:00,1,0.25578581389070154,buy,0,0
0xbfb7b3d53763bc33b61fc377d93736cf220ff9d635e85315c63963c6b8a3307d,63570117,2026-09-15T09:58:51.611423492+00:00,1,0.09308315804736159,buy,0,0
0x11ce74dc0622b156b02ba9fa01bffe18a330c9f7e776ef00520197c91777b09d,63570119,2026-09-15T09:58:51.813807011+00:00,1,0.015147129808785,buy,0,0
0x6ba4aa6d82e70c4822656faca3e18f9292b837297d84a4527f1b987fa970fc0f,63570208,2026-09-15T09:59:00.819878578+00:00,1,0.01282831224186141,buy,0,0
0xdb3ceb059f78204519e10f39fffc7fc7b474f7fdce5fb6fdcac31c5762d9f821,63570225,2026-09-15T09:59:02.540139437+00:00,1,0.11818761178422406,buy,0,0
0x2a39ba2dd1e57f04cc03456ffbc2a8a002ad9e9d6c0db61fde6d490ae4ef8534,63570225,2026-09-15T09:59:02.540139437+00:00,1,0.2617834341181935,buy,0,0
0x63f82199ada89b3699ddb188de309559e673fe5cbb407fb410516b40241b2cd1,63570336,2026-09-15T09:59:13.772430897+00:00,1,0.09713388500863017,buy,0,0
0xa5d0faecd5b770c52bb6c9613d50d81134c9246bcdd86ab2113f0e75125070b2,63570336,2026-09-15T09:59:13.772430897+00:00,1,0.22577357789036198,buy,0,0
0x157bb6361f5c83930b367b3f831cc6f7c1aa7b89c1d5c03a361389cda4d42c20,63570338,2026-09-15T09:59:13.974814415+00:00,1,0.018279548700507804,buy,0,0
0xb0f5d428ab0ecee845826864c9b39804dd0d8824c5bb36e9e7e786a26a201e4d,63570380,2026-09-15T09:59:18.224870682+00:00,1,0.49922212898121854,buy,0,0
0x566dff65b82ce5e967a9369b3ede0639e512670f8a8cceed91caddda82d7219e,63570380,2026-09-15T09:59:18.224870682+00:00,1,0.12437530255130029,buy,0,0
0x6f9c4277ce25638dff9d581420b907740bed764511b10264d7aae44f3e854cec,63570381,2026-09-15T09:59:18.326062441+00:00,1,0.021688978614944825,buy,0,0
0xe9a1bf169337568cd93fa8244fd421b5b558356224fcbf5d796f06720482fc85,63570433,2026-09-15T09:59:23.588036776+00:00,1,0.26374258579689647,buy,0,0
0xadf0c4e580324ae6f2c043ad814c0a7ea45a7303bf87bbb1673cd592422259cf,63570433,2026-09-15T09:59:23.588036776+00:00,1,0.12226773865224483,buy,0,0
0x894c1dc1ebcefd9db6ca7fdded66076dd05e0d1c8b647c643c8140aeee1ba97a,63570434,2026-09-15T09:59:23.689228773+00:00,1,0.024397766902272192,buy,0,0
0x9cf3bcbfe1285175bedfec7c1c4f2669375174273906041c93e44212e56ec30b,63570544,2026-09-15T09:59:34.820328236+00:00,1,0.07586569656595304,buy,0,0
0x07851f39ba1a56a8e6706356c50a997bc96b159e17fb9af809ebbfc8fa8c4430,63570638,2026-09-15T09:59:44.332358837+00:00,1,0.06047873887790885,buy,0,0
0x456c177811556a08a79c6fb375e9cfca89eb75dcb9d84de7edb72af2378a68e7,63570638,2026-09-15T09:59:44.332358837+00:00,1,0.06358826415459669,buy,0,0
0x459740f21102dcbdcc1794ddde0b018b7f9824e1861570957c123de1601c9ac1,63570655,2026-09-15T09:59:46.052619696+00:00,1,0.024329151378433864,buy,0,0
0xa31a922018e5d8e7353d8d6fffe879e96303be4bbbe7345eb009482045d2bc16,63570673,2026-09-15T09:59:47.874072313+00:00,1,0.015103828949373475,buy,0,0
0x69bc67e0e0871e150829b1aa76f3b2db1aa792caf2552986c7107e5cbdebc21c,63570734,2026-09-15T09:59:54.046773195+00:00,1,0.057182267684865846,buy,0,0
0x7e38395551c4a2ae1708e6a26087001756b48b0f670793cd961f5eac2a901880,63570823,2026-09-15T10:00:03.052844524+00:00,1,0.07338852196593237,buy,0,0
0xf45f596f851150c1c1f99718d335cfbb5fa0cdf68b639d55df59c5d1a0a6872e,63570891,2026-09-15T10:00:09.933887959+00:00,1,0.007967082173092463,buy,0,0
0xe1cac1b9218b55728739202cef42b77cba81081554063b31abf9b50180cd49bb,63570945,2026-09-15T10:00:15.398246050+00:00,1,0.013419021115040732,buy,0,0
0xeb7e800020c783e600c5957104c1e515b0916e579022a6f8b5920be8214de81a,63571029,2026-09-15T10:00:23.898358345+00:00,1,0.07376995786838132,buy,0,0
0x00decac703bb4259bd9289721ddf3cbc1debc031d1840a7df43b97bb7ac30dde,63571030,2026-09-15T10:00:23.999550343+00:00,1,0.033557040361637605,buy,0,0
0xf81975499e9f5a74fdd3c46de44457ad854802fca12634217735831825d3edf7,63571135,2026-09-15T10:00:34.624690771+00:00,1,0.0984029143636788,buy,0,0
0xb8245b9e934a14d4a227445727859a65fc206af100ccc08a70e2505e090f9f9b,63571135,2026-09-15T10:00:34.624690771+00:00,1,0.22422790177784893,buy,0,0
0x231531fe9f40b10b4c20a09632b66012c44d4c4ce99d6eca42cb2dedd3a761fd,63571137,2026-09-15T10:00:34.827074528+00:00,1,0.02267646186992485,buy,0,0
0x6c0438a3a92123e42b1ef51aab1e0eac8846a232c538670054dafd7e5a8ce578,63571228,2026-09-15T10:00:44.035529613+00:00,1,0.08364474140589938,buy,0,0
0x142b545cca974957b5c9830d562415ac4e38f421d33b19d25f607145cdc9a4da,63571232,2026-09-15T10:00:44.440296888+00:00,1,0.013622000878051956,buy,0,0
0x049a817e1ddbb1942aa0effb54e8dab9761a6a991106c7de22eb1fdeb15e9ddd,63571335,2026-09-15T10:00:54.863053799+00:00,1,0.1451555841651349,buy,0,0
0x0431fcf583d5f8251ea016a0ec4da54c659721c04b5268fb27fbb82846089543,63571335,2026-09-15T10:00:54.863053799+00:00,1,0.4157061366545071,buy,0,0
0xf4c3d3e4ba194e6b88ca0c5d67ee7a2dcb8a5fbbde04f354cf64ef5119004e77,63571413,2026-09-15T10:01:02.751950502+00:00,1,0.10095428493024447,buy,0,0
0xfaa7c6deec0e2d6282191dded4af8e19fee756e67a2090001ebd1d142c45a5cb,63571636,2026-09-15T10:01:25.298439503+00:00,1,0.08187406710523584,buy,0,0
0xbfafcabd7c08aa7f95a334e6743eccdce0683a92e69319ff75ef7f5bf470273e,63571638,2026-09-15T10:01:25.500650167+00:00,1,0.049,buy,0,0
0xc9d74d74ae8e92880bf1344247fed921936b2b4e207e0ad7c659e77f5c4830ed,63571649,2026-09-15T10:01:26.612808943+00:00,1,0.029102168448669342,buy,0,0
0x1ae47c1e80dd081bc9444c41723e339de8e309d2a0f1eb8a16a0271a92bf00ec,63571826,2026-09-15T10:01:44.508452653+00:00,1,0.05254314672684334,buy,0,0
0x9271dd0f15b86c91231375b06949e89df55a9b954620b60575d15807251e7775,63571938,2026-09-15T10:01:55.832249641+00:00,1,0.06284431591392092,buy,0,0
0xc1c18b59c2f39006810713e0b7e3f52e52c605dfdd4b59e7f71d1e14597bc30d,63571941,2026-09-15T10:01:56.135565758+00:00,1,0.034142232707374966,buy,0,0
0x439e4402a4fc2260aa04acf73dc844cd4caa0ef9cd44db34da94a59581267fd5,63572001,2026-09-15T10:02:02.201885462+00:00,1,0.05892319467164768,buy,0,0
0xd6c685185499284410062770e3f75b5350802cd78321225905778a66ac348263,63573111,2026-09-15T10:03:54.428803682+00:00,1,0.11293252290645987,buy,0,0
0xab74063ebe404dca543a7d7e30a2602b57549bf1ce458de437261b72c6af1be2,63573113,2026-09-15T10:03:54.631014347+00:00,1,0.06697655310193779,buy,0,0
0xa51c4a6fad4d5e691dc7eaedd36c7b370896112db9e1b08c4977f7444b0ada25,63573439,2026-09-15T10:04:27.591352463+00:00,1,0.046139010464530214,buy,0,0
0xa3dbaaab914ef036ccbb49ed608a3765fac3820eac20caec394582c49c8b331f,63573440,2026-09-15T10:04:27.692457676+00:00,1,0.04193099665015724,buy,0,0
0xff6883ec64b3da16f8459a0245b607c92c88cc8c83bd1cbc54997a4da593bd81,63573460,2026-09-15T10:04:29.714564323+00:00,1,0.008322838933018124,buy,0,0
0x1fb3f48e90804d41a60b47fc2d69f792daffd1706937577f474cc054e74a885c,63573787,2026-09-15T10:05:02.776007891+00:00,1,0.045253108965286365,buy,0,0
0xe7763a2dfdb16b4ed7cb4c5d48127bd1eac5ec4149106268244250d507a4a5d0,63573898,2026-09-15T10:05:13.998699665+00:00,1,0.09695945248408336,buy,0,0
0xacf57268355ae8141a2e3c6f403592392ee0a1b484b402110991dbc88d654bb6,63573898,2026-09-15T10:05:13.998699665+00:00,1,0.1521811568619008,buy,0,0
0x9496e4a3436bc4c9b21ac26bba10062cf14bf3cc633b58f434a9d163c8da66eb,63574068,2026-09-15T10:05:31.186605930+00:00,1,0.10457723819310175,buy,0,0
0xf043e8d78a255c37eb412cd84891d9ba13c47a911f6ae81d091f64e2bacdabad,63574068,2026-09-15T10:05:31.186605930+00:00,1,0.23903498426028932,buy,0,0
0x7bdc5b65b89d50a4e2150794e38683557c93a0b73dfe3acfac0afd4020bc79dc,63574203,2026-09-15T10:05:44.835825682+00:00,1,0.08845645421668517,buy,0,0
0x0410fd43a881d1b27bf5a8ae69d49c3448ca5d42a07818e8cca550c57487d6cc,63574203,2026-09-15T10:05:44.835825682+00:00,1,0.2053697990838085,buy,0,0
0x15e78871b63eace1a8866e9c7b555bcc56b959cfae5cb4da99f2602d75dc19e9,63574311,2026-09-15T10:05:55.755201578+00:00,1,0.24674873842976258,buy,0,0
0x4a94d68bd6415aa2f13dba7240bb3b70ffa71afb45433f98a9416b7391bf81d0,63574311,2026-09-15T10:05:55.755201578+00:00,1,0.09201345164099183,buy,0,0
0x54749082bde58c23cd52797ce0fe9cf8f7d1bc2555dff34d6052f1768efc93a9,63574401,2026-09-15T10:06:04.854681492+00:00,1,0.1150186584709738,buy,0,0
0xcb313b8a31796d4f98b8c6457d6d73174909b28bfb26392cd8818d28acee6279,63574405,2026-09-15T10:06:05.259102820+00:00,1,0.044979767931424025,buy,0,0
0xea83b01aa18265b65f227c978806f5d740c9fcfc013725e23c1e12facc661fec,63574460,2026-09-15T10:06:10.822627783+00:00,1,0.048574156677700854,buy,0,0
0x89c0ebb3a51fdd59370670cff99b445bc15615019d069d9746281d482e61d180,63574488,2026-09-15T10:06:13.657826662+00:00,1,0.09471232432294979,buy,0,0
0xd948deb2c38a060681513dbd792bbbac4101dded3a7738303c88cc97cceae461,63574488,2026-09-15T10:06:13.657826662+00:00,1,0.23213566732431842,buy,0,0
0x3df438cc58947a3757749ec0aa1415216741eaf511b9310955afd68f3765ca4a,63574603,2026-09-15T10:06:25.302393675+00:00,1,0.2394873388283823,buy,0,0
0x96973250aa13bf83063dca578c90ec7453776285e42984a739a49406688bcbca,63574603,2026-09-15T10:06:25.302393675+00:00,1,0.10154676171131077,buy,0,0
0x153564f38bcecd6a0d8296f05160bffae5a368486d4ebb7540836ab93d3f03d0,63574705,2026-09-15T10:06:35.630618334+00:00,1,0.0924881731750849,buy,0,0
0x9a3c69fb0fe9409bae46c0ab623a5d61cef2d67fc4ef7c499295d10fcb40a0be,63574705,2026-09-15T10:06:35.630618334+00:00,1,0.21291134289782981,buy,0,0
0xe4c39463e82263162031515f94f5b39a6b753c532b5667f3e31af7303a51f3a4,63574839,2026-09-15T10:06:49.199069977+00:00,1,0.22919027478088536,buy,0,0
0x4f5e9e03a1e1ae6f99403e25404d645f816733aa8289400aca33bc1a38e329fe,63574839,2026-09-15T10:06:49.199069977+00:00,1,0.08471994668269701,buy,0,0
0xb8209815905e5c2d765008a08da65d0924097b05593abb4bb8842f66ae1e1ffc,63574961,2026-09-15T10:07:01.552436829+00:00,1,0.08205363671767497,buy,0,0
0xde9217e3f0ef4a8aecd2c1dd00aae95e387642a42bc1a7fc4676e66b333825e5,63574961,2026-09-15T10:07:01.552436829+00:00,1,0.19046177543766973,buy,0,0
0x23997a5c8c3753974c1def40b89e0f2f6d1393bbbed7e5694272b4b00c01443d,63574962,2026-09-15T10:07:01.653693914+00:00,1,0.023654364867026243,buy,0,0
0xd69ab3623c1598917eb012c59760ab191c6127f45af7a64742ba21b9c51b188b,63575047,2026-09-15T10:07:10.260547638+00:00,1,0.36883064982974345,buy,0,0
0x0f1b4473ba57f5d6e1d71d05f2d7cfddd40305d32bae2ef82edaa942fced2b02,63575047,2026-09-15T10:07:10.260547638+00:00,1,0.10006596273214868,buy,0,0
0x824730c30fbb320beacb4a3bce9cd7e3437957aebbd28087f3f5c26841f53654,63575136,2026-09-15T10:07:19.272429943+00:00,1,0.45283066052508375,buy,0,0
0x6c4eba4b75bc74a691241889424caeb7395af2a1a3a512b7145d7bfdeec57bd8,63575136,2026-09-15T10:07:19.272429943+00:00,1,0.10402565708418768,buy,0,0
0x311c8a86877312cdce54eb295b03b9641fab4e62c12c42b6bd1e86e0421d37b5,63575139,2026-09-15T10:07:19.576201200+00:00,1,0.019717279222826817,buy,0,0
0x0ccb30af164634f55bb5b4f40570e1aee16c9ea2def4c97485a22ab169eb242d,63575388,2026-09-15T10:07:44.789219856+00:00,1,0.0670554901864602,buy,0,0
0xb43fddb0be1b55b09166dc0f641ae937fe06ac7fe18464f493610d0fc91aedda,63575388,2026-09-15T10:07:44.789219856+00:00,1,0.09586334089890629,buy,0,0
0x1ead21e779dff66f337a617b551b3bd87f29b202ddbebce87712f982e7c362d0,63575391,2026-09-15T10:07:45.092991114+00:00,1,0.6450527545835336,buy,0,0
0x02d1728a7d3da5d8002da13980a88c805d44fdd65c24578abce72f3d26580539,63575392,2026-09-15T10:07:45.194248438+00:00,1,0.12172931242849322,buy,0,0
0xaec5da26685593d3c60181a88415f5e5d276f12d8473b603ec3ff4d7098e0953,63575493,2026-09-15T10:07:55.421215773+00:00,1,0.05221386738715001,buy,0,0
0x34cc2add2666d40923ebb64a41dc790f2d606d1a3028281637114cda7f548b02,63575585,2026-09-15T10:08:04.736869335+00:00,1,0.07981331251473807,buy,0,0
0xc656c619cfab8434c5f6146452618ce77f09e11a6ee9f8eaffc4616844a09e59,63575585,2026-09-15T10:08:04.736869335+00:00,1,0.22070836285054513,buy,0,0
0xc93926e8e46da011ec0ee9b379f721258c2f13bf338b1dcd23b2dd1f1e8b2b10,63575677,2026-09-15T10:08:14.052522898+00:00,1,0.24083467478869872,buy,0,0
0x712bf74f95f11f9fa429969b443ebac7d773d9f7d323586ffc11669938db6be9,63575677,2026-09-15T10:08:14.052522898+00:00,1,0.09259369739942482,buy,0,0
0x6fe8ef9d407a37f9586ca0ba3ac901f83f69a383fd8eaba8f25c681afaa72454,63575889,2026-09-15T10:08:35.519028664+00:00,1,0.2285567006312796,buy,0,0
0x945ac293f72a23f3fa88f90562870bb023968b9193d4c4b8577518ed4223963e,63575889,2026-09-15T10:08:35.519028664+00:00,1,0.08812227103290234,buy,0,0
0x26f546b50ff7ef49768d96317f81b02100139a3f37118151d3ab11c74f286000,63575968,2026-09-15T10:08:43.518339872+00:00,1,0.09090344577819073,buy,0,0
0x8caf7713201a76f0496d8b5ade9466b53da044678271a003b868a0e0d7ae3734,63575968,2026-09-15T10:08:43.518339872+00:00,1,0.049,buy,0,0
0x62d3055adcea05a95fa851135eb3a1ea6df25d439b2b3364d296b25a70691a25,63575979,2026-09-15T10:08:44.632168055+00:00,1,0.24408658375207284,buy,0,0
0xfcb1572e1f7a163838c32a653dd372122f6d26dd927c07f07203d30341ee0af2,63575979,2026-09-15T10:08:44.632168055+00:00,1,0.07564818268357573,buy,0,0
0x0c32dbaee2111046a0d366d3608bf791126bb02fd5b5445c8dafb14c5582f0ca,63575981,2026-09-15T10:08:44.834682226+00:00,1,0.0261628291567565,buy,0,0
0x5c10eb2378e245ab44ca8d43a5666aaf0107dfe7a87cb68f73812be925a7887c,63576081,2026-09-15T10:08:54.960392714+00:00,1,0.11086562666500475,buy,0,0
0x66f4301d2277e01f48279d82fa80891d5f5dfe2c799570a4fbe4792c643ce325,63576082,2026-09-15T10:08:55.061649799+00:00,1,0.25573070928049507,buy,0,0
0xebc1a367923cdd5f23a577f99872b83c77964bdcf432fd5fd9d7040309e9d44d,63576164,2026-09-15T10:09:03.364732265+00:00,1,0.24592096956006898,buy,0,0
0x473ba1285e4a92fbfae4353f2e6d01703a41a0296198fad1c9d6722daa4dc4ee,63576164,2026-09-15T10:09:03.364732265+00:00,1,0.09049368617579706,buy,0,0
0x3f89cd32e7dc48a2be3503a707fe07707affc8c12b615fdb56553aa783037d78,63576253,2026-09-15T10:09:12.376614332+00:00,1,0.03558728308667581,buy,0,0
0x2b78c42949a362cdb9d74392c6ca9653312dec934a0be22d2509a4c3516f02f1,63576259,2026-09-15T10:09:12.984157085+00:00,1,0.022259832558446387,buy,0,0
0x32f1b408683634eeeba5a54aca18597310608e9985071855632623e55c3c4e79,63576362,2026-09-15T10:09:23.413638830+00:00,1,0.07061809023830519,buy,0,0
0x19e16fbacb32c1717d9ace1ac62c5b57d5f27ebecbb1e0f4ebcf8f608ecd3f6b,63576362,2026-09-15T10:09:23.413638830+00:00,1,0.10979854115038117,buy,0,0
0x158bedf76dc1c03d3d85fc9b72b597fc000bc38c7f7f4ab628d8a47f214bde32,63576444,2026-09-15T10:09:31.716721296+00:00,1,0.25948870909325783,buy,0,0
0xcaeca460ba2e942e71e7c5ceef0449c6f6d77d0e3bc4da5b3fa68f1e835cfb44,63576444,2026-09-15T10:09:31.716721296+00:00,1,0.0791007106116227,buy,0,0
0x1c5f8211d71b3808d0a28992a4e1ebf0153d8d0ea186720e8d7b66f2fbffa239,63576788,2026-09-15T10:10:06.549164772+00:00,1,0.07933626746710906,buy,0,0
0x8098216511182557d28db978f018ca390d5b3634a1f599ca571d8ee3ca78b89e,63576788,2026-09-15T10:10:06.549164772+00:00,1,0.17985027058999908,buy,0,0
0xb94d38806617283ac61b30bb6e0bf4a46812c3d9bdccad4626334e2e977a2b6c,63576806,2026-09-15T10:10:08.371792555+00:00,1,0.016347385264560577,buy,0,0
0x3df9cc53b93c4a01ec9965c36f7e46fb29ff346407c2627aebdf429234408837,63577655,2026-09-15T10:11:34.339073420+00:00,1,0.0247214345579624,buy,0,0
0x8a10e56b06912df96d03e82c71b3564e7976aa3ce62c92759935ef0380b827b9,63577780,2026-09-15T10:11:46.996211529+00:00,1,0.13513568382104704,buy,0,0
0x0af089ca6a32db9faa7346f9842ec2e1ede9d8ee2b4f034b5b3fe8ad47c852ce,63577780,2026-09-15T10:11:46.996211529+00:00,1,0.055011914620081405,buy,0,0
0xa954930031ec474f8e730a623afbaeb7e5209ce99b595eff586d93ae0b646517,63577896,2026-09-15T10:11:58.742035389+00:00,1,0.014624929667746612,buy,0,0
0xdc7d2a5eaca9b2fe9f7c6423ee45e3d0b00c44d67ce1916c88ced27c448c0ba5,63577951,2026-09-15T10:12:04.311176062+00:00,1,0.24257418880981482,buy,0,0
0xe15f49b06e76df279d34a8720ce492df62a769691f0131e9bce451a57128f7e1,63577951,2026-09-15T10:12:04.311176062+00:00,1,0.054413805606516395,buy,0,0
0x88b9756a591811c67dac879be54e9bbafb52b5607addfc7d6f34330be3d250c6,63577983,2026-09-15T10:12:07.551403522+00:00,1,0.048358606272433574,buy,0,0
0x55e4ed7b27488d724d8b69172bc77b8393865bf34e8d6aef44a6eff550b9ec10,63577983,2026-09-15T10:12:07.551403522+00:00,1,0.028667526929046748,buy,0,0
0x978520e142c049787bc343140b8104d6619264292b05ad7b9fa248f45a33f4cd,63578060,2026-09-15T10:12:15.348200560+00:00,1,0.010845238673004024,buy,0,0
0x89194c1ca38f683ad936ee72b1906c9cd1846613f84bc7fd94f9bf5cbc5142a8,63578150,2026-09-15T10:12:24.461339712+00:00,1,0.04204851441280444,buy,0,0
0x1899525bc35b25cb943412d0dd208834d67a034a4d6827ddb253e1848b047d3a,63578424,2026-09-15T10:12:52.205786228+00:00,1,0.025081969368633102,buy,0,0
0x43dcea675142f29bda6184e307551ca70873b40bf20f3a47755fdc9b0772cffa,63578619,2026-09-15T10:13:11.950921297+00:00,1,0.027914783803530376,buy,0,0
0x3ea2db6982ea77571171025a5d54471c95ee84128a7f09a36f85d56186fd9e5c,63578636,2026-09-15T10:13:13.672291994+00:00,1,0.05336246721976679,buy,0,0
0x385d488ef97b8455494cd23bc2372209c1ec4b3e287ad3d89853ffbf442808d4,63578815,2026-09-15T10:13:31.797313690+00:00,1,0.03796192018891605,sell,0,0
0xa4d38615de4510250c0234c17902816f159949294b87b1edc06b1e8bf521449b,63579369,2026-09-15T10:14:27.893748999+00:00,1,0.7271882983768231,buy,1,0
0x3bf99efb3d1cf3fad705c26a4e3497dc4bc3ee69701aa73c5f21d162baf9d190,63579476,2026-09-15T10:14:38.728259087+00:00,1,0.0140599707275146,buy,0,0
0x3845289fc4c167042a82cd0354d3134fa7f08d5d80529e30b13679f993fe2a8e,63580329,2026-09-15T10:16:05.113590240+00:00,1,0.05126063059282432,buy,0,0
0xea9ff3297e3a608c8ed6c029cb466990b564283ac48789545aea6d719a9474af,63580920,2026-09-15T10:17:05.052738428+00:00,1,0.02473908535779651,buy,0,0
0xc7217770fcf74b9cea7e66e2f8f8d0e3261a9423b135b7c1720a09fa27aa565c,63581308,2026-09-15T10:17:44.403650999+00:00,1,0.3558549089694158,buy,2,0
0x45e0973cac39d789a013fd6dc96d11031973152339bf7513a746dda7a46c34cb,63581489,2026-09-15T10:18:02.760649204+00:00,1,2.102689021095919,buy,2,0
0x3a101a88659642adcead01aa5fa4dc4839a4792ffd232aff95c5533b58595bac,63585106,2026-09-15T10:24:09.596349001+00:00,1,0.012072396209402187,buy,0,0
0xcb1e861413d108dcc9c8c7a5a23cc993e14f10ddb51facc4b0edb669b7dd7334,63586729,2026-09-15T10:26:54.200811386+00:00,1,0.027088824638161264,sell,0,0
0x870e9e4fd6a61a5d6ae9cee5708c38a4e5b0d947a3f32b3c4a736fedffdcda61,63586736,2026-09-15T10:26:54.910750389+00:00,1,0.07752241703115821,sell,0,0
0x153797aa420a17736b7fb16f2fff20d9a1a4ec738395d08d43025d78b9645379,63587052,2026-09-15T10:27:26.959432125+00:00,1,0.031888990510680525,sell,0,0
0x91f024ec0da9524464569958e71449d079ea68a44bc0eb4e3b835e9f89e4cac8,63587052,2026-09-15T10:27:26.959432125+00:00,1,0.11738759591341165,sell,0,0
0x637da60a650f02fef4d38f7bc8e3470aadf68ddc01e6f7fe416484183e07580e,63587261,2026-09-15T10:27:48.156186581+00:00,1,0.03596388384306968,sell,0,0
0xcb3f31407b148f579ce51f873eca252eca024c3cf2ce0d01ba47d9ab8651d612,63587400,2026-09-15T10:28:02.253549813+00:00,1,0.06669610625011803,sell,0,0
0xbef583a528b40671c94b217205e8d7a1ee15ef426b6287a8d817636179246f7f,63588524,2026-09-15T10:29:56.249492884+00:00,1,0.041690703649633426,sell,0,0
0x35954d5f7792d10f9517cf70d4b53da3cc1655ce00f86bd705982f67b2855e23,63588544,2026-09-15T10:29:58.277890444+00:00,1,0.916820528727124,sell,0,0
0x080f877326ae516036d7d285a4048db02b6475f9c6abc29f064b6414cdcb3987,63588545,2026-09-15T10:29:58.379310369+00:00,1,0.0845252146473082,sell,0,0
0x15df8f09ffcef4c6376d183173664e08d5dc87de906718660c3c89cee5fa5505,63588806,2026-09-15T10:30:24.849898577+00:00,1,0.04561145711517682,sell,0,0
0xc6a3d1e3038b402a7cd49fb5543fc88dbd1f1f588476a9ce9acd046c9833344c,63594677,2026-09-15T10:40:20.277127504+00:00,1,0.06247968691432838,buy,0,0
0xf9378d438224b4e9425154edbeb173c8f551b5c907fa4e6acd9e53af12e42879,63594935,2026-09-15T10:40:46.443043709+00:00,1,0.07776969016246378,buy,0,0
0xe26ec21d10229d1ab8103ed06e7605cd21383896c3c64eb2660140dabdd37de9,63594935,2026-09-15T10:40:46.443043709+00:00,1,0.19577980573730258,buy,0,0
0xb31a19f0bc3fe9d9bd01b3e199701376cb2072437f630dd2646ab22fcd3754fa,63594936,2026-09-15T10:40:46.544461966+00:00,1,0.011863154226268184,buy,0,0
0x50e16a1da45dcb050e0a32dd7cdba940503135b6097b4d970677e0c6c7c0743d,63595397,2026-09-15T10:41:33.298289061+00:00,1,0.04217158681258156,buy,0,0
0x343f46dab5a84106ec0b0a6864ce6122794db1ed966d7d24d970514ffe9643a7,63595397,2026-09-15T10:41:33.298289061+00:00,1,0.14121718658292776,buy,0,0
0x1e3f8103ab9b6078606386530b5f5c566b934f1d5ff57ac7ca99a4ecef56bdd8,63595571,2026-09-15T10:41:50.945069790+00:00,1,0.06495884575348852,buy,2,1
0x0cf7185e4552c22a575a5437c3569b47bdec971dcda92d2f517f80dbe43cba08,63595725,2026-09-15T10:42:06.563484907+00:00,1,0.05397400941128283,buy,0,0
0x320bdd0b48d276bb791cd3c2eedf8ac15b16c2d8711bad573c0361384d2814a6,63595725,2026-09-15T10:42:06.563484907+00:00,1,0.0502916373283786,buy,0,0
0xd664bd673129063b0b51156ca6a4dbde0329639208e163912d6bef6095911c1c,63596428,2026-09-15T10:43:17.860535860+00:00,1,0.265654045885811,buy,0,0
0x3fb398dcbbb3c9c72e53871e5b04a1aaa2b936d5e805d9c8e040b8dfa5244279,63596428,2026-09-15T10:43:17.860535860+00:00,1,0.04993397919101902,buy,0,0
0x0e40fcb0a93f5d869ff72872a98ea015a45e295cd14ca92ee85dedf8bc88814a,63596810,2026-09-15T10:43:56.602318764+00:00,1,0.028456409159969432,buy,0,0
0x8834a9b80e86e2351eeb4c297ac84c172b606de9723823e17a4b85c23376a8be,63597461,2026-09-15T10:45:02.625619173+00:00,1,0.03478509770766683,buy,0,0
0x138f59bdd807c7d1fd9b0ce7591927f8bafa3cc6c2691172953dd4d4164d4365,63597904,2026-09-15T10:45:47.553917170+00:00,1,0.09103290307618746,buy,0,0
0x130ae86e56c9ba871afb28bf25f1f57710978dfe832c84eee77292117cae8fce,63597904,2026-09-15T10:45:47.553917170+00:00,1,0.2057918189415565,buy,0,0
0xaf883caf3eec1609c3fa34f217a7fc71094b4057cffc647fcca0b0b624bb2f6d,63598256,2026-09-15T10:46:23.336348295+00:00,1,0.3285023232042045,buy,1,0
0x147c3f2b9f7395853d8507496cefad97cd9d16344a0d7a8959b3d1d2c2f03827,63598399,2026-09-15T10:46:37.886941671+00:00,1,0.011258534134830423,buy,0,0
0xef620fe6fe499faeb406e5945a645e13be0a9da6733d59dbec67736791c53250,63598892,2026-09-15T10:47:28.050876141+00:00,1,0.041968803116905255,buy,0,0
0x5a96cbb707109fa17cd67f0395459be5671b41f114828c125b67817fbefc93f1,63598895,2026-09-15T10:47:28.356133461+00:00,1,0.007868311369674993,buy,0,0
0xbd735fc08f3615489b2477c5fd99e826b4d534d9d784a5aa806f1ce6a3b1295b,63600355,2026-09-15T10:49:56.914641142+00:00,1,0.1773736757127809,buy,2,0
0x073e7d4809411c2eda4870ee39bca4ee8726bb44a881a7f1c4dd4b469ff535dc,63600551,2026-09-15T10:50:16.858111858+00:00,1,0.049164041195017875,buy,2,3
0xbed7edc8cc60e064193823ead5629605f567afedb0983d5ab4c48a6f3970f637,63600580,2026-09-15T10:50:19.808931589+00:00,1,0.011929134491286372,buy,0,0
0x1b4c5f87afa667c2544a8f3835f153837075ef82ec6ad6c68d0c47d8b7d79fd7,63600737,2026-09-15T10:50:35.784058809+00:00,1,0.06755361820918707,buy,2,0
0xcf6acb020d0315f704ec98b15c796e35772e416515268964f2eed74ead374417,63600793,2026-09-15T10:50:41.482193232+00:00,1,0.011846580035122076,buy,0,0
0x5024835df54e0f642e4e63cd6075d8965b5d9b900e4378c6443ffd1f98b3ad24,63600888,2026-09-15T10:50:51.148671627+00:00,1,0.030237315885537675,buy,0,0
0x48dba22c99903dc1db920d8a470b187d5ad47e8d335c8c31082fe42e0a053a12,63604948,2026-09-15T10:57:44.263425589+00:00,1,0.022215034847294663,buy,0,0
0x640d2f1e34ec242293af4bc8d7c027e8592d145411ecfbcb78b4aa4d10d4bc4d,63608551,2026-09-15T11:03:50.509713172+00:00,1,0.2831961972451596,sell,0,0
0x1b1905175763e657a8501fa0fc7d46aa7da140d2b752a8a784169c0813e9d523,63608552,2026-09-15T11:03:50.611249208+00:00,1,0.006699781749736584,sell,0,0
0x631a07ef9a75589d2f0256d320869b74695d9f653ed06d537b91b8459c5fd83c,63609539,2026-09-15T11:05:30.827309608+00:00,1,1.9408670632397078,sell,0,0
0x6b9f853c09604a73eb2f08a131ca5a8d1e8ddfe75dbb1a653d8cc683051d6e7f,63609539,2026-09-15T11:05:30.827309608+00:00,1,0.02980226299310345,sell,0,0
0x51fa3b52797151c632a909349814bbd30445836e61714f193a2b917ad0b94396,63610062,2026-09-15T11:06:23.930652857+00:00,1,0.008945527924047719,sell,0,0
0x2340bec2ccb2bdd8264fc4aad9c7d2598a385dafd6fe9a591be2c0718dca1bcf,63610313,2026-09-15T11:06:49.416196108+00:00,1,0.010416984767813612,sell,0,0
0x4bbc4576bab1a4f3bcaa25fb1ad58d220f931a0de5a5aa9eadca5f130d62639a,63610539,2026-09-15T11:07:12.363338709+00:00,1,0.015784838528434684,sell,0,0
0x1773e7e87a5fe20a90929ec143a8caf9a4a008e1941487ab1514c39047e08516,63610702,2026-09-15T11:07:28.913711309+00:00,1,0.019020900356662374,sell,0,0
0xf5cfbaafb33c5df20ef57a1fa5821a47b9786eb0617aa0e7b6bf0e86e5938b7f,63618529,2026-09-15T11:20:43.922642469+00:00,1,0.1747856829107168,buy,2,0
0xaebe21b4d2d5d27f287d5d47cc49450c7ea9ebec58d9bd4f33c521514ecba91d,63618530,2026-09-15T11:20:44.024280071+00:00,1,0.011574237226446852,buy,0,0
0x9c94474d0ef6f1b4771e01d490fc05190e5606cc70e7050a32a01479d7875dff,63619536,2026-09-15T11:22:26.271597862+00:00,1,0.26647775269204355,sell,0,0
0x0772497cd1197488bc2407e44a9412d222e9c0026de6841fa52a8112eccc456c,63623119,2026-09-15T11:28:30.438735247+00:00,1,0.07161224422047688,buy,0,0
0xa0812765dc827cd4768554be3622740819bdc4e66b78267d85a242eb007cb793,63623673,2026-09-15T11:29:26.745906353+00:00,1,0.011730413427597628,buy,0,0
0xabf9de6dd6417083c43b2e5d0f88ab1445409f9c479760d134645edaec7bec63,63624201,2026-09-15T11:30:20.410502434+00:00,1,0.25612804801082556,sell,0,0
0x65ceaad3e819e0a8a6c10bd32459af61ac189b24f0c14abf3ff191672455517b,63624201,2026-09-15T11:30:20.410502434+00:00,1,0.013373021772059363,sell,0,0
0x2077054e61337c0b8f175b1ae03b47b848308b96cf02a9f36aec21403aa0bae5,63624976,2026-09-15T11:31:39.322946072+00:00,1,0.3499451807974613,sell,2,0
0x8e6f2af7c95b4f631addc449fadf9bcc04c8d071a13838ff4a894fdaae9d51b6,63636397,2026-09-15T11:51:02.404818296+00:00,1,0.014134546037013591,sell,0,0
0x4bf4a26d7f7868d00496fbd701bc33d5e0f1031858ec81cf755e3b35f4eb8d65,63636834,2026-09-15T11:51:46.729595900+00:00,1,0.012529232118143854,sell,0,0
0xbf985aa7956826016c37c46e345e831703edb8b8b7cbfe675d0d918e1c12c0b4,63636866,2026-09-15T11:51:49.975346088+00:00,1,0.07740688263851546,sell,0,0
0x7bec64378ee55adc12d3210b6c445a297692a99bbcbdb04a3171b3ec76076154,63636869,2026-09-15T11:51:50.279635191+00:00,1,0.009047170806848368,sell,0,0
0x98964470de3455c108b9f960b26eeeee4e76b2e0789b1d23a8b77618d899ddf9,63636913,2026-09-15T11:51:54.742542028+00:00,1,0.7289054712332573,sell,0,0
0x38c3980119c26a5da15966049a7b007115746273d95bfb10a431cfc89d0be333,63636913,2026-09-15T11:51:54.742542028+00:00,1,0.013416263852660749,sell,0,0
0x5eda76e7acbe4108d85f7a433372941a71df97a3df77554bdfff023414d37d7a,63636991,2026-09-15T11:52:02.654058218+00:00,1,0.0112794464147577,sell,0,0
0x37ba29f37f78827bd271caff23e4c7f5c28eb39ac5029f0cf90497d087a0518e,63636992,2026-09-15T11:52:02.755487919+00:00,1,0.1629134863149307,sell,0,0
0x8a39437885b4fd6c2c1a5ad96c550e5a954a5e4b541b24a17d07123c31ee21b6,63637018,2026-09-15T11:52:05.392660141+00:00,1,0.005948663483545687,sell,0,0
0x677b71757b58d548518fd510dc5752ce0e60d0c395a50bc1351fb6f2fd187d60,63637188,2026-09-15T11:52:22.635708570+00:00,1,0.1840660835489353,sell,0,0
0xb43a2b38602ffe76d593b4f1e532c9a7011113c00bdf8ab4827f675045bfd4ff,63637189,2026-09-15T11:52:22.737138271+00:00,1,0.013450592966342042,sell,0,0
0xe1027e9645b6dff666a0ebb966335acdfba3fb54516206b35c03f17c5134d7e4,63637622,2026-09-15T11:53:06.656197309+00:00,1,0.008107927556112029,sell,0,0
0x53b56e500f66fb659f41ae1614ffcbd488183fed3937b5987d9a6d88e84cdeaf,63637623,2026-09-15T11:53:06.757627010+00:00,1,0.015832845961410474,sell,0,0
0xc22d1b5cc1045900d8473b1fd29cd877cb11c69b7ef6140242b81308dc230da3,63639039,2026-09-15T11:55:30.382078171+00:00,1,0.011991109791578844,sell,0,0
0xeab4d2c4e5eabeab23ced782c3d898ab7b14154a9635f2d7b069a43418a07508,63647975,2026-09-15T12:10:41.104348898+00:00,1,0.33778669861781957,sell,0,0
0x03072cd1cc52a6cd752fae9ff01efcbe0cf97a1330c5442512214d78c62b0380,63647975,2026-09-15T12:10:41.104348898+00:00,1,0.014934975245964576,sell,0,0
0x4d2e881842943ffad808147e65428421ccdfb5367fe53be349b546c87955c4f3,63649944,2026-09-15T12:14:02.319291592+00:00,1,1.0462020504410225,sell,0,0
0x3d9b37f26349e3d7411479e1add32e99cf8866da3147745c204ef30bda423da7,63649944,2026-09-15T12:14:02.319291592+00:00,1,0.01449885813997094,sell,0,0
0x4d641ea17740ef72d87b9ebca2879c481d3d2f31ea00ef20dd279cbed5510a94,63651840,2026-09-15T12:17:16.173913002+00:00,1,0.05171216708547626,sell,0,0
0xedaa6e22246aaa05ec3c2720ab0bfe02a4fba0a520daf07662cf1c2ede069d6f,63651882,2026-09-15T12:17:20.471431732+00:00,1,0.3282006802475817,sell,0,0
0x2eaf4cd8dca114c1b5fbfd0a6eb020d79e645c0106504f989cd195fbcb213df6,63652005,2026-09-15T12:17:33.057022572+00:00,1,0.009651028442333757,sell,0,0
0x6eb7f6643346f5aca2b7f7e01532ee4cb0d02bad64e398e5da8a0a2bc92551d9,63653989,2026-09-15T12:20:56.063623904+00:00,1,0.2864871153372125,sell,0,0
0x956b4d622b2734417e33e3e249d3671d1ea8e469d9ce5575cd6278145a0d1a29,63654068,2026-09-15T12:21:04.147052050+00:00,1,0.008856007488081498,sell,0,0
0x849166421f94978954f7151fe86a4511e14e85956f6837644e04c40cbdce7d98,63654305,2026-09-15T12:21:28.397336721+00:00,1,0.45600224018177543,sell,0,0
0xc9f1cc538c1763895fafb425d4e8a4ef509d11a90c770a777015f5fd7014bd5b,63654899,2026-09-15T12:22:29.176530838+00:00,1,0.007711250284100113,sell,0,0
0x85b009cbf2e4aa5a5a60df7604a7d8a16006f8a830327bdf1e74d17bfbee2dbc,63655483,2026-09-15T12:23:28.932506323+00:00,1,1.2072030432204897,buy,2,5
0x911280aa2ded5f2ab05356662c4a38aca5593bf4e3ac8a832db4f11e0ca063ae,63660032,2026-09-15T12:31:14.395348787+00:00,1,2.784474,buy,2,0
0xd84dddc57b77080b05ba35b8867defc7de2323436a05bf9af882abdcc3ff680c,63660191,2026-09-15T12:31:30.665116310+00:00,1,3.8454342695698447,buy,2,0
0x4ff115df9fad5ee35a6ec4c8ffe6fa9537ad1c37ea5ceff5f3b26a8a1147920c,63660302,2026-09-15T12:31:42.023255825+00:00,1,2.531634,buy,2,1
0x527a6aef7575715515ab759ee99006c2b859f406eb13f9a4424e793955f555b9,63660619,2026-09-15T12:32:14.460465193+00:00,1,3.627654002295762,buy,2,0
0x99805e136f8262ce26cd576b7efe1728185d8d12b88e41cc1d98f8f0ea3c1568,63663979,2026-09-15T12:37:58.274418592+00:00,1,0.37726004159763415,buy,0,0
0x333274482c13f2a9462de640c202f011bd7587899037d2eee6d80d3b9455d964,63663980,2026-09-15T12:37:58.376744270+00:00,1,0.025642945426119473,buy,0,0
0xc2ecbde67df0de99d3f5daf2f07905e49eb65f25e7063c6bd699620f2108d446,63667326,2026-09-15T12:43:40.758139610+00:00,1,0.46317912145032836,buy,0,0
0xddd22ecdb182b32fc7b9aae42c24ca540cb9e4fa7e62cd5c143c23409c46fd86,63667326,2026-09-15T12:43:40.758139610+00:00,1,0.0943992894114138,buy,0,0
0x692703adf45010c5b957bda044b9458dfc2fb21750ea2accab0875e8ce4f23f8,63667500,2026-09-15T12:43:58.562790632+00:00,1,0.9653217525451757,buy,1,0
0xe3de0477763975e75d542e73b3694ab53c855e7944a09742d63c2d9e533f69d0,63669482,2026-09-15T12:47:21.736366749+00:00,1,0.012855202107735109,buy,0,0
0x778ac749134aa51362bf8f128160c4f40e443547d054a9993245d35c1e5b3f9a,63669907,2026-09-15T12:48:05.417057276+00:00,1,0.11382643889045498,buy,0,0
0xe6decdb0c91aa96a0b1af053e3a403fc72973538952ef2f77a66fa1547a55424,63669971,2026-09-15T12:48:11.994855404+00:00,1,0.2767335392823927,buy,0,0
0x65df2f0ffb6c8ccf07569cbec5ebe4c8dc7b02982f043a026c2d793c02a15d83,63669976,2026-09-15T12:48:12.508745909+00:00,1,0.32412891975009667,buy,0,0
0x43c2453dde3499b6963e4da48e97a9775acc4d4578ff2e6b4242806ff9e68793,63670227,2026-09-15T12:48:38.306047678+00:00,1,0.01231657454308198,buy,0,0
0xe4f12419544ff98e9ed880051bd714be4dffe4f0a0d849670f87cb6c237bcea1,63670331,2026-09-15T12:48:48.994969606+00:00,1,0.04798881517069995,buy,0,0
0x19bde0f445e67418ed39e3b585d37ba990c338c77068f7861f605cf36ceef1ee,63670975,2026-09-15T12:49:55.184063196+00:00,1,0.029190356393158617,buy,0,0
0x84370858012d82bd56f53c3074ddeb3396ed76bfc8c1ef69dc5afda743b4424d,63671735,2026-09-15T12:51:13.295415640+00:00,1,0.01679457788617842,buy,0,0
0x97eeceababa4d14eacc9b2c49137cbd5a91eef275164264db4c0408cc0e68a90,63672336,2026-09-15T12:52:15.065050840+00:00,1,0.014488103812730945,buy,0,0
0x8eb9d92f331474131b53fc5703cbbb7bb28764462b93e44378578de6b975d9c1,63676036,2026-09-15T12:58:35.344003677+00:00,1,0.01476342306051988,sell,0,0
0x5ed9e7b77a6f60fd359794781ef595b1abae60ccfe81964751a70b1fed157e69,63677090,2026-09-15T13:00:23.672116041+00:00,1,0.11891358639786467,sell,0,0
0x2f989d6da0b34bcf09dbd4d04b4e22bc9f7051dca69940a837ca6870057e5d11,63677221,2026-09-15T13:00:37.136046648+00:00,1,1.4093913776987093,sell,0,0
0x3204355ca29aed2d7f6cff4790cae0774075e41ad21a764445e0fee7fc83d9bb,63677221,2026-09-15T13:00:37.136046648+00:00,1,0.13981846526179,sell,0,0
0x973774c69d09b0d369d79491bbbd470777d01c40ef4822b06270458943541682,63677223,2026-09-15T13:00:37.341602802+00:00,1,0.017426909392888205,sell,0,0
0x9297db768a67a18a0b899784b367db8450c31e47a0d9faa592b9cf8e14397332,63677271,2026-09-15T13:00:42.274951458+00:00,1,0.02118248242516966,sell,0,0
0xff9bd40b44aa5aec98a5e1ee665618d4a3810999b55e96572cbaece395d8fc9f,63677323,2026-09-15T13:00:47.619412422+00:00,1,0.026746598699862553,sell,0,0
0x91b659156ed1a915f3341ce3dd3d30099330fcfd361c93b60430b5138d96f42c,63677354,2026-09-15T13:00:50.805533409+00:00,1,0.022992154297850995,sell,0,0
0xef236df975177d31d79f20b05191d6a2c2224a67df6797417c10493a8030ba57,63677527,2026-09-15T13:01:08.574635267+00:00,1,0.06664331938731909,sell,0,0
0x4628b22442c1c56b589cfc81c888a93e2592be8378f54a54be46fc77fe1b810c,63677530,2026-09-15T13:01:08.882634401+00:00,1,0.008294599028316646,sell,0,0
0x54a94f06648b534a5595c13dc48dd6c2b0ae70b6f5457864aa015d51aa98b989,63677587,2026-09-15T13:01:14.734617233+00:00,1,0.028222983849972152,sell,0,0
0xdf1312b5ac6140079411c4223430d7cb68e127a4c16bbd0b0e50c96f947da332,63677607,2026-09-15T13:01:16.787944317+00:00,1,0.048964746485064825,sell,0,0
0xc2858c2ff8e848fe0a6467ba258cf5a7c6ad50edf217562a7b03f493e4f48a0f,63677608,2026-09-15T13:01:16.890610695+00:00,1,0.008473432746959515,sell,0,0
0xa8bd4d2d19d08e106c2cd677a3ef71cdbd33028251c0a7958ad6d62e63d80dcd,63677637,2026-09-15T13:01:19.867935181+00:00,1,0.6919551428646082,sell,0,0
0x3f6cb81f4b8e20c53cc2f9c443b8f75d43616f760033a5ffffb5fac7bdf1c96e,63677637,2026-09-15T13:01:19.867935181+00:00,1,0.09324533211978528,sell,0,0
0x1ae8bff0a2a2cc8dedc614f8a8f9d12616512073ff0f47952222725636aae40b,63677641,2026-09-15T13:01:20.278600693+00:00,1,0.00831593277382022,sell,0,0
0xfeceb154e6f4e8123aa2c336fa8f271ed65c8500bc6be6f39108a33640b99216,63677704,2026-09-15T13:01:26.746581554+00:00,1,0.06007210230050631,sell,0,0
0x24b4b7ff25c9128918f09a6d19edbf14bbb23c0034863865124a707bf8592bc8,63678135,2026-09-15T13:02:10.995784044+00:00,1,0.02159055760143676,sell,0,0
0x62ff38a6a33fe0dd0ef7bd7cbb6529974891fdd48c9c8529ad4c191cb0c45fe7,63678351,2026-09-15T13:02:33.171718359+00:00,1,0.030043103150646944,sell,0,0
0x27847754dcefb0e7c0a5f6212261b98863bbecc6860edda5008db95a26421917,63678879,2026-09-15T13:03:27.379557848+00:00,1,0.04559822157970506,sell,0,0
0xd52903d1a0148938cd6e3091555cea68684167064a63d4742207b69615a37fa3,63679314,2026-09-15T13:04:12.039425611+00:00,1,0.05347485156193252,sell,0,0
0x1ad111cfcbd6c063fce9ddf54363aca6e8c6c22d89f92f4754d06041106ee8e6,63679495,2026-09-15T13:04:30.622037411+00:00,1,0.07164495716932248,sell,0,0
0x4b990e4d3e42c5829430214c2732c77447ab68883863a6db87848ecedbec55e5,63679495,2026-09-15T13:04:30.622037411+00:00,1,0.08075148043081697,sell,0,0
0xbe278ee3239dbb9be131a56a5744fcf858551707cb091ebafa61954a595ba8b9,63679841,2026-09-15T13:05:06.144598961+00:00,1,0.029745220407091773,sell,0,0
0x0db044dc58797adf26da50555d805ec003c5914ea2f33e76223487a3c363a4ef,63680097,2026-09-15T13:05:32.427187681+00:00,1,0.012919239451332509,sell,0,0
0x3ecf34bade5231fe296716ec579527bea71043826aac1938c8cbf5bef678f08b,63680473,2026-09-15T13:06:11.029740095+00:00,1,0.06423179272368834,sell,0,0
0xecbc7f24b9d9b989fa1c983b98e9e2018656bfcd4a846ab92a68080c747d6549,63680473,2026-09-15T13:06:11.029740095+00:00,1,0.05507481390546912,sell,0,0
0xc03e5442132e2e2ad96b64b282ec105ec39753821d30d8473771b66970163e4c,63680475,2026-09-15T13:06:11.235072851+00:00,1,0.1371416899290423,sell,1,1
0x7c947eebaf944e36f7b219c16e77149cd95cf19bb8e8f480a77ac6cc063ace04,63680475,2026-09-15T13:06:11.235072851+00:00,1,9.009055563687268,sell,0,0
0xc42ed901e5904750bcb8ddc070675c85f35b3da28b8b0ecf0e056b2530cb3f37,63681382,2026-09-15T13:07:44.353463888+00:00,1,0.016956545925154977,sell,0,0
0x0550b29b8b690379b8bf6acea10b410ea07f6c9becde8ff0998e76410dcbc57c,63681382,2026-09-15T13:07:44.353463888+00:00,1,0.13905029505823788,sell,0,0
0xb1c5ae08a04a0af995464d78f1a48b2635a3738f91c8a3b2e285c5a2ef9343e0,63681841,2026-09-15T13:08:31.477324486+00:00,1,0.0237609346456169,sell,0,0
0x671ee0b5fe7bbd623ea631fac07685a00fb13b0df2bd9e964c9558a4ca95644c,63683204,2026-09-15T13:10:51.411576986+00:00,1,0.016830133627032152,sell,0,0
0xeab21302f85a1eb6e6537b07c82081133c9d50c099b1f5f8ce3fcecb53dc4a24,63683281,2026-09-15T13:10:59.316886902+00:00,1,0.04108377688583954,sell,2,0
0x8ef33c12ea84825025dc0f9deff77f7567f635092c3c40a0790737e27ae70470,63684846,2026-09-15T13:13:39.989744663+00:00,1,0.006748245959904649,sell,0,0
0xa082df258072ea42ebfb98ad9ab28b5387b23721a0567660732dc8a0d3685ff8,63684961,2026-09-15T13:13:51.796376467+00:00,1,0.007668074244385658,sell,0,0
0xa562e6a0d258178ba7ce3dcedc383a9194a0c797cfdd9fa6412d1aaa7faf9322,63685058,2026-09-15T13:14:01.755013704+00:00,1,2.121905198653299,sell,0,0
0x58568c4969b466ae7f2d3af74e45785546ec627cc7c4227b6b837e1f35071c61,63685059,2026-09-15T13:14:01.857680082+00:00,1,0.011849801496910832,sell,0,0
0x826b8a441c91d2c02cdf4dab723fc98ccc81c6183370c358884a02c248451d8b,63685375,2026-09-15T13:14:34.300250769+00:00,1,0.0190225623484735,sell,0,0
0xd06c58b8d778dce98a629d41575eba2e6db1a3b013422c3c16a9680b30b1e2f1,63685448,2026-09-15T13:14:41.794895172+00:00,1,0.006428517422044413,sell,0,0
0x7681217f859e2993908d6459c008f1855c09e4ce6da33095f1e4927831026a6b,63685496,2026-09-15T13:14:46.722880602+00:00,1,0.01867289530205565,sell,0,0
0xaa3e7f61f8a116a9c20b91dbd42f7852d099aa815e3c2c1f3dfa556519f6a91e,63685784,2026-09-15T13:15:16.290793180+00:00,1,0.01746363042707978,sell,0,0
0xdd852d3705ae58a28e57d926e15fb7f7e8ab31fbc42633d5d67e261c67d083b7,63686169,2026-09-15T13:15:55.817342758+00:00,1,0.004818062045986842,sell,0,0
0xb44527177543302d39636b3c4992145be41231271cd861d9f956a5dea9150e35,63686780,2026-09-15T13:16:58.942456007+00:00,1,0.000579642720190445,sell,0,0
0x2129f01f7701fbf1b40cdaa9e1beb8e6e24357b70e435507f706993b5fe46c01,63687045,2026-09-15T13:17:26.329957485+00:00,1,0.011445502973946938,sell,0,0
0x72c58a5cf9c1aac0c46b305cb74d55679171610e4e307fc63d22e0cf3ef60c59,63687076,2026-09-15T13:17:29.533778429+00:00,1,0.43241334793203845,sell,0,0
0x869a146b5445250e62df1fc66adee7bfaf1ac266b3e2c4cf1946b4c48c314601,63687076,2026-09-15T13:17:29.533778429+00:00,1,0.02645824704246639,sell,0,0
0xdef7c6ac895bb24f30f0d8045df122cb38fac34305dcac76e262e7ce70ebd989,63687209,2026-09-15T13:17:43.279203653+00:00,1,0.9628308545455605,sell,0,0
0x9ea145248eb9c38d55e12bcc311ecd4afae130bd0ade4d63e8478f72d9ffcb0f,63687209,2026-09-15T13:17:43.279203653+00:00,1,0.025101912090000972,sell,0,0
0x26b750d0eba2ac3a740438900298742473f475fe528c4a11e5ad37db0c90585f,63687579,2026-09-15T13:18:21.518356562+00:00,1,0.023921197579045747,sell,0,0
0x7b04d015d2a957c3d0820f142d2a8e91da2f91815f4443238d0b667dc7d06e05,63687692,2026-09-15T13:18:33.196800470+00:00,1,0.0480261540469399,sell,0,0
0x98e0557cf949270675cfe2de8720c9bf7142716baadf30fc6fe8b0462dc863b0,63687823,2026-09-15T13:18:46.735527754+00:00,1,0.25892096745320303,sell,0,0
0x464391949b170dcc42181c099d53e67ea5fc54322ebb052c61feb067f1f7fcf0,63687823,2026-09-15T13:18:46.735527754+00:00,1,0.021354975341804177,sell,0,0
0xe3e24f3d1e4878f03ed6772e65f0ee939b8bb94a99f2d55036c3589612559b01,63688026,2026-09-15T13:19:07.715387344+00:00,1,3.860739062124345,sell,0,0
0x6f47b963af303a425a4c2b49c187053ef7799ae17296b297ef71b79938bd3f77,63688029,2026-09-15T13:19:08.025434494+00:00,1,0.008131403467564666,sell,0,0
0xedf84f6f46ed174fa97cbae4fd5ec66427fe72494fdc7631b77333b6b0f006df,63689096,2026-09-15T13:20:58.298883677+00:00,1,0.016916675878307863,sell,0,0
0x13d80ca5f915ba4d3d54a70bb98fa7c73132bb1cc7c7c617e8b1e1ab363c8e4f,63689109,2026-09-15T13:20:59.642421484+00:00,1,0.019598358249148292,sell,0,0
0x8be7f9b03dd7c1dbc813dec2aec26481b879a85591a88386d48553db49c07b9a,63689113,2026-09-15T13:21:00.055817604+00:00,1,0.014650085858810958,sell,0,0
0x53a7ab4371152cc3b761a54eaca9814a8ddc321e02074e8bce215bce418e5631,63689670,2026-09-15T13:21:57.621245146+00:00,1,0.009117103881568393,sell,0,0
0x09d16be7bf35833e730a6c5b90e99c8eec641d5bbfb188d8cca9dfe829078c8d,63689955,2026-09-15T13:22:27.075727940+00:00,1,0.007577459992175017,sell,0,0
0x806135f4cec6fcdc48e22363c7d05bdc69216a5acd8ac9b2e0565df834654c1c,63690812,2026-09-15T13:23:55.645874023+00:00,1,0.00834598150211213,sell,0,0
0x8e7eecdcd64418204e6f0d825273fbc7b1bf185bd42dc89639f8259a3b5c91b7,63691302,2026-09-15T13:24:46.286914587+00:00,1,3.074553106971107,sell,0,0
0xa0a9b58f6715d042d15355a7516065f8c669ddd73c04f4e9926384258d9489ca,63691405,2026-09-15T13:24:56.931867838+00:00,1,1.7598032282814133,sell,2,0
0x06a810a3f547c48bfb1bedcc60b34464d26d0bba340df18844bf14f18e525c8c,63691512,2026-09-15T13:25:07.990217447+00:00,1,3.112206736416262,sell,0,0
0x5d052ea026374d7be7dae5260692213c4de991ed5f72d067d288dce5babe746f,63691739,2026-09-15T13:25:31.450454712+00:00,1,0.16794998378436013,sell,0,0
0x0e1ecf548a63364223d6d52ce5167f3732e3f0ea8500aeff10056a63460d44bd,63692957,2026-09-15T13:27:37.329612255+00:00,1,0.6355582568664664,sell,0,0
0xbd2b900de79c0a0a1fcf6be20aa332110d243745da5b7974d89b953da822f86e,63693060,2026-09-15T13:27:47.974565506+00:00,1,0.07139842019668949,sell,0,0
0x1e0d675bc426f9cadb1b4bf125072e27ea2e119dc7331a989be323b0bab89212,63697019,2026-09-15T13:34:38.916049957+00:00,1,0.002394339834597304,sell,0,0
0x1cef4a0643b465de9f8d2c4d098d3b25ca96283682a2ff42546f525194cbb819,63700424,2026-09-15T13:40:33.669172049+00:00,1,0.05208616437528334,buy,1,0
0x08a316fd7bc62fad5e5075e4ede60b31159a28257d46481879e3172997b940bb,63705032,2026-09-15T13:48:32.530837297+00:00,1,0.12288130023690239,buy,1,0
0x3a7b3ef39044b495449f489c5fec88ed40a992380e7b5bcdf2155debaa21c408,63712503,2026-09-15T14:01:24.618705034+00:00,1,0.6388530609104,buy,3,0
0x139373def4358225064dad2b1c66427d703008dcb3d6e07e0ca425c6525d70e9,63717246,2026-09-15T14:09:32.080164433+00:00,1,0.09239576246377343,buy,1,0
0x8c68ad29f87e31b59752e4aacdd957d7d360ab3e770de4be886c03c5b2914bec,63725123,2026-09-15T14:23:05.445558310+00:00,1,0.0354523405976483,sell,0,0
0xc6409e14fa861df55b68c399e638bf45d07ad77a611ce4b443176f12b98916e3,63725130,2026-09-15T14:23:06.171448231+00:00,1,0.04335448492951646,sell,0,0
0x617347f4fc9d44f882a39c059fda9265b528e2f97702ce3134923d1df370b1a6,63725785,2026-09-15T14:24:14.094020128+00:00,1,0.045936838370495774,sell,0,0
0x7b6dd11ea14566fd2e3c850607e6b657c5f7a0c6a493dd906cf0dba01d719d6e,63726004,2026-09-15T14:24:36.804009676+00:00,1,1.3084904004848115,sell,0,0
0x1e580dc6756bddfcda65ed3627280a957efc0a6bc8907acd905a8479992e3b36,63726004,2026-09-15T14:24:36.804009676+00:00,1,0.07404623323187344,sell,0,0
0xc8ec54f3fb2d1838399a5ebbbe07778e04de72aa0275f6c14cb40ffd2b4cdc4e,63726043,2026-09-15T14:24:40.848254442+00:00,1,0.054975927365487995,sell,0,0
0x35bb88deb06ba2e50325fe8aaf057c86c0203d7b1bcede80c309645b180c47e3,63726083,2026-09-15T14:24:44.996197701+00:00,1,0.06634524324292385,sell,0,0
0xee8a6f105d62549d5e3b40604a73a6eabd00b186ae6e54593f6e904ac94e1940,63726083,2026-09-15T14:24:44.996197701+00:00,1,0.4571063981860127,sell,0,0
0x941160b88a09b3a80004c050181b7497c5c42cbbf8f7cd450f842f86b661a3d7,63726254,2026-09-15T14:25:02.728655338+00:00,1,0.06330224103263199,sell,0,0
0xf0a91c1bbfd9cfceb56577dbef2b88a8b56d6a5490f1b9e2e9b5abcc23ab670e,63726254,2026-09-15T14:25:02.728655338+00:00,1,0.18371490523953313,sell,0,0
0xb378dc18d6ea82a28ad705b5edbd0ffb8c40a4d23e529ba384673994b46817f4,63726296,2026-09-15T14:25:07.083995819+00:00,1,0.03674133131973796,sell,0,0
0x819be1cc4f3a4147ebe1fc46bbc4e5ab922e26a04e5d86c2ce23850e50b681dc,63726310,2026-09-15T14:25:08.535775900+00:00,1,0.04482378481082192,sell,0,0
0x1a768463a2dc634d049328c2c15bf8cb61518265421de167579e60eac8956805,63726334,2026-09-15T14:25:11.024542093+00:00,1,0.013437354751395746,sell,0,0
0x7374188177e255bf24c0f8730ec46b4f282c4f1c85ff6738d4aed9ce7375c4d2,63726344,2026-09-15T14:25:12.061527729+00:00,1,0.04745710944843387,sell,0,0
0x77aebe35a543940341639bfd4438c1d22e8b44515a33efd95f0114e55b1c4337,63726363,2026-09-15T14:25:14.031800984+00:00,1,0.010528877492288754,sell,0,0
0x4dee59a51edad5e0bbf23f605bd92937f0f8eb5207955b53a1b228c53181f2f6,63726381,2026-09-15T14:25:15.898375273+00:00,1,0.046025261658358727,sell,0,0
0xc0a9349dac0d5cebda0fb111052b3eb9ce7239949631a21a0f2c6752db5c078d,63726387,2026-09-15T14:25:16.520566940+00:00,1,0.056935157442394295,sell,0,0
0x56458c4eb62d5daf2e0af5204b879035df369a64c2a71108ae93c15a10b1a5cc,63726397,2026-09-15T14:25:17.557552814+00:00,1,0.047419013696179714,sell,0,0
0x0c20345c25d51c201f4ac80a9d766c8bdbe59c00d18b2b79dd3bbb166f08c699,63726398,2026-09-15T14:25:17.661251307+00:00,1,0.04701961576742709,sell,0,0
0x494ba7bd771846a6651ed554f490dad1fb3b31461b32ecbc6c233fb3065f99cf,63726482,2026-09-15T14:25:26.371932268+00:00,1,0.01053225758845791,sell,0,0
0x462367987ca1f5eff4044bb01e07b275707da8f5c470c5778a833a45c2377477,63726498,2026-09-15T14:25:28.031109571+00:00,1,0.050724737427118846,sell,0,0
0x3d9527326062e430b691e0f47c32cae27ee12246ee561209eac69e03421c4db9,63726514,2026-09-15T14:25:29.690286875+00:00,1,0.04766743177094755,sell,0,0
0xf845bd6925b0b488a454bc06a59067666d093fed3ee0b4605b93e0a36c0751d7,63726524,2026-09-15T14:25:30.727272749+00:00,1,0.014818265697415667,sell,0,0
0xa299258002c8619e62cd5fdf21b62fe78211087154232eeb21c85c7c242dd28f,63726568,2026-09-15T14:25:35.290010452+00:00,1,0.05155512393529896,sell,0,0
0x9073a0d8e8db248bf0c8d4c4f74fe35e224e2f07ed23a4ed3477ac6e2260fdce,63726581,2026-09-15T14:25:36.638092041+00:00,1,0.05807439054898455,sell,0,0
0x5d60b08764fc27bc8e8caa99e369e8fc0317399807eba8e5bd9a7f10585ce983,63726587,2026-09-15T14:25:37.260283470+00:00,1,0.0747681457662701,sell,0,0
0x9518c09f34510e019f0d1024dba6cf8c9485dacd4cd6f47d9f17fddc90cf2b84,63726615,2026-09-15T14:25:40.163843870+00:00,1,0.05239223620188938,sell,0,0
0x0123951a58d9bc6415ccaf1d7c38cd68f6d06f6fe3a28f22562a029d0f287ad9,63726623,2026-09-15T14:25:40.993432522+00:00,1,0.05066531494683952,sell,0,0
0x42779086e8543c1fe19c1436a6610f1256a4f4d9397603b49afa456ec5eaeb54,63726628,2026-09-15T14:25:41.511925219+00:00,1,0.014837176379186684,sell,0,0
0x4d9670bb34530ff8f44b8ee805bf7bbee8754edca5d847e31784604c88105e07,63726632,2026-09-15T14:25:41.926719666+00:00,1,0.05333412216313711,sell,0,0
0xf90b005dc35b6c5fa06f3afbd39a635f99faf27c7fc5bcf5bf240572e66d4013,63726632,2026-09-15T14:25:41.926719666+00:00,1,0.218233825972248,sell,0,0
0x63aeb475692bb2c2223b75284c3d6c1bc82c092bb2ecadcc2b91de1797931886,63726638,2026-09-15T14:25:42.548911095+00:00,1,0.01408689594031212,sell,0,0
0x01d967587125c3b25d9c9b9bd82a22e43fbba267b4ff74244ec138f1ac7c090a,63726660,2026-09-15T14:25:44.830280066+00:00,1,0.037000582264969065,sell,0,0
0x7fc0f38eb82ffadd7e3df61a33dcb476666742723d14004f530a02b060917267,63726697,2026-09-15T14:25:48.667127609+00:00,1,0.01483805264616298,sell,0,0
0x4ab7c5a48828b9d5a563a435dc51607d0af0c68db07b0bb110784dec298a278a,63726712,2026-09-15T14:25:50.222606182+00:00,1,0.10236650193381051,sell,0,0
0xf453a1831ce7ceff6b35ca2eba150ee9a64e373ea748dfb9c949f3d169f39d79,63726712,2026-09-15T14:25:50.222606182+00:00,1,1.072604086090029,sell,0,0
0x7a9afae1c18daae533f225e609b7aed452736d70889b498298ea0dfe4c63f023,63726771,2026-09-15T14:25:56.340822697+00:00,1,0.8321535127169053,sell,0,0
0xbc43d54a503b156fce0cbcf08b130dbf802c09bf85b24f0bdfcccc968b702cca,63726771,2026-09-15T14:25:56.340822697+00:00,1,0.07605147168144678,sell,0,0
0xf468f657297e1949ef953c8b1799a355d23384571ba9ffae9cfc4f8d686cb4e9,63726825,2026-09-15T14:26:01.940546036+00:00,1,0.017241540010437983,sell,0,0
0xe3c44ba69de1e5ffbbdd438b5c009cb5075e9c281f1750e3f1bce24a709358ba,63726869,2026-09-15T14:26:06.503283739+00:00,1,0.01462569437512586,sell,0,0
0xcde38ff9128b5f55a51586da677eda7b79359ee9828217f326b6fb732e25060f,63726887,2026-09-15T14:26:08.369858265+00:00,1,0.019135789247313597,sell,0,0
0x8bf83a7f6e00ae5897e95096adc4406195bb4dbb1fcfad3ae3a50b64bae5a915,63726921,2026-09-15T14:26:11.895610094+00:00,1,0.0180440366545849,sell,0,0
0xac9bc51bcf185455f17ca520b21c0c3bd43216a2c4b32c990279bb88e80b4ce2,63726928,2026-09-15T14:26:12.621500254+00:00,1,0.03914275863560222,sell,0,0
0xf5578afe56e37ee59c305e3d71db590d862a637da251a1dbba812e53c2fe7459,63726964,2026-09-15T14:26:16.354649067+00:00,1,0.03457028798219448,sell,0,0
0x48ad53bdf79929224d36a155effdef619fb92eea12897d47cee441da59987959,63726985,2026-09-15T14:26:18.532319306+00:00,1,0.03463476547396784,sell,0,0
0x2fb0b4cb7f375f8e152f81bc466819ee4c6be76f1c18ea1fc72a002c4f53b186,63726987,2026-09-15T14:26:18.739716530+00:00,1,0.02755781420278572,sell,0,0
0x14c39358d9d61ca0cb18d3426dd793f416d63594bb4f0219982e07f15bfec1a5,63727052,2026-09-15T14:26:25.480124474+00:00,1,0.013025499372623033,sell,0,0
0x6e47b9c36d2b33a1f13ecf636a151a4de3593ba5dea686db44b55338dd7fec42,63727061,2026-09-15T14:26:26.413411617+00:00,1,0.02817038465901599,sell,0,0
0x2ca92fdfe66742b988fb166c28996573d3e76203bacb9d7428f8402a1c2ed55b,63727063,2026-09-15T14:26:26.620808840+00:00,1,0.019758559728660727,sell,0,0
0xb6054d87f8a2e155828b9e3cfbd0bd47208e94c0956ac8f1c01eaed7d8fe1227,63727076,2026-09-15T14:26:27.968890429+00:00,1,0.03525627288149182,sell,0,0
0xd984651ab6fe3af15857578d277d7b967ca9c514fc15c7156835f2030d18139a,63727169,2026-09-15T14:26:37.612858534+00:00,1,0.041746188357925144,sell,0,0
0x182e5d20f25dddd5847dbdddd174c36107b9db7553d4c3a153babedef54d9e56,63727256,2026-09-15T14:26:46.634635210+00:00,1,0.03993906276612064,sell,0,0
0xad021d488418873a94aed01329d815b7863cea0553e2e2a65ed907c6c4e3131c,63727274,2026-09-15T14:26:48.501209735+00:00,1,0.041466789785158775,sell,0,0
0xa9cdf8f53f3ae1ac0fab16a784bdc51bf8e419c42cce08a3e223d2a304fcc0ab,63727285,2026-09-15T14:26:49.641894341+00:00,1,0.011126233684367945,sell,0,0
0x5ad5b181e061f410161e7f200cef1aa2bf4dc64019193ffdf6c726cb36cc4181,63727295,2026-09-15T14:26:50.678879976+00:00,1,0.020130968247899648,sell,0,0
0x5926e75b69aee74c9f4731ef0dd4c04294b8615238b25b13f930df3bcfec5def,63727390,2026-09-15T14:27:00.530245304+00:00,1,0.04810914239719129,sell,0,0
0xb39434931df773b12e86601b48f994b882ce77f2b48687ae55c2235366cf9b9b,63727462,2026-09-15T14:27:07.996543407+00:00,1,0.006475532428065797,sell,0,0
0xfce7d7b92d5034637c4389b9147c47efec890f72911f1afba95d916022334eaf,63727491,2026-09-15T14:27:11.003802299+00:00,1,0.05437584053521862,sell,0,0
0x6918c59acc4bb956428ef6ee9484bf008739ad8f68e806fefd2f68552a2f0009,63727504,2026-09-15T14:27:12.351883888+00:00,1,0.028739655603025115,sell,0,0
0xcb76cbfb1b99605d62e908c60125872319798f9341057b7bc7d758de8119f975,63727523,2026-09-15T14:27:14.322156906+00:00,1,0.027189277566945433,sell,0,0
0x62292e22bc0837b24f5755f84f02971ef522d15f5c2b7656f92f16df2893bca6,63727562,2026-09-15T14:27:18.366401672+00:00,1,0.03334050929504011,sell,0,0
0x032330b0701f01f152ec757c63878991a30a49983b4a6527f7ff67ff41a4aa96,63727574,2026-09-15T14:27:19.610784769+00:00,1,0.04737562318604069,sell,0,0
0xdf3be4fdaa48193aa0950f83899c901e311406e7f8d9c04c7fd67fda1736ce66,63727605,2026-09-15T14:27:22.825440645+00:00,1,0.0200364883343251,sell,0,0
0x2c43884e257def595805feb04c7217bb45d62d970c41b75c3f31a9f15fac0b1e,63727632,2026-09-15T14:27:25.625302553+00:00,1,0.01793141976413561,sell,0,0
0x2ef099f75a8a4cf08af64a46a7e733cfa374358a972819dd7a229fc4316fb812,63727717,2026-09-15T14:27:34.439682007+00:00,1,0.0422292696245522,sell,0,0
0xe5ecffefd3c14885601c85f849357360807cafea4db49866b120d744a8f73936,63727740,2026-09-15T14:27:36.824749470+00:00,1,0.01192560506652085,sell,0,0
0x19726c1cb296713fc9f907379bdd492624884eaa520870e79ab899de6654999b,63727901,2026-09-15T14:27:53.520221233+00:00,1,0.03923403912243996,sell,0,0
0xbf65dfd1bbb304d1577e3333f03ad4fd27f67f2e5d9099634262ff26627f5c10,63727937,2026-09-15T14:27:57.253370284+00:00,1,0.027065925064765187,sell,0,0
0x671b266ab02a3a1c695626969ad1dc5216c47f2cf54aff6eb5b9557b948e68ef,63728028,2026-09-15T14:28:06.689941168+00:00,1,0.01245663221002414,sell,0,0
0x9e2d77ebcd2e393cda4a8c8c3427c12f6cd13a98a4be7251fd7a1bbf29d19836,63728055,2026-09-15T14:28:09.489803076+00:00,1,0.028651148913719397,sell,0,0
0x966ca89c206db47c201b1ec2b2f8052ea424ee6884e98971809a1b96ee549ec7,63728390,2026-09-15T14:28:44.228828192+00:00,1,0.04146470425055126,sell,0,0
0xf12fdac72a450564c07c824dc2c83a9c949141d2db5b5344ac806ffb727fd3a8,63728404,2026-09-15T14:28:45.680608273+00:00,1,0.047645934709011635,sell,0,0
0xac666724d4a2a4accbbd38019fa1ec1df02450ab2c82aa2a85c40a32287da333,63728960,2026-09-15T14:29:43.337020397+00:00,1,0.011223302130361852,sell,0,0
0x841ba32160ac155883d03f48283404156a0c5202aea1c5898684190a3921f60a,63729009,2026-09-15T14:29:48.418251038+00:00,1,0.01602915813649118,sell,0,0
0xe448bd0fc1d535c0d631ff6d1a11c97a64d7e2c32f5fd67f81aa7a42f765b71e,63735594,2026-09-15T14:41:14.184301853+00:00,1,3.9962493267624413,sell,0,0
0xd9a79ed3c736dc1ea85bb4937235e312f6f935988550266083d136bc88ddc4c3,63735594,2026-09-15T14:41:14.184301853+00:00,1,0.10456949056657032,sell,0,0
0x37d65348713d8c14928963a3c2ce3a84bb7541d2c17103a61396eb49e3a30a6b,63735597,2026-09-15T14:41:14.496874332+00:00,1,0.006263008225318288,sell,0,0
0x0b9b5e96f7f3947f7b9d4948d87a5433a1e3d592d85b08effef71ef37ef10806,63735602,2026-09-15T14:41:15.017828226+00:00,1,0.4418593783681422,sell,0,0
0x49514bfa3f047263e94b5db11eef30db6657e9abeb4e3eda886cedab88e606e0,63735607,2026-09-15T14:41:15.538782120+00:00,1,0.09569902515055416,sell,0,0
0x1aa52248950c5d8716597fd7aaa48d837cd3d5975943090827ff456a80f8a2db,63735611,2026-09-15T14:41:15.955545187+00:00,1,1.1065915169738836,sell,0,0
0x25e9299b6a117349fd6fcab95c6b812ab9d7c24c98db231f9c47dd22de22c0a6,63735689,2026-09-15T14:41:24.082426548+00:00,1,0.43763729997173745,sell,0,0
0xacbcec2e91c994f1fe4aa1261687ddc1e6e28f40f88aee5035bef128f66f6ce9,63735692,2026-09-15T14:41:24.394998789+00:00,1,0.35794540850339174,sell,0,0
0xcc8cdf9fc690d623c9204d104ce7a42e71ad3e7feef150f8f8194ddc95295db6,63735741,2026-09-15T14:41:29.500347376+00:00,1,0.04287138828131925,sell,0,0
0xa971dfa1cbb15ef05e33d648862f93f7f2b29344e7cf178dfca1f2f9e1ac5969,63736133,2026-09-15T14:42:10.343134880+00:00,1,0.0353502586597291,sell,0,0
0x2852c90f133bc4566ed29c8db2d86e6f026842aeae44b74f128264c45a653d4a,63736235,2026-09-15T14:42:20.970595121+00:00,1,0.01173236337006788,sell,0,0
0xec86f85b7c73d20047d330e25ca19da6ccca421c84878b1d051396b81ddb92a3,63736272,2026-09-15T14:42:24.825654030+00:00,1,0.028443904696441504,sell,0,0
0x44edcb98208f38d5207b827a0f824d3aaea468927a6e929bae7dad8e200e0b40,63736279,2026-09-15T14:42:25.554989576+00:00,1,0.012090158612384964,sell,0,0
0x44707fb0d1d40e9ec6186d20079f7c5377f1094f8369154b5d741e5a4a5d0b5a,63736441,2026-09-15T14:42:42.433896780+00:00,1,0.03557206379694311,sell,0,0
0xe70a2b2ac39d140ac55b9681cf68d5476d6b876caa4ec759f79dea7b7981b201,63736850,2026-09-15T14:43:25.047927856+00:00,1,0.028411926230992406,sell,0,0
0xb760339b6176d5e2ea8c7ec481ee74832bb48a995a593eb6762ab558ab899c59,63736886,2026-09-15T14:43:28.798795938+00:00,1,0.012083240842521431,sell,0,0
0x2dba151dd320eb9eb31cb97afa9594359fb4aa2f18968dca98e1f591258dbe19,63736924,2026-09-15T14:43:32.758045912+00:00,1,0.01821565556609092,sell,0,0
0x8e2c22b0c58458f4ba63b274d9bc964ff4321dcfb4b11913f583ee8773d0d4de,63736994,2026-09-15T14:43:40.051400900+00:00,1,0.05949614991737065,sell,0,0
0xf765bf49eca365c13f984b3594f2863ab59fb3ace232d4f574591992d92923aa,63737065,2026-09-15T14:43:47.448946476+00:00,1,0.04888714801532645,sell,0,0
0x6d62029bc3d2927c029553a65050b47bafde62d80ea8b1263378954d055f1255,63737165,2026-09-15T14:43:57.868025064+00:00,1,0.04386718280792798,sell,0,0
0x8b8cf0348b28e4c9c7c898c6e875819c1fbf3f5399a9dc3ff952822be5a25eb0,63737168,2026-09-15T14:43:58.180597305+00:00,1,3.9464671878104904,sell,0,0
0xb5cb17363a0ba2d40e918de4ba98a7015826255de3518e2f622894e4662e2548,63737241,2026-09-15T14:44:05.786524773+00:00,1,0.02756660787187227,sell,0,0
0x97254f93a887ef88fd96888e13c492c13641769e2dd6823875ce7cc19d470baf,63737301,2026-09-15T14:44:12.037971735+00:00,1,0.04160779071554326,sell,0,0
0xde77e84ab94f91a8fd01511d0bb8238685dcf093d27c5e13f851843b3f16524f,63737311,2026-09-15T14:44:13.079879522+00:00,1,0.03151165597666587,sell,0,0
0x55a26de33f95fa637442629de54e98409328d8e05d38a2379049f10b8d2b6402,63737557,2026-09-15T14:44:38.710812807+00:00,1,0.3643823806367424,sell,0,0
0x76088525215b53a333b50debc9d1066df56729aecd95de60a7281820f5fb8550,63737560,2026-09-15T14:44:39.023385048+00:00,1,0.437558971831384,sell,0,0
0x82a78c2d60bb94f058dd744b138fec5436f7eb05b207ecc50fd0c7c13bbadccf,63737648,2026-09-15T14:44:48.192174196+00:00,1,0.02932368340194624,sell,0,0
0xbe51ae84cc70d20c3f6230eb34671af4ee41c98a43af0e0d143ac7ce281baf60,63738633,2026-09-15T14:46:30.702733994+00:00,1,0.038719938186153,sell,0,0
0xa1bfc39bab554ef9c4d92556342bfe1af16d68b7253ea95242700fd48bc906b5,63738881,2026-09-15T14:46:56.449648142+00:00,1,0.015364496530864831,sell,0,0
0x392295e3842b1ae01d699e61dc5e4716b46f1a345ca9f6899f6073ec9bc1c5f1,63741780,2026-09-15T14:51:57.418617964+00:00,1,0.041018243819786145,buy,0,0
0xd1408925e3efcca52f5d7aa1363519a00a5d96d45f552b947677c9babe84c5e4,63742138,2026-09-15T14:52:34.585534573+00:00,2,34.53988866327639,buy,3,0
0xb20da50cdba4463d080d98c13663e44b25e86961374330dceb1769840b5f5311,63742444,2026-09-15T14:53:06.353904724+00:00,2,19.13942501100331,buy,2,0
0x3d8753f3e6f11bd201f593c83763be452730ef5a29b7b77d8f2fcbca9ca91649,63746790,2026-09-15T15:00:37.547814131+00:00,1,0.008010840840892774,buy,0,0
0x09ec17ee8398ae9a4113ef00a1c4134f3afa0381b55538256665873f21d23751,63746995,2026-09-15T15:00:58.831504822+00:00,1,0.09605752967822828,buy,0,0
0xca749732cd4d8f4609db00351e0e3d09012bfa690d7b45c1848eceec453b86ef,63746997,2026-09-15T15:00:59.039381027+00:00,1,3.8214726163979975,buy,0,0
0x538394ea57122f6371d2cb8f326422d8b989ee62871b4b3bd956d2f12dc424c6,63747058,2026-09-15T15:01:05.379605055+00:00,1,0.021831415294491813,buy,0,0
0x2aeb5c9a6339e2ceeaf88e8541f405af80f8078b8ace931217b07b3cd306fa2f,63747060,2026-09-15T15:01:05.587481260+00:00,1,0.7938,buy,0,0
0x4fb4060a9724f06345b5c2f74ba252046b8e5d1b9ca098be748109d65dee1dc2,63747107,2026-09-15T15:01:10.472571850+00:00,1,0.1763471298727553,buy,0,0
0x236b6bcf58874b9dffb7d1bd6a6babba2dbc75d9c052ce640ee01e10bce13bb3,63747236,2026-09-15T15:01:23.880586624+00:00,1,0.10874537730834785,buy,0,0
0xff1a498d959e1beb78d109809fbea9945d82d25df7ffd3887d86627a6c97bf5c,63747485,2026-09-15T15:01:49.761173248+00:00,1,0.03370130863253619,buy,0,0
0x1051c7f23b5b64f1ed6c95e04c00a337bcb6da7af1edf1fb27cff1afbc3a9c98,63747486,2026-09-15T15:01:49.865111351+00:00,1,0.020344800372163022,buy,0,0
0x7b4188112b4000816c44365ad2bd7f10cfb5a3e2428f79e1c3152658cf87edbf,63748212,2026-09-15T15:03:05.324171305+00:00,1,0.020306803434739513,buy,0,0
0x04b725d1f5efe692c853e98c5fd29a001b070427665c64c3603534b45d675bcd,63749100,2026-09-15T15:04:37.621203423+00:00,1,0.02210551929676177,buy,0,0
0xc7c057189252b1628ab1253d73b286eb0a65edbdb57da3101da93492b7e20d22,63750250,2026-09-15T15:06:37.150017262+00:00,1,0.076970833839181,buy,0,0
0x18354eaddeed7aa2ecef05290e8a36257cfa99a9ea6c1933938a2324a28f41c4,63750298,2026-09-15T15:06:42.139046192+00:00,1,0.7868193218567702,buy,0,1
0x6ef4fd4c976bd8abf92cc2e0f453d357fb932d2921373523bdc00e3c7aac9e10,63750327,2026-09-15T15:06:45.153250933+00:00,1,0.026157464061494256,buy,0,0
0xabf126c99c24276c023ccf5c22f7d7dbe37a642d4b775067eb5b5c78fcecd7e5,63750398,2026-09-15T15:06:52.532855988+00:00,1,0.7921436151528363,buy,0,0
0x1d3bd59b3ba535744f4d157c6b1645bff8cfd01a0259ded1736298d88a950763,63750636,2026-09-15T15:07:17.270123482+00:00,1,0.0882,buy,0,0
0x9a0adc5971829096651d38d394616e33a2db15ff98f9a98d718188a56046a09b,63750640,2026-09-15T15:07:17.685875893+00:00,1,0.038366092249888704,buy,0,0
0x8b0fc15266f092546783831d1785a4832b4e7934766e66f54b9805bea85db533,63750643,2026-09-15T15:07:17.997690201+00:00,1,0.0798,buy,0,0
0x851d9ed6c46b5126321c944a092bab28cbc5441258d2a78a251b622755a4889f,63750643,2026-09-15T15:07:17.997690201+00:00,1,0.029853198709679417,buy,0,0
0x822eaf83714977eb7fd48d1e02557d875a175928403ef397e2a1d42d91465c56,63750646,2026-09-15T15:07:18.309504509+00:00,1,1.4742,buy,0,0
0x5dea86eab87986b43467e8808ce78c71ae06390812dad05704fcf801df7ba8c5,63750646,2026-09-15T15:07:18.309504509+00:00,1,0.19210301664456386,buy,0,0
0xa00e5551bfc5df8ffd8b0b33c7b3eefed3a7af727782b89d365788e8af3285c2,63750649,2026-09-15T15:07:18.621318817+00:00,1,0.7182,buy,0,0
0x62a7112e962f3fb1d66940228745b3ced282d97c77f16ae63fa2d3c630674de2,63750652,2026-09-15T15:07:18.933133125+00:00,1,0.2646,buy,0,0
0x01c1419a1489f920e2ae7ba65195cc9a9f2bd506dba105a0806e4a27df1e3770,63750655,2026-09-15T15:07:19.244947433+00:00,1,1.9278,buy,0,0
0x9fb803d6327296497a6bd8a5da3e94187971a5e4baec6da1fc6bc08860369521,63750660,2026-09-15T15:07:19.764637947+00:00,1,0.011788350478135732,buy,0,0
0xcd7b1e94bf53f7442373ebd4a0964bb0581224360356b698682ec2485ecfe946,63750938,2026-09-15T15:07:48.659429550+00:00,1,0.032271734786081425,buy,0,0
0x576257dea8fcbb33b36f39676c24604f80bf5adedd3aec7b1f6baae19af709ea,63750967,2026-09-15T15:07:51.673634291+00:00,1,0.6017736911431684,buy,0,0
0xf23c50d717fc88badbf5b6d8331971d1e47f10699b2c9bba2a0c31bff94dea31,63751401,2026-09-15T15:08:36.782769442+00:00,1,0.015766199060011084,buy,1,0
0xff0858662b089f6e20ad30a609bc837d9ea3b216c1563425ca8b723de517318c,63751496,2026-09-15T15:08:46.656888723+00:00,1,0.01426369771893353,buy,0,0
0x470805db6fffff04c439ca334992d8383da0249f99768fca269177e07b9c9913,63751874,2026-09-15T15:09:25.945490360+00:00,1,0.003992688868275553,buy,0,0
0x05c9be1285de370a7d7bae1521cd5d4d6602544489e2f6dbdd0865ed55b0d04d,63752008,2026-09-15T15:09:39.873195410+00:00,1,0.029858941427323725,buy,0,0
0xfc637c800dc8a42873396d045f3673fc6a1b01eb328d409b47a94089d8162bc7,63753518,2026-09-15T15:12:16.819725037+00:00,1,0.011101271576827,buy,0,0
0xadf035db39978ca8212d61102ce011f5eeafbaf8f834857562c8bd34a2cb23ef,63755929,2026-09-15T15:16:27.222120285+00:00,1,0.05671109419089217,buy,0,0
0xa5d64c0d878dc7a08ba4aa580a9fb709c96599c817efde5f4f60d028c0bf8883,63758863,2026-09-15T15:21:30.182193756+00:00,1,0.01311149016377791,buy,0,0
0x8e7a3fcd1208ecf139729a19815bd98e0404e61e4c83f81108ccd60173d99fab,63781039,2026-09-15T15:59:24.579693794+00:00,1,0.13201145930507616,buy,0,0
0xfac187f26736013387350ea500c3c959db3a617a78d4d3d87dc316faee3e500a,63781039,2026-09-15T15:59:24.579693794+00:00,1,0.6158823380392859,buy,0,0
0xf3e09c6f88db099545f1333d06f612a0be2c8ddf3f0638a5434f60cedf38e2d2,63781042,2026-09-15T15:59:24.885989904+00:00,1,6.554045584648173,buy,0,0
0xdce9b6f33606efa5599fbd29b9f3a4f5a4020c7add825e9bad33f8e360ec759f,63781253,2026-09-15T15:59:46.428814411+00:00,1,0.3204378084364622,buy,0,0
0x085ca42699147991466dc83340cf60549d45b255792e19774462d5d8d3e07022,63781256,2026-09-15T15:59:46.735110521+00:00,1,5.103,buy,0,0
0x7150aea99674b25c1c9eb298b30cace9938b427a6a3dd81abe94f6a904c805d1,63781260,2026-09-15T15:59:47.143505335+00:00,1,1.9278,buy,0,0
0x3d9659dd27745ce715a106fbc1ea56090af2fc16b081fa665fd6a88a111f171a,63781656,2026-09-15T16:00:27.574588776+00:00,1,3.7984192549869515,buy,0,0
0xceb5510b83df177f86394bbf6b9f27d3851ccb4a18ed30fad50c5efcccb97db7,63781889,2026-09-15T16:00:51.363584757+00:00,1,0.012419547753599883,buy,0,0
0xa92daf5657ed8917850893ebaab201339e9afc69b88ff3e866fa1ce40334eac0,63781922,2026-09-15T16:00:54.732841730+00:00,1,7.672568978208509,buy,0,0
0x448fd4b1fddb876b5eb9eada146be53def97391f0e61bc990d3199fd0a94c806,63781923,2026-09-15T16:00:54.834940434+00:00,1,0.07860474640007391,buy,0,0
0x9395c17670b287ba710befddb18e136b972c415f6eea9343f8de2e30dccfe843,63781923,2026-09-15T16:00:54.834940434+00:00,1,0.018194234424413473,buy,0,0
0x1ac8071bd99393e054773d4a896be90c7accb6406475c5f266d7a1cfb6dbc050,63781923,2026-09-15T16:00:54.834940434+00:00,1,0.16622567702641952,buy,0,0
0x5331bd2f02a933f4d6c74eaa83b3df88893fb21452bb9f85463c61aae6fa954a,63781925,2026-09-15T16:00:55.039137840+00:00,1,0.020349556743581097,buy,0,0
0x805674b560cce6f982c6689d9effb34c337ab52dbb9088918a1748797d967ecf,63781927,2026-09-15T16:00:55.243335247+00:00,1,7.2511632426236625,buy,0,0
0x7dd1a99cb3bc2be5b4babe030e580b5cd49cf21f7a6a061754832c7d567c042d,63782088,2026-09-15T16:01:11.742023706+00:00,1,0.020900370061198825,buy,0,0
0x8a4d47fe5d1e6948c4457cbb7f9e3422c9850653bd02e37740e357548940dbd7,63782174,2026-09-15T16:01:20.561531544+00:00,1,0.022881210607262753,buy,0,0
0xa435f2846969f1e65a1375e6caffa4c9ca56d79e926c1478f1d86d91f595c478,63782226,2026-09-15T16:01:25.894257069+00:00,1,4.287764275549532,buy,0,0
0xb4a085cf8da6e9a3419f5961ed2462210702f44c65ae2a6d591c6d59b96e2ad0,63782228,2026-09-15T16:01:26.099361897+00:00,1,5.103,buy,0,0
0xa240eb464fcefd1a46dde6f206908dc9c8dc8db01f2a40c3cf071b55ce8c8cd5,63782232,2026-09-15T16:01:26.509571552+00:00,1,0.19128306210749502,buy,0,0
0x7a764b56cecf6383b1178751bbcd4788b59030b7a6646acbc41057fa1db0302b,63782232,2026-09-15T16:01:26.509571552+00:00,1,2.3814,buy,0,0
0x218fd769defa827a8b8d4a5b0302abdbc2774b7b9316e2b19b7ffcea675bf705,63782278,2026-09-15T16:01:31.226982594+00:00,1,0.05019284732882453,buy,0,0
0x6f423e09509d468bcf5f31b66a894dda6845432a66c1b892b883e7652fdde974,63782282,2026-09-15T16:01:31.637192249+00:00,1,1.4742,buy,0,0
0xcf3448e4c00b0b4efaca97bb21cddf07edae04fc683e6cc359857a03db107d5c,63782334,2026-09-15T16:01:36.969918013+00:00,1,0.013383705528510946,buy,0,0
0x2b44c84b1e6fd4c6832c55368bb2deb9a3352851ab81b8ffabbe4dd4f142a163,63782488,2026-09-15T16:01:52.762989998+00:00,1,0.05419584684235424,buy,0,0
0xc9b2b93022dd6f82e2d39c5dd79c9d0c6563f27767f0a004377905ae65dbc8c3,63782490,2026-09-15T16:01:52.968094826+00:00,1,0.015257042145151976,buy,0,0
0x2e3b2d52711902659a968b115dbc52302a9e1bc58102f3823c5580e5e66167cd,63782784,2026-09-15T16:02:23.118505001+00:00,1,0.019584501794547203,buy,0,0
0x8190f438844a7aaee4cb86961ee56ddac4fe565d6a54dc829031074f14eb4843,63783282,2026-09-15T16:03:14.189608097+00:00,1,0.013983755133264213,buy,0,0
0x244baef6c89263b1bda7634460fa3b1e991b458baf27b8dc2aa9a7bb29447f87,63783436,2026-09-15T16:03:29.982680082+00:00,1,0.016839874778835875,buy,0,0
0x288649c2bfd522df9df9bc0289743ba424f4737f96ab2c1036f33ce9be5c4576,63783452,2026-09-15T16:03:31.623518705+00:00,1,0.015989100481478915,buy,0,0
0xf5f87233ce3eba2a5b086dca3b0dc21dcf1e16744d0607e8be869ec73dd0d059,63783537,2026-09-15T16:03:40.340474129+00:00,1,0.00098,buy,0,0
0x812dcb2d159d072d6c4572c5b0c90b93ad89d23d47fbd0e5948db10fd8abaf57,63783747,2026-09-15T16:04:01.876481295+00:00,1,0.01369615165561173,buy,0,0
0x0553321f1631863920f41724750377ff5a7fd5683cbd36ca5bae33b76c2f234c,63783912,2026-09-15T16:04:18.797629833+00:00,1,0.01025863626813634,buy,0,0
0xaef2009b1117cd3fda86dca0e349e2b0661477cc84a8e56deb3c1c5a8d95f5bb,63783940,2026-09-15T16:04:21.669097424+00:00,1,5.515015755991236,buy,0,0
0xeac62841d997ebe38510c65ce4a8d6cebbfede08c9309b89676104b77ada7bd0,63783940,2026-09-15T16:04:21.669097424+00:00,1,0.06368757358792872,buy,0,0
0xd12765591e649868d95229196852fe4b0344b5818bde89f07784077012920ead,63783976,2026-09-15T16:04:25.360984564+00:00,1,0.059421992294841054,buy,0,0
0x04e201e272ae4fbf850a1b4976c8293cdc18cf3b2490419c08a25037ef5ff8ed,63783979,2026-09-15T16:04:25.668641806+00:00,1,4.4226,buy,0,0
0x48a0e546625b9d277e78267369ee436213615a347847bd48153570196b9bab7e,63783982,2026-09-15T16:04:25.976299047+00:00,1,0.00820028264107174,buy,0,0
0x75d5bb81741bea18309199ed8be6c20b2920fcc2cd8511f3b8780ffa9570719b,63784115,2026-09-15T16:04:39.615770340+00:00,1,0.00098,buy,0,0
0x996f7f4a03f34b92eb2d46bf98149ab898ee853c44af541dbf6a4f827e2ecc06,63784228,2026-09-15T16:04:51.204193354+00:00,1,0.04531578586647233,buy,0,0
0x37c0fef345ba49ffe66127c94ee48956dad8b9d1cbc748e87830f9101ec4de15,63784638,2026-09-15T16:05:33.250683784+00:00,1,0.0489874029046399,buy,0,0
0x33b3e7fda0842b51adf2904812785278f8adc0edc5f2563b1bea811d99b398c3,63784772,2026-09-15T16:05:46.992707491+00:00,1,2.258165748890295,buy,0,0
0x39adc2aadf24c2093dd2ce67bb7e19de399441d39e0d4bd443617aac3f6e897a,63784772,2026-09-15T16:05:46.992707491+00:00,1,0.1045557797128263,buy,0,0
0xa7e3099e1dc5bd5c27f6d6419a58e75dcd0394bf36d1019100672f6253f7e020,63784774,2026-09-15T16:05:47.197812319+00:00,1,4.4226,buy,0,0
0x25b823cdb344c0feffef0d6392cccaa9b28ae3ed00808026e55cbb49b5b5cd1a,63784781,2026-09-15T16:05:47.915679216+00:00,1,0.21727559849239858,buy,0,0
0xb853606cbf3fe455ed0f4a202053935754f814f32d0d71be78487e1f506be231,63784784,2026-09-15T16:05:48.223336458+00:00,1,0.6426,buy,0,0
0xf271f901230c8d8f5aa437a9215f1192fdaa2fcb786a10f0cc3fa2f8f8285df9,63784872,2026-09-15T16:05:57.247948885+00:00,1,0.03388479836413493,buy,0,0
0xee5ec57c6230c6514eb51341aa1675afaf4cbcea41d722b7cada37ab32d841e7,63784885,2026-09-15T16:05:58.581130266+00:00,1,0.052267174436041744,buy,0,0
0x0b99c5265e75a0968ce649ace7c76f2a457d60748902f1d328b64185767ede00,63784939,2026-09-15T16:06:04.118960857+00:00,1,3.763989238952556,buy,0,0
0x93c345f9dfaf562e648bc836109fd4c338734a63fcadb30fecf78c8fecf0ef1a,63784940,2026-09-15T16:06:04.221513271+00:00,1,0.1253783740054403,buy,0,0
0x843afbae78b25494a739a4be50d631a9fca79f4c2946078548d5580b2c270188,63784943,2026-09-15T16:06:04.529170512+00:00,1,2.1546,buy,0,0
0x8765f930d33733002dc0662df678000b9c0d1a443bd4133e5d90695f469d90f0,63785247,2026-09-15T16:06:35.705104828+00:00,1,0.1287833912316836,buy,0,0
0xf9a2f02ad9601113162e524d3ff3bff59a290e5ea41d7ec63dce76325aa16233,63785353,2026-09-15T16:06:46.575660944+00:00,1,0.016347385264560577,buy,0,0
0x47c515448862457504f4a5053370686cde78e73b81fdbb3bc5e4966d8f4972cf,63785950,2026-09-15T16:07:47.799453020+00:00,1,0.046238345830690974,buy,0,0
0x27ee9b4cc7469ea1e2dd7c6112ae2c51a72e2efa167ac423f17a22917f16ecf7,63786416,2026-09-15T16:08:35.588878870+00:00,1,0.4310957726638783,buy,0,0
0x6017c9165e7649806c1c718e28462334e0f0000591f1df94dbea9e9489d456cf,63786422,2026-09-15T16:08:36.204193354+00:00,1,0.021555361052794694,buy,0,0
0x12b76e63ac4e7569200415fbd10837ba758ffcdd5d6116814802358c0499d984,63786424,2026-09-15T16:08:36.409298182+00:00,1,0.7182,buy,0,0
0xb3b178dcdd3a23308904b0f41e77419193cc5e25872fffecff960ec55c17e3ed,63786496,2026-09-15T16:08:43.793071985+00:00,1,0.038275181370125845,buy,0,0
0x5b7a6e6430de8aba3076debdd3fcfd79cf8190c29ca9144b07b9289397aeb027,63786500,2026-09-15T16:08:44.203281641+00:00,1,0.2646,buy,0,0
0xaf49245c0749788ecb61c0856f22a57bddca09ecd74e2916f8d46fbe240c5ee2,63786821,2026-09-15T16:09:17.122606993+00:00,1,0.016066299830086082,buy,0,0
0xf10fe0725a259c5c42f551166dbac129cc0d1705225aaf3d2be148d624c405ba,63787344,2026-09-15T16:10:10.757520437+00:00,1,0.051015584683015536,buy,0,0
0xeaffaf97429b5d7ba15fcfc6eb85057e74c5610af27886b935a62aada8e78918,63787565,2026-09-15T16:10:33.421604395+00:00,1,0.00098,buy,0,0
0x294e3bd9985ad3fb393b0a4f2c8d77f0655c18e2395e9065eccedc6143670dc0,63787933,2026-09-15T16:11:11.160893440+00:00,1,0.04073157252020699,buy,0,0
0x5676c7b281c6ea2765d3a74af83b186aebf1673616b0e8382d98e10c1bb2e63d,63788734,2026-09-15T16:12:33.305378199+00:00,1,0.6742896928533102,buy,0,0
0x1967790c955706df56ae0c89ebce37ada3568ee64188d3e3b5861a0d1a05fe4e,63788745,2026-09-15T16:12:34.433454990+00:00,1,0.016347385264560577,buy,0,0
0xe841f2e91b6cf9df377168a2b38a07a9064aeafe5d3c2e6f64842dd9017a7f99,63788753,2026-09-15T16:12:35.253874302+00:00,1,2.057864025813637,buy,0,0
0x18ab8fe07c8a4a5dc51a0c9a552c7d050be55f6be5de1db099b70a059cca1423,63788754,2026-09-15T16:12:35.356426716+00:00,1,0.021137846591586996,buy,0,0
0x8c34496d899abdf7b5b0571bef31e3227599cf23bbdf7b5cf3e805552ab5e0d5,63788754,2026-09-15T16:12:35.356426716+00:00,1,0.01851449988202888,buy,0,0
0xbbce059ba10767b13fd10afcbaa1c9e6c798779a0a7627decb394facf8c2df01,63788756,2026-09-15T16:12:35.561531544+00:00,1,0.030465994101326447,buy,0,0
0xc8ff417009df5122533ae294e21d2b0aba68a6862d3525946d95003c0da2856d,63788913,2026-09-15T16:12:51.662260771+00:00,1,0.08499109478619565,buy,0,0
0x107599288782e740b109cf3158769c3cdab3bce27306a4e4d0949b51ca7762ea,63789066,2026-09-15T16:13:07.352780342+00:00,1,0.5551991688195111,buy,0,0
0xbe3db806c71d29dd48aa8d27aede2df72ff54e68061e486bdd6a1b8dd4a00dfc,63789166,2026-09-15T16:13:17.608021975+00:00,1,0.019780659651508232,buy,2,0
0xf2cabc2e15a06712dc28421339236a7e1ea0a197de925379d0f63246d2e5be84,63789294,2026-09-15T16:13:30.734731197+00:00,1,0.019425235264730206,buy,2,0
0x7dd6baff00d9b078ae639b29f89e5c0d40104b5f0f739d3f7c67516c0069a0a3,63789366,2026-09-15T16:13:38.118505001+00:00,1,0.013750774977453452,buy,0,0
0xeb55ab44d2dc10238f1e454ea761d58c69c3c172d052908c0b6f62df8571e3a5,63789436,2026-09-15T16:13:45.297174215+00:00,1,0.11796914412733019,buy,1,0
0x9f06f33010214cae0164859f88505ff587f48fcee6b22e05d32f730cead21a9e,63789591,2026-09-15T16:14:01.192798615+00:00,1,0.03472431298507703,buy,0,0
0xce528adf6b73384c8aff5fc8d56e5c4a53e871cba5b780894c36be60196b0feb,63789592,2026-09-15T16:14:01.295351028+00:00,1,0.016073881156355132,buy,0,0
0x158656369047088ab22887d3fa74773a8d8a8e73b0a2ff9864f2258ea769a443,63790614,2026-09-15T16:15:46.103919744+00:00,1,0.01461004824055716,buy,0,0
0x9a68eae2f275e01a383b5569efce8ae2cab79666781042757482388a2b253848,63791993,2026-09-15T16:18:06.644182920+00:00,1,0.020793561230518617,buy,0,0
0x7fdf8f11f09881873ebf6c8e2616b3d7ec699b07060f9a25edbbce9bc90a1d4d,63799148,2026-09-15T16:30:15.424173832+00:00,1,0.202033342912306,buy,1,0
0xd4f3be0e3d536d54d50e4f794053dd72fa0398f79d35dc9f29692ea2c716dcc7,63801098,2026-09-15T16:33:34.429283857+00:00,1,0.2516302732876528,sell,0,0
0x0fa2a60944b8ab163c631d2e995838821a3ed65664f045abff48a5ead31e5eb6,63801099,2026-09-15T16:33:34.531391621+00:00,1,0.34159860401666514,sell,0,0
0x91b0303c5913764ce9abf2e2d9a59d7b393b3fc7fea46230a9b9a49fa68c99bb,63801100,2026-09-15T16:33:34.633499622+00:00,1,0.016802533179275235,sell,0,0
0x7defa20f09147c5c28ba03435b146a530a67d2afecb66b5f36ba4f5b09564207,63801102,2026-09-15T16:33:34.837715387+00:00,1,7.57014293694404,sell,0,0
0x5795ae2439a497f63f4e9abf6bdef3bfd0e2ab02ac59fdee4f10e5855fe39968,63801158,2026-09-15T16:33:40.555757046+00:00,1,0.6863866651861438,sell,0,0
0x08bc50c88691ac1a681e8bbd3978b3005673551725752ce5d8ac887d1e7c78ef,63801455,2026-09-15T16:34:10.881799698+00:00,1,0.057469917872255555,sell,0,0
0xea6062e0eeb2d7e12554be799f2968d3566a18869fe936f57edf21c93fd95091,63801586,2026-09-15T16:34:24.257932901+00:00,1,0.019058397105274207,sell,0,0
0xda6e4dc131c53a72eb6c79e4769776ea0cea846b00c8c58795fdd6326e956cd6,63802200,2026-09-15T16:35:26.952175856+00:00,1,0.02308558147511238,sell,0,0
0x9692b3449f1cdd8119d0842c1dfb020e3a273d2a32a54df7bc67101bc635f9a8,63802797,2026-09-15T16:36:27.910584688+00:00,1,0.058570215721089766,sell,0,0
0x24ce7cf8a62af3e4e4f3dab13492ca0847f7a8010265a276c23ad3fd28bc75d4,63803077,2026-09-15T16:36:56.500793218+00:00,1,0.012075262429298616,sell,0,0
0xbddd1fcdbaf5395d9731fb5a281717bfd4343d23a3b00eea024f511e60f062a7,63803720,2026-09-15T16:38:02.156165123+00:00,1,0.020648191272129423,sell,0,0
0x69ce840d3e9072eaca78cd5750d44e24e17abc0030e39dd8be3c2f4ba0e706bb,63803784,2026-09-15T16:38:08.691069841+00:00,1,0.05143940509906651,sell,0,0
0xaf23c4cf7cff66b40f93fd88b64295f23f29be94de1948080acba32fe7cd75eb,63803856,2026-09-15T16:38:16.042837620+00:00,1,0.04607428211232376,sell,0,0
0xb8aef211a9aa0666b0b68ff6716a7f8d349374596801a121be33587a5395e1b7,63803861,2026-09-15T16:38:16.553377151+00:00,1,0.021129629907719535,sell,0,0
0xfd4fb73f37c8c3c410baa0444c30123a874d560871433bca28fbbe17acb4a4ef,63804317,2026-09-15T16:39:03.114573956+00:00,1,0.022724744809880244,sell,0,0
0x5f06ea7640fddd4be0759eb2e47b3664bdc5968d130885dd14b29e07a0ec1c89,63804333,2026-09-15T16:39:04.748300076+00:00,1,0.11826741359857433,sell,0,0
0x8d294f34bafb947c888ef75a00c5da0e94ce75d425b190c36ef84b1f0acbe37b,63804544,2026-09-15T16:39:26.293064356+00:00,1,0.008511422550595288,sell,0,0
0x35ccaa64ec8bf2962a81b300a9445b05b749795118b74a82d491571cf59d3104,63804780,2026-09-15T16:39:50.390525818+00:00,1,0.039854744513058066,sell,0,0
0x629967feb421f06e49b0b66ea39048d2fe3c5d5c3738c0c521ec09a86db5629e,63804836,2026-09-15T16:39:56.108567476+00:00,1,0.017596482346448398,sell,0,0
0xe22a929548537452ef08719d199eca89217fc403371778f3bc1de1cfa3bc7846,63805780,2026-09-15T16:41:32.498413324+00:00,1,0.08976986129914566,sell,2,0
0x22dd7ff46322e6aeddf6defebd4a5d8fcf9e46770dde68377a25d4597d30770e,63806052,2026-09-15T16:42:00.271758795+00:00,1,0.03380325318339795,sell,0,0
0x72efd4cd5023458efc45d4d56b9335719d81b1bf1cf4f3985c282430d3b51c26,63806056,2026-09-15T16:42:00.680190325+00:00,1,0.008510487459305854,sell,0,0
0x068321d3e9443d62bebfc286e2ec439f55509be2b2713483e9d1e4850c955960,63806900,2026-09-15T16:43:26.859247446+00:00,1,0.034743943382925094,sell,0,0
0x801420eff1098880d98d60e6bbab0424181db08f1ca27b6aab793f35f4d4f425,63808102,2026-09-15T16:45:29.592928410+00:00,1,0.0286288265753024,sell,0,0
0xaa37022b86a81556b9008661199cefa2f8da7edfe433e049e084aff42dca0b00,63808670,2026-09-15T16:46:27.939986229+00:00,1,0.08032217822026941,sell,0,0
0x978fd550c3fc85721ed5db4a7129a39c78bd5d35fc07362b866a5c96c729456b,63808830,2026-09-15T16:46:44.477121115+00:00,1,0.07016836656801274,sell,0,0
0xf13b778f84df9c317818b65090f9aebea08d8f39ba60a4f47402d32746d57db5,63808833,2026-09-15T16:46:44.787192345+00:00,1,2.548117390447403,sell,0,0
0x8c30adde9c826c737291381899e09a35a280207b8c01cd55db84eb68d85f697f,63809068,2026-09-15T16:47:09.076109409+00:00,1,0.05224465576197529,sell,0,0
0xe9faf1a6be0b956b4767296fba5284eec1147ed1b303a1043e3466a6f288269f,63809191,2026-09-15T16:47:21.789031982+00:00,1,0.018673332054918827,sell,0,0
0x78a802656031d19edd09828fb639c06a6c7582c21ce42cc6412ad34a696aef22,63809309,2026-09-15T16:47:33.985168934+00:00,1,0.026178534101808388,sell,0,0
0x54c0c845a6f5cbf23a7bb3124529dcb7d06d2da15186c71f96f02c4cf56ccbb6,63809351,2026-09-15T16:47:38.326166868+00:00,1,0.05036991851168961,sell,0,0
0xb7c071c4f799b0e1bfb2141bcf8c6ba90d4f23a207bc7b36d5b2fe2bbe935a1e,63809513,2026-09-15T16:47:55.070016146+00:00,1,1.9300778731414256,sell,0,0
0x3d971a796367cca544677530127fdf5399b37197100ee683734d68b9c91d4741,63809513,2026-09-15T16:47:55.070016146+00:00,1,0.08264764528353974,sell,0,0
0xa782f0e2ac3e61a4b8a81300138bb60b397d90eb0c4d6eef683e39520fbebe69,63809812,2026-09-15T16:48:25.973787069+00:00,1,0.017561914042936277,sell,0,0
0x2f69a5643e6ef02b211e4dad95fb79f12a03694a6d8e9ec707f364b93535f74e,63810160,2026-09-15T16:49:01.942055702+00:00,1,0.05530490450172177,sell,0,0
0x33aa942db52f0214a0d1235bc8c6fa2bd2a7d4fb6ae10fcc61c08957b832fcc7,63810350,2026-09-15T16:49:21.579903364+00:00,1,0.04516367476112641,sell,0,0
0x1250517e556007131754fcb691ec153d9a7b2c6c5368840df753375c1f13342a,63810623,2026-09-15T16:49:49.796390057+00:00,1,0.038797968692063874,sell,0,0
0xcbb104fcc4da4db1e17bede2a7cd970a37aab0943bf9c2a5e69dd6e70d6fd0dc,63810935,2026-09-15T16:50:22.043803215+00:00,1,0.040094654181169864,sell,0,0
0x8dfa1b7f5a0d6e5655f7d5b6944c3b05c876120e07af956eca6967d784a2952e,63811284,2026-09-15T16:50:58.115428925+00:00,1,0.028967656399144295,sell,0,0
0xf86842b0672811abd10e5e963fe8e2c62ba65ff0d99bf7cd88df277d576f75a6,63811305,2026-09-15T16:51:00.285927773+00:00,1,0.03653251007039765,sell,0,0
0x8bca3694373947b6aeccc167a71028966714871186735eb94c449ee987885719,63811315,2026-09-15T16:51:01.319498777+00:00,1,0.02277774219393812,sell,0,0
0x31c2a793703ba96ad7fcd69584704e3c2f8602db37d28bc1a4c50772629a53c5,63812188,2026-09-15T16:52:31.550241470+00:00,1,0.020374980949578254,sell,0,0
0x556e0f5a4ba1a841be44db33d83ab479a9b50483aad4b8d8925db80e7ebd49de,63812896,2026-09-15T16:53:44.727063656+00:00,1,0.028985657104351716,sell,0,0
0x9f5b76a89791ea1f2b1dfd25f54e6f4a10bd87a7e78060700de23664547e01e4,63812908,2026-09-15T16:53:45.967348814+00:00,1,0.03728265647407934,sell,0,0
0xbcb03c55eb99447a27133c521b33f71ec6fc9336cf77bee1505415348be37236,63812927,2026-09-15T16:53:47.931133509+00:00,1,0.024201354887611503,sell,0,0
0x17e909fdef2baf831db440cee6a9640dbbf5bcdf7b94853599408dc9f66dfdac,63813032,2026-09-15T16:53:58.783628464+00:00,1,0.01967199455965559,sell,0,0
0xc31d2b29a3de0c1ec9a1b3410cc79a740ca4f1aeefa243cd4b4c99137e8702d4,63813067,2026-09-15T16:54:02.401126623+00:00,1,0.047124677043938266,sell,0,0
0x60e25117373a508908b09fb9cf51189c7777551c3ebadf866f939d39ee926767,63813919,2026-09-15T16:55:30.461370468+00:00,1,0.02011524006317979,sell,1,2
0x47cff0182ec19d39720d565af2aa72710d61f33085097ee25e5201ebe655b0c1,63813919,2026-09-15T16:55:30.461370468+00:00,1,0.030469111466336223,sell,0,0
0xf94752dd948e31e9b76942fee1c9bca30795f8c075b8ebcbbf3a0ad31b6822c7,63814117,2026-09-15T16:55:50.926074982+00:00,1,0.11843944921841995,sell,0,1
0x2cb3cde301e281d548383b91afb8e81fb86f488df3fb67ea1f84c24d13205b6e,63815336,2026-09-15T16:57:56.918372154+00:00,1,0.03031675068263113,sell,0,0
0x3a23a5677b467757d885ec827a5b4797f7a15ffb64de6a3bbf7945c65347597e,63826273,2026-09-15T17:16:50.063564539+00:00,1,0.021187112765432305,buy,0,0
0xd9d830764cf176d1b5d7f8e7ca3c5da958b8dbe35381c4349e7de41ea59109f5,63826712,2026-09-15T17:17:35.233337164+00:00,1,0.02485629705039222,buy,0,0
0x337e3bef4fd4999ea99e83cb6dd61ee49af565371a625764fbcbdee4f64bd54b,63829023,2026-09-15T17:21:33.017720461+00:00,1,0.26162089206569294,buy,2,1
0x44f333b69b4277ddc358521ba423e3ab18640ae8b13539bf4fd651fb8f497b1b,63844771,2026-09-15T17:48:37.745198965+00:00,1,0.034040393130444754,sell,0,0
0x778ce1654eab5493a5ceef928198c4c3e3ec1895323220cbe3d6cfb95df24fa4,63844793,2026-09-15T17:48:40.011088133+00:00,1,0.0639976141645062,sell,0,0
0x858b015e2ee26c05f85e1aeab8c907a79f6bfbe1bb3e4dc267c56aa69dc24145,63847523,2026-09-15T17:53:21.187357187+00:00,1,0.10806597246935869,buy,2,2
0xacef96487ef4efc7720f158b4ad90715afd826872cfe97dbb9b68a772dd7ad30,63847528,2026-09-15T17:53:21.702332020+00:00,1,0.019376823879079248,buy,0,0
0x8deea5c8929e7d5fafdf6f772495f8a0dfb754d486c4faf4c09d8c1bd061e808,63848397,2026-09-15T17:54:51.204961061+00:00,1,0.02654294971496035,buy,0,0
0xbb569381fcd9de6e53164d1b3cf918ff1a3e8403b895340fa15626ce9af852d1,63849198,2026-09-15T17:56:13.703932285+00:00,1,0.567,buy,0,0
0x2ae1958517353da77bb5d1acb990bafca5e33d912482997560372d5327db2b6c,63849201,2026-09-15T17:56:14.012917280+00:00,1,0.3402,buy,0,0
0x3c2e7ca1d31628709b69aa6665564a46700a5e87ededf55041200c67585c1377,63849644,2026-09-15T17:56:59.639688969+00:00,1,0.0680178151514648,buy,1,0
0x2c782b2e78fc5f8cfc0388251843b7fa1dc59dfc980ee0339e84188e252700c3,63849677,2026-09-15T17:57:03.038523197+00:00,1,0.0466440218584757,buy,0,0
0x8d8bba17daeb4eef0c4d00f8b0ca9e983b040eedc73553e68f54d3f60ee1bf32,63849682,2026-09-15T17:57:03.553498030+00:00,1,0.007564012586645683,buy,0,0
0x594883f88af23fff74921fde38d0d28ce410eeec0fa61335d681105e1cebb18d,63849910,2026-09-15T17:57:27.036351204+00:00,1,0.043642009885637344,buy,0,0
0xa637b5d6e8a61f001e03791d339247ec767d3c3bddd2702a1987c447c977996d,63849919,2026-09-15T17:57:27.963305950+00:00,1,0.01806164755926329,buy,0,0
0xf1f614749c56cafbb2f746f7fb874de80063a9c0d443e07ad567a29633e29e1a,63852093,2026-09-15T18:01:11.891926050+00:00,1,0.011782766311998831,buy,0,0
0xeca72c60bdbbb23ddd3881e1910dfe22d0afd00d55e2b7d81a82efed9702e255,63853531,2026-09-15T18:03:40.200643063+00:00,1,0.013404204781053655,buy,0,0
0x56a40c8a0b19ca871e5a6d461bb22906b59dac3534c2ae6f74cd9a84b6297530,63854060,2026-09-15T18:04:34.759274244+00:00,1,0.013698363564732316,buy,2,1
0xc6070683ded7811d339feaf461a9c2d5aa7700066be1dd77c108e3048118217b,63854694,2026-09-15T18:05:40.147123098+00:00,1,13.714070901372802,buy,2,0
0x8db05be6eb143b31a667b7e1a838e3afc95ce8b4dfb076da2370631f561f8845,63854770,2026-09-15T18:05:47.985414028+00:00,1,3.855993076189947,buy,2,0
0x408866c82f6a14315323d284cd19c1739825bb1c6e9ab4a9d14762df89318d76,63856683,2026-09-15T18:09:05.283450127+00:00,1,3.438667726737499,buy,2,0
0xfe00702b3b1447a56756e3444fa771e824abd34a90b030d872f96728060cd418,63857175,2026-09-15T18:09:56.026071072+00:00,1,0.2715118612532608,sell,0,1
0xc9f0a3089fd1f57d7d2b853ff1bd28310466976a77ad4a0da506ea04d367f933,63860217,2026-09-15T18:15:09.763983011+00:00,1,0.01196097570095268,buy,2,1
0x5167ee8b112b8ad9a78ff08756c557641857a5eeda80f22aa68bbc6cb249f58c,63861410,2026-09-15T18:17:13.834319592+00:00,1,0.15592128610174566,buy,2,1
0x8d41dd960a42cf79432d965476d975e46897facbd57055f2b7a12dfd02df967a,63862638,2026-09-15T18:19:22.205128193+00:00,1,0.012554157079576696,buy,0,0
0x0bb1a1c9576deb8a01bbe507a51917477655ef9c500b65b56878d1f3d441c408,63862659,2026-09-15T18:19:24.400394440+00:00,1,0.03032930986922256,buy,0,0
0xd1f05ca4b39a77c0aca551935c03a0e7587ddfe99271090e5cd5268923e896bf,63864439,2026-09-15T18:22:30.475345135+00:00,1,0.04282674979473981,buy,0,0
0xc92befc1c9109a4cb01929b467957126e507b74f46b5465eaed9b78ae98cb4d3,63865304,2026-09-15T18:24:00.899408340+00:00,1,6.402619499334904,sell,2,2
0x250f1f73653509a74521bb2068941f2f7b872396b706ad930ef033bf13658fbb,63865691,2026-09-15T18:24:41.355029583+00:00,1,0.024062183530811115,sell,0,0
0xf35c88d0e1c46637a07f3f0ff8d95cb052e78b3a49212ad7fe5c2ecbb830e45f,63865877,2026-09-15T18:25:00.798816681+00:00,1,0.009474710856231625,sell,0,0
0x59a40960c11684765eebc15ec99e8e74fd5a7dbb9085e8314a28cd7dae004b06,63866024,2026-09-15T18:25:16.165680408+00:00,1,0.14107510755810843,sell,1,2
0x044b69dc74f51546d15424e3a47f30713781126982e689195731850fc145d720,63866213,2026-09-15T18:25:35.923076868+00:00,1,2.3196339942016793,sell,0,0
0xd792b7c983f60a4a8e351ac845f6670abb57cf87d5714f94aa8eec4124311012,63866215,2026-09-15T18:25:36.132149935+00:00,1,0.024392635828639746,sell,0,0
0xbde8b48e9f2af4737ca3e7ee373329efbfec06d74beece4b531320627e0b4b54,63866220,2026-09-15T18:25:36.654832363+00:00,1,6.835487718947972,sell,0,0
0xa31b19af2e78054edd3c768cdfc0154c68142c080afd7d32e205c6f326a58f7b,63866338,2026-09-15T18:25:48.990138054+00:00,1,0.02569944988312533,sell,0,0
0xcc4ac72d9f81ecb574954f2c560bdb3632233dc75785ace4934d83aea1019e53,63866890,2026-09-15T18:26:46.694280148+00:00,1,0.03215192497269797,sell,0,0
0xf3e38f59ce9c2c5438c8fd64ed5356d16cbe52bae34cf6d5b0aee74135c24047,63867090,2026-09-15T18:27:07.601577997+00:00,1,0.002068659777429898,sell,0,0
0x0f4cd343452ca99ed9a27258bc7b6f339522ea1a812d605be09a710c8e088f1e,63868180,2026-09-15T18:29:01.546351194+00:00,1,0.009504136603490644,sell,0,0
0x19d14956b96adab33144226bf890c57287a7288fba1ee500c2f385a080c22159,63875552,2026-09-15T18:42:05.006158113+00:00,1,0.015103119077124172,sell,0,0
0xef788b2a6b1c7a0dab14877fb44f23f3d91a215667013849ad12cdb8976d3f48,63887608,2026-09-15T19:03:22.700205803+00:00,1,0.66252116,buy,2,0
0x0a6652993c37919e2b921ef0d2f00c224db8ed5a109c6457aa073d4bb82194c8,63888751,2026-09-15T19:05:20.189000607+00:00,1,0.01304196524352654,buy,0,0
0x13df45d79ced7ee6d636644a79f25268280cc7b73c4b980b2bae7a2d1773fe6c,63890684,2026-09-15T19:08:38.881774426+00:00,1,0.020154095284377636,buy,0,0
0xd843f7166af26a5a0e99ecefeca7a31ebc9544703fc5830436286fef0a07cb66,63893477,2026-09-15T19:13:25.973816633+00:00,1,0.000396954706517689,buy,2,0
0xd9f45f295f3d9236b0b1c11dceb6a9794a55959e29721e5ace74d459e4a9f528,63898310,2026-09-15T19:21:45.905803204+00:00,1,0.000513278230041623,sell,2,0
0x2386a549cf5d3c9858f0d0bc4e7466566305a6be64911864327de48163b86ad1,63905186,2026-09-15T19:33:37.710337400+00:00,1,0.013401793002073168,buy,0,0
0x7e9b6517afbf4a91846ea16e61531cfe4d6e521a4f6467b0402d15e26f9a8cf2,63911839,2026-09-15T19:45:06.984509468+00:00,1,0.000607462740599847,buy,1,1
0xec8909075003182c0c8bfa23ddd8d3d94dc0db1b1fd3a543733e4e48dddfaeaf,63913618,2026-09-15T19:48:10.454436779+00:00,1,0.05897689135324817,buy,0,0
0xc99a647a72457aeee51eb3a1ea6fa40e21da86d297d68724cdbbde7c19d466c2,63918556,2026-09-15T19:56:38.643637657+00:00,1,0.09052015633755134,sell,0,0
0x30dbbe57f2e3d8991257560dca03471eafceab301a26c64011234945254bb360,63921647,2026-09-15T20:01:56.110719681+00:00,1,0.000563586066816313,sell,0,0
0xde6edaa7cea7a548d7f6f4df2bd4e68c9b20f643554423fa46ab2a161239e737,63931880,2026-09-15T20:19:23.749486685+00:00,1,0.49846950544454155,sell,0,0
0xfea3da86da2b5c0acf47c5e430190991acdbdb5a2ff37c8dad86fe0e19935041,63966543,2026-09-15T21:18:47.045376301+00:00,2,0.651264934565998,"buy,sell",1,0
0xb6efe4a51dd93837c1838191a2c2959f9021f4bb3178ad10797fd7223df96154,63970345,2026-09-15T21:25:18.703219891+00:00,1,0.0874610325663786,sell,0,0
0x2fbc34d3f5e3058ddc1cc2097c2fac1930a97e11908c8c2ebbe70d5852f9cea6,63986903,2026-09-15T21:53:30.663688183+00:00,1,0.04576736073572604,sell,0,0
0x03d873fda4c5864b0a598ef14a3b4b25a9104e00dcfd79125fbd5456ad0925ab,63989326,2026-09-15T21:57:34.506310701+00:00,1,0.042917546804521554,sell,0,0
0x5f43db9b7c6faef97038682b871946393c333de5eea8f65eb65f9a6fe6fe8fc4,63992415,2026-09-15T22:02:45.266756058+00:00,1,0.014706328054804919,sell,0,0
0x89ef053371c6e52db4d4e3e47e66b653883d0bb85a4dd28a3e0c3168564d9696,63993763,2026-09-15T22:05:00.789544344+00:00,1,0.0719129117911585,sell,0,0
0x03812ebc251492eacb57c9935b8181c2bd0c33ca0bff93365b9662a587d55e98,64000191,2026-09-15T22:15:47.036193132+00:00,1,0.02118621621084939,sell,0,0
0xb49b694c5f86148263de8d455d8bf8c82c5e406823cdde766e32fadd79f37419,64001122,2026-09-15T22:17:20.618125677+00:00,1,0.03677272828700811,sell,0,0
0xed4126c0eec50c6c260905177270a292c802b09d1514a21b81dda3602fc1671b,64003259,2026-09-15T22:20:55.418537617+00:00,1,0.024320753334324607,sell,0,0
0x33194f6671cd1ecbfd40101297e2ad7d946f418a7698fa1cd6febd966cc3bd45,64003283,2026-09-15T22:20:57.830895901+00:00,1,0.023803642696302665,sell,0,0
0x727037e3245359546e409aba5caf37977b525fa52473758a5b7b7f16d88ac503,64006830,2026-09-15T22:26:53.581061363+00:00,1,0.03336077756790853,sell,0,0
0x301a5fe31646e0aa968ea6dcd675212d11a91014cf0f82254e7bbd9edca36ef7,64010843,2026-09-15T22:33:35.679000378+00:00,1,0.01304186422885524,sell,0,0
0x12c7e464fad0bf8328052122965ce517b51152e87ad36ba2836a1b5a1fad6d43,64014145,2026-09-15T22:39:07.594142199+00:00,1,0.0399947940249616,sell,0,0
0xe4da4b40e49dc0f891d322486bd270f669cd5372afb7f8f7e7aae98ac043a669,64015803,2026-09-15T22:41:54.781589985+00:00,1,0.014042077868099651,sell,0,0
0xd846a6c2f4283bac4139862a3ed261f6557849af87e057fcacce85b7e3ddbc9d,64021887,2026-09-15T22:52:06.861956358+00:00,1,0.14278058282023665,buy,2,2
0x3cd83afeac200879e045029b4ce992d55cd0596089b64817670f303f4d3f67a1,64024356,2026-09-15T22:56:14.879431725+00:00,1,0.011864441954763789,buy,0,0
0x60c4051e9a845ccd95e213f86a19b4e5730d4fd85d6c303548b39a955fa5d3f4,64024423,2026-09-15T22:56:21.609755993+00:00,1,0.010379432006862421,buy,0,0
0x26e4bb8eb279a38802da3103d3a7b69855a329380a38bea15268a4cd33094476,64024438,2026-09-15T22:56:23.116545200+00:00,1,0.006034893682271406,buy,0,0
0x8d7c5e6880b7f3d8867c18eac8b69c5cb877dc5f258e51d7312208831c8d96a1,64024559,2026-09-15T22:56:35.271310091+00:00,1,0.011191731727847333,buy,0,0
0x010987d146bb6cf5a0aa547b9f568efa1d695c29d9a2c6ef8b426736fe5a6bf0,64024840,2026-09-15T22:57:03.498491287+00:00,1,0.014035267724771516,buy,0,0
0x544bcee5efca9e4d65fdf634e03c11dd2025bb5341419b012d0476381dad833d,64028757,2026-09-15T23:03:35.547532797+00:00,1,0.09206826368554294,buy,0,0
0xa6abd0a9379922ec348d10eb23535cc61924c41429bb98c15533d7761dc2a278,64035254,2026-09-15T23:14:29.413437366+00:00,1,0.04219204816129229,buy,0,0
0x453703f52842e1c95cf4c410136a17b1e9b6923f7520c9361678a29f1e1c2b7c,64036441,2026-09-15T23:16:28.721160650+00:00,1,0.013959920067208838,buy,0,0
0x0d21de37be9929d2221c06d17cfcb08914f41a8bae8ee2245d70e3fae16219ab,64046164,2026-09-15T23:32:47.464299917+00:00,1,0.0150281746159969,buy,0,0
0x9159954697faf73a154300c4e3ef35e5cf9d6de2b522751af6c7cb1d4c2deb14,64058573,2026-09-15T23:53:36.050600052+00:00,1,0.11042865353739398,sell,0,1
0x31ed0f32e89572a081c04684be68d33456a97576cb2e94ffd0acf08fae9a013f,64074406,2026-09-16T00:20:10.401941776+00:00,1,0.026178507706657875,sell,0,0
0x57789e2a7ee62ae91ea5ec9cdda604212e430570cdc5803306ce7718e9b5287f,64074431,2026-09-16T00:20:12.926213503+00:00,1,0.04131360618474024,sell,0,0
0xa6322e77a1e67c630006eb2d88e44eaf4c053f1970d64e410e5725feb79825d5,64075293,2026-09-16T00:21:39.963106871+00:00,1,0.019368470621867872,sell,0,0
0x8cd7416125f420f220055da1e7c0b1413d92b6f6fc9dc79ab01da54fbe70abd9,64075611,2026-09-16T00:22:12.071844578+00:00,1,0.004458211110492163,sell,0,0
0x230ad48393954007854d51ab8588c38a93441e31775fc96a5a3ac8068d4a84c8,64089019,2026-09-16T00:44:43.829946518+00:00,1,0.01607754149526346,sell,0,0
0x2ff7195016f05a09016cbdca41c3f495a6167d2528ce78aa4e6db50967df722f,64096153,2026-09-16T00:56:40.101200104+00:00,1,0.009659786264097973,sell,0,0
0xacd145b9504706618e307d2d5226273c717a406a575732e7d99613ce29636291,64099591,2026-09-16T01:02:25.408699989+00:00,2,0.03847932858814372,buy,1,0
0x9c0ee2740874c6dc66632d43bac61c6f067699d89869d4f4fb5dfafcd728d82f,64100954,2026-09-16T01:04:42.662800074+00:00,1,0.016245851731848143,buy,0,0
0x214a076983a431ed438829c0cb581176f30dac6f20b852a06a9e941788e17397,64102145,2026-09-16T01:06:42.596499920+00:00,1,0.03872430943960564,buy,0,0
0x265906eeabd7a215fe1a81e5e9e2eb78c77fe3aca915550a51722927d45a9195,64105184,2026-09-16T01:11:48.623800039+00:00,1,0.010718141283909749,sell,0,0
0x3c53be278c0b1860714276a7b83df01fb7428163c4e8da22e3513021d822758e,64105436,2026-09-16T01:12:14.000200033+00:00,1,0.014857721094429049,sell,0,0
0xa9909e76636e071674b84681e252cbf00d9ed55addc514ee6655a1ec89998acc,64106000,2026-09-16T01:13:10.795000076+00:00,1,0.02148219381606004,sell,0,0
0x04fe622aa482219c6a656750a27874e81fdc7a9ae45914cb1f603d932cec43ae,64107139,2026-09-16T01:15:05.492300034+00:00,1,0.02596323894572762,buy,0,0
0x5fe231e9e9a019bdbc5677ab02887e6b3d1f536977c5fa865ea5cf5b7f89dfa7,64107440,2026-09-16T01:15:35.802999973+00:00,1,2.8593748071000005,buy,2,0
0x86fd25da48affe89855a0bab4b4cbcb3ed73f59efa4f3bea105ccf44a9d33f9b,64107738,2026-09-16T01:16:05.811599970+00:00,1,2.56611860505,buy,2,0
0x0e54ae0766d9a37a82c96ab67d7318bc76eaae3b3fae36840a60fa7f98177e8f,64110569,2026-09-16T01:20:50.609499931+00:00,1,0.024796605856910844,buy,0,0
0x2b6ce5f9680db9cd803864a53dadd880f7872124b8e6d42af6cb10473fee1cce,64111325,2026-09-16T01:22:06.587500095+00:00,1,0.025414294432630453,buy,0,0
0x699daa5a1de8f7aea4a8bb468a03df6bf1bff0da107660e311fff573f57d9936,64116195,2026-09-16T01:30:16.022500038+00:00,1,0.20841430229624652,sell,0,0
0x662179a1997c7a6318a6ac03f28f8545e727b8cdfa872519b5f432ba97db9295,64116198,2026-09-16T01:30:16.323999882+00:00,1,2.2762586197841848,sell,0,0
0x229b5aeafa4485646b5f5b1995d57ab1e7df8d800d2cbc2277154ebf8bd43fb8,64116201,2026-09-16T01:30:16.625499964+00:00,1,1.5541951652636978,sell,0,0
0x5ed0ae3ddb7b3328686f5bd17fff7e4b79fabbbdd717feb6c3e11b421d32d9a9,64116204,2026-09-16T01:30:16.927000046+00:00,1,0.36684412542086975,sell,0,0
0x5a6f89a9ca132f9346578d77064cf2743284993e2bdda919d88bd5bc53eadb46,64116207,2026-09-16T01:30:17.228499889+00:00,1,0.6109318898964755,sell,0,0
0xd25b8eaed8090756ed1ef77734cc3d4017aa86fb3137fdc37fd1e5c11c2be2bf,64123503,2026-09-16T01:42:31.347100019+00:00,1,0.007523092850868572,sell,0,0
0x4b6f4cba0bea26436cbc7043f70b84de712b6655b73d453e308f7d6add73cd4f,64124553,2026-09-16T01:44:17.082099915+00:00,1,2.8396653586887575,sell,0,0
0xe03db1de69205a627cde54dbcc54e27e7e6f3796105aca6a1f180d13053abe05,64124556,2026-09-16T01:44:17.384200096+00:00,1,7.567735576157955,sell,0,0
0x70eda0a83459ed9793910f1158bd954132fc3e00162075e1748fd5e27b9a77d7,64124627,2026-09-16T01:44:24.533900022+00:00,1,0.7559880933616625,sell,0,0
0x7fa9400e82de225af2948718b7e9dd30801e51e4515532a619725d090d326b4f,64125125,2026-09-16T01:45:14.682499886+00:00,1,0.013288074438914409,sell,0,0
0x8f4c15d8b87a56463cc29635437da5c8e1edc996ed7e346ede7a97643a1040ff,64126070,2026-09-16T01:46:49.844000101+00:00,1,1.6555236468397752,sell,0,0
0xaaed2ac87ff978535fa812e0d7710138c9df1e730669ae341ca72c3aa53120bb,64126072,2026-09-16T01:46:50.045399904+00:00,1,0.07710759137154741,sell,0,0
0xb4c27c7218de7a1cdd96f55ca7b9a5cb4f79fcd2dcea8d5e253e03b24601b68d,64126073,2026-09-16T01:46:50.146100044+00:00,1,0.43810885565036456,sell,0,0
0x5f818dbd24babc02a2a55e6caac7b05f967dd20dd41860c22c87a8c47b63f518,64126075,2026-09-16T01:46:50.347500086+00:00,1,1.3136355910964215,sell,0,0
0x1e63df2976f7c94b14674155a08b78ca1d1dbc73aa2b7810052898b6f2cb73e8,64126078,2026-09-16T01:46:50.649600029+00:00,1,0.20405773359877089,sell,0,0
0x1711511bd7fd190a0beffcc857c76584d36806207b6dfe36501548345fac7f25,64126974,2026-09-16T01:48:20.876800060+00:00,1,0.011172617633094913,sell,0,0
0x93f1887fb8118ef60ef480c6a035801056b856d26cfdf03fd7480d62e7ab4253,64127165,2026-09-16T01:48:40.110500097+00:00,1,0.021340712078778704,sell,0,0
0x7e83a261769864d8b6d9cdd1dc874dd4cc0efb540ed1db0858595825868e5082,64130586,2026-09-16T01:54:24.461600065+00:00,1,0.004654803505628948,sell,0,0
0x791494e2eab895c082831ff4dae045a7cd9ca4f1a774e06d28826cb42e451e16,64142684,2026-09-16T02:14:41.167000055+00:00,1,0.6762393818685528,sell,0,0
0x7429e9b6ac9872ffbd4a98d8ccc0da83e859ed3802dfe7ba8404be19942671d3,64160386,2026-09-16T02:44:25.226581335+00:00,1,4.2577267450257725,buy,2,0
0xce2fae5aab9ccf1258569d9329751264d98d17cdab3f37b8fcec048b563730db,64161459,2026-09-16T02:46:13.070531130+00:00,1,3.3040602,buy,2,0
0xc9dfe54219d27719f04dee19bd4190f7bda77540ece3870e2545188efffb980e,64162627,2026-09-16T02:48:10.462640524+00:00,1,0.8543091735282443,buy,2,0
0x077c0a49c5dac5d9947c6239a14414be885aceea31c84c2e2204f11a22058317,63251845,2026-09-15T01:00:51.208922625+00:00,1,0.04657082480265225,buy,0,0
0xa88d553f3149b946550d64ffbd41208dfed495aaa6326217fea8906e4ed553e8,63252050,2026-09-15T01:01:11.062023878+00:00,1,0.318698243292385,buy,0,0
0xa13101d9aba88c8b29e21e3262e342985889e600af4263692bed78087f31a8b9,63252051,2026-09-15T01:01:11.158868313+00:00,1,0.26289581219116437,buy,0,0
0x38145b4710e7cb30d8aee98706547b225dfde65d6e81a29c31f0fc4831540149,63252051,2026-09-15T01:01:11.158868313+00:00,1,0.26289581219116437,buy,0,0
0xdae1c42a83939cd79250a1eda70993dec3150cf2e89cee0c61eeff3376244b34,63252051,2026-09-15T01:01:11.158868313+00:00,1,0.26289581219116437,buy,0,0
0x8a81bf0b14e5a8b6c215979d95473247a7c78b231699e765fce9bbd3dcd38af8,63252262,2026-09-15T01:01:31.593035936+00:00,1,0.040683349908102746,buy,0,0
0xc54f881bbbcbe2dfd41ff2955e467a8093f218377bd31f84b32d3f7146a08460,63252330,2026-09-15T01:01:38.178454876+00:00,1,0.045107711460357504,buy,0,0
0x1937e374a40b37c589a9630439364abb79d387c22dc034839cf4a028a1d5eb59,63252364,2026-09-15T01:01:41.471164227+00:00,1,0.002656478093240298,buy,0,0
0x088dcf0279b822dac67357a1a702e2ab8fb44a7a75107ed318b6336c93bfde02,63252400,2026-09-15T01:01:44.957562685+00:00,1,0.02941802380405298,buy,0,0
0xef0d6c15b972ccbc1c44c61fe45e523e8f4bc87b039204e512c366517aa4ecc6,63252460,2026-09-15T01:01:50.768226385+00:00,1,0.029490797249385463,buy,0,0
0x130b8c22beba28b4ebe7f7ddcc511599c29ca6082dbb480aee97965096623eed,63252480,2026-09-15T01:01:52.705114365+00:00,1,0.40003910027964346,buy,0,0
0x6fe72027619c70c4a3d02ada2fb2770d86be46e67767baa14d0f6ad08455a691,63252529,2026-09-15T01:01:57.450489759+00:00,1,0.000339558829423895,buy,0,0
0x6729e6737cc133a98c7a5dc6e580dac04fa19619d76cda6aa7d234a567f83509,63252698,2026-09-15T01:02:14.694838762+00:00,1,0.10157454948864723,buy,0,0
0x7357886747e0c65ed2d4f7f9a501f811401f465e23133188e56f0b8b6ec71aba,63252736,2026-09-15T01:02:18.592903137+00:00,1,0.005617475698345618,buy,0,0
0xae4736e49e4acfca9496c943a2206e1c52d2f1c8749ca51f29b508e045a4eaee,63253101,2026-09-15T01:02:56.034838676+00:00,1,0.019070806010171294,buy,0,0
0x4dcef0ee9bc726db756180255df6b6221214798185eb798f073e5fc1525a3a11,63253158,2026-09-15T01:03:01.881935596+00:00,1,0.01946346447834624,buy,0,0
0xc2b7e3582e40fc883444682e34ecd4d47aae979f04ae3fab719f86501c45a62a,63253183,2026-09-15T01:03:04.446451664+00:00,1,0.019686857142857145,buy,0,0
0x676bc86df7b0ad3d6cfe2a93b31c64dffb245057258b7e2a33baa0085625ab1e,63253201,2026-09-15T01:03:06.292903185+00:00,1,0.019842428571428573,buy,0,0
0x02e51181d6bcb0bd49e3750354a97c2c7a796cc6630937581ba104afae0dfd52,63253231,2026-09-15T01:03:09.370322466+00:00,1,0.028610392398311535,buy,0,0
0x964a986822354229c83c3a93f7e23588ec2db22e9df1541932e24c451f348cf1,63253247,2026-09-15T01:03:11.011612892+00:00,1,0.012867,buy,0,0
0xd0578834e5031606666b085831acd31f91433018cc63f9906b4509de8d96949c,63253258,2026-09-15T01:03:12.140000105+00:00,1,0.020301112842168376,buy,0,0
0xa221388fdd0f60b1aee05e4a59c16f5a81b7054dafa22c370637cf14b3f3d559,63253278,2026-09-15T01:03:14.191612959+00:00,1,0.01672457142857143,buy,0,0
0x16cc9f8c74168ef97917dceddaf846f0a80e746441e7d3941fca6ded5d02ac0a,63253329,2026-09-15T01:03:19.423225880+00:00,1,0.005708449837986193,buy,0,0
0x8895d42c129457c7708f3377d6854b2cda0e6b25baaa3de2713a07f8ce09f79a,63253346,2026-09-15T01:03:21.167096853+00:00,1,0.020959714285714286,buy,0,0
0x5c6128d4fd99c24fce15e6bdc517f420f9c77100d67b206af740803388ce264d,63253385,2026-09-15T01:03:25.167742014+00:00,1,0.013521,buy,0,0
0x8a99742d2b71690c6cb748d0310a5938a64eb8b1bac65d74122a0474a4e60b4c,63253460,2026-09-15T01:03:32.861290216+00:00,1,0.005983956448794294,buy,0,0
0xc9139be2b7ab56c2a0e017ac15139b58a1fc7dcfc93b0afa1856393b072f081f,63253477,2026-09-15T01:03:34.605161190+00:00,1,0.02189446486415205,buy,0,0
0xab038d2688ea519a35f2cd245dcf2c4fc832e71bdaab10bf96c980317aec63c5,63253504,2026-09-15T01:03:37.374838591+00:00,1,0.023435,buy,0,0
0x3de6a26c133968105b3c6d126fec4ae0ac5b7bba8d652aa22232e88bae1c4a69,63253514,2026-09-15T01:03:38.400645256+00:00,1,0.006079487557501545,buy,0,0
0x8fa98a7162fc4152a66d5ac0447187e9f5c6771e616f006fc5b166788bb2a6c2,63253532,2026-09-15T01:03:40.247096777+00:00,1,0.004697000716308631,buy,0,0
0xab902b47c8727e0a23457d9ec7a3e9c6a0bef5d28ab25f1f6f8c2d6033642f6d,63253573,2026-09-15T01:03:44.452903271+00:00,1,0.002405507357234779,buy,0,0
0xbe83f1b3d097fde5cc434a939b063ac922b155f3993ccbde319f9cfbf232d805,63253583,2026-09-15T01:03:45.478709698+00:00,1,0.03553922540150143,buy,0,0
0x5f0fe5cc20c7477d93291bfc4e811a5ff76ed87d2457942c99b35d48000b97fb,63253589,2026-09-15T01:03:46.094193459+00:00,1,0.022644928696552213,buy,0,0
0x68b12c2a8837a00471e82c3318eae3f28427f23e955a27369eda16d62339257e,63253594,2026-09-15T01:03:46.607096672+00:00,1,0.01859299890129989,buy,0,0
0x6189e24a40fe8303974f3734a32a1aab64d8f87df5870d1f1abb77873be18e83,63253682,2026-09-15T01:03:55.634193659+00:00,1,0.013430243218345036,buy,0,0
0x5ffc66e27ac2cac7a5fae242474c2dda7f260aa6a7f8e9044c4c7fdb5ad83cb9,63253686,2026-09-15T01:03:56.044516087+00:00,1,0.004195336117231363,buy,0,0
0xe1e815207cfe188dc943443c9b7003c95fee627f7f35dadd75051178910ec1b3,63253698,2026-09-15T01:03:57.275483847+00:00,1,0.014926853773125852,buy,0,0
0xa7fd28479562f4a62c0f3a19f33b74d828aaec979f34029545ba3027d64edf73,63253766,2026-09-15T01:04:04.250967741+00:00,1,0.00794677093819557,buy,0,0
0x28054e5b87faa8eac8d5b79df3142469bc5d882c16813d3f22b032537424e52f,63253784,2026-09-15T01:04:06.097419262+00:00,1,0.004310587396004035,buy,0,0
0x06675ed054cdbb4182617192c7941b7054e30ed30e672a4ae0581c9934f0011c,63253796,2026-09-15T01:04:07.328387022+00:00,1,0.025411603525532584,buy,0,0
0x1daf0b230a6ff387d9c5d7ca37144a6514f9cee2fcbf5e87c811f2cc7c499476,63258123,2026-09-15T01:11:21.166505098+00:00,1,0.09109385717257551,sell,0,0
0xa23ffd7d543fd19f6a3de536ed64e08facfe10ce848e556f492b131f7d0257cf,63258169,2026-09-15T01:11:25.843607187+00:00,1,0.005698488852241573,sell,0,0
0x14359c209c74a7e47885ae475de44f5beb40752cd8a9f03bef053be9dc802d71,63258184,2026-09-15T01:11:27.368749142+00:00,1,0.011975122339322266,sell,0,0
0x09141312d4bbe90de4f8f03417cd9c3af624534a3e38b1c5b51cade5134c1794,63258187,2026-09-15T01:11:27.673777580+00:00,1,0.035922101019538306,sell,0,0
0x513726cce8f3f7d8b504d5766d7c365a512334bcb655fd696f22e9d322085565,63258190,2026-09-15T01:11:27.978806019+00:00,1,0.015394565973924471,sell,0,0
0x533919c4b7f26ed8a150fbacb8fc328cf73d4c88d0d12fa595516cbd7973370b,63258196,2026-09-15T01:11:28.588862658+00:00,1,0.017720683706540574,sell,0,0
0xe2a9e0c9bbae79d928fdbdd175e7853f2584708571c6193fa96d4a2c89408d57,63258199,2026-09-15T01:11:28.893891096+00:00,1,0.035889038229443615,sell,0,0
0x91a58f5d40a67863fe8b1662f619390291cdf5f6f65b46714972851593c71333,63258202,2026-09-15T01:11:29.198919535+00:00,1,0.015381419493567076,sell,0,0
0xd7d4bc95958a2dfd72bc05b81fd292bb54b1fc3f3051d8580079d3d091ce4ca7,63258209,2026-09-15T01:11:29.910652399+00:00,1,0.010086608420252751,sell,0,0
0x0fe539650e29634aca3dace0241abf789abc83c4eb746316724dbb199185c265,63258214,2026-09-15T01:11:30.419033051+00:00,1,0.003956524009554141,sell,0,0
0x583f01e1f8c1e3272998ba0126feb5407bd485989b065f6a61c55b26b8580561,63258219,2026-09-15T01:11:30.927413702+00:00,1,0.011987638289443277,sell,0,0
0x2e668105bce2964422408a8c4d5ea498d63c0135108c8a60e8fa5310c2d57815,63258222,2026-09-15T01:11:31.232442141+00:00,1,0.035910374880153084,sell,0,0
0x2b51d91261e7d89ec3de1863dc5c71bf7936ad73c66d6f744de0be542389094e,63258225,2026-09-15T01:11:31.537470579+00:00,1,0.01538298445738516,sell,0,0
0xe2a8dff84371eb5a68e64e9659f2274a87b15e05316364c69b534e3bde7940be,63258227,2026-09-15T01:11:31.740822792+00:00,1,0.011940551120618684,sell,0,0
0xd9e5e9925bbb847af17f4ee8a85c0591bb13ec6490c9705f18448476176e9377,63258230,2026-09-15T01:11:32.045851231+00:00,1,0.035746238951673455,sell,0,0
0x37626e527988e4cb4b12bbc21136ae66a3de668e03c6e25f48b6b46cc0be4e73,63258232,2026-09-15T01:11:32.249203444+00:00,1,0.01540784455343816,sell,0,0
0x1f3ce8f8140dcde25747a425f0b0bf20b34c5939d9c04acf6e5365f3745130e9,63258235,2026-09-15T01:11:32.554231882+00:00,1,0.011965764103818336,sell,0,0
0x41796dd53e3bb8b5faa0bd2ba32bf6c6bc0063afcd3b809674ca11a5950e8405,63258238,2026-09-15T01:11:32.859260321+00:00,1,0.03582155364918501,sell,0,0
0x7935c4ddcd52172f574407bcec27193eff049a6b41f1173c1408b797e3099aeb,63258239,2026-09-15T01:11:32.960936308+00:00,1,0.01080038346305294,sell,0,0
0xbfb7edf705d3e8b2bb2694743e4b4e09556e797ae2c3f950bdb8a60b2d0f6801,63258240,2026-09-15T01:11:33.062612534+00:00,1,0.015342361560056065,sell,0,0
0x84ab642b091931cdc1a48c41d01e0a4f62e171b6f1431954618296bde89d6c21,63258242,2026-09-15T01:11:33.265964745+00:00,1,0.011928294713283607,sell,0,0
0xa1b886ff8a98f4fcee0b7b0707c12b4ce4fcfe03919f884a8aa778f8d6514ba3,63258252,2026-09-15T01:11:34.282726049+00:00,1,0.02889076936469943,sell,0,0
0x1fb30bc3644dfcb4f8f3cf53807e8e8fddd3fe7d2a8d0c77ae838ae081a1149e,63258266,2026-09-15T01:11:35.706192017+00:00,1,0.03687771009156671,sell,0,0
0x4c4d60f869d949b3b39aef1b6facc149c279e49f4930256592e1bfaca750939c,63258268,2026-09-15T01:11:35.909544230+00:00,1,0.014465564123849192,sell,0,0
0x24ab7d73fb7ee7f79b6454b53cf800472d7f2bf848541546f6e77e1a54342afb,63258273,2026-09-15T01:11:36.417924881+00:00,1,0.002129593633356633,sell,0,0
0x3e2571c89c0a4a2e612dce3417ce29bfab1c3c6d9c3d5ee513b89c17f90e7ddb,63258274,2026-09-15T01:11:36.519601106+00:00,1,0.015300451792877683,sell,0,0
0xb588b1ccedabdccb56999a7d7ba937476c1d5bce3acb8d52db4471befdbc0803,63258277,2026-09-15T01:11:36.824629545+00:00,1,0.0119110066684058,sell,0,0
0x7624978e392360d752881be4b3e9041a969f35a543f9ecd856c5e931838f8dc0,63258280,2026-09-15T01:11:37.129657744+00:00,1,0.03570961255371179,sell,0,0
0x8d8db9fa52c49f3cc3057928490f492acbe915c6e3b4ebafd7d04bee90e7525f,63258284,2026-09-15T01:11:37.536362409+00:00,1,0.01189636670199482,sell,0,0
0x5750a8798fbb1d769a80e5c4d64cd7c62c9f7320b44bc4886f88633286d04e19,63258304,2026-09-15T01:11:39.569885015+00:00,1,0.015351380245405097,sell,0,0
0x72f286468840be3931e1596e5f32749a4a412cd359da66f1b600dc80a910b74b,63262101,2026-09-15T01:18:05.634159803+00:00,1,0.032333584226603936,sell,0,0
0x44d1f38c0993c656dfcc5c4ab506950e973461d328f6ac496f99614b0703fab5,63262123,2026-09-15T01:18:07.871034861+00:00,1,0.02924121471161134,sell,0,0
0x17ca1739f3b8b2d771a3c2103edf41b45c8608939679366b2014ab60a163bb66,63262128,2026-09-15T01:18:08.379415512+00:00,1,0.12564152786079724,sell,0,0
0x9e3b1df016fc4d2a681a44b972ba28d2cb00205a79ce7949a25a031a1f43b1ad,63262131,2026-09-15T01:18:08.684443712+00:00,1,0.12501042985541133,sell,0,0
0x21b346bef0a63db7eafaa0e42b69dbb17b29e8e7ab841377e40cb4fd0fe8097e,63262135,2026-09-15T01:18:09.091148376+00:00,1,0.09705490604259062,sell,0,0
0x3fc18942e19260af174997d64fe7fd882b61a1bfd4a692cc71435088ea3b3102,63262151,2026-09-15T01:18:10.717966557+00:00,1,0.08535862340485771,sell,0,0
0x20b02d90205e27f9a68ff4ca4658bfb4f8c8948799bf2d42a8bc914617e21f19,63262168,2026-09-15T01:18:12.446460724+00:00,1,0.03230062500684215,sell,0,0
0x5a1912c0698b4cdfef1d65219b585ab8420305c973949f8c0799db422a223254,63262209,2026-09-15T01:18:16.615182161+00:00,1,0.04150734542979244,sell,0,0
0x29a21fe37026e70fff6fd7f72b0b8342ba6568972bbe26b01f1a7a366644068c,63262221,2026-09-15T01:18:17.835295677+00:00,1,0.08772774727040095,sell,0,0
0xaac6362025fc5114b842678652169ceac7cb31357f4d54d32447c43f1cbd2708,63262247,2026-09-15T01:18:20.478875160+00:00,1,0.042800639403940174,sell,0,0
0xee1bc2695cc87bd40a5aacd186ad303e3cef3bc9dfbbde7cd14a19d2aa8c9858,63262260,2026-09-15T01:18:21.800664902+00:00,1,0.04148047964247387,sell,0,0
0xe6a2643f935da9f9f204e0e761cb2d459cd0fb4bc7f5dae4f6e6311ef2c21715,63262279,2026-09-15T01:18:23.732511520+00:00,1,0.026158567657579176,sell,0,0
0x8620f6fe6053ef7fe7d88cbb58e17a043a3a004712fe7aff74da6ea1291b7e9d,63262281,2026-09-15T01:18:23.935863733+00:00,1,0.09768399331927581,sell,0,0
0x9b4ba67f22a9a5dac991f7a8b5370295c059e8e6ec70ddfad7a002395ddb0672,63262282,2026-09-15T01:18:24.037539721+00:00,1,0.19604364147704675,sell,0,0
0x9e235905e4da2227eb4110d8fd5a5423698d71f30ec25817e6e5c74f6eb11698,63262284,2026-09-15T01:18:24.240892172+00:00,1,0.013940200779761373,sell,0,0
0x109dade171811a854594b1f1d9c94ba8e4baec7e1c90dae2a3b0924f5f5f0ad8,63262287,2026-09-15T01:18:24.545920372+00:00,1,0.03244237970929829,sell,0,0
0x4e21672cd051c4ffd4c8e67636f387931e92c251aaa4be9d3024e0f7a765d1ea,63262290,2026-09-15T01:18:24.850948811+00:00,1,0.013919490336784168,sell,0,0
0x57b30060ad17fa8f2602cd2969992494f03e0379d675b982b5c4b3db42048236,63262292,2026-09-15T01:18:25.054301262+00:00,1,0.03247722026139095,sell,0,0
0xe0e60ccfb7d7bd1f6990c02ef52c5172fab3e8f022a2c58c5141ea69f1b68acf,63262295,2026-09-15T01:18:25.359329462+00:00,1,0.013883138661361772,sell,0,0
0x4a0992f6d0350a80317795534eba797990d2b6673af9ba4cee10775f22e7a5e7,63262298,2026-09-15T01:18:25.664357901+00:00,1,0.03244948149404235,sell,0,0
0x0fd5ed11f8da21f6e4e21e5586231e997dd8cd073259a59aa4e3a64706a7fe6f,63262301,2026-09-15T01:18:25.969386339+00:00,1,0.013877357552009672,sell,0,0
0xe7d9a03dd22b885e8080df0a40a5c1738eb527cfc4262feeafaa41b77be70280,63262304,2026-09-15T01:18:26.274414778+00:00,1,0.032527742596835135,sell,0,0
0xbb6f6dde43d8e39de11b1bbd6a4def52dcfe56ca436bce6404bef8d9dbc189f0,63262307,2026-09-15T01:18:26.579443216+00:00,1,0.013940671052731163,sell,0,0
0xb14616ad96f542338743ec8fe7f3d86ac5f617dbb4d65b4158a1cd81022478e6,63262310,2026-09-15T01:18:26.884471416+00:00,1,0.03249130220027066,sell,0,0
0x00e25d73775f5263137a21a5e753e536871525778012051abffe2017292d1cfa,63262312,2026-09-15T01:18:27.087823868+00:00,1,0.023635508252129005,sell,0,0
0x9c55f3f2b6e3554c075e89a4c7ee650dc551734ecb5e29362f239f594379c3c4,63262313,2026-09-15T01:18:27.189499855+00:00,1,0.013885332711094867,sell,0,0
0xb68e6f9eeb51a72fe11db689c99df778ab2d26256714557a7904aa2a38c71d17,63262314,2026-09-15T01:18:27.291176081+00:00,1,0.023554586275004175,sell,0,0
0x0cfcc53ef0812e45803e689e2e0a960c9d6b75fa3115d056fd401ec3419c9e95,63262316,2026-09-15T01:18:27.494528294+00:00,1,0.032512110473314274,sell,0,0
0x75d616b0e2e8f0a5c5a50126cd5d07c2538a694351342214f693027577798820,63262319,2026-09-15T01:18:27.799556732+00:00,1,0.03237470337151891,sell,0,0
0x38d5c4125f83665671cdf6d7bae65cbf875402fcb6d0572572337849138ad340,63262322,2026-09-15T01:18:28.104585171+00:00,1,0.013876645676534812,sell,0,0
0x6968dff8ccc3ddaa0a029c7e6e946d1305f09e0cc90f0c8df8388c8bc88a5a31,63262334,2026-09-15T01:18:29.324698687+00:00,1,0.029203261240833143,sell,0,0
0x8e8033af278d7f551787dfe8fdf8a52b434a3678e71cef79902bcc3979fea36b,63262367,2026-09-15T01:18:32.680011034+00:00,1,0.01872296922083927,sell,0,0
0xa218d6e1c5bebc3456552040b8097c31bc2a37390bb27811595f4fcce0eeceaf,63262372,2026-09-15T01:18:33.188391685+00:00,1,0.013848059579447593,sell,0,0
0x6582d6cc6ac252513eecfe89509723cef818e86c191a7d5c50655c7f75675d4f,63262388,2026-09-15T01:18:34.815209866+00:00,1,0.03327358418177879,sell,0,0
0x4bdff5177a1c0f21c9cced758a09678700358f719db45e141a8d1997e56e93e6,63262398,2026-09-15T01:18:35.831971169+00:00,1,0.01872125217122489,sell,0,0
0xa287f79a70dfa8ecdc5a5e6c129b226c17edb7597bcd8a9a696583d5ed83d39b,63262401,2026-09-15T01:18:36.136999607+00:00,1,0.004183255986946559,sell,0,0
0x634b0917e6adc479077c0918db84c39e4c82dd5c5f9dcbd6e5bd9d0e7c53f3b7,63262429,2026-09-15T01:18:38.983931303+00:00,1,0.08078981977911949,sell,0,0
0x90cdd58dc28af045a600d0fe946ab46e096113ce8aee1bf76c4c1f97b009c2e6,63262433,2026-09-15T01:18:39.390635729+00:00,1,0.04616583498657811,sell,0,0
0x3c3dda03f887aac7be0c9028e6fffb2b94a27920307bbc42f9b34cec90c761c9,63262434,2026-09-15T01:18:39.492311954+00:00,1,0.09184044476365529,sell,0,0
0x3a6e594ba6091b7a18225e0c9dda41d0fe750ba4f8f922e3e2c61a6a40492572,63262436,2026-09-15T01:18:39.695664167+00:00,1,0.03807820047910425,sell,0,0
0xc8c1bf9dc6fe074058d1b6e6d694ae556bd9329b521b3f930071c9d854e5992f,63262436,2026-09-15T01:18:39.695664167+00:00,1,0.014033315989234494,sell,0,0
0x7a80ebca0405169f2152e2190a2748374d0d2e0c074a0b9dd1773fa305df9e55,63262455,2026-09-15T01:18:41.627510786+00:00,1,0.028354275068566335,sell,0,0
0xa870b2bada3c84a30a067f7155a025a13852a8ff5a5054948fb0f4ed5d1d8c7d,63262472,2026-09-15T01:18:43.356004953+00:00,1,0.023515632897171734,sell,0,0
0xe08fa7d384d1e70c99d12a15f4525ac1e15efb06b033ca7f3560ac447b90b9e7,63262488,2026-09-15T01:18:44.982823133+00:00,1,0.04255427954565601,sell,0,0
0x93ffe52cbf0f6559862bc0447d1a638352e202c4b4f5ff10f6f97c9977efa44b,63262510,2026-09-15T01:18:47.219697952+00:00,1,0.018696293948607935,sell,0,0
0x85cf223c5fa400c9466fc76e98fdd302fec1eade949cf759453af7874f274ca3,63262528,2026-09-15T01:18:49.049868345+00:00,1,0.018690402451842517,sell,0,0
0x42ae3df48351159f1ca683938d06bd52c3a2e456062819527e6de6ba229646ed,63262532,2026-09-15T01:18:49.456573009+00:00,1,0.1688926217523394,sell,0,0
0xb32fb4bdd9d4da716f9e1797d6a69d5c24d8a79448b8dac0be218a4742c4dbb0,63262536,2026-09-15T01:18:49.863277435+00:00,1,0.033146490282014565,sell,0,0
0xb8184d9f79145ebbcc3fbc3e73b261b46091f0e9cc44177dfbb427a7b57cd750,63262555,2026-09-15T01:18:51.795124054+00:00,1,0.07376666141649724,sell,0,0
0xfa860e3955099bc8372b29d946063c89df1446ed2caefb47d3ab6e21ef162595,63262560,2026-09-15T01:18:52.303504705+00:00,1,0.13869395108963736,sell,0,0
0x226c154ef7f1b5b116000bb95c750b98af3c1b9ca5f9461c84b6e00584dd664a,63262567,2026-09-15T01:18:53.015237570+00:00,1,0.0924822360134886,sell,0,0
0x9263d799d6becfd8a974b459be17ca4b7345aea85a7ef6aad8722886b5321100,63262567,2026-09-15T01:18:53.015237570+00:00,1,0.014395863254124336,sell,0,0
0x32fc834ba7592f22a490400698cf89d193823cd9603fff9da894b6267be53d34,63262568,2026-09-15T01:18:53.116913795+00:00,1,0.20689212049542985,sell,0,0
0x6957b7d05b974bed6f505b6c4f0d7a884629682a92eddd68a8f64b040c8343ef,63262571,2026-09-15T01:18:53.421941996+00:00,1,0.014297375881689304,sell,0,0
0xa9f7daa9828bc27aa20d8b5cc01c33b458c04f188539c639da8a873f9d09d47c,63262572,2026-09-15T01:18:53.523618221+00:00,1,0.20747288749289716,sell,0,0
0x08b12a45f41e1a54852be8a886eaa2a600c23e0976a6370a7a53f79a1ec41b5e,63262574,2026-09-15T01:18:53.726970434+00:00,1,0.03225016285581977,sell,0,0
0xc3c29f1e6821a3c1e6fd442d02b5be43dcade917c7f672a9761519f0e451ff4c,63262578,2026-09-15T01:18:54.133675097+00:00,1,0.03223810320590878,sell,0,0
0x095f8b013396624852852eabab8b6e13ee757b6de51d8544076ebbdbce991eed,63262580,2026-09-15T01:18:54.337027311+00:00,1,0.03221775087834804,sell,0,0
0x0aa21787491791eabd71f83c5d6b7aa4f4f2fe2f1ac5c584099fe9cbbdc17c1c,63262588,2026-09-15T01:18:55.150436401+00:00,1,0.029111633614405254,sell,0,0
0x997baacb6e528575830a7c553d43480ff1978e898f07606c32e6b8137638b9fc,63262590,2026-09-15T01:18:55.353788614+00:00,1,0.01685554462561771,sell,0,0
0xa15da8d22eeebdba316d061d12f2bbc0f3d7fcffe8a513e14792b12fd49e8095,63262604,2026-09-15T01:18:56.777254581+00:00,1,0.031497753726556395,sell,0,0
0x09c295d3c329eb4ce7c064d0654822e78c312ee7ab3b54000cc362faedeff5d6,63262606,2026-09-15T01:18:56.980606794+00:00,1,0.03218691399135227,sell,0,0
0x947ddf39e718dcb79dd5a84c6f343ecb333e710c43c1abbe05e12321a62cfd4d,63262623,2026-09-15T01:18:58.709100962+00:00,1,0.023481919856357353,sell,0,0
0x5ae7b93eb454178b0999b59954d88bc005bb221124afe1b6bc2b5f0ea76f7279,63262634,2026-09-15T01:18:59.827538490+00:00,1,0.04278280267702117,sell,0,0
0xdadf90b6dcc5d85e704173f34493051f402906bf97607f4df7668aebcbd3d5c3,63262645,2026-09-15T01:19:00.945975780+00:00,1,0.033105812128839354,sell,0,0
0x081fa5644977f2fc99eb1f33d51ca21a48992665ed8ac9ba2aba75ad1f9ecedf,63262650,2026-09-15T01:19:01.454356670+00:00,1,0.09252915013960304,sell,0,0
0xff086ef12bcc2d901dfff75d62b80f3d35edfadf88034596b24a9ed90d71b6fc,63262655,2026-09-15T01:19:01.962737322+00:00,1,0.03153457756196975,sell,0,0
0x5646742b3217675d8ab764d24b3c1dea244652dda56dc60becc626ead854b639,63262658,2026-09-15T01:19:02.267765521+00:00,1,0.019947306896688125,sell,0,0
0x75c7f04f5fe785070f5754933d54a5eb8654de22106aadfd40ffad212811ed44,63262660,2026-09-15T01:19:02.471117973+00:00,1,0.02033956560198715,sell,0,0
0x23bb2167ea34da493dfe9c1cc3125b20242976be079d5ce3e9475d4a6eb04b5e,63262660,2026-09-15T01:19:02.471117973+00:00,1,0.014027107744330592,sell,0,0
0xbdde71e236eeb04ef5013405e6b4ce04642b934ecf2ba65731cd1b2f3cd1dd5e,63262662,2026-09-15T01:19:02.674470186+00:00,1,0.028295317083464184,sell,0,0
0x4363d26bd259fea6d79c63bd89023c6e197674becaaeec90f8eb4cdd09b5e5da,63262664,2026-09-15T01:19:02.877822399+00:00,1,0.013987900659088472,sell,0,0
0x2145f90bc79478979d09ada606fb0cdfe4b5de8719402e5c18d1cf9efedb0dd2,63262671,2026-09-15T01:19:03.589555264+00:00,1,0.013939556334841166,sell,0,0
0x394cafd7efe60f80a68d40d71f079b0f4f6fe97f811e29d2e24b458080169ce0,63262673,2026-09-15T01:19:03.792907715+00:00,1,0.01389262003625532,sell,0,0
0xb93dbf78bf8ead1f5e9139722d678a077b80dd72bb818cfa858f06e9f030fc78,63262676,2026-09-15T01:19:04.097935915+00:00,1,0.0323299441049894,sell,0,0
0xc68ea1ed8348dd2407511173b1ed0a08e9834454a04b76bf6598d5b1c24ae453,63262678,2026-09-15T01:19:04.301288366+00:00,1,0.039282238302440584,sell,0,0
0x0e118682f84a6b202b154bcfebded7deb0b59349a4304b79fb6340ee4a52d5cb,63262679,2026-09-15T01:19:04.402964354+00:00,1,0.013830674515385251,sell,0,0
0x184354618425c687d0b6b7e4d961f974bfdda107c2789d49a6d87a24bc0063bc,63262682,2026-09-15T01:19:04.707992792+00:00,1,0.03221504087274055,sell,0,0
0x8f9a0b5cc68c27582aa505152a6353a85577c3bd2286414ac12212281be64b74,63262683,2026-09-15T01:19:04.809669018+00:00,1,0.000176190048903234,sell,0,0
0xb8b6c0fa7e5fb95560dd2e1f823dca96e6fb3275aba6d449179ff41193c151ef,63262685,2026-09-15T01:19:05.013021231+00:00,1,0.01692689335164877,sell,0,0
0x959a76034528b1cc9bbcbdaf1a281882139702cb980299b58a98eca4d1fc8345,63262688,2026-09-15T01:19:05.318049669+00:00,1,0.01385466027732152,sell,0,0
0x4aeb738281500347eebaa267b533fa674b6736624e0df5fae5c553cb7face365,63262690,2026-09-15T01:19:05.521401882+00:00,1,0.05877922356770043,sell,0,0
0xa6a3b36a52b105d86872e0b09cfaac8406936112ecfb1678eec244e9fd292829,63262691,2026-09-15T01:19:05.623078108+00:00,1,0.013832364006743918,sell,0,0
0xaee125eca00bb0d7bc0985baedfd9763de3b2f5fb8bf49347bf11e9ffdf4d807,63262694,2026-09-15T01:19:05.928106308+00:00,1,0.03226983097011809,sell,0,0
0x62fe599e54a071260daa0a655bad0b93f04886a9b3bdb83c2d5580a2cc9f608f,63262698,2026-09-15T01:19:06.334810972+00:00,1,0.013819942963688813,sell,0,0
0x6c450660e72f98ef95df4c8e6586573699991e3c9bab1103a26c0d667bda340e,63262701,2026-09-15T01:19:06.639839411+00:00,1,0.016876687608100148,sell,0,0
0x0a0c3b2e26f5a4f567bbcd988a836e4368136ae5161f08f010932a14405cb985,63262709,2026-09-15T01:19:07.453248262+00:00,1,0.013793162897488507,sell,0,0
0x9dd521cb6603cfca00eeff01714a38a64538a3e31735260e5197b7d296ae84f0,63262712,2026-09-15T01:19:07.758276701+00:00,1,0.03217963820032375,sell,0,0
0x0c16aac89f0c8a21374959ec17abd451d16fa5a8c54fbb6270fa9a288a00e83d,63262726,2026-09-15T01:19:09.181742668+00:00,1,0.01385019140220288,sell,0,0
0x40e4b768d6ac903f040d281f2f92e10c84e444f59d4528c941c3747a84e6c7f5,63262729,2026-09-15T01:19:09.486771107+00:00,1,0.0169090364265887,sell,0,0
0x58a07cad707a0ea5b8af4455fd98f6ecb180ce07c0d4360e317a8014af67f160,63262729,2026-09-15T01:19:09.486771107+00:00,1,0.05872335409476773,sell,0,0
0xfaed9d03835f69074bb974b8029d424a14e5e9c10774fbf6099e9e310940b553,63262732,2026-09-15T01:19:09.791799307+00:00,1,0.01382240906235342,sell,0,0
0x61047f668007113735dbc3707382efd8b87c3bf62fc2cf63f82607a0eecbd939,63262735,2026-09-15T01:19:10.096827745+00:00,1,0.03224029650891087,sell,0,0
0x82531d6c4d2f2d0b45e9f6e8189b2511fdbc9f14415ee0f04bc6a1a3cc85bc29,63262738,2026-09-15T01:19:10.401856184+00:00,1,0.013795588483999343,sell,0,0
0xa14e3cc04e9ee513af704b252e9fe213cffc5cbd4efc988c587bd7610c0ca970,63262739,2026-09-15T01:19:10.503532410+00:00,1,0.41745840082831487,sell,0,0
0x38177735a268ff70faebd8d78041f34dea3c026efe936b48865a04492ef05e64,63262740,2026-09-15T01:19:10.605208397+00:00,1,0.17664877056085052,sell,0,0
0x12d1d3f9b1fe744387ca4518e2d32b75e08cc3d4ba2daf1baf082fb57eaaec2f,63262741,2026-09-15T01:19:10.706884623+00:00,1,0.017209884352435565,sell,0,0
0x36a56bd44ee69bc1e9d896424167d116f186cf90d3ef689fdd32583580feb349,63262743,2026-09-15T01:19:10.910236835+00:00,1,0.014072263817506403,sell,0,0
0xb5aedf2e04577d1bbd6c2afb04dfc2bc1c276f9680438b78ad2a002ffea8e030,63262744,2026-09-15T01:19:11.011913061+00:00,1,0.014034718700531764,sell,0,0
0x04a0b3960b8e282f67f5ea46a5b8d422e2d31e3bb729ff29f0d668e0f7e57120,63262748,2026-09-15T01:19:11.418617487+00:00,1,0.028254668133033106,sell,0,0
0xf21c5dcb65f7e5d5c61682e6de6d636455bd4e7e76bb69de64c108f3f8258d18,63262748,2026-09-15T01:19:11.418617487+00:00,1,0.014014573679255656,sell,0,0
0xcc01fcfccfafdd12ffaf23a0108ea5ba717a9ccac34e03e6bebf919850f3938b,63262749,2026-09-15T01:19:11.520293713+00:00,1,0.02825296523957753,sell,0,0
0xa130de4f3f1c37d027f9a3eec0ac3c6c3d01f732056c2613dc2026bc9a88395e,63262750,2026-09-15T01:19:11.621969700+00:00,1,0.16845100113055494,sell,0,0
0xeb4b4d208df6ca93d6046966e6f9118356aea2c2b5bd8bfca8a34de199f4100a,63262758,2026-09-15T01:19:12.435378790+00:00,1,0.03226058832155195,sell,0,0
0x5307c71cfc75247fa5247aa4e09057122f772da277f15766b225b86a2ed5e3f5,63262767,2026-09-15T01:19:13.350464106+00:00,1,0.054639721122308194,sell,0,0
0xfab38507211f32dd40788109b50c18f7f32bddd0d75c5a75387caefbb7b73b79,63262768,2026-09-15T01:19:13.452140093+00:00,1,0.1811745415015797,sell,0,0
0x1323b3e5ad2f0e9a06d3ffde7e1392cc7f65d7b6bc8ccfabdf58129ad2a0d8ff,63262769,2026-09-15T01:19:13.553816319+00:00,1,0.08505591173691093,sell,0,0
0x461874c41ee1de70a7fe3ee81b9222ebbb6714730a261581e3a728aedd55489d,63262771,2026-09-15T01:19:13.757168531+00:00,1,0.2551952610097208,sell,0,0
0x89f69cafbc87935e59f9c01e2cc80e23b62db20200d5fb74add973d946782f34,63262771,2026-09-15T01:19:13.757168531+00:00,1,0.03865033251522623,sell,0,0
0x41301b282cc1cf872d735152147a0d990b7ee8cee266b7ff5cbdedbfd03c59d5,63262773,2026-09-15T01:19:13.960520744+00:00,1,0.21597850676796634,sell,0,0
0x0e3089e90f850cd075915fd4e0cf848609b6bf0be95a1bb926b143c8d85b5d0c,63262805,2026-09-15T01:19:17.214157104+00:00,1,0.04148759149289892,sell,0,0
0x471cc7bf412de1df14715e28ddde61ff25a085555d57b2889081b5330cd749b2,63262809,2026-09-15T01:19:17.620861530+00:00,1,0.04130828398271932,sell,0,0
0xae3f13f47d8b603a3a451f2f550ddacae8fd6bca7c41a4a29c6bc77a03edfaa7,63262820,2026-09-15T01:19:18.739299059+00:00,1,0.01381930306242762,sell,0,0
0xdefd16bd552e2a5f387d817928ea381f9d46de28dc2bef9a86edbb74146c2ca2,63262823,2026-09-15T01:19:19.044327497+00:00,1,0.05063648881297524,sell,0,0
0xb8639bff0a097e106973175d66841096a95556fd541a61380d6717d5c637f7d3,63262826,2026-09-15T01:19:19.349355936+00:00,1,0.013798875508875296,sell,0,0
0xe624f292ced1de0a01edf9262db1f5de52bae52fa7697147a4522f681ec536ff,63262833,2026-09-15T01:19:20.061088800+00:00,1,0.020997835529044776,sell,0,0
0x3d76514ba4821fd18fdd168b1577ec86cbd7be9e40956d26212fa71f053606b7,63262837,2026-09-15T01:19:20.467793226+00:00,1,0.034027036143042234,sell,0,0
0x9aebb548adebaa7a2b568d75909973a4c73aa672d91c51944a0c99e78afdb776,63262840,2026-09-15T01:19:20.772821665+00:00,1,0.09275780749896408,sell,0,0
0x1681f381db8228fe40724dbab2aaf36979dea0d880e586494db92086bde39b96,63262843,2026-09-15T01:19:21.077850103+00:00,1,0.021322144874037472,sell,0,0
0x8310449a074cb50f23e17248f7dc64bac182df710766fe2c3ece414f0a713c29,63262843,2026-09-15T01:19:21.077850103+00:00,1,0.008270614134180758,sell,0,0
0x199033a05862b51cee0c45fe79c093ebcf7635091e1de67004a98aa16dc61910,63262843,2026-09-15T01:19:21.077850103+00:00,1,0.04296535504501399,sell,0,0
0x2833cc30e3f3d8c36b268547d374def39887fe0e974ea1484e6f9db6e79390dc,63262876,2026-09-15T01:19:24.433162451+00:00,1,0.09278794794819376,sell,0,0
0x828649c48e81ea8c601d214b9b44a4512308f0ae7bd0697675490c68764619d8,63262889,2026-09-15T01:19:25.754952192+00:00,1,0.059760621336588715,sell,0,0
0x300547257679f5a92c02052b091c30a404f559cc9bb587e90659e62b56edd0dc,63262912,2026-09-15T01:19:28.093503237+00:00,1,0.016874105149725087,sell,0,0
0xb9d221fa8bc5748e76f102665fc21ef2dbaf623d205564ec4f1da8043fe1f981,63262928,2026-09-15T01:19:29.720321417+00:00,1,0.013779931688383732,sell,0,0
0x2345770e5d00929d715c93ad31e17454169de200db5cf0fbbb5829fcdb73fa56,63262974,2026-09-15T01:19:34.397423506+00:00,1,0.059913580876368853,sell,0,0
0x5fceb7e91cb1b7dbf556096137dd6d5343f7bccaa6b118474007fb61d5524f14,63262975,2026-09-15T01:19:34.499099493+00:00,1,0.0389025970757916,sell,0,0
0xf470389dee3f476e2b76b5a440c23f583ff5443cb2a067a8901ec10b0122c633,63263003,2026-09-15T01:19:37.346031189+00:00,1,0.09290363177961798,sell,0,0
0xee8c6de1d6095510de83b80fcab2e724f857a791911ee110030061657bb5875c,63263015,2026-09-15T01:19:38.566144943+00:00,1,0.2787545250353891,sell,0,0
0x1c199beb00c8b95d061858a55fa6c654d4e5920c64d9f929b63935a58687fa24,63263046,2026-09-15T01:19:41.718105078+00:00,1,0.01731107338654658,sell,0,0
0x9c81ce966a041aff1a2905af32f1fd286d50be56095e4522b5208dd82cdcaed8,63263047,2026-09-15T01:19:41.819781065+00:00,1,0.19131961275776693,sell,0,0
0x1f2af219b4521b0d7ce784e5be6857a0f2f9a0d332cb5a0e113b33029d73287f,63263049,2026-09-15T01:19:42.023133516+00:00,1,0.014161828825816772,sell,0,0
0xc069b9926caf2c51b6114fa86ba06794ca8e4b8c5d50662ceb5258e254e6c1b6,63263050,2026-09-15T01:19:42.124809504+00:00,1,0.18477029119198896,sell,0,0
0x6b4454f0507e1d024b421eb05201df3776fc84cddccc96d6bbd41111c500f7a8,63263053,2026-09-15T01:19:42.429837942+00:00,1,0.059635669660824425,sell,0,0
0xf8581276c9587e8a2e2df5f1c8eb4d38a408d02c3129aa83d8ffafc0354fb86c,63263065,2026-09-15T01:19:43.649951458+00:00,1,0.041160039620512366,sell,0,0
0x728dd158e02585cdd1cab8e8a876ea6edd84e57c55ac9370ed3676a38d10cc1f,63263078,2026-09-15T01:19:44.971741199+00:00,1,0.05030435381912277,sell,0,0
0x389242d69758b2ff9a69e42d03d5eb06aa74518dbaf0eab8cc1f6eac799f811d,63263129,2026-09-15T01:19:50.157223940+00:00,1,0.09305679235415551,sell,0,0
0x1d5f8bc2d4125bb6bcd5c6b105285bacca03750f4e0df95f5daac58b5bfc8bd4,63263130,2026-09-15T01:19:50.258900166+00:00,1,0.09232266545562383,sell,0,0
0x89956c9487cf3b854bf4d021591aaadd26dd32f97982dda8f20d40ab28157bca,63263132,2026-09-15T01:19:50.462252378+00:00,1,0.03537201876406994,sell,0,0
0xa90508b21fc6cfd4259c1eee9e085248141cca8a1a2996792e7b76ac51fd4176,63263137,2026-09-15T01:19:50.970633030+00:00,1,0.016784137858479264,sell,0,0
0x77717f19f6c2a2680ae0334b7a9189d18569cc6ac38e1a9b5e53b48ba1504ff1,63263140,2026-09-15T01:19:51.275661469+00:00,1,0.04111936364381355,sell,0,0
0xaf0e8246bdb83b82ffb9504a9f2150696916a905c73b6de36db6b59292369c49,63263178,2026-09-15T01:19:55.139354467+00:00,1,0.013745967659381736,sell,0,0
0x963bd252138e036b1b107b8bf0f2531ba226c824fdbc7f348b7923ea59849cff,63263181,2026-09-15T01:19:55.444382906+00:00,1,0.05950067682462141,sell,0,0
0x34a82734b7a6e47de122c49bd6fa9282fe0a3c2e275a9bf111bd53336a09c8f6,63263185,2026-09-15T01:19:55.851087332+00:00,1,0.016785895194028087,sell,0,0
0x76df1e78eef12e25c28222ea605a2c2e98d63f2cfa82828d56287f87200c6135,63263335,2026-09-15T01:20:11.102507353+00:00,1,0.01376765784685029,sell,0,0
0xc223431fc84979ae029c0b0d215dc11e2d630577c89633cd574af2544eec5496,63263338,2026-09-15T01:20:11.407535553+00:00,1,0.01680397130539482,sell,0,0
0xad6cb9b2d41e8ff78d5aa9542e853eae4cf7480f929ce2f441c18f4e1064f3f4,63263340,2026-09-15T01:20:11.610888004+00:00,1,0.016363747497819107,sell,0,0
0x59eccad5d5e09c65b83c81b0817e139092691433d55d266c4d24e4b671437bc8,63263341,2026-09-15T01:20:11.712563992+00:00,1,0.05955038243056882,sell,0,0
0x777602f48fcb89e60150af5ee650f3f30a6cc806359377bbcdcab43f086370ae,63263345,2026-09-15T01:20:12.119268656+00:00,1,0.01370663782750778,sell,0,0
0x6c364db02379f123ffb9028b7ad7bbfc2222c3343b82865ebe09cca42cbc25d9,63263349,2026-09-15T01:20:12.525973082+00:00,1,0.050193074580178285,sell,0,0
0x11410b6de6296cc854d49cc2d30e8effa0a68b3e898dfa581c02984b2f43a802,63263364,2026-09-15T01:20:14.051115036+00:00,1,0.013696666912637502,sell,0,0
0x14518797ec20e302688b79c9db7a1a9a3bf618a4bcef4c6b289c2e57e2582120,63263366,2026-09-15T01:20:14.254467487+00:00,1,0.04103893577246297,sell,0,0
0xdcba1962e9fe4656d866a1e80109f2d370ce6dfac9a146fd784d1897e68f82ba,63263447,2026-09-15T01:20:22.490234137+00:00,1,0.016767824260328204,sell,0,0
0x4a32644f331b3255ca91688484f1e98e39537c89e9a0b7ccad7c4ca4d8aa2a3b,63263450,2026-09-15T01:20:22.795262575+00:00,1,0.013690396903181338,sell,0,0
0x724f38e714c67b5168095bbd0c99f40f1e37fae34b3da0d68727c4cae4cd5972,63263453,2026-09-15T01:20:23.100291014+00:00,1,0.0501361634971987,sell,0,0
0xe13b6501b102b45bf5447f3e4b0382c01b38c109817c47f646857ba77d0b323d,63263502,2026-09-15T01:20:28.082421303+00:00,1,0.01671237549859989,sell,0,0
0x5a6914a00f7529190e95e6359d8a61d503df124e5ed2aaac7af1ccf37de89eed,63263558,2026-09-15T01:20:33.776284695+00:00,1,0.013782486460055584,sell,0,0
0x8f38b6624463e727ee716ff57ddf3ef2901ca1fc41bf0a185e166500d7c140ef,63263560,2026-09-15T01:20:33.979637146+00:00,1,0.013793789223198403,sell,0,0
0xd041494e8f9f0040384e208da7fa74b211525bf3864a2cfc57879f97256f8ed7,63263561,2026-09-15T01:20:34.081313133+00:00,1,0.05994180419036658,sell,0,0
0x1b596c166061db759c6672577b4c046c397482d2d59393291ace3b7014216c68,63263564,2026-09-15T01:20:34.386341572+00:00,1,0.016878742933915652,sell,0,0
0x3b168b5d4d075e85338d774280096be0176dbf1bb0002795ac4263112a2f3810,63263564,2026-09-15T01:20:34.386341572+00:00,1,0.1346217483032897,sell,0,0
0xc7826477bf54812f1be8c4cd42987c9ff3d12809e3c205e4f6157a361bd00f41,63263567,2026-09-15T01:20:34.691370010+00:00,1,0.01680090680308832,sell,0,0
0x0de678cdc62b44e56d9f27b407dbe22e08944762c2f89d741dbc0bb0b7d35e2b,63263569,2026-09-15T01:20:34.894722223+00:00,1,0.016775477204115395,sell,0,0
0xc6536ae6954bc13190479b947684913a4bdf8bc7c8cf37a9e35cefdc2c33636f,63263571,2026-09-15T01:20:35.098074436+00:00,1,0.01672164083301591,sell,0,0
0xbb8d6b02231f1743df79b50f969abc79b00f521e1be6728d1a0b0c1568d356d4,63263573,2026-09-15T01:20:35.301426888+00:00,1,0.013660108401241976,sell,0,0
0xd4255a9aedefb274524654ad0b3c6325fbb65af23003fa714015db371e889160,63263578,2026-09-15T01:20:35.809807539+00:00,1,0.017924863759050978,sell,0,0
0xc255aa8a8e8415a3a66169ab499b3637151cfac86fe3fe5ed8ae937295bf3112,63263595,2026-09-15T01:20:37.538301706+00:00,1,0.03937349893076291,sell,0,0
0xdaa7a70d08d2e35238a1bded6aeb7487445c4733851d5d792d7b14965d60aa4d,63263609,2026-09-15T01:20:38.961767673+00:00,1,0.028806730113838885,sell,0,0
0x70ffd89924b0e6a6d98177f3d730b18d9c02b18d266514694a93be317f24aa8c,63263616,2026-09-15T01:20:39.673500538+00:00,1,0.016864300707492497,sell,0,0
0x65b344234acaa8e076fde6c065834d2a38e54fe8f2b0233bb5a8c117ca296e1e,63263620,2026-09-15T01:20:40.080204964+00:00,1,0.016417191903174574,sell,0,0
0x9f051c9982ee837601caee33b83e2e10db7acb3b50d75b42ad1c1465933b3727,63263620,2026-09-15T01:20:40.080204964+00:00,1,0.013783547050562827,sell,0,0
0x0979878c7e54f263f4a0873b5f14ce269710e453d4810b6d924aca16903e9ebd,63263633,2026-09-15T01:20:41.401994705+00:00,1,0.016395614653754387,sell,0,0
0xb0d9d8a3d527f5bb629630b86841077220789e2203e10529a7e061a01bb53df8,63263649,2026-09-15T01:20:43.028812885+00:00,1,0.16754781895936244,sell,0,0
0xd5b7078c0cd1d2672a32a6dddb9056d8c17720fe646e6bd15470891ae285aa45,63263652,2026-09-15T01:20:43.333841324+00:00,1,0.06005703377790195,sell,0,0
0xb6b05639ece2355e3788d402851e969ba697b3d2f78872dde0724a6f229af717,63263652,2026-09-15T01:20:43.333841324+00:00,1,0.016826164766319887,sell,0,0
0x4668d20075d4465f8826d377d37ee3f78baf1bd2fa6efe258bbaa1fa961bd3e2,63263655,2026-09-15T01:20:43.638869762+00:00,1,0.016821761885341572,sell,0,0
0xc71d6676ed579209ef9ed1f02dc6d8fafb130e736b4b57e63019baf150d848e5,63263656,2026-09-15T01:20:43.740545750+00:00,1,0.016803367579002932,sell,0,0
0xf68f2728cd98ee4e9a610a35d80b5a67a23e5835a445971a339e448c98a81674,63263657,2026-09-15T01:20:43.842221975+00:00,1,0.013349752642717923,sell,0,0
0xe2649b4b2f49f16552f1ca2e32b4c55d655bc1f3e936556435c0d3477a88cda2,63263659,2026-09-15T01:20:44.045574188+00:00,1,0.01671945078790995,sell,0,0
0xfc69e49701664ccf4106cb064707f987a585920fa871c91b140e1810c1501c12,63263668,2026-09-15T01:20:44.960659266+00:00,1,0.0257609708929801,sell,0,0
0x1a1ae1b7d9c69536970c2434a75f97043e17b9d0aa7651953dd1f4e603453c30,63263703,2026-09-15T01:20:48.519324064+00:00,1,0.01062142365811062,sell,0,0
0x66b49981f8ecbfa19eee251ad7098e3a7d023b424f412f4c18d0d5098782782e,63263726,2026-09-15T01:20:50.857875109+00:00,1,0.03180722827803028,sell,0,0
0xd43a038731728aabab32dc633e2a4693e6d4f687fc874538caa1ff86a37a6518,63263790,2026-09-15T01:20:57.365147591+00:00,1,0.016678671835232205,sell,0,0
0xfbfac3606a57717ff8d0ab2359ed4c399e604029f8d519d90df45ccd72448047,63263818,2026-09-15T01:21:00.212079287+00:00,1,0.40957441935716077,sell,0,0
0x866b5ff6b1d4af76dfaadba974822c68e07a9754337f0720f68ce7af241aedcf,63263819,2026-09-15T01:21:00.313755274+00:00,1,0.016900194875957862,sell,0,0
0x17902c1d289e3a70bfdc13a0364c5b58156fccb85acb8772080c02a023acea57,63263823,2026-09-15T01:21:00.720459938+00:00,1,0.016857010159625842,sell,0,0
0xa8643bef9a8b5aac39534162fa4471b9838c5b906fdd11fcb12d589c5839bc7e,63263825,2026-09-15T01:21:00.923812151+00:00,1,0.016388517919882755,sell,0,0
0x58c4b897d52a04413ac2c7ccaceb8cacae947a493c121c7952b1f1adc4e63770,63263826,2026-09-15T01:21:01.025488377+00:00,1,0.01679790572400575,sell,0,0
0xb78da32a27f33c4f2b6534b94826b8a4dfce74f20ea86ed1bd4b13f47c23e992,63263832,2026-09-15T01:21:01.635545015+00:00,1,0.016704606059183457,sell,0,0
0x867a6a49ff45a1038b51123179f4652854b9e23dfab755678a7c3285c998aa42,63263859,2026-09-15T01:21:04.380800724+00:00,1,0.01685189014104311,sell,0,0
0xa0822cabca780108d6a94c7cf7a69f0cf5b0099c8f305d66999bf7c83c96949a,63263864,2026-09-15T01:21:04.889181376+00:00,1,0.016823752553722454,sell,0,0
0x29ea7e9e1574960eef80fc7bbd97715029fdca1686e6389dda0cf825f8733702,63263885,2026-09-15T01:21:07.024380207+00:00,1,0.01680512061707432,sell,0,0
0x6254f0268da5c5117a3d11886570d2a23ed7dcb59bfbc683fa9685b68340c452,63263918,2026-09-15T01:21:10.379692554+00:00,1,0.016796782753637263,sell,0,0
0x86f4a16ec9a0a30dc20ba3396a85fc88c5440aa6fc8cd0dcfb2937f0d0c57c98,63263924,2026-09-15T01:21:10.989749193+00:00,1,0.01678864618432756,sell,0,0
0x6f1af9bccdd89cd21c25507353623ea5105716bbabd4281afd488c501af56aba,63263928,2026-09-15T01:21:11.396453857+00:00,1,0.016771448959143252,sell,0,0
0x807db335817746cd44c4e0e8fbe57efdd9bd085aa3190589aa5f2f866cff5f0e,63263931,2026-09-15T01:21:11.701482296+00:00,1,0.01670308521714286,sell,0,0
0x7cef9c5696b9ecdced9c84f4315440b4a5f4700cf51c05e00ebe4b5eddcccbf6,63263935,2026-09-15T01:21:12.108186722+00:00,1,0.016701219671143675,sell,0,0
0xde635dd856dad9000cb607c56e65d6a316551227c2716b670b1bda5f9187e467,63263938,2026-09-15T01:21:12.413215160+00:00,1,0.05907208704492034,sell,0,0
0x8ed225b4d1ddca5928ada04f80571b782dc972decae4389213841551ce04a472,63263975,2026-09-15T01:21:16.175231934+00:00,1,0.016662029552869627,sell,0,0
0x239151977a8f594c3a83aa978f82a528eb8359db5f580060a2f46099dab51618,63263978,2026-09-15T01:21:16.480260372+00:00,1,0.016669899469766884,sell,0,0
0x189db8043a7881fd74179f54284acdf9314ffa5df22d3e84d082c28274dbd497,63263981,2026-09-15T01:21:16.785288811+00:00,1,0.04083211448861358,sell,0,0
0xa67f1586a710b20a34afd4432e1cf6b1f355e596823993c553214297e4e6e466,63264033,2026-09-15T01:21:22.072447777+00:00,1,0.01443437689558555,sell,0,0
0xea71ec641139fb0e90e9770d40b068423f85fd3a248ac01e85e283feb4f9f0af,63264084,2026-09-15T01:21:27.257930517+00:00,1,0.016699008643603564,sell,0,0
0x001df93c89e9420b021b105381169b571ce6b8b1169abe52f5454bc072a20e40,63264087,2026-09-15T01:21:27.562958956+00:00,1,0.016682357148588834,sell,0,0
0x60c8cddb6ac6371cb99fa26aea2bd1f225d65785c8514ded88679f972d0f6811,63264091,2026-09-15T01:21:27.969663382+00:00,1,0.05905294113430247,sell,0,0
0x3a5fe11d6e4ce6317e7076c4ea056f7703b7e734201f2627603a1b8da13f81ef,63264262,2026-09-15T01:21:45.356281996+00:00,1,0.007820591087943562,sell,0,0
0xf89fb6daf91e4fa62fb08ff53784ae6ac0f7998eb4f1ada4762dc23c4940fcf4,63264893,2026-09-15T01:22:49.513921498+00:00,1,0.4057437139709343,buy,0,0
0x202c5b4e7e7ff6fa594be96887be24e455d215a9cfb891e26ddc333e76f0facd,63264895,2026-09-15T01:22:49.717273951+00:00,1,0.3940063118737822,buy,0,0
0x7bda2cdb83693da0ce2ccb8d47c44a75499483e91058564f424b107177f72654,63264895,2026-09-15T01:22:49.717273951+00:00,1,0.3940063118737822,buy,0,0
0xe79d61a3214af9214cd3cc35d7ceeaa1fa6ef956d0a28e1644b687785c053464,63267161,2026-09-15T01:26:41.159086466+00:00,1,0.2367912242603156,buy,0,0
0xd62172e7322a39f0f9b080b1ed19433db254b8097a81398f2acba539b628528c,63267164,2026-09-15T01:26:41.466840267+00:00,1,0.10972561035015338,buy,0,0
0x892132c0b16e8e1d3a57e01df66ecab473caac4a7700983e73145d8e1f3a23a9,63267164,2026-09-15T01:26:41.466840267+00:00,1,0.03744128571428571,buy,0,0
0x063b39e977e85ffb592e25cd4baf14aac7581dbc6f4383cd9d33d4fc9fbdcde9,63267174,2026-09-15T01:26:42.492686749+00:00,1,0.1371605289226835,buy,0,0
0xf24e934be2f79b471c3820611d3b817d7ed9511dffbb83633f08e02dc87ae60a,63267191,2026-09-15T01:26:44.236625910+00:00,1,0.04570324051574512,buy,0,0
0x6f36adff000a8a27fea8053f4c5e98293dfa6234c0ae4b728f2a912e34c4fca8,63267196,2026-09-15T01:26:44.749549150+00:00,1,0.41189657142857145,buy,0,0
0xe0c1567eb57df46cf4ac3b57e4329f00664abc12d88661436bccff6d7c7a069e,63267201,2026-09-15T01:26:45.262472391+00:00,1,0.03742222939437628,buy,0,0
0xdf9f2931130bab1600ee992c75adfdca3af9dcf410f7210ec81c98b4f2dec4a2,63267205,2026-09-15T01:26:45.672811031+00:00,1,0.16200834903693975,buy,0,0
0xf2ed0afd1852fe37068d60ba0d5df02f267ef63b914c20ffa34608aeb6948e50,63267230,2026-09-15T01:26:48.237427473+00:00,1,0.0455110279031012,buy,0,0
0x893f2723402bee03fe71eb6c6fd708b855cd38eaea82d8de23757d61967a10c1,63267232,2026-09-15T01:26:48.442596674+00:00,1,0.41192526296962106,buy,0,0
0x76c158ed0baa34b307a1a5165b668daae4d43b684e4eeaf3b252f1a1c98715e5,63267244,2026-09-15T01:26:49.673612595+00:00,1,0.23703987780243152,buy,0,0
0x5f24f3febf3bebd7cb1212aac4cb4261713d6ce0586b03abbf377153d82f855b,63267248,2026-09-15T01:26:50.083950996+00:00,1,0.4120534921140919,buy,0,0
0xe5e5bee954c973abda2b3c9152358de0288952e8a548c6b6d5f8be74cdc53151,63267252,2026-09-15T01:26:50.494289637+00:00,1,0.2621465209842313,buy,0,0
0x07e7f27940f59677580e19a2e0c85a15cd920b01c0be852300d8fc1f1f796c28,63267257,2026-09-15T01:26:51.007212877+00:00,1,0.024690674795088567,buy,0,0
0xb9027f2a935e05325eb289627a7e7b55fb00f99fde854f38de3225d62b4a0671,63267260,2026-09-15T01:26:51.314966917+00:00,1,0.4117079975541352,buy,0,0
0xdbeb3b06509e88b3881b0b4a8f4abfe48ec41bb3e3fdc18ddbdf18dc2b789878,63267264,2026-09-15T01:26:51.725305557+00:00,1,0.13730476283254756,buy,0,0
0x79258b0dae6693112ee68eee1b2d18ea49625212bbb8eb632bb6288cb4fb2f3e,63267267,2026-09-15T01:26:52.033059597+00:00,1,0.16229571428571427,buy,0,0
0x31a8280dcb97667e721c30044b85ea4edbf06b839bc0850e46a18c0f66c8b40f,63267272,2026-09-15T01:26:52.545982838+00:00,1,0.11235857142857142,buy,0,0
0x8a20b280abfc72e965b47dcc38e561bfe1caea0c041ab1d554a8f2cc6cabab59,63267281,2026-09-15T01:26:53.469244719+00:00,1,0.41198142857142855,buy,0,0
0x00f8e6cac7ad199b2d032dea26024e1454d47876e219d353bb04429bf505cb12,63267284,2026-09-15T01:26:53.776998520+00:00,1,0.1075888138031576,buy,0,0
0x06b1e6d22da03a68f82d65084462c37dfe48dfd384233b0dfac3e2e85ea1e771,63267296,2026-09-15T01:26:55.008014441+00:00,1,0.9121425809510344,buy,0,0
0x2b0c5cab2634002578bc5a95721f2460e5b75573f253e434e8c6ebd88843b592,63267296,2026-09-15T01:26:55.008014441+00:00,1,0.22698230233755168,buy,0,0
0x5f6d47b8f05f08c7bdf9afee3d0d1d6346606b11d4ef189762a34584246b6d87,63267316,2026-09-15T01:26:57.059707403+00:00,1,0.262197,buy,0,0
0x21d1b006ee90a650def9e2a74ae23d31753ee10fe92b0f4cd6bf6a57136ad252,63267317,2026-09-15T01:26:57.162292242+00:00,1,0.23577693634524424,buy,0,0
0xe25262b114734f8e8feaebf1bf937bab827a0698d2bd36cd52127ebfd9627fb0,63267321,2026-09-15T01:26:57.572630644+00:00,1,0.262197,buy,0,0
0x4b197e68e3734021835d00adec4bd00135223284eae713501d283804cea8bafe,63267326,2026-09-15T01:26:58.085553885+00:00,1,0.262197,buy,0,0
0x7e491982ecc3c7e97f50abcb8f32d67a6b124f1978621df7149adc845d43076b,63267330,2026-09-15T01:26:58.495892525+00:00,1,0.4120662857142857,buy,0,0
0xa1404bb5c76eee6d0a858402e24c84cc1d213642f8cc9eae55b559273901e958,63267342,2026-09-15T01:26:59.726908445+00:00,1,0.1374375527033666,buy,0,0
0x0281b9f0dca99f9e94b9e37c8418342de9660908d6d844e3bab9c5d9bd15b91f,63267396,2026-09-15T01:27:05.266479731+00:00,1,0.48702838712163227,buy,0,0
0x74b2c9b45f9396881df47674a120899acb919c32d87e271c7edc3672081b9063,63267398,2026-09-15T01:27:05.471648932+00:00,1,0.2044768598122474,buy,0,0
0xbcdf74483e0e8279da4d6688b940bad0fa65a1ef46da7a63a717c4e53faa66bb,63267400,2026-09-15T01:27:05.676818371+00:00,1,0.262251,buy,0,0
0x085feda16373add27b502f63a8272563adf77f74b896cfc44a898b794a21311a,63267403,2026-09-15T01:27:05.984572172+00:00,1,0.3372145714285715,buy,0,0
0xedfa79590719ac630445e06d957a79ad30066e1a5b7d83191d1d2f9a277bf7bc,63267431,2026-09-15T01:27:08.856942415+00:00,1,0.48605707385935387,buy,0,0
0x9e28ce2210a281b8e7211126d2625a905c43d635c3f7acdd8f17e08828b01545,63267443,2026-09-15T01:27:10.087958336+00:00,1,0.3213200801319652,buy,0,0
0x6400a8feb3623eaf9f786ad8e92d55bc19e1d9a4c4e7558fa735198ab490c7b9,63267443,2026-09-15T01:27:10.087958336+00:00,1,0.3213145297761623,buy,0,0
0xc3ff66030bf7d190e0e3156349ee99d0cfbc83410aed967aa7309ecf9595f4bd,63267510,2026-09-15T01:27:16.961130142+00:00,1,5.334912242381832,buy,0,0
0x0e32b7b0e6461d4ba606b3198d6903157265b1fc8a28ffc95c6de65372c82dd9,63267522,2026-09-15T01:27:18.192145824+00:00,1,3.232616840451404,buy,0,0
0x9f51c4f0877b0a827dd7eccacb907c298e46325eceaafc074bbcfdbcccf488b2,63267558,2026-09-15T01:27:21.885193348+00:00,1,0.022722141871635893,buy,0,0
0x4be6c90ef7e9f4e8101a7db61dfc37f4469b0cdc27a6601e62934236edf6c6c7,63270941,2026-09-15T01:33:08.929072380+00:00,1,0.2800923287596623,sell,0,0
0xbd9b35b70b2bf75ada86f39e9f6f5e2ff7ce152ff2e58d8255c83957af1ebdc4,63270968,2026-09-15T01:33:11.698858023+00:00,1,0.05765616778701444,sell,0,0
0x7427ebc62a8a679ad5bc58d0b190d974140f275433e5429c7d18eb4485746926,63271013,2026-09-15T01:33:16.315167189+00:00,1,0.08426218936451627,sell,0,0
0x8573dd783ec6ec614ad1d51b1b97b04a1d5af3e1da98ff7314d10e61897be0f6,63271644,2026-09-15T01:34:21.046082973+00:00,1,0.015362285714285715,buy,0,0
0x98d0da60ab5d67ad5709e7e94571181424838dacadca49a9ca4b7dde2e4f4635,63271684,2026-09-15T01:34:25.149469137+00:00,1,0.012569142857142859,buy,0,0
0xc9da1cf3e3d23b85f05abc32a2e87828971d09fb04c6e048463c8009878967ef,63271708,2026-09-15T01:34:27.611500740+00:00,1,0.015362285714285715,buy,0,0
0x161ea73d6533f34ab2e80e0f6dc03be9ad04f6c0e45b4924896c3650a93c9999,63271737,2026-09-15T01:34:30.586455584+00:00,1,0.012569142857142859,buy,0,0
0xcdc8e3893f71f7776722ce1059581f3ef58cb87f86ced793666ca8b7f530575b,63271756,2026-09-15T01:34:32.535563946+00:00,1,0.015362285714285715,buy,0,0
0xdef22ef777aebf8eb0abbe94dce9d0ee4d696b50b500414f3ee859fb9861ea2c,63271758,2026-09-15T01:34:32.740733385+00:00,1,0.012569142857142859,buy,0,0
0x382c42b5c64e41cbd4cfd3416390593e7c0ff93cd3458ed517ab0f503a2495da,63272517,2026-09-15T01:35:49.648133278+00:00,1,0.11967716774828024,sell,0,0
0xf42922535967da49813bb8bd413dbb55213167444ce55587ffd7c2997580ddcb,63272527,2026-09-15T01:35:50.662548065+00:00,1,0.0753039507004789,sell,0,0
0xfdd43fbe989abf8c1ac0cece4aec540ffa258518f78891d91a3fa0cba78826d5,63272535,2026-09-15T01:35:51.474080086+00:00,1,0.17291231372928115,sell,0,0
0x32b4757683fca9097a6445663be6e81b4039be706a7f255f9277f4e01139782e,63272545,2026-09-15T01:35:52.488494873+00:00,1,0.17285920879406175,sell,0,0
0x86533870c2c8321c5b5ea3fdb2881616641ec249e2a2392f7a2e3a24c679896d,63272566,2026-09-15T01:35:54.618766308+00:00,1,0.27971227361138384,sell,0,0
0x9e0d8d81b0a6b5041345ee7f0d269cb5d84baee6fc2710ed6d5529945d250301,63272572,2026-09-15T01:35:55.227415085+00:00,1,0.09305235367492805,sell,0,0
0x47a5184f9a417fe0b3a2bc5d1acf1b08746021b0b876b10db09b75fb4f8669b2,63272604,2026-09-15T01:35:58.473542929+00:00,1,0.11963939642226462,sell,0,0
0x1c6d461ec22ded6d785cf34ba430bf3de2e62fcd8a466e29db0cf37ccd0deeb2,63272633,2026-09-15T01:36:01.415346146+00:00,1,0.22615295335308105,sell,0,0
0xebcc37072af789c1d4df0aea4896cfc6d42e6f6f62777648ca57cbf01b783652,63272649,2026-09-15T01:36:03.038409948+00:00,1,0.09301988883028342,sell,0,0
0x2960c2c055f37b37a7a952e9dabdef5e8b6625e0c76ebc1209c439e6ebbc8530,63272661,2026-09-15T01:36:04.255707741+00:00,1,0.25282839244044153,sell,0,0
0xb5962adaa7c10563ea731d6fd2020a616535a5b285763090e135071f33fabd54,63272675,2026-09-15T01:36:05.675888538+00:00,1,0.2796690261090719,sell,0,0
0xd7a8b9c2f293720cc34f61cb37ce8b0b3f371d68fc3340452db748a62ac58710,63272678,2026-09-15T01:36:05.980213165+00:00,1,0.09301648713981694,sell,0,0
0xf3776cc0111f6eb37c6b9316668a757198ea25aa8bb0e2b53cee23014e114af8,63272684,2026-09-15T01:36:06.588861942+00:00,1,0.1196221556711925,sell,0,0
0x7a5969a27e223886af4702d9f7e75c3334a09534f76b06cc3ed8df8100769ef1,63272686,2026-09-15T01:36:06.791744947+00:00,1,0.22120460340588088,sell,0,0
0x629481ae58299e141eaeecc28ab314797df143af91490128b3d488e83965f646,63272691,2026-09-15T01:36:07.298952341+00:00,1,0.0930236892653632,sell,0,0
0x87c1cdbeafb700d027ab742f8c80d4de91034c196514da8cdb172a07a59caf46,63272698,2026-09-15T01:36:08.009042978+00:00,1,0.2796459738939602,sell,0,0
0x67337b870cc51f0de2d27af701d8ffe88f9d7d440c419264adeddd56e8d261db,63272718,2026-09-15T01:36:10.037872791+00:00,1,0.09302225649169257,sell,0,0
0x1b5e04ccc23347e44c77cb91bafc17fe709d748c3af7fb2a6bfa749dd4113cdb,63272750,2026-09-15T01:36:13.284000397+00:00,1,0.11961747445317608,sell,0,0
0xe6a307a157425e1fb01c15afe9af3df48f2db8bffa12e54607422a832e038838,63272770,2026-09-15T01:36:15.312830210+00:00,1,0.08415111434309995,sell,0,0
0x788e453c0d47416ed100610ee2a11c08e17ef5cb3074353277063009f0dd491b,63272773,2026-09-15T01:36:15.617154598+00:00,1,0.08414542022929553,sell,0,0
0x8a205dd84328b0973220f33c7b6a07a12b4273b79f77823ae06c884c5c008ca5,63272798,2026-09-15T01:36:18.153191805+00:00,1,0.08415262333975956,sell,0,0
0x787e136da853e4d22f0e7b6bbdb4fe14d80f096af3c281e9803740fe7e752685,63272852,2026-09-15T01:36:23.631032228+00:00,1,0.07529310696138668,sell,0,0
0x982bcee295eb49b273c4808957b9fbadb2593a678872c62678c3452bc8806ec9,63272884,2026-09-15T01:36:26.877160072+00:00,1,0.19950687365628045,sell,0,0
0x52ab3fa29ba54f74c9e873ebf84e1a39a887a5a4e4ac6b43bc14c10b65d17fde,63272887,2026-09-15T01:36:27.181484461+00:00,1,0.08415520148485567,sell,0,0
0x5d81ddb1080fa68e45896c5e1fec5ff32413e66a19d436f6aa6e708398bca080,63272907,2026-09-15T01:36:29.210314274+00:00,1,0.07527784373680542,sell,0,0
0xaae1d7c7a276bf9125a2de360b379f765cb37e7f4e24a84ff66999de5b0db4fc,63272931,2026-09-15T01:36:31.644910097+00:00,1,0.08414491445528885,sell,0,0
0x44f288b71b71a258cb884d9c34f30100e13bfa89cabb0bfb3e09c90fe7659e37,63272946,2026-09-15T01:36:33.166532278+00:00,1,0.14619207770870354,sell,0,0
0xc52722be63d9e3e9926377604174ce85b34d5ebb22782ed1ae8c0537a6d5526d,63272961,2026-09-15T01:36:34.688154697+00:00,1,0.14616666940210496,sell,0,0
0xb4e6a411f3764ebb3fc7dd8ae31b7300ea37b69b2daddb2796dc675a787440e5,63272964,2026-09-15T01:36:34.992479086+00:00,1,0.09300787009372566,sell,0,0
0x3a4be9fea68660570895e1e5b1e04b7a648f49f16b87c12f3b5fd502efde32df,63273021,2026-09-15T01:36:40.774644136+00:00,1,0.0929901477155676,sell,0,0
0xf11f4a3f0edb8acdecbec3c92ca2b556653bdab973cc54d9e88862d6b7b34463,63273026,2026-09-15T01:36:41.281851530+00:00,1,0.08414999695037285,sell,0,0
0xcc0d13c1920389586ab4bee0cf6fdaf919896061cec1e16ffd1994cdc123277c,63273037,2026-09-15T01:36:42.397707939+00:00,1,0.11956522885023395,sell,0,0
0x4272ee85ac01c1fe1bebf550084afa94a42bdec9a84babd90081d3e66f34c11c,63273044,2026-09-15T01:36:43.107798338+00:00,1,0.06646895743710293,sell,0,0
0x584a1b4be32b4e401037f2d3a29caa0ae0ed02e514a1fd7831f49445d22925ab,63273047,2026-09-15T01:36:43.412122726+00:00,1,0.11958023880755848,sell,0,0
0xc813e94179116c832dfe496cf4e01c8fe459511a1914280adef3391205d24c29,63276075,2026-09-15T01:41:50.576954126+00:00,1,0.11949532055067483,sell,0,0
0x34d20d5bdd8ed02f258e4679f564c3ee8ae3918e81d71b18cdfa22cd51ded8c3,63276108,2026-09-15T01:41:53.924523115+00:00,1,0.5191617710028787,sell,0,0
0xa8d18d4cb2863f4c6be15509c4d4f720cffc9e1706ea2e95af2542846a8133d6,63276146,2026-09-15T01:41:57.779299736+00:00,1,0.27934903974757685,sell,0,0
0x0f7115ae67d3bc881ee600c835f586b9125b81e58487ce6fc3299d87ebe50be4,63276149,2026-09-15T01:41:58.083624363+00:00,1,0.22570687139926732,sell,0,0
0x008eef4c32972d013560385c00c4836fe1e52ec7e9e9defb78dca18005dce5fa,63276194,2026-09-15T01:42:02.648491383+00:00,1,0.17270826902305889,sell,0,0
0x1d8a34ee9fbe99be4cf1398efc706b5dabcfdc9d13bc0b252c4d083f2aa09eef,63276197,2026-09-15T01:42:02.952815771+00:00,1,0.3586141774525429,sell,0,0
0x3138acb744789fe76c91ccbe27faabedace346a8dd443346e1f608b44b3fc029,63276201,2026-09-15T01:42:03.358581781+00:00,1,0.07520912278648478,sell,0,0
0x03b30514f9cda4d109b1f424ac670b95eebc11e6ce1563a8648796045fbeaa9a,63276208,2026-09-15T01:42:04.068672180+00:00,1,0.07519011422875421,sell,0,0
0xc8e8ef073abd258124683366e95a0c0a17dc87d23424af5a6082e5bec2c1b84b,63276214,2026-09-15T01:42:04.677321196+00:00,1,0.11946902931774644,sell,0,0
0x5cd094347414957d39cc92c3d3f1586a0eba7c287b0bad3ae6cecf4d89fdbdc3,63276217,2026-09-15T01:42:04.981645584+00:00,1,0.14601112495070742,sell,0,0
0xf1360f6f4a51a921fe3c6e93fcd83c4868cc95a9afeb10c4c8b0912ba36f9419,63276226,2026-09-15T01:42:05.894618988+00:00,1,0.11944834587329564,sell,0,0
0x6a0159d9043529437cdae124eeccad3f14f54109b313f3068234e48e41b93ec2,63276232,2026-09-15T01:42:06.503268002+00:00,1,0.14605098179606174,sell,0,0
0xbfcb6f8ea5e583f07185080424989070f00c3d0ed85ce6269e574317d4e9b547,63276235,2026-09-15T01:42:06.807592392+00:00,1,0.17254242291878974,sell,0,0
0x087b181c32e55bdf4478d440937729d3c46dad321e991eed52eaccc106556493,63276237,2026-09-15T01:42:07.010475397+00:00,1,0.2527295725933562,sell,0,0
0x2e61dcd87abb577afb4a686c3259dbf707346ee2f9be62741ff7e53c519deee7,63276239,2026-09-15T01:42:07.213358402+00:00,1,0.22595609490010524,sell,0,0
0x6d91367aa0a9a4a29639006d3381ef156b1d1e4cb271f30ecffe734e0e67a309,63276242,2026-09-15T01:42:07.517682791+00:00,1,0.172589051336536,sell,0,0
0x6fe3e6d04f472218653d4305cb62d324740a0f3373ec3437754ac6baac548b85,63276245,2026-09-15T01:42:07.822007418+00:00,1,0.016252083156917098,sell,0,0
0x4fe46ad5fc07ebb819c49e34db9b9a576d213c5c0c948d275246f5b2c712dd54,63276248,2026-09-15T01:42:08.126331805+00:00,1,0.01929505646651701,sell,0,0
0x4426bf6a88bd55873fd45a51c451a25a86c122ce9f19daf06b423413538d1e4e,63276251,2026-09-15T01:42:08.430656195+00:00,1,0.28435144081409097,sell,0,0
0x6a33236d773d1bec74fc2f517471c3f062c84e8cf32ec5e158cae310214125b0,63276251,2026-09-15T01:42:08.430656195+00:00,1,0.5221987162386136,sell,0,0
0x6b5b2f62c5c87f5f2f8981f6e9c9038e6b81e5c86d7e29257bbac3bea809542b,63276254,2026-09-15T01:42:08.734980822+00:00,1,0.01635585569699542,sell,0,0
0x164658579a927c9e90acbce6e2a9216474259d1f830c4b8d878e0aa0ad806686,63276257,2026-09-15T01:42:09.039305210+00:00,1,0.5207002283134498,sell,0,0
0xdf52504fcee611020919d739495b172166b8f064a2d44e249c7b9a340257e03c,63276260,2026-09-15T01:42:09.343629599+00:00,1,0.28040581338989307,sell,0,0
0x50447d8c76a4ba55def17e503cded437462fbe16d6a9d7e58f4dbb2eb9943a60,63276263,2026-09-15T01:42:09.647954226+00:00,1,0.016338414734162223,sell,0,0
0x93e37cf774188de76655253a9c99733697a7cabc9d58539d527d1702df3c793f,63276266,2026-09-15T01:42:09.952278614+00:00,1,0.016291025570971913,sell,0,0
0xafae9184c24023d8d956d150a23a3353a4cb2d0746288c602144b243b59af215,63276269,2026-09-15T01:42:10.256603003+00:00,1,0.27961860152064116,sell,0,0
0x4109949bff3231d857ca9f4223457b26b2035ccdc663bda35a2560e2fde810d3,63276272,2026-09-15T01:42:10.560927629+00:00,1,0.01628759060647593,sell,0,0
0xe0db37db07cd7f4f4d495a3c71fca98143b077e1532f4f7c8e70ffb2cd2ad433,63276275,2026-09-15T01:42:10.865252018+00:00,1,0.5198465097705027,sell,0,0
0x4beef2c049b30da9cee86eea10834bc64df904f753d3022e3199d240a056588a,63276303,2026-09-15T01:42:13.705613852+00:00,1,0.01628185258549622,sell,0,0
0x43547cfb1cb232d976437c4e6a6fa4caab4776833a48be621a0365cdf636199c,63276305,2026-09-15T01:42:13.908496618+00:00,1,0.016277851345152403,sell,0,0
0x1ad903fe4f87a3d6f676ef2d73c413676de82ca356f7d7076e4a39bce2d0978f,63276307,2026-09-15T01:42:14.111379623+00:00,1,0.17314778764065125,sell,0,0
0x339f30a53f6d6dd30da591917fd55a47599311961bd895d0570a1813b820ecd1,63276323,2026-09-15T01:42:15.734443665+00:00,1,0.5189699146890323,sell,0,0
0xafed64727d0bda16152f142fb1206a1aea72a5af440a26484996ce7362b06e11,63276326,2026-09-15T01:42:16.038768053+00:00,1,0.039867039395424714,sell,0,0
0xfd348af29894d66c368bed97f2d682d8254393a2f72b856c7d689f0396a1dcaf,63276328,2026-09-15T01:42:16.241651058+00:00,1,0.05788224426288908,sell,0,0
0xd2f8740ca17098c618c775fde6855f8c3be1e4880972d1658e054a6f0f8a3cc6,63276329,2026-09-15T01:42:16.343092442+00:00,1,0.016322674270825267,sell,0,0
0x9de1190b2071d08c5dfb1b1c9c1fb902ab155307e9d19eedb6786fdf37619861,63276332,2026-09-15T01:42:16.647417068+00:00,1,0.016320171847768628,sell,0,0
0xe99379bcff5378a24d230e41ca179ccea309b15aab430180d703e9ba5d02415d,63276335,2026-09-15T01:42:16.951741457+00:00,1,0.520366970808861,sell,0,0
0x9459e92e489f51c16d19c78069df59caf08a1a459fc09d865aa5b63d7dd39975,63276338,2026-09-15T01:42:17.256065845+00:00,1,0.016254987351592903,sell,0,0
0x29dd05583b6809d3eea83f4e717ba593178d556c6edf667c0c2195ae2c7134ea,63276341,2026-09-15T01:42:17.560390472+00:00,1,0.3587369290954694,sell,0,0
0x1e8638ff1f2e9b8e867b9170c83eac4f9e90bec6f9291e4c2860ba00cdc05293,63276368,2026-09-15T01:42:20.299310684+00:00,1,0.01626471227008061,sell,0,0
0x8f036762d82892e39af5508184096a9ca853f4cca25d20482931566bbd3ee4f2,63276371,2026-09-15T01:42:20.603635073+00:00,1,0.048711720213403586,sell,0,0
0xba952a60198771700d921f834d900a40fa3d741c869ffcce9b083bcdadeb999e,63276374,2026-09-15T01:42:20.907959461+00:00,1,0.22569925586774653,sell,0,0
0x32c50aedee501f9eaab231b43b69e88b5285327245e0cdb6ef560086393890de,63276387,2026-09-15T01:42:22.226698875+00:00,1,0.016329638100656893,sell,0,0
0x60455f67ed3763391917b2749df5fbb9e3c09a13736b6eeda0cd106cfd539320,63276390,2026-09-15T01:42:22.531023264+00:00,1,0.016341029534348735,sell,0,0
0x91a1578dda86975e89bf18ecac996418f3e69673cf6c6d1dad2d4fd93d4a7d20,63276393,2026-09-15T01:42:22.835347891+00:00,1,0.05790269519135895,sell,0,0
0x4a2867ec3c3782ac791bfeeca83ce1180c4a4cdda6ab1224c85232a6ebe797d2,63276396,2026-09-15T01:42:23.139672279+00:00,1,0.5209370649993832,sell,0,0
0x958ac5af20abec225363a83ea9dcefaf86c31fbf469493fdcbc194495563db75,63276397,2026-09-15T01:42:23.241113901+00:00,1,0.05635344450140403,sell,0,0
0x6547092bb6a75a2616436c5cc07efe68d35d7eaca237768875869a079eaad13e,63276399,2026-09-15T01:42:23.443996668+00:00,1,0.016290387013858355,sell,0,0
0xb9205d7640f6dae1203e908615dfc3dd04bfe37bc4f88196bf98de3d55c28448,63276402,2026-09-15T01:42:23.748321295+00:00,1,0.016254543767353975,sell,0,0
0xa968d9579483c0b6f110b70228436a4f190492d9954423a340c2ce7d9c444a41,63276405,2026-09-15T01:42:24.052645683+00:00,1,0.43875156685248273,sell,0,0
0x0173522fb4f83f52f4649f5c9621faab58255afdde876ecd1fcecd4c8a81ded2,63276427,2026-09-15T01:42:26.284358501+00:00,1,0.016268603099807925,sell,0,0
0xd73c8e4bc4913126d1c368ac483b841d85f0299b4f52abc64d43509c3dc1fb6e,63276430,2026-09-15T01:42:26.588682890+00:00,1,0.048725932659285064,sell,0,0
0xfabf560d45c2f4f300d470e3cf9f9e5701a9c6f5cb67c7db409f06e40481965e,63276433,2026-09-15T01:42:26.893007517+00:00,1,0.3585770326244444,sell,0,0
0xbefb5a1bbc2d04ae6d8eb31272163ca4113437ca7a9ca30745f6f54dd403f01d,63276452,2026-09-15T01:42:28.820395708+00:00,1,0.01630565795284374,sell,0,0
0x04642cf09ea8550e9219412d593280f91f5aa2f1f0c92589c575d3c0d8f25bfb,63276455,2026-09-15T01:42:29.124720097+00:00,1,0.01627730564880483,sell,0,0
0x43fceabf4ff898f482d2956f1f756c14a5670591b5f51280f8c7921f02095f85,63276456,2026-09-15T01:42:29.226161718+00:00,1,0.016380112847067262,sell,0,0
0xbeac5aae12fa93bb4610ca9848bda500cdfe3c5868c954a8bdd270e8ea84b9ee,63276458,2026-09-15T01:42:29.429044724+00:00,1,0.5226389488336497,sell,0,0
0xbf88b996ab56cfa7c870b0d8ebe3015462f2c9b843d1407f98e33e56c4e0dca0,63276461,2026-09-15T01:42:29.733369112+00:00,1,0.05795302570592224,sell,0,0
0xfc178028335e3a70f512815b5267f585335d403b39d2f57e3c7cc647feaa9e28,63276464,2026-09-15T01:42:30.037693501+00:00,1,0.01635767288323625,sell,0,0
0x1a4d0959a76668c7529952b63083872ec401ab88ee6fd298e1614595d16a0854,63276466,2026-09-15T01:42:30.240576506+00:00,1,0.01636186742091147,sell,0,0
0xa2502632a98f6a6b02a0ba69962dbc449e6ded227e18fd8a9dfde1b1638a0fa1,63276467,2026-09-15T01:42:30.342018127+00:00,1,0.5206619016466535,sell,0,0
0x158405be51a2ab0bee6a01c331e633cb1c6236705c97996120897321344e62b2,63276470,2026-09-15T01:42:30.646342516+00:00,1,0.057852405545612565,sell,0,0
0x61d2da7fff287cb5cf4105826012cf4ccaa9ff599800a731cde665b430cec81a,63276473,2026-09-15T01:42:30.950667143+00:00,1,0.016262942682503313,sell,0,0
0xd6ecf17fd698965bb6ffa346c3989f1ee70240975ccb6b639a2e0649b72ab3e7,63276476,2026-09-15T01:42:31.254991531+00:00,1,0.05779755773879126,sell,0,0
0x3f5ca1daa9f713c6f43f3913f8b9f783426d8f36093fd2d094a2a773bfd7096a,63276479,2026-09-15T01:42:31.559315920+00:00,1,0.5200128158693271,sell,0,0
0x7a27cc2e367c67e34005a87f6f741041b73a4c70b84ab3888abf44efc6df9564,63276480,2026-09-15T01:42:31.660757542+00:00,1,0.04763130440514427,sell,0,0
0xa5e92ebaa7d19fd731598485ef4fe016b4280e0e22bf748d0a119998d1c5465a,63276482,2026-09-15T01:42:31.863640547+00:00,1,0.016256548987659204,sell,0,0
0xb54e0de5ae0e0b5dbd754d425f198f012cc26a3ffadfe551fe7f0051ca2e7d47,63276485,2026-09-15T01:42:32.167964935+00:00,1,0.016256470094940117,sell,0,0
0x4639acdd6f2c69a29faaf6f4660e8fe90eb3c7f9bb2781bc24e09a2f91df6609,63276488,2026-09-15T01:42:32.472289324+00:00,1,0.35870156050860574,sell,0,0
0x652c1cda7193a46bb198c97f964373b9277857f1e5e50c8d1be6eeafe055d5da,63276540,2026-09-15T01:42:37.747246742+00:00,1,0.05766716641325075,sell,0,0
0x6ab632d73b0455d15a3d7081adb01e116b382e3613f0090ef639750118402786,63276553,2026-09-15T01:42:39.065986156+00:00,1,0.3585980252250248,sell,0,0
0xa1da7c7e10799ae3dfa6efd41b304b351490b65efc1766a8a6572ad136be06f5,63276556,2026-09-15T01:42:39.370310783+00:00,1,0.016253173267815984,sell,0,0
0x97aff302db02e70ab9475507281c41e67346e635c2b73d459d409397bd35c20d,63276559,2026-09-15T01:42:39.674635172+00:00,1,0.016248934679538387,sell,0,0
0x7e2c462d104a476efba7f38b16a10c9cd23fedfa2f1934198d79141b2cc08b52,63276578,2026-09-15T01:42:41.602023363+00:00,1,0.4387891890307989,sell,0,0
0x12595412e887a2fe9b6961fee8b28ea5a65e14fefeb264e416c4023af6680bcc,63276587,2026-09-15T01:42:42.514996766+00:00,1,0.08362154828698426,sell,0,0
0xeb2865783b951c8579e290106517cc3c8ce1d909ccb1f89104694c287c90d1fa,63276589,2026-09-15T01:42:42.717879772+00:00,1,0.058301241292931995,sell,0,0
0x9fd02ea6c29f02bec3ebdccb28f25fb7b65fa83e0a644411d93fd63f9c05caec,63276590,2026-09-15T01:42:42.819321394+00:00,1,0.01643838217512348,sell,0,0
0x808177188781acdb6b65e230bb857151ac38ef578ea3545b1b9b100b1609968b,63276600,2026-09-15T01:42:43.833736181+00:00,1,0.01641468336138605,sell,0,0
0xdb11841d63d2ef988f7ad40beb112905e57a3685f535250d6238243c6d0af50e,63276616,2026-09-15T01:42:45.456799984+00:00,1,0.4426033566906722,sell,0,0
0x9f48236296026f004a6ce016aba02d33d1d70b2c345d08242b365d6e1eb53ede,63276619,2026-09-15T01:42:45.761124611+00:00,1,0.019360036788674605,sell,0,0
0x4eb3720c05458bf092ba8b812f686271fddedf1edb052826f7eb59f7566070d0,63276622,2026-09-15T01:42:46.065448998+00:00,1,0.016387140975947012,sell,0,0
0x2e6068b79b9b2873cbe2573ee9c21661dfb9fded2b3c3e572dbf387e1474632f,63276625,2026-09-15T01:42:46.369773388+00:00,1,0.44115486587684694,sell,0,0
0xd026508fc18b790ada8be96c884cdcfd7d934fbaaa234cb7ee6785b3f8c32ce2,63276628,2026-09-15T01:42:46.674098015+00:00,1,0.016332611830371116,sell,0,0
0xc77da7eca2ae9acdd116e0774bf474135d486c466695a4b27819c1b9ddeb5e89,63276631,2026-09-15T01:42:46.978422403+00:00,1,0.05786588025734147,sell,0,0
0xc92bad7b4effae4a22f47a8d54ad8e9ae5905ec53f0f8b7fc831246a049e28a8,63276634,2026-09-15T01:42:47.282746792+00:00,1,0.016317395446782994,sell,0,0
0xd7c3b13de182e2188c058b984cda0e0e9329ba816690dbf36f97fa15d2510bb7,63276636,2026-09-15T01:42:47.485629797+00:00,1,0.05632038548792588,sell,0,0
0x7cef9a51208f9695404bfc6e0a6fd0291bbb9f654f0fdc5147d5549b13ff7067,63276637,2026-09-15T01:42:47.587071419+00:00,1,0.43935435089709823,sell,0,0
0x82ab3444592e722a8490d96cbd47babf1ac0416bcb1c74bf0bb5b5e5251b4119,63276640,2026-09-15T01:42:47.891395807+00:00,1,0.016257087216023855,sell,0,0
0xacc74b4d529f0405bc1279b8963ca57a0fffcef384bde34cfbf358aebc12e687,63276652,2026-09-15T01:42:49.108693600+00:00,1,0.016253584128462006,sell,0,0
0x2b4a3d5e46127de7063986ef4c229db04d2e75ddad3e616ae35ac9d3716d04f1,63276655,2026-09-15T01:42:49.413018227+00:00,1,0.2523343426388434,sell,0,0
0x4f1f9bc7063bd557823defbd33b597c487f8a4d6775976c4850271b6c0b0ad85,63276767,2026-09-15T01:43:00.774465084+00:00,1,0.05759844905411481,sell,0,0
0x2cd8b94fafc56e33f185c4d243d97bc4708702b7478ba237bc0ccdcdbb4a5d5c,63276868,2026-09-15T01:43:11.020055532+00:00,1,0.01920566402642474,sell,0,0
0x554c8980afedb445f142c8ff43a3abd25f61a14394366b2a8454ba721b6f380d,63276871,2026-09-15T01:43:11.324379921+00:00,1,0.27899673462650504,sell,0,0
0x6f8de4a2c06a213199cd67e7a8d6c12aaa035bfd4b479c64793a064fca873377,63276917,2026-09-15T01:43:15.990688562+00:00,1,0.01627101175304884,sell,0,0
0x9ec766561cf18a7c93e40af295d5ae85242f8fc548596ebf27d068d36dfc11e9,63276920,2026-09-15T01:43:16.295012951+00:00,1,0.05763484105296952,sell,0,0
0xf0f791bf6d7343538b071eaf265266ba7cab398a5cdce81d398bb450fdb91249,63276923,2026-09-15T01:43:16.599337339+00:00,1,0.35888390531409925,sell,0,0
0x43f143239a568cf97504ef3439c553b553bed171ac06b8db2f90eb07bafebdcc,63276947,2026-09-15T01:43:19.033933163+00:00,1,0.016250344055480676,sell,0,0
0x7180a946033e9d6040af33fda7b3e1f7059a9d366023b95e435c72595b43d860,63277034,2026-09-15T01:43:27.859342813+00:00,1,0.01629569831091649,sell,0,0
0x3f8fd1d1d3b9ee34b1da41eaebbebdaece0ec31a0b586af398cb76b8de09b3c5,63277037,2026-09-15T01:43:28.163667202+00:00,1,0.0527648867703267,sell,0,0
0x9788cda37351ed3de0ed3ae9b02259bbb53502712957577a816fd1fece4a0666,63277037,2026-09-15T01:43:28.163667202+00:00,1,0.439385521902861,sell,0,0
0x3afc4e10d5e81f0aec0ea2d64b2b898c44dc594550a858ae89783650052173d1,63277059,2026-09-15T01:43:30.395380020+00:00,1,1.5812608096413074,sell,0,0
0x5b2fa5032256f27203376ab10490d607e9634ef5f45ca95a6483de9aa0352ac1,63277062,2026-09-15T01:43:30.699704647+00:00,1,0.19080829964662846,sell,0,0
0x3ec118d29ed892504d36f370c1dd80411e4351c2a18b5341c68fb62e03214171,63277089,2026-09-15T01:43:33.438624859+00:00,1,0.019366365565417643,sell,0,0
0x4715121fe14b4e53e8e8af985e75fde972195fda655f24a24ecb6c272be79ec6,63277092,2026-09-15T01:43:33.742949247+00:00,1,0.016409701046335805,sell,0,0
0x1b31731988d198392e760b72d680389cabee0d676df2d17d9db696e28bbdae50,63277095,2026-09-15T01:43:34.047273636+00:00,1,0.01932985495003403,sell,0,0
0x86fce0ee8d77247c0ae65daf97c116bd73c13fb8b4d459eb522cb2f8895e8160,63277098,2026-09-15T01:43:34.351598263+00:00,1,0.016333885243979655,sell,0,0
0x820c1d3035639913eccf063825014060cebda3281add64792e521b942ea6c9a7,63277215,2026-09-15T01:43:46.220252514+00:00,1,0.002262986523386639,sell,0,0
0xc8610a0c2796d4b1dfc56f0d805bc381cb20a5b34141179a877c0d44306bd359,63277773,2026-09-15T01:44:42.824603796+00:00,1,0.019313291255458304,sell,0,0
0x19d3362f0fdb130d6c4dc9878ace887be092ab113e737aa1fed881726802a2a8,63277776,2026-09-15T01:44:43.128928185+00:00,1,0.01632526347848093,sell,0,0
0xa62d413d9d418025fe688dd301f667cc0f378b91683c476cbb927d937b66a6f5,63277779,2026-09-15T01:44:43.433252811+00:00,1,0.0577427679797946,sell,0,0
0x6a66aa2ebc9ad8dd7fab10c9aaab0c9af3b99b5bf4817d0552dbbb26cad69ec3,63277782,2026-09-15T01:44:43.737577200+00:00,1,0.013313614193721115,sell,0,0
0xfd111adfa3ec74f8b1c89a7ebadcc756f65e9c8854083afac924397a093765db,63277785,2026-09-15T01:44:44.041901588+00:00,1,0.01624802022389398,sell,0,0
0xbeb26964076694b223144b26bfd84d4d8052b551f16e4708be8cc18cf66d63a0,63277788,2026-09-15T01:44:44.346226215+00:00,1,0.030985358275718855,sell,0,0
0x7dadb3780f1c867357f39115d7337308827d02c86d6b451dfbe828197c885319,63277791,2026-09-15T01:44:44.650550604+00:00,1,0.03099871638095515,sell,0,0
0x5f11e522c52e358972296e027b4fecc32d120ae4a825eef8c93f99eb1b83833d,63277813,2026-09-15T01:44:46.882263422+00:00,1,0.03098812933743965,sell,0,0
0x87e1604da7a1c0cc7517444531e6d7ebb6b555d7ae78d2bd44b4e7bc7329cb94,63277921,2026-09-15T01:44:57.837944269+00:00,1,0.0093323673610068,sell,0,0
0x9f840c0d4a21c1e6463441ca57373f475759e91ee9314f543b0cdb7af08e1db2,63277959,2026-09-15T01:45:01.692720890+00:00,1,0.016286376527903827,sell,0,0
0x967f2031306750155f518064fbdeac319801e49c44c943c7fe99d4274c86baad,63277962,2026-09-15T01:45:01.997045279+00:00,1,0.04871840303130206,sell,0,0
0x7b17ac2fb38b7896e6fd519e41667d9a1ab1a966370fdab4239c230ac20e5e7b,63278011,2026-09-15T01:45:06.967678308+00:00,1,0.016238689835879457,sell,0,0
0x8ae6c454ef14161dcb153f9a571492b113ce1cb7166320b78b3f42baddda7b74,63278034,2026-09-15T01:45:09.300832748+00:00,1,0.03985277502983399,sell,0,0
0x7e98181a0cab59af296a51f026e0e2701ee317bb9cc2cf054b119512f411d6aa,63278145,2026-09-15T01:45:20.560837984+00:00,1,0.019880144404221825,sell,0,0
0x8965b22d14f664ef8b1c265791dcbae4033b0663576db48830c3a42c6f6ffd41,63278184,2026-09-15T01:45:24.517056227+00:00,1,0.06649206625382295,sell,0,0
0x50c791059527c4ef86ea7dbc5b6e53ef1507fe22d7518ea7a3bfbcd23bd62aae,63278186,2026-09-15T01:45:24.719939232+00:00,1,0.016251503946335163,sell,0,0
0xd851fcadebb7ec5efc30974bd0b2b24923ab8cc0dfcdb7b36716ad45deaaa92c,63278203,2026-09-15T01:45:26.444444418+00:00,1,0.010396286720465024,sell,0,0
0xb11e15a6cf4de1e2de3368f95df8b747219b73058e625f020f02df306ab59685,63278351,2026-09-15T01:45:41.457784891+00:00,1,0.05763423441496826,sell,0,0
0x293ca2f16bb5aa3d9e27d407eb63362b2f3bffdd27b77d58176b015e419ebb49,63278353,2026-09-15T01:45:41.660667896+00:00,1,0.01625913614567087,sell,0,0
0xd35e5cd34b3cd8edce68efc3320ec3916ea97235c4d77252c3fede5b6d2b6350,63278373,2026-09-15T01:45:43.689497709+00:00,1,0.011104282862207705,sell,0,0
0xf6350c41a5e0e29c30158d1abe99c748045d3b1c5374a75ce4f92084f3977873,63278463,2026-09-15T01:45:52.819231749+00:00,1,0.04871853970328325,sell,0,0
0x1107e593169d492ba96139baee45beeb1209edb02a62d1f90d1ab060fe590df1,63278466,2026-09-15T01:45:53.123556376+00:00,1,0.01625453548933667,sell,0,0
0x92f860c00b9da6dbef9c9aa51e6bedd76b999c37733de271bcffd4b60a706049,63278514,2026-09-15T01:45:57.992747784+00:00,1,0.028027307952714162,sell,0,0
0x2df134fe97e5c89f358dbf4800235358833147a8219ff02bdda1d11ac71d525f,63278725,2026-09-15T01:46:19.396902084+00:00,1,0.016276005288860095,sell,0,0
0x6f4e55096352aa02a7cfb790afae20d6223512e29fd6183b22dad08eda533cc2,63278743,2026-09-15T01:46:21.222848892+00:00,1,0.06654510509497576,sell,0,0
0x58cee4745ded17c570da440f557ce7f9f08b830c6ab91bebcdaa40b3632f7c47,63278795,2026-09-15T01:46:26.497806311+00:00,1,0.0162538180553418,sell,0,0
0x56184103a7ecc3a5778fb84345efd85feff0c412200c62628bc5b77667be3a05,63278798,2026-09-15T01:46:26.802130938+00:00,1,0.0487161185483035,sell,0,0
0xca8a779745fc230ba41f559db46bf0ab77ed58dce1e93f5c19ef4f90ebbe0bd8,63279007,2026-09-15T01:46:48.003402233+00:00,1,0.04859880001143279,sell,0,0
0x1b6d6c67a072977928af97c5e972ddb9b6f830cd04e827699ed01b4e79ca136c,63279030,2026-09-15T01:46:50.336556435+00:00,1,0.003230666491053269,sell,0,0
0x50dc01dfb22ab3066252692e21b527dec407f940af84d2b0fad0131d8cb87261,63279054,2026-09-15T01:46:52.771152258+00:00,1,0.03473482226504607,sell,0,0
0x129b0a81aad0a810e6f8fab832eb05c6627ca7dc60ccd8d593d0c38934e195a7,63279105,2026-09-15T01:46:57.944668293+00:00,1,0.03440408133438962,sell,0,0
0x0242feeaf5a9671983e1a2d45105d5a1617caec331b1dbc6134bad068beb720b,63279155,2026-09-15T01:47:03.016742706+00:00,1,0.0802086470422832,sell,0,0
0x73715d23cc766cf90e435b3cf8de6ae8d1551489afc75f9317a549794331a032,63279155,2026-09-15T01:47:03.016742706+00:00,1,0.07973019116376968,sell,0,0
0xbe45900f81f00a817d681d401ab762f2a84e6fab8034c6416a1d6c6c277d814f,63279165,2026-09-15T01:47:04.031157732+00:00,1,0.006705009185083974,sell,0,0
0x4ea0d201dbc2188480d6d4129c9c94ee8510d7be0f148f6498dee0e46acbb16a,63279204,2026-09-15T01:47:07.987375736+00:00,1,0.04989447868725041,sell,0,0
0x305e0fc79784f0fe76afe28489fa1e0e68b80d32a5b0e7e1a3f63301233af657,63279206,2026-09-15T01:47:08.190258741+00:00,1,0.06862290165160162,sell,0,0
0x179fac49b67939ce15e997e9ec93ad9c59c21dd7567beebb8c5d9996a73b62ef,63279215,2026-09-15T01:47:09.103232145+00:00,1,0.06690197179319382,sell,0,0
0x3ae196caf6860292756c1c7722385ec9d4a498c2126afe16f35d9093dbb28357,63279229,2026-09-15T01:47:10.523412942+00:00,1,0.08137218230159508,sell,0,0
0x182d69f010d85807e6b10b24ed0dcc4739dfbdd8a3437ac980b13bdb47810fda,63279309,2026-09-15T01:47:18.638732195+00:00,1,0.2197170937754583,sell,0,0
0x9ea2c1242ee335a9a95cb3ce402d7aada6bb47137c68d2f167e5957d1bd99763,63279376,2026-09-15T01:47:25.435312033+00:00,1,0.03991729442927328,sell,0,0
0x3335386168ecdebc5f958a1593b1790eb58106c75adb59949d726e5b18f3f848,63279378,2026-09-15T01:47:25.638195038+00:00,1,0.0692366426157845,sell,0,0
0xee4427946aed3cca4230878ab773915e88d966b2ea1c9a32b004e6b717671b78,63279417,2026-09-15T01:47:29.594413042+00:00,1,0.04484062931398425,sell,0,0
0x31289754de421078b82bc0c709d2be80dccb8141481f8b37fa7e24965e8e8f55,63279428,2026-09-15T01:47:30.710269451+00:00,1,0.0707791321831788,sell,0,0
0x151bfdd1bfaef3babf696a97722dda7a3d7d1f8b734f3d1cc95342243a914e88,63279428,2026-09-15T01:47:30.710269451+00:00,1,0.03257915335134342,sell,0,0
0xb1207020d6ffa9ab1b61a3a605d94652c9ba974f770bf3578775bc7ffb8d311b,63279428,2026-09-15T01:47:30.710269451+00:00,1,0.06599507083996459,sell,0,0
0x5ef87da4c3350d261fb7038e1acc2ee12a01ef2284d2d44ada63c8d448792b0d,63279430,2026-09-15T01:47:30.913152456+00:00,1,0.01650077179511227,sell,0,0
0x2a682a3458bf932a9e60c7e928d61f53b9457af353b2f4b65dfd9b85f1247324,63279433,2026-09-15T01:47:31.217476845+00:00,1,0.016416499981585654,sell,0,0
0x9c1e9c1d7fbdec88e1ed384db15936ef9d1a1f6815f68e504bf88e4442f05e09,63279458,2026-09-15T01:47:33.753514290+00:00,1,3.5462944935239e-05,sell,0,0
0x4e386c2e40b48b5d4e6a7c315d4afd4cdb477cc82055fd7734b2b9171b580922,63279466,2026-09-15T01:47:34.565046072+00:00,1,0.016392512841954233,sell,0,0
0x351c0b4bf381a1d07f2c248cfd5adb0b72a93611f7f47088a880976e15819650,63279470,2026-09-15T01:47:34.970812082+00:00,1,0.016338547187936123,sell,0,0
0x528b700674dd527d1b2c5f019dff2e0c87ae26c2c6f310d214bd152e60e629e8,63279473,2026-09-15T01:47:35.275136471+00:00,1,0.06658914101897058,sell,0,0
0x8c62deb74e531e10224ab57f03543d348e949118b8c3fd7116908bbd1a9c947a,63279476,2026-09-15T01:47:35.579461098+00:00,1,0.016350529428906847,sell,0,0
0x08cf134fc01a665f13160d1be30b96a28e244e7a55ac289bfec97f37c28ab41e,63279479,2026-09-15T01:47:35.883785486+00:00,1,0.06660709416122293,sell,0,0
0x187f9b9359e5b92d75feaf5de5e9f3249db5ebc45a1c47cc4ca0c1676e5a2d84,63279482,2026-09-15T01:47:36.188109875+00:00,1,0.016275011093407867,sell,0,0
0xd7bdb2a2c7ad9396424d71f5ed7cfd3c73d92aea40d5fc838e9c1e2aa88cba23,63279485,2026-09-15T01:47:36.492434502+00:00,1,0.03982062591542969,sell,0,0
0x060e05974f0ddd29a01134d1ed0828b2801322ca95d00d3ab0165874ba77d4bb,63279491,2026-09-15T01:47:37.101083279+00:00,1,0.016326637597778366,sell,0,0
0x48b866c0a276d70fe631e7f2bb0734f10871dd802bbcf84b22472b19117fca80,63279494,2026-09-15T01:47:37.405407906+00:00,1,0.06665090043790813,sell,0,0
0xd731f9562e52cc6d45b264a0c243fc7ab51c288f8d74098d6e115b21cfee7133,63279497,2026-09-15T01:47:37.709732294+00:00,1,0.01624788682393581,sell,0,0
0x01aa214db8296d75ffcfb42dcf46e5e395202ace4968fba76e4345c56f6e2981,63279500,2026-09-15T01:47:38.014056683+00:00,1,0.0398223618388122,sell,0,0
0x5657779dcd1141068616275f35dfa3e2f88ab0035891e14e28aac47b51eacaa9,63279516,2026-09-15T01:47:39.637120485+00:00,1,0.016246417258992785,sell,0,0
0x71a0852cee69cf07fef6ccb1df154ec249acb515f087f327c0eafb13e50a1a96,63279519,2026-09-15T01:47:39.941445112+00:00,1,0.0486990551144767,sell,0,0
0xc0bb39743a6d8f1c1528c1cacce23d5f60328071a1cd7be8750c4d90183ea436,63279542,2026-09-15T01:47:42.274599314+00:00,1,0.028809081966890977,sell,0,0
0x045186095248341381a15f8707de9b05146c6b2106819105c28fe5b3d75050f8,63279543,2026-09-15T01:47:42.376040936+00:00,1,0.10824088675513097,sell,0,0
0x50397d26b9c405d5026715dd416b83f8f564d1d1aed14534e9dfcc513a082a1a,63279546,2026-09-15T01:47:42.680365324+00:00,1,0.016394828799688173,sell,0,0
0x80c9c5dfbc0c8404bfbf7368076e0fe712a235833b00f97bad4dd62e8b302042,63279550,2026-09-15T01:47:43.086131334+00:00,1,0.01631834512878682,sell,0,0
0x2d26214534c327a324f6d249813e31965d718a72abbcc1702704911aede75d7c,63279556,2026-09-15T01:47:43.694780111+00:00,1,0.016285226544750855,sell,0,0
0xa505e2ff8f523f16ed8b2c9ec210705864bc0ef249128be06c7192a7ad072aad,63279564,2026-09-15T01:47:44.506312132+00:00,1,0.016251138667786717,sell,0,0
0xe42f670e92efb6be53d2e0553760fd9e140594e46f3178164d331b48efa2c666,63279611,2026-09-15T01:47:49.274062157+00:00,1,0.03911001847794118,sell,0,0
0xe7587a3f7399f5e5b39a5170036be599dda2ad99a38373555a99d47578180bf5,63279648,2026-09-15T01:47:53.027397156+00:00,1,0.01638892603513783,sell,0,0
0x6f65e9e055f0c3711758466140cbc49a7d28bf35d84cef753d253933b007f28d,63279728,2026-09-15T01:48:01.142716408+00:00,1,0.016656092890943993,sell,0,0
0xabb4095eabd1e03825e975a1ebf5becb7bdb6778ac1481daf5cb0ee9bef3831a,63279729,2026-09-15T01:48:01.244158030+00:00,1,0.05710426620184488,sell,0,0
0x9225838d24e3ee71bb1d520c2567120dfcfd2fa75c58d4f3a98779673b65154d,63279729,2026-09-15T01:48:01.244158030+00:00,1,0.05488511294680561,sell,0,0
0x7c82551600ebc26a3f9f9cf29656f5b6621ba160ed2399f20c35212b86fc7261,63279751,2026-09-15T01:48:03.475870609+00:00,1,0.016240124071415896,sell,0,0
0x242af1117fec3e710efb1c5939597d332a3d1351f720b4ea60268feeff953cd3,63279761,2026-09-15T01:48:04.490285635+00:00,1,0.013287562872001444,sell,0,0
0x14ac7634c6bb916b0f3e9fa7481faef78c74e171eb7967af442c442bd2498570,63279768,2026-09-15T01:48:05.200376034+00:00,1,0.019212182112825032,sell,0,0
0x0b3af45356a55344ab452ab10c2868a7d9ea666154e6bedd3d0436a041fc7853,63279769,2026-09-15T01:48:05.301817417+00:00,1,0.041035575392347465,sell,0,0
0x70adc6ce8c374c290025e1d2e5cff848849fdffba73554df47c7ebb0c3b7f8f3,63279874,2026-09-15T01:48:15.953173876+00:00,1,0.01628455251256722,sell,0,0
0xaf44cc0acbe6b74d2ddc92fec29f4d19579c3a29d441274847593b776c1c3217,63279908,2026-09-15T01:48:19.402184725+00:00,1,0.019199521962336163,sell,0,0
0xd6638d4807042b9ade92c611766ad9208f99527f16424ae1d37279d6ac69aa4f,63279933,2026-09-15T01:48:21.938221931+00:00,1,0.019288029712807256,sell,0,0
0xa2bc95da69071b3afb41d191471504367341a400bad300777c5b61e56d83f831,63279935,2026-09-15T01:48:22.141104937+00:00,1,0.019317949555651096,sell,0,0
0xb6766a78c0b6c104ae53b662f73654f61be2ef32e31243e3c4184af95ee0ac76,63279996,2026-09-15T01:48:28.329035759+00:00,1,0.04237236231499906,sell,0,0
0x3ed59047a4b707bf9ff0999fc43a32aae8af656259ff3351b0746d77cbe7e054,63279999,2026-09-15T01:48:28.633360147+00:00,1,0.019544268871323767,sell,0,0
0xb5a00da6eec632a44a2b14c07df868244f94a9194ae09e2d8e198092d87188d3,63280004,2026-09-15T01:48:29.140567541+00:00,1,0.019448355150368205,sell,0,0
0x7920399450e0649708651a1f2c4f3336f5322cb8fbf40fc9055e27a89878a3fb,63280011,2026-09-15T01:48:29.850658178+00:00,1,0.019352684568292415,sell,0,0
0x0f1e122a36512285e57f88402018657705c9acd2c6baabc95f447aa82882125a,63280011,2026-09-15T01:48:29.850658178+00:00,1,0.019352291090754647,sell,0,0
0x024fd85e3596888a3e4397cfd06c29483230f9d9e681b04ae23d5caa26885ec8,63280073,2026-09-15T01:48:36.140030384+00:00,1,0.01931417794537915,sell,0,0
0xd101fe03b6e4a84c9dae3aa6143e1f379d4ff0cc0353907e343614de524d975a,63280079,2026-09-15T01:48:36.748679399+00:00,1,0.01919851644665062,sell,0,0
0x67e7b05b60ad99ceb6936f001fbe84d94a4f18d03dcb4ca80e05d220201f1b81,63280098,2026-09-15T01:48:38.676067591+00:00,1,0.019221387742899783,sell,0,0
0xd0972c1f6973a2224aad4dd85c2d4391261ae296d12edfd513844c5e2f608ca9,63280270,2026-09-15T01:48:56.124003887+00:00,1,0.041210082268570945,sell,0,0
0x8dacfc7457385f832506edd8c67bc76086cd68b23e559e7f033588f06527d9c4,63280275,2026-09-15T01:48:56.631211281+00:00,1,0.01324584253967562,sell,0,0
0xd8f825c34e9050d42480f1ea2d895e89e1fabae0cddfb65b3153829d543fe71f,63281991,2026-09-15T01:51:50.704807997+00:00,1,0.048219285305273266,sell,0,0
0x3a6f6ebb35bba066179408fdd903fea3d3b2f4d6ccd5ee05add7be756ad03a9d,63282577,2026-09-15T01:52:50.149521112+00:00,1,0.0541445349805525,sell,0,0
0x8e8fc1ce2bfd1f2d812b2abba860c0bd35fdac437d9d4285e7f1f3495e9ca5a6,63283123,2026-09-15T01:53:45.536574364+00:00,1,0.01309314530983241,sell,0,0
0xa7b2e6b6c10d307aecd2b597aa863f3d1fa82fe4ac67c2c592e7e6c2c5a44b92,63283124,2026-09-15T01:53:45.638015985+00:00,1,0.003383783439892575,sell,0,0
0x3e3d84d4ae08d305cdf722793263f0a526cc75a6ec14f7f79e01516c2904ab87,63284914,2026-09-15T01:56:48.316651583+00:00,1,0.05350198620025676,sell,0,0
0x2d8c57103f949bf91c6491054d6ec971c3904293f86fb9db8ac6a5d35a90bff1,63285716,2026-09-15T01:58:10.176957607+00:00,1,0.021,buy,0,0
0xcd68518628d1b2e945a1995c9ab544bdd1a78bb0dd5fb9756748a67e2bea94ff,63285721,2026-09-15T01:58:10.687308788+00:00,1,0.021,buy,0,0
0x20cf63ab2fdbaae18a98b9f980eda8b5a6b89980a31f780b402139c393d8280e,63285739,2026-09-15T01:58:12.524572371+00:00,1,0.0154,buy,0,0
0xfc47f33daa8bdd1e8ae569c50478b6cd0cc5bf16dd6671864251b0e5c99fbadc,63285754,2026-09-15T01:58:14.055625677+00:00,1,0.02099999969503977,buy,0,0
0xe59c72451463696e6703f86e2c1fd1fbe1a7f7fbc25dad2493aafc0f36e48ba8,63285921,2026-09-15T01:58:31.101350069+00:00,1,0.0154,buy,0,0
0xd62277d4b46ba559791cd2f5396b54ebf3bddfc4b98e7a4b83a05536bb983819,63285923,2026-09-15T01:58:31.305490494+00:00,1,0.021,buy,0,0
0x6f9280e46c2b87cf1aae9f20c5204348597db0998d61d5321b309a04fe6ccf1a,63286049,2026-09-15T01:58:44.166336536+00:00,1,0.021,buy,0,0
0x17c148672a7509b11f5c2d06649ab9fca59c808d85a0e4369bfd52989ba6f303,63286140,2026-09-15T01:58:53.454725504+00:00,1,0.02380005713419872,buy,0,0
0xd121f015315bae30a312fc76d932f4593d94633010b28d55af930cadfa668d5d,63286205,2026-09-15T01:59:00.089288950+00:00,1,0.02379999963749426,buy,0,0
0x4420fd43428f176121c79d56ca6a73f6b3f5a0efccd0be6fc3be410f97992af9,63286227,2026-09-15T01:59:02.334833384+00:00,1,0.0126,buy,0,0
0x81d01b3d3e1e66aacc7c749c7cc59c0e385782cb24849a7cefba81d40ad61c5a,63286342,2026-09-15T01:59:14.072907209+00:00,1,0.0154,buy,0,0
0xa019385d0f81d4e4827fc9c63ba1f4d7d64e571b815519e437ead57cadc66012,63286563,2026-09-15T01:59:36.630423069+00:00,1,0.021,buy,0,0
0x22c65fb1d5a667ca7a780d6e05a659d3e362d531957acafa7cc3000a28b3bea3,63286729,2026-09-15T01:59:53.574077368+00:00,1,0.021,buy,0,0
0x307f5367332c6af137f5f0e429809132ec18a21a3423d985312001c608a27c89,63288149,2026-09-15T02:02:18.513771296+00:00,1,0.02509598131693016,sell,0,0
0x2bb90f31c8db1d3e93e7d0c8f5d7efd6bf570dea9e09471b69f997341974d6d0,63288214,2026-09-15T02:02:25.148334742+00:00,1,0.02509432508387999,sell,0,0
0x0db741a13d48f4dcb4e6873eb9fc8f98e3e4c4eaa5dd11d6a652291aa601a027,63288341,2026-09-15T02:02:38.111251116+00:00,1,0.022135766776303,sell,0,0
0xa6626632a9f02100d2ab50d5a778e903dd3d0707c621b6ca48e6ff11eccaebfa,63288449,2026-09-15T02:02:49.134833574+00:00,1,0.025313600510424743,sell,0,0
0x4cd757d95b1dec52d56c8da9219e9b76c396cf847c9ccac2470c67574816acc4,63288461,2026-09-15T02:02:50.359675884+00:00,1,0.025194099113055465,sell,0,0
0x54df18f6bcc3ffdd534bbc3908a4e56567bbfbf52fa0cec9c57827254529f90e,63288501,2026-09-15T02:02:54.442484140+00:00,1,0.022190408065216945,sell,0,0
0x8192e87b24e9ed5932d6febefde730f3c467135f1a3d6f22153e9eccc3ed8fe5,63288532,2026-09-15T02:02:57.606660604+00:00,1,0.02214209415805415,sell,0,0
0xbee8e96813e93716f4bc0b0f87c21708070532dd06c1445d94f3f3ea3d3f7c95,63288725,2026-09-15T02:03:17.304114103+00:00,1,0.022212485304268576,sell,0,0
0x9326848f3a0fef04c1d45db09264cc082ae362e30152f54f277f2204c3c5c509,63288906,2026-09-15T02:03:35.652325869+00:00,1,0.02226205299674786,sell,0,0
0x13f2361c365bad343239f36ddea0d12b3db6583e2d46425bf73ea9ba0e538419,63288918,2026-09-15T02:03:36.868782043+00:00,1,0.025110541047357816,sell,0,0
0x77a0b925cd59ea41e8207c330757b4fe2e2bf21f547c4bb4f0c5142a7e4ac006,63289014,2026-09-15T02:03:46.600430250+00:00,1,0.02214022163304274,sell,0,0
0x2a58f0d5204ec0aa457d92ea88682793fd89b7c669d2a49a0bdd59fde1930898,63290215,2026-09-15T02:05:48.347405195+00:00,1,0.020999999691194014,buy,0,0
0x40f543879442cf22fa194450540491fde65993144bcf1ac9282f4e7bc6d652fe,63290234,2026-09-15T02:05:50.273460627+00:00,1,0.020999950625231797,buy,0,0
0x9a9d335ec843649a59ba6e286518dadbf6789194601fd6dc7f552e1d90556bde,63290266,2026-09-15T02:05:53.517343283+00:00,1,0.021000198671473753,buy,0,0
0x5f43ea0d9de9bad058d2ba26fc5ea08bc3e1a3fd76c04d085368e2e8d28baadb,63290293,2026-09-15T02:05:56.254369497+00:00,1,0.0154,buy,0,0
0x57be98b42a47aab265e15150f0f6993db23fe5abe150bbe5e6273e021e330d4d,63290302,2026-09-15T02:05:57.166711569+00:00,1,0.021,buy,0,0
0x34b36bc46b542e92c21c45c01ebe3ef0b476b709949fd30e71860b0972522b54,63290305,2026-09-15T02:05:57.470825434+00:00,1,0.020977268871650225,buy,0,0
0x2f7eb4e8743f76cbd06b65a1d27f3922904152c015156a503e7ac899a5a8759b,63290309,2026-09-15T02:05:57.876310825+00:00,1,0.02379948659769006,buy,0,0
0x814886e1416e3ea905cf36a2959d433927dd243bde80eeda329e1677cb386076,63290318,2026-09-15T02:05:58.788652897+00:00,1,0.020993208092934805,buy,0,0
0xd3c9d8fc942c02febeadc98c6aa5a607df69adc6494f2ec1c51d7c706df2e77f,63290358,2026-09-15T02:06:02.843506336+00:00,1,0.020999999694181745,buy,0,0
0x416a73c2d11b191398db00097601238c10f94c36c00b2dcede6083a259924dcc,63290472,2026-09-15T02:06:14.399838686+00:00,1,0.0238,buy,0,0
0x5e80e70d12626913d7a79baee52001f67e889eb85c099d83ff32abc83231e9c1,63290596,2026-09-15T02:06:26.969884396+00:00,1,0.0237999996539883,buy,0,0
0x8a642a2899d02ce1f24743561fb60162168c0f2d3c8113c4642d446e6a2d59d9,63290693,2026-09-15T02:06:36.802903891+00:00,1,0.026606585296074965,buy,0,0
0xf1060fce8ae88f7e072cc5c19ab7b1a3a0a3cd8498422ef693c1b4eb6502ec00,63291096,2026-09-15T02:07:17.655552626+00:00,1,0.0266,buy,0,0
0xa476e8f1d73156b6730744548fd44544ebef93227b61f04b7b48675cca25ac34,63291117,2026-09-15T02:07:19.784350634+00:00,1,0.023799999829494167,buy,0,0
0xcd6d5058cf8a161dfcb1f52c5524aacce98b443bab1e1a56950a76ee445d9e0e,63291121,2026-09-15T02:07:20.189836025+00:00,1,0.02939828676251146,buy,0,0
0x67bf7db16967b4cdd9228592fee8af21b164e20bc03cd150e08d63f714dec4e5,63291125,2026-09-15T02:07:20.595321417+00:00,1,0.0294,buy,0,0
0x14862793f457f87ca1f89e2e6fce51bb1d19314e87c60540b5d6602cdfa00349,63291201,2026-09-15T02:07:28.299542904+00:00,1,0.021,buy,0,0
0x2aa573fed7617e2b970bad3bf4c0fcc5031d32ca9f26bbdb196379c02368c094,63291285,2026-09-15T02:07:36.814735174+00:00,1,0.056019471495111675,buy,0,0
0xb145111a2769861974b36d9c0ec824306ce19b3ad2cbc81ba73401137b654751,63291287,2026-09-15T02:07:37.017477751+00:00,1,0.0294,buy,0,0
0xab8ee090013d61a2b653e7308e06325a41d0e257fc8dc5edf677cc8b3ba39f4b,63291294,2026-09-15T02:07:37.727077246+00:00,1,0.0266,buy,0,0
0x93e76599705fbd3af2bbeeeb04d2d4f96bc1901b82e62f9e6d88a860d232e24d,63291310,2026-09-15T02:07:39.349018574+00:00,1,0.0378,buy,0,0
0xcf5517f0ca10d77b5e248600fae239af98b213e4982ecff5097240dfb152b07d,63291312,2026-09-15T02:07:39.551761150+00:00,1,0.0182,buy,0,0
0x73e6820e51e5a234bf7588bd5378657ffdb8c5de907888e03948dfd01f2dcc2e,63291319,2026-09-15T02:07:40.261360645+00:00,1,0.0378,buy,0,0
0xe2bebf1c858d5e31a051160696fe8eb091f91563e3ae6c27374136150bbdaa30,63291326,2026-09-15T02:07:40.970959902+00:00,1,0.0294,buy,0,0
0xa4e97c542a887d203f01e5dfe6bc6669c803b8226714203b49cc94f929e911e8,63291328,2026-09-15T02:07:41.173702717+00:00,1,0.0378,buy,0,0
0x331440213e1aaf82afc3a899d019a42460ca8ffdd2faacab38725abbdb70de5e,63291331,2026-09-15T02:07:41.477816582+00:00,1,0.023799904011774335,buy,0,0
0xe86daa8e85f9ca4cd0d530e02d54a7c8511f10ba3c127d9383a9488e03baa82d,63291381,2026-09-15T02:07:46.546383381+00:00,1,0.0266,buy,0,0
0x7ea4623954031751095511164c731fe286046515259a456fa014ca81e85cf101,63291383,2026-09-15T02:07:46.749126196+00:00,1,0.0378,buy,0,0
0xcfb0544381d50bfabb638683a053b88e55ba5ccb8671519f31665b34337d5b6b,63291385,2026-09-15T02:07:46.951868773+00:00,1,0.0294,buy,0,0
0xe92b42de507f4d7298a94e02236c14f7e0f8961aadb6ebd82aba090a3b59a541,63291387,2026-09-15T02:07:47.154611349+00:00,1,0.0378,buy,0,0
0x240060cda5557ff853809c1ff563110be1a6f73aca16679a065c4a051df2eed6,63291389,2026-09-15T02:07:47.357354164+00:00,1,0.0238,buy,0,0
0x14906d20f1ebe8b7e4770dc965942765ca3d8822cff25f6c73b2382c16f7c1d8,63291391,2026-09-15T02:07:47.560096741+00:00,1,0.0294,buy,0,0
0x4f61cb1c1684f1c6c602a8f6d7de3b060dea3360e0b0913f1280221175d8c146,63292051,2026-09-15T02:08:54.465178728+00:00,1,0.02507209847056167,sell,0,0
0xd5db945e6cae8bc406a8e61335930c912668748b6e4c64a7fc523585cf6fd24d,63292068,2026-09-15T02:08:56.188491583+00:00,1,0.03984389694826442,sell,0,0
0x8948cfda96f602d45dfee7b22c3f20701b7daf188f1c7ac0bcbf9eca548707e9,63292148,2026-09-15T02:09:04.298198462+00:00,1,0.022115839424787984,sell,0,0
0x32b73f5e23ad45c8b7584c382ef1e54f8a9109bf8c92f2f74751722fe9eb6f67,63292196,2026-09-15T02:09:09.164022684+00:00,1,0.028026853701229024,sell,0,0
0x13401bd1887948462019dc95f730466394b30d45ac7c1a6afc3d2e4441b3f166,63292227,2026-09-15T02:09:12.306534052+00:00,1,0.028043237516391456,sell,0,0
0xa04039c5eccff093fb12c8fca5c83d9e141782285d8b91b7549cfc0aca79d18d,63292231,2026-09-15T02:09:12.712019444+00:00,1,0.022551371340064234,sell,0,0
0x3b687428a4f01fa9ac83436baa1e5f4df079fb22a7ce6afc113392269c4a7bc2,63292265,2026-09-15T02:09:16.158644915+00:00,1,0.022126297011494583,sell,0,0
0x654191e39458f4888e624ce71c4a575d24d5b1bb1ee27078451d6b187bac6956,63292267,2026-09-15T02:09:16.361387491+00:00,1,0.022120148687523725,sell,0,0
0xa049edf3ea06b3e4a497d75ce906f0fc38b3c188e027f5cf138445ef9922dbf7,63292292,2026-09-15T02:09:18.895670891+00:00,1,0.018600035443462292,sell,0,0
0x4446a4e7a8d34151bea284825025f30ab46d9232bbe6fd16442edb1d87111c97,63292306,2026-09-15T02:09:20.314869642+00:00,1,0.031079304646601687,sell,0,0
0x46fc590df8682cd4f19d08bb6a37295bfdc0286219a860112271bd68ef66dafe,63292307,2026-09-15T02:09:20.416240931+00:00,1,0.041066719898915686,sell,0,0
0xaeed26cb531f927f563f51584a77e9fdb60ce316890c9b26b3611452ec006865,63292313,2026-09-15T02:09:21.024468899+00:00,1,0.01917461210513184,sell,0,0
0x94dd096e3ae15b893eea3dbb5174163055ae7d5b8cb1e0102fa14dafad37da06,63292315,2026-09-15T02:09:21.227211714+00:00,1,0.05922265440716166,sell,0,0
0xc0343296c60d12776769b893f318251ed0f062e18db518e7612594c52f2d3fd3,63292341,2026-09-15T02:09:23.862866402+00:00,1,0.031056140382486407,sell,0,0
0xf91d27b8f9b13df533a91ff40236ddf39d4acc450ca297949d3c904ec5054c2f,63292370,2026-09-15T02:09:26.802635193+00:00,1,0.013703792132534353,sell,0,0
0xafccee3848441e84cb280e5ba326bbf3ea594b2d82d3818d4493384f8bb867bd,63292371,2026-09-15T02:09:26.904006481+00:00,1,0.03106211129043526,sell,0,0
0xc532a2337ab8408fdafbb5e28c1c3660521917b73991847f33ede9693ad843b6,63292444,2026-09-15T02:09:34.306451559+00:00,1,0.031026774667169403,sell,0,0
0x9869e3bf8df7d6ddb9d149b8b4cb2c669c3e683783253137bfe9f572df010fc7,63292511,2026-09-15T02:09:41.150537729+00:00,1,0.02804055807323977,sell,0,0
0xf90c489b85fdb48146e3426555a9ad85569c518fd11d90d16f6bc51c5beebe27,63292595,2026-09-15T02:09:49.731182814+00:00,1,0.03105546862844128,sell,0,0
0x5c2ddf8ce18384ce8b70326f3ff8cfe8818dad5cb1a5f23704831f2dbd5a1453,63292668,2026-09-15T02:09:57.188172102+00:00,1,0.022133192752539617,sell,0,0
0x8b728d32f54160d5b728a8420ac72499646a67de011ba0f75c34a73d2842f6dc,63292684,2026-09-15T02:09:58.822580576+00:00,1,0.019172128773022115,sell,0,0
0x133ab919a87340586b457b7167ae8cadbd1d1e35d285f24c5c11ba414e0fbc75,63292729,2026-09-15T02:10:03.419354916+00:00,1,0.019175878269275533,sell,0,0
0x4553382023dee3716e908be3c1d614873ac437fd232e5c556112a18ecc50c129,63292830,2026-09-15T02:10:13.736559153+00:00,1,0.01917856419912167,sell,0,0
0x6ec7bba9a41eb4338150aab440a154baec6e0ef80770aa3dd98ab0d53b6645db,63293679,2026-09-15T02:11:40.056854725+00:00,1,0.023799999647903823,buy,0,0
0x76da9128fc0dd1cf864a9267ee50161bfd01571f3a053779daf7f216d4ebe5d5,63295052,2026-09-15T02:13:59.182485104+00:00,1,0.02939999972497285,buy,0,0
0xb55772cc083ca97d7482f2bec71a2902edeb7868886ba5505bbde83e26ff4a12,63295169,2026-09-15T02:14:11.038055897+00:00,1,0.029399999931439463,buy,0,0
0xbb07a2e5ab0cccf5a665773888da7cdbda27b1396cc612a0cccb5c97e8958a49,63295304,2026-09-15T02:14:24.717560768+00:00,1,0.021,buy,0,0
0x45b430dc4737e0b33724ad0905a2f6fb64b6f095f9ede9f0398bb444a37cecfa,63295375,2026-09-15T02:14:31.911967039+00:00,1,0.0266,buy,0,0
0x75350e0964de9fb62d0b8241331800a5686f9692d18e3da6948df82315e5ca28,63295377,2026-09-15T02:14:32.114626408+00:00,1,0.021,buy,0,0
0x3fe1af7fca6ad4ff438e7192eb86cc0822caa1cc8171d548fea73ff3a603d8d7,63295387,2026-09-15T02:14:33.127923012+00:00,1,0.0182,buy,0,0
0xa10a9c5b97325687f14689293da6b03d0b906194129d3e72f60d4fc8c12292e3,63295439,2026-09-15T02:14:38.397065639+00:00,1,0.0294,buy,0,0
0xec26fa8a51055dbf5e733c8c8a14c311dc956bec800085816fc7502b95005b7e,63295440,2026-09-15T02:14:38.498395205+00:00,1,0.046039860933289434,buy,0,0
0xc5c819b6dd578965dc0cf102871b96c2a08812a6900964b2822e75fa84c1c11c,63295445,2026-09-15T02:14:39.005043507+00:00,1,0.0266,buy,0,0
0x47711f732494132fad75da93516069af5bf2c579a4358d80661f5a268e0d48a5,63295466,2026-09-15T02:14:41.132966518+00:00,1,0.0266,buy,0,0
0x0fed7995fa1b4bb2038c3c88d0e8a7d601e70ffab3d5778b5fdf781e68683570,63295468,2026-09-15T02:14:41.335625887+00:00,1,0.0266,buy,0,0
0xdfd51ac0172ff3ea2c40d83e1432299c86e6a907534238b396770fa707579de9,63295470,2026-09-15T02:14:41.538285255+00:00,1,0.021,buy,0,0
0xdd1c73a0a0769fb10af58262544a8e70ecea8713e0c6a89a9493d2db51b6d9ba,63295604,2026-09-15T02:14:55.116460323+00:00,1,0.0378,buy,0,0
0xb5fa339542ea408013dc2e99b3f346249316d7713d839eeb7f94575bb6e85fe4,63295607,2026-09-15T02:14:55.420449257+00:00,1,0.0266,buy,0,0
0x54b7f758f4da59724efadaca7599459f0933b34c0d281f59752a170bba979db5,63295764,2026-09-15T02:15:11.329206705+00:00,1,0.02140505663839712,buy,0,0
0x5700189a866849cff25d4875a7e3a8d30bd6a209e64233e92a1ae2c3fcb392d4,63295861,2026-09-15T02:15:21.158184290+00:00,1,0.021,buy,0,0
0xfcd43f0a2d23206cc6fdd264a6d6e3b3307fc62f0a93ff6bf4c7bd1a58f89516,63296552,2026-09-15T02:16:31.176983118+00:00,1,0.021,buy,0,0
0x13271dba35a022971fc4ac09f17f0e9c09ff6a59c19fd3fa75a81639010c5556,63296561,2026-09-15T02:16:32.088949919+00:00,1,0.021,buy,0,0
0x1330e4f66f1deb980fc35672ab0cb0268bac4310ad4a4de1ffdfdf36eaacb045,63296579,2026-09-15T02:16:33.912883997+00:00,1,0.021,buy,0,0
0xfaa0d931fbafc6a0839c8ff534baf69623f10cbbe6b004c7f99713bed37aca00,63296588,2026-09-15T02:16:34.824851036+00:00,1,0.0154,buy,0,0
0x5e32d4a7bffdb53ac2f9fe5c7a634020e1c6ac242f33eb007aa07e4205f88d0e,63296590,2026-09-15T02:16:35.027510405+00:00,1,0.021,buy,0,0
0x4eef6e3707a9f9b6d518a9bf320c202a874f6048c9a9e3af5bd34f48693e6868,63296599,2026-09-15T02:16:35.939477205+00:00,1,0.02939933596489131,buy,0,0
0x41b2bb3f0cef8771d53905310c5b4e397219652c035501e1c021ca181f1cd63a,63296601,2026-09-15T02:16:36.142136574+00:00,1,0.0378,buy,0,0
0x4139bada77202d449daa41c66e373c89ecccd9999c90845505354d959ad74a8b,63296624,2026-09-15T02:16:38.472718954+00:00,1,0.026599999744739727,buy,0,0
0x81956fa2f05848535b0e1a61c53f4e45ae79a091aaeca50919756a4c1284dd2b,63296626,2026-09-15T02:16:38.675378323+00:00,1,0.0294,buy,0,0
0x882312524f54b5aa0431c591a8297158a4980b72c31cc3f981e7e069e66ebd2a,63296684,2026-09-15T02:16:44.552498817+00:00,1,0.021396804483202463,buy,0,0
0x6614b558d381ed887504007542e75c245a74c3bc0f0512dc6256ba20c94b6ebe,63296729,2026-09-15T02:16:49.112333775+00:00,1,0.023799937743528028,buy,0,0
0x51b716d80409607910719d9806bd43fe274a2ddcad3629f685152994b387575f,63296737,2026-09-15T02:16:49.922971010+00:00,1,0.0294,buy,0,0
0xdfc25ae10aeb79bd3bbaae25542ebb331d1657c033e7d68c5e4908976c1a3623,63296753,2026-09-15T02:16:51.544245720+00:00,1,0.02940077721415032,buy,0,0
0x6f84d4d5389affec9881e4dcbfbc7266814db687cf40217c482d117fc76c156a,63296754,2026-09-15T02:16:51.645575523+00:00,1,0.030147865416661562,buy,0,0
0x573ad8c3a4bcdb363df90c6ed2da9aac26300fb90abc25fdc04895cd696cf50f,63296764,2026-09-15T02:16:52.658872128+00:00,1,0.029399999818062184,buy,0,0
0x5e436e1b07af3b8d4dfa34b4214e533efedda0ccc7e4927ac99d3c614e2d376f,63296765,2026-09-15T02:16:52.760201693+00:00,1,0.03890052930036962,buy,0,0
0xe8bec725a9ae74801f1061bfab282f0c8e7c78208cc987fb3a6a0886854e02b2,63296855,2026-09-15T02:17:01.879871607+00:00,1,0.02377171954762836,buy,0,0
0xf8f63541063699fc44106c87fc3fadd3d9dbb8071f19b34e18a16980d302d7ae,63296857,2026-09-15T02:17:02.082530975+00:00,1,0.0294,buy,0,0
0x2e82cf0d568240f0b7dae8f19e8d67403621d174c5333d903f63280fed206b4e,63296919,2026-09-15T02:17:08.364970207+00:00,1,0.02941873943381985,buy,0,0
0x10bd8f1d7a2bea0ff892b8c66740beb1d30d04907654f8ac8b8f20cd6d747a5a,63296919,2026-09-15T02:17:08.364970207+00:00,1,0.0266,buy,0,0
0x56dffc981b251270053495ee9d3a190a5792f9ef093435d636d3c1eb5d4eb751,63296958,2026-09-15T02:17:12.316827059+00:00,1,0.029399999726223872,buy,0,0
0xf266f2a4271d0e18fee25d63ed489c2df47836ea1c78b465062ac5e38173cbad,63296960,2026-09-15T02:17:12.519486427+00:00,1,0.030147776041725305,buy,0,0
0x1502edd2ec598fd0c725b83e1bdba748378e85776b96f7ff5c7c4e9062de3aed,63297011,2026-09-15T02:17:17.687299490+00:00,1,0.03890216250502529,buy,0,0
0xb1688d34b7b77cc457dea13c9fd2285a0a02b4ffdc7537ec4b5d17bc70ff2dd2,63297011,2026-09-15T02:17:17.687299490+00:00,1,0.023800330339236685,buy,0,0
0x34c95ca12b0b9a0c4248d21feb1679afada3e97bf06be2c3efe590586f404c80,63297079,2026-09-15T02:17:24.577716589+00:00,1,0.021396354390521975,buy,0,0
0x3bf2010c99d723afec7c5105db7eb0db8e2ca5cfec28162ebea6aa11ad6465c1,63297781,2026-09-15T02:18:35.711141586+00:00,1,0.08673515739490704,buy,0,0
0x6bb4f234269ea6d7506b383f3d22173794746bd6b65dc094ecc8e2d08897f9e2,63297781,2026-09-15T02:18:35.711141586+00:00,1,0.02941695419666233,buy,0,0
0xfdff9e4a27f1bd06165683041d99e393c21d8ddebc46407d40613480322356e6,63297788,2026-09-15T02:18:36.420449257+00:00,1,0.029397496467012795,buy,0,0
0x0a402b80232efb7e8999093fa97645ff2d354d825e3b08ca371b198a123b9d8b,63297797,2026-09-15T02:18:37.332416296+00:00,1,0.0293999996189514,buy,0,0
0xa764a7d8e87197ab51c36dfe0642db1652c8db785de381ffee0b7301d48581a6,63297805,2026-09-15T02:18:38.143053532+00:00,1,0.02379764510860523,buy,0,0
0x3d8e9e2679c62524fac3f42af169ce0ce3f201a6ed3e4ced8d4ef602d1bbca60,63297807,2026-09-15T02:18:38.345712900+00:00,1,0.0294,buy,0,0
0xc5d0f00281d9a0d2fed198bf8bd7f973ba37f03798cdbac86bd645eeaadb3af3,63297998,2026-09-15T02:18:57.699679136+00:00,1,0.02660013552749707,buy,0,0
0x6b49e7d75fa64dfefeb836c461fd7e318f7fd2898349e0b9026b97e245ac4ae3,63298000,2026-09-15T02:18:57.902338266+00:00,1,0.0238,buy,0,0
0x239f00b1510561b6eeeefe1d9ac9ecc49a5dc1816ce26a1ba23384505456e421,63298017,2026-09-15T02:18:59.624942780+00:00,1,0.0378,buy,0,0
0x61b0ea4ea905123137852a5675ceec060f6ec7bb658023b4a9f4e49c39cf5607,63298017,2026-09-15T02:18:59.624942780+00:00,1,0.02375343412067059,buy,0,0
0x6b0e7af82f8265f8da8942aa7c818db3362ad899694afad9aaa3bbe84f8d19c7,63298023,2026-09-15T02:19:00.232920647+00:00,1,0.029400390988140457,buy,0,0
0xf5236c769d434f9145d3283859eb2b2cbf892b457c48dc26e11a5501a4ac1678,63298026,2026-09-15T02:19:00.536909580+00:00,1,0.029415007712691007,buy,0,0
0x905f328010536696e637bf6800a924d949b327cc5e6a03a686eea69067f31271,63298026,2026-09-15T02:19:00.536909580+00:00,1,0.028837167688621327,buy,0,0
0xb2b1e14ede7e293b24252fd6070756511c9dd34a9518b20a838978da3b065a8f,63298028,2026-09-15T02:19:00.739568949+00:00,1,0.0378,buy,0,0
0xc79f6164acac72a80252c67903a1e98fb4840ea6e6a289d58e07cd25a7006fc1,63298034,2026-09-15T02:19:01.347547054+00:00,1,0.0378,buy,0,0
0x62a556c7e080439db44d7fa7d618e3b6eec64a675bc69a3c1ad7addfe79b8397,63298070,2026-09-15T02:19:04.995414972+00:00,1,0.029399999823578767,buy,0,0
0xe00f6c00ed3e18c4ed17975a02b830e3dea0ce340fd215c4764ea98add897399,63298072,2026-09-15T02:19:05.198074341+00:00,1,0.0378,buy,0,0
0x77e3606be706b648bd2c54eb6196ac609f8edb81578ba7b2f0f706a2268a21dd,63298074,2026-09-15T02:19:05.400733709+00:00,1,0.021402034969780857,buy,0,0
0xb4e856c9059d3c34bd78b5ca8ee5e3f1c91df2f21968112c9cdc7f0cf20200fc,63298075,2026-09-15T02:19:05.502063273+00:00,1,0.02380027071029727,buy,0,0
0x158482b24bda089e3cfb8e4d11f1a21a9b124e8f87fb2362599869111b747bf0,63299769,2026-09-15T02:21:57.185936451+00:00,1,0.030981650150213973,sell,0,0
0xdb38ad35d8fb2644152e2dfdb8b90a82b743133a4d3c0abd3ce0108a78ca7387,63299862,2026-09-15T02:22:06.680865526+00:00,1,0.01917052797906939,sell,0,0
0x627877c3bcd96d0037feb7763b8b8b2584a89d657c02204c2087a24e9ef3d159,63299976,2026-09-15T02:22:18.319810629+00:00,1,0.022116673304221898,sell,0,0
0xf2abe95ed81b1b4e96fe4709c4bc2d8e7245bddfd54f877af0bffcc7d30e23fd,63299985,2026-09-15T02:22:19.238674879+00:00,1,0.019168304377191237,sell,0,0
0x35c956ae25a1ce2fe70888d54482d833804fffa0f41e22ce2f39c3a29f40e235,63300235,2026-09-15T02:22:44.762677431+00:00,1,0.022121894197945847,sell,0,0
0xef608d40d219839cbd6e534e52bb9cb5fdec04e5a46eedf4137d26a57cdef8b2,63300240,2026-09-15T02:22:45.273157597+00:00,1,0.01918301952725224,sell,0,0
0xdc1f2847399631bcd11b438503fe50d66f905b09decdb973f095a3be0ee492e9,63300249,2026-09-15T02:22:46.192021608+00:00,1,0.02513610762160005,sell,0,0
0x0851660e41ee40ece8187b69df0241d17ecea188bca878ab96d2e25e5b524121,63300252,2026-09-15T02:22:46.498309612+00:00,1,0.0250886708014497,sell,0,0
0xcd08cdd722ce04fb0a177f7ffc699e7a1202e8847a56ed767ee3f2c3c3679038,63300254,2026-09-15T02:22:46.702501774+00:00,1,0.02211719478116373,sell,0,0
0x1c4d008ee42ffe1fc2ef545683eb3ab0509ef71845e057b803c53804cabef9cb,63300283,2026-09-15T02:22:49.663285971+00:00,1,0.027181445692455432,sell,0,0
0x17ca5dad6f8e381da59082a07425a8aedd0697a91b7f69b58359b2947c10b6de,63300290,2026-09-15T02:22:50.377958059+00:00,1,0.025085690306002273,sell,0,0
0x6911227f8690ff58e140545137989c6d908c5320b14538175e2a4c460e2e2a37,63300340,2026-09-15T02:22:55.482758522+00:00,1,0.03989098663815219,sell,0,0
0x0544424d0805b706f3ec84c8160e4d2ac0bbbd861af43743d9660d09b02306c6,63300343,2026-09-15T02:22:55.789046764+00:00,1,0.028047369535214015,sell,0,0
0x7cb7f612a7da81be1546aab3b688366c2dd98bdb89baafd6773f2282ab86122b,63300456,2026-09-15T02:23:07.325895786+00:00,1,0.025073392367432636,sell,0,0
0xc25d31d8ca43a885862d402c42d8513f2ea6b12348bbe92b346c49ada6fbdc69,63300478,2026-09-15T02:23:09.572008133+00:00,1,0.028117829464111656,sell,0,0
0x98a10a7debbbcca8772be1b46f6507db81f27a24778ed64f35dddc3dfc9b7c8d,63300480,2026-09-15T02:23:09.776200056+00:00,1,0.039867790958240765,sell,0,0
0x2427977e9ccc95b2ee681e395a920adb45c357abccf882575c6b8f4781d91d5e,63300519,2026-09-15T02:23:13.757944584+00:00,1,0.02212953692455003,sell,0,0
0x392b782e30a5faafe06a80797cd8324af6736ce8317d488daed2639ce6291911,63300560,2026-09-15T02:23:17.943881035+00:00,1,0.030984043199884122,sell,0,0
0x962c404d4ba0f654eca5bb6bf025c5ed3c11a10a13a0f932a711c3751295eb0b,63300616,2026-09-15T02:23:23.661257505+00:00,1,0.02806426333498347,sell,0,0
0xf72a04c77c18275fcc1a49deaf97fb32a1c90bfdd8e71df3e3ea68447f30a313,63300616,2026-09-15T02:23:23.661257505+00:00,1,0.022553118257782112,sell,0,0
0x3f09e77d1c4eb58441dd3c48495c95a50a4c09f120cd1896a1c1b206c677e743,63300858,2026-09-15T02:23:48.368492126+00:00,1,0.02804572942223964,sell,0,0
0x15d13e76add751e74a61b1fbf75e9a64601a42ac857f3d8a134d8d0ba32359c6,63300860,2026-09-15T02:23:48.572684288+00:00,1,0.03985547473420782,sell,0,0
0xa26301f37b6fbe1eef8776125817bc4ffcab2241daf9919d96be958f1461f0b6,63301077,2026-09-15T02:24:10.727518559+00:00,1,0.03179229082500553,sell,0,0
0xd60a716e7a8294bbaac7b2b935cd6fa71bf98a60a444789bee65c8168fdd3195,63305726,2026-09-15T02:32:02.274764776+00:00,1,0.08372887535498891,buy,0,0
0xd3673785722274d6456f0d08aacb3b37a6fe455e93bb7c510b2d099778ea5b2f,63305801,2026-09-15T02:32:09.880564213+00:00,1,0.04349777368390141,buy,0,0
0xf294650bd3329037e9bdae104f4434f9e5490be8154317e6b6122b3b418a864f,63305802,2026-09-15T02:32:09.981974840+00:00,1,0.029452818612506863,buy,0,0
0x915a0a42e5b23694028c94d9f192bbdf504b4ac694f7c017b9abeee9a3354c42,63305856,2026-09-15T02:32:15.458150387+00:00,1,0.04619999969323403,buy,0,0
0xccec73b12e8df95c74166c966e5ebcd7cdb5864f79a27bc0bec2164b9511964c,63306027,2026-09-15T02:32:32.799373150+00:00,1,0.021,buy,0,0
0x5d028fd28bb1e7bf9e1a065affc19412fb635b3808f205445b2a3da7e5baabad,63306029,2026-09-15T02:32:33.002194405+00:00,1,0.0294,buy,0,0
0x328f9077061f528bcc0eff57769c2c3224a90ce932eb9485235b931f44ff6dd3,63306148,2026-09-15T02:32:45.070062637+00:00,1,0.0266,buy,0,0
0x41328d83fac15e2d5090b9290e5ff0ceca74ce549203d87f01f485d244cb757f,63306157,2026-09-15T02:32:45.982758522+00:00,1,0.04611505944819087,buy,0,0
0xa75d77ce231c876422f2d720ee0988204d6883c4e6d570197824f86cbe47f2cf,63306165,2026-09-15T02:32:46.794043779+00:00,1,0.04033948606554164,buy,0,0
0xefdf028c0e7ffa6899097e8af1ff44bacb39acf309a73a6e11d1544277761564,63306167,2026-09-15T02:32:46.996865273+00:00,1,0.0182,buy,0,0
0x1fa45bcc211a6f50b95a1a7ffcc7efa3fc7327cd5d4cc03409cacd684aaaa04d,63306290,2026-09-15T02:32:59.470376253+00:00,1,0.0378,buy,0,0
0x79e1dc0000afc501b7c693c19dc20b7471f87e9c96cb531d28a15afa41ba8a44,63306296,2026-09-15T02:33:00.078840017+00:00,1,0.02142234089044687,buy,0,0
0x3503bd90f01ae523daf85d1c00a2ad72a8a50e75a51bb4f873c6a99311ed8e87,63306311,2026-09-15T02:33:01.599999905+00:00,1,0.0238,buy,0,0
0x791a31f8a80addd352f3f963edb168e12e5676b4c1fd795286aa16f6315998f8,63306316,2026-09-15T02:33:02.107053280+00:00,1,0.0266,buy,0,0
0xcfd77797f37445260753b30789b0771144f7aaaf7bec0b0e1b17347f02dc127c,63306359,2026-09-15T02:33:06.467711687+00:00,1,0.021423118362637335,buy,0,0
0xf28e846aede88b7d7f57d049ba5385f9046fdca5b9c7a7cb3e0131a8eaeb007c,63306411,2026-09-15T02:33:11.741065741+00:00,1,0.05355680400022713,buy,0,0
0x928a0fe1c07e2573dc23d55ecbdd2863a325ec196d790d9a8c8128d1e870d479,63306415,2026-09-15T02:33:12.146708488+00:00,1,0.245,buy,0,0
0x2952f5bec19fa06ee120e96e32650647bb56956ce5df582485000211ea0abec0,63306426,2026-09-15T02:33:13.262225628+00:00,1,0.0266,buy,0,0
0xb8aa78cf1c9b8c6eba529f979d10f1ea8db348c8a3013c1da87294d53033a180,63306490,2026-09-15T02:33:19.752507925+00:00,1,0.06879549788218911,buy,0,0
0x0869d979240a6db63978097c065ee852b275e2c398969b5be045bc5c94eabe71,63306540,2026-09-15T02:33:24.823040724+00:00,1,0.06905888751872626,buy,0,0
0x2da2c1cf2f7b1cd8035457d800c7cc10dfa1b6e33f2e57ee85d3c00bb6cf4d96,63307476,2026-09-15T02:34:59.743417025+00:00,1,0.0973496106101216,buy,0,0
0xd2c526d405079d0439b2ea435b8e21c8af5602310780ab06d17f0926f198790d,63307487,2026-09-15T02:35:00.858934164+00:00,1,0.2473868285861776,buy,0,0
0x8fb7471366bf7ded460b0b99a91266bad3996705bbfb889b2b1720ee75462731,63307524,2026-09-15T02:35:04.611128569+00:00,1,0.26527710676759847,buy,0,0
0x6844ef083cc5e58fe66987e5e02dbf48db97d58f2d5e1c3f6f711b9c9597c760,63307571,2026-09-15T02:35:09.377429485+00:00,1,0.20911861487837843,buy,0,0
0x7c5b7396762aff923d7d3c3574268ccd7a3aa4c0d4c3f0a9d80e503a7b340837,63307582,2026-09-15T02:35:10.492946625+00:00,1,0.048567949144537576,buy,0,0
0xd61cf194b42708f8cced960cccea4eaf22d37c3cacb17cf3acf1463e0d9bafb4,63307585,2026-09-15T02:35:10.797178745+00:00,1,0.0462,buy,0,0
0x2bd596242977d626cb6bac7bdda1125d439dccf3758322aa8c58f3cb38310784,63307587,2026-09-15T02:35:11+00:00,1,0.0462,buy,0,0
0xa628fdc2488bccfdee327cae6fc8774e20c0c3540755c067585257b294dd8644,63307600,2026-09-15T02:35:12.318338633+00:00,1,0.0294,buy,0,0
0xa1b4460be4c32d16a3e7479d0d147ef62d8d70bd57ddf383e5e859209b12e4fa,63307602,2026-09-15T02:35:12.521159887+00:00,1,0.0462,buy,0,0
0xe42f42c9b87f9d5fbfdf803cda83af0b9bac7b5f442c2153ebb5fd88f6288805,63307606,2026-09-15T02:35:12.926802397+00:00,1,0.2394,buy,0,0
0x641697f070a9656beeeefd45705b9ae42b066479dfd321b934163d9ebbd8dcc2,63307607,2026-09-15T02:35:13.028213263+00:00,1,0.029403760337597472,buy,0,0
0xf5e332538c5abb1095f38a9b19386ccfbce631fe26461b7b928191ea98243c3a,63307694,2026-09-15T02:35:21.850940466+00:00,1,0.05628616834348073,buy,0,0
0x742a9cc009feafabc191c3cb1aafc9618c2e10628f872b24dfccf55961154119,63307729,2026-09-15T02:35:25.400313377+00:00,1,0.13632525867105488,buy,0,0
0x13fe529e04dc2be36efb35177cb783b1b196cad1ce018480c2a419d6b672cdd8,63307912,2026-09-15T02:35:43.958463907+00:00,1,0.16568410315987267,buy,0,0
0xaf27c3d0b589ba72269a8844afb788de61ce4191d68cb3d9b95c69463226106c,63307932,2026-09-15T02:35:45.986677170+00:00,1,0.5029002236963642,buy,0,0
0xad00fea7d6dfd4289299bca493a96f493368e86dfeb2858e4cf3a3b7fb9b3c2b,63307946,2026-09-15T02:35:47.406426430+00:00,1,0.0378,buy,0,0
0x5b41f8e982d779da5bcb5d4ef166e7929d33818e281fe50d9e24f6180fe25167,63307949,2026-09-15T02:35:47.710658312+00:00,1,0.0378,buy,0,0
0x9c135b5db665bda408eddc8bb8cf74b8ae2dbafd0a4e6ac53b2b5d53459f11c5,63307949,2026-09-15T02:35:47.710658312+00:00,1,0.029400089828781624,buy,0,0
0xcce6aec743dfd409011f548c2bf9cb024cca358e86b333cd35fc6475149141d0,63307955,2026-09-15T02:35:48.319122314+00:00,1,0.04430865592074688,buy,0,0
0x2e24035e6435dc9930605549335db4e833f25ac629a2acbe9934dbad00d53dd6,63307955,2026-09-15T02:35:48.319122314+00:00,1,0.029367888548649024,buy,0,0
0x86c89d753a3205fbd987ced7663ebc3f4df3a5eb3b419fb5bd71db0a7020f1fa,63307978,2026-09-15T02:35:50.651567459+00:00,1,0.03019000700166253,buy,0,0
0x7399e540f77f43f1ad0cec1c148c4beaad11c569754511b12ddb6a3ae6f7afa0,63308006,2026-09-15T02:35:53.491065741+00:00,1,0.021424221439093775,buy,0,0
0x4e33a085bbb455bb4efbfd1c6f3ed92f324a275dc05a7747c9d0d430ce210b55,63308025,2026-09-15T02:35:55.417868376+00:00,1,0.041387017504892945,buy,0,0
0x1458597bc842c7969991e6237468779969a0c9f3d52393a158a8e13150db7cb6,63308027,2026-09-15T02:35:55.620689631+00:00,1,0.02940066175871206,buy,0,0
0x9065d0426b9d8d1dac3a10eb30ed8998082765eac8c2bfc267d60dfd923970ec,63308037,2026-09-15T02:35:56.634796143+00:00,1,0.09738507713962916,buy,0,0
0xd0a6543f7a117b53a0e483b8d07be6765fd7a6dd832c4a61e24bc8468337bed2,63308048,2026-09-15T02:35:57.750313520+00:00,1,0.04619988717123138,buy,0,0
0x1e1711217b5a2672738b9e03b7ae8098bf92ebdbe8e77a64333521f27298731a,63308071,2026-09-15T02:36:00.082758665+00:00,1,0.046199999667813595,buy,0,0
0x3e98485f4c98606b39b5b443919f3847a10d8bc4b5cedeab6879b15536030724,63308117,2026-09-15T02:36:04.747648954+00:00,1,0.0378,buy,0,0
0x3928f4751e01782d9c6a0087285ad6bb8406183b33a968a330d78a94d142246f,63308138,2026-09-15T02:36:06.877272844+00:00,1,0.046199941490624695,buy,0,0
0x5cd278d4207e3e63392e90814ba7330331e924f211b1947d9b08f5f4a46a39c3,63308243,2026-09-15T02:36:17.525391817+00:00,1,0.04619999968657418,buy,0,0
0xa38e29d1ca270afd4ae43387768a4047b1ff224695063e9a4800f9c95ef19a73,63308248,2026-09-15T02:36:18.032445191+00:00,1,0.0378,buy,0,0
0xfa474f1c53907da0a566558c32923a45ece7095c5d3bcc5c42e6a6d828233a63,63308351,2026-09-15T02:36:28.477742910+00:00,1,0.026597671775107627,buy,0,0
0xa6564e129cc73d9afb0467daee3944fd7ad043019a236c4a874dfcce640f1d9c,63308360,2026-09-15T02:36:29.390438795+00:00,1,0.03775980690080953,buy,0,0
0x96052df951e05f30c0068dbbdde6d81be5f728289970ee9f8b6c2838f84d5e88,63331575,2026-09-15T03:15:40.835988283+00:00,1,0.0294,buy,0,0
0x80ab309fb7b829fcda255ee683948323bb414e7df4ed89403b7621f217570234,63331641,2026-09-15T03:15:47.499663353+00:00,1,0.041523530352296806,buy,0,0
0x6e65a7ca36b21d7a32ebb54c07973b86894c198cc0f5376a0d4de7a840b78d61,63331684,2026-09-15T03:15:51.841148853+00:00,1,0.012601057319656562,buy,0,0
0x71a561128d91e385fe32c679ddfe311060b95068ec6012e82535d09e7fe87cdd,63331695,2026-09-15T03:15:52.951761246+00:00,1,0.03921407952755448,buy,0,0
0x005d55594f2fd8d55eb6ebb1e8614823b1bb6df6c124db38c143b1168867ca63,63331749,2026-09-15T03:15:58.405679464+00:00,1,0.10786701675853641,buy,0,0
0xbd26be7de4772d621ae8d982326009e4aab4123c65d97db6b4783071464d3d24,63331772,2026-09-15T03:16:00.738336802+00:00,1,0.030400469750876662,buy,0,0
0xa1ef4a68300ef3dc7148790c211c3d7e28134df8b083ffbc10abcee46f2055ac,63331861,2026-09-15T03:16:09.764705896+00:00,1,0.0182,buy,0,0
0xb97dd5610eb51b81170a643add5da7657b95517e97e23dc7db38ed851b53a171,63331978,2026-09-15T03:16:21.630831718+00:00,1,0.012599999667492848,buy,0,0
0xc990090ef2c5cc0a63996486edd1212195fa28abfd8a2756110205c960c36f2f,63331979,2026-09-15T03:16:21.732251406+00:00,1,0.16589449061675582,buy,0,0
0xc10094c5cbb43f1046f24a884fed0113a5c187a19f12b15da125ffe298edccb5,63331981,2026-09-15T03:16:21.935091257+00:00,1,0.08084722513896656,buy,0,0
0x8b81d4a857553314193ddc7c5b57776baaca1a1a2d6abefc0e86d83b1e83efeb,63331988,2026-09-15T03:16:22.645030499+00:00,1,0.1358949950712233,buy,0,0
0xb75dde32aa3002b80e417c5f2fed2fc43576ee08b6d5ce82f8244a20aefd9da7,63332077,2026-09-15T03:16:31.671399593+00:00,1,0.021579097538841824,buy,0,0
0xabc89eb0053b61a8000cc2cdb8f52d29eeae114ef6a783f60d4f00b6911aa5bb,63332237,2026-09-15T03:16:47.898580074+00:00,1,0.02660262800705048,buy,0,0
0x51e57e4effb5c62aa66d79cc85329786649546cc421435d0a83a09599e780b26,63333003,2026-09-15T03:18:05.586206913+00:00,1,0.0154,buy,0,0
0x58ab2fe2746a86f8afd4e8df12b4f002f3f2b653c890ff755a6561367acd65c0,63333144,2026-09-15T03:18:19.886409760+00:00,1,0.025987056961413367,buy,0,0
0xb50f4ca3b70dd08fe2ff1b6c258082bd39b1cc2a1d4e96039686741e2f0b2bc6,63333273,2026-09-15T03:18:32.969573975+00:00,1,0.04619999990114526,buy,0,0
0x4330aa4d5f290846cd2a84344d3d734873a5d7f7d5f671e0aa4a1d8652629868,63333394,2026-09-15T03:18:45.241379261+00:00,1,0.01539999995108572,buy,0,0
0xf739bb8e5cb72663befb64b778b20643e73ea23187a72f2394bed6f0bdc537c7,63333427,2026-09-15T03:18:48.588235378+00:00,1,0.021572932470972996,buy,0,0
0x870bee27c1496391f20d232501dfa04b0af456a5b0557c47f693f445d7d7fb39,63333522,2026-09-15T03:18:58.223123789+00:00,1,0.021557645715033297,buy,0,0
0x6aa2db70259f8d11f1bf172c2ffb07db69d0eebd45530d2182816784cbc5c856,63333535,2026-09-15T03:18:59.541582108+00:00,1,0.0154015697456773,buy,0,0
0xb8c2b979104aad399e2f8e45fd5695991263e1001fc5ffb0b1f3740340da85b5,63333566,2026-09-15T03:19:02.685598373+00:00,1,0.02155558297333972,buy,0,0
0xf009d51f987869499800be699d772f41f517c734bab9d6d92d164c7e712c0552,63333669,2026-09-15T03:19:13.131845950+00:00,1,0.02155311927135412,buy,0,0
0xe6724af44b6133f23d775779228f6b1018c62ed61a4ea29dc0efecd734d1072d,63333758,2026-09-15T03:19:22.158215046+00:00,1,0.03919137527858789,buy,0,0
0x40025a22c609e4501998291f933dc19e2b148615aa17660460eb57024d1382e5,63333878,2026-09-15T03:19:34.328600407+00:00,1,0.0266,buy,0,0
0xfab39b153703a129b42e5e55dd7d87b207db1f4b68daf305ad138dfd9f48d192,63333879,2026-09-15T03:19:34.430020332+00:00,1,0.1331556111376505,buy,0,0
0xd9233242b5d157fb14a69196e2a6a13ec9437ca4bc18fe114ae25d1466bd0e1b,63334021,2026-09-15T03:19:48.831643105+00:00,1,0.0154,buy,0,0
0x1f8488716e4dc752053fcff641b3bf4d6949bf08a65cfddb18b215f78effd8e2,63334084,2026-09-15T03:19:55.221095324+00:00,1,0.0154,buy,0,0
0x6d42b3323b66c00f203ecc7590a7e11f8f979d52bbe50e6e01e52d28c9bab674,63334276,2026-09-15T03:20:14.693711996+00:00,1,0.0154,buy,0,0
0xb17e21a455dc56b13e08df82ab44c9c0ad1ab2233ae4857ec7574592c3a83ee6,63334352,2026-09-15T03:20:22.401622772+00:00,1,0.02155447902743868,buy,0,0
0x04fbf1255ecf10ffe7f226e72a3cc99fe23f75fd475e8132fbd0c412ff7682ef,63334390,2026-09-15T03:20:26.255578040+00:00,1,0.021,buy,0,0
0x51d9735bd886510f8674ac349bcd54eb7fa0d537e646b04f572d507e1b218a58,63335215,2026-09-15T03:21:49.926977634+00:00,1,0.03918365636503615,buy,0,0
0x8d71670c123c5eb7096e15ea26d87c2298d33603a5e923d45f5205f373809569,63335346,2026-09-15T03:22:03.212981701+00:00,1,0.015399999938324195,buy,0,0
0x6e24c0be4c304b2e75732a1bc8a8740c663d0e13394b349e974edce06c3ce3c8,63335347,2026-09-15T03:22:03.314401627+00:00,1,0.03985408353778938,buy,0,0
0x925de31bdf9bf615da23a98920bee3b6f1469b2b53ae6c0da733cd226f81f967,63335347,2026-09-15T03:22:03.314401627+00:00,1,0.017981888533699527,buy,0,0
0x9597e77b4684f6692bd9630fcc1ce617029ea1742468676ae7f9c6c71b98baba,63335351,2026-09-15T03:22:03.720081091+00:00,1,0.12110026825573539,buy,0,0
0x19ae96d9d219f8378ccbb7fb47a16bc70c355bc1d520847fb17482e2c876791c,63335351,2026-09-15T03:22:03.720081091+00:00,1,0.007960691469609898,buy,0,0
0x2d9094aa7da885b024fcea8e224ab2eb82b9a2be00402e718c36530fb7721503,63335500,2026-09-15T03:22:18.831643105+00:00,1,0.0294,buy,0,0
0xb614c3925f39f0e973e1912c390f9ae934511d232ad5d7e31f14843ecc64a9bc,63335503,2026-09-15T03:22:19.135902643+00:00,1,0.0154,buy,0,0
0x58e0238887bb282416f400de0582d4ecf295dffd0af04946ae5d84b690a293af,63335504,2026-09-15T03:22:19.237322569+00:00,1,0.05128648746393152,buy,0,0
0x8ca962722f6114d5ed84e502e87dba10d8f6d907d48311d1ade113b06c5cc448,63335597,2026-09-15T03:22:28.669371128+00:00,1,0.0154,buy,0,0
0x85dddf37d6a726dc9edc626d3e0ce837c30c5bcb2c5167d152e158fa2c216c8f,63335610,2026-09-15T03:22:29.987829685+00:00,1,0.07558456684059225,buy,0,0
0x748be2bda92b8390b41de38ea907b16383a8b900fdd07728a4ba6834f11b1b42,63335612,2026-09-15T03:22:30.190669298+00:00,1,0.01886267024143544,buy,0,0
0x54d60f2caf78836dc6d6df6676a0269fa0987bfdd091fe08a4066d36ffd2b571,63335612,2026-09-15T03:22:30.190669298+00:00,1,0.0154,buy,0,0
0xc174d412860a4ad332db0e95b1f3f2c8a1ee13bc7c2ba5f04d9865c7648cfc20,63335615,2026-09-15T03:22:30.494929075+00:00,1,0.006961434058070358,buy,0,0
0x31f33eb6327a138412eada399dc086b6fa7ed48b9dcd34cb135f71cbb05a7e73,63335639,2026-09-15T03:22:32.929006100+00:00,1,0.03919122750885288,buy,0,0
0xc2958e32258f4b58ae5bea2e37d3e505a5dc1de84eb206c7ff7913e8eda0a11f,63335670,2026-09-15T03:22:36.073022366+00:00,1,0.04940118399517935,buy,0,0
0xf69ecd8189b4a546db014e0e3a063c892433197377fdb8754297f30ac189fba5,63335672,2026-09-15T03:22:36.275861979+00:00,1,0.0154,buy,0,0
0xbaa72101c724d92077f18ed0e7381d29610751fd9cd5676d576c9205ff71cd70,63335765,2026-09-15T03:22:45.707910776+00:00,1,0.021555823771666344,buy,0,0
0x2466167bfc9a2146e3b1dfe30d2df13acc1c0997e9f251e29079266ae1e2702a,63335768,2026-09-15T03:22:46.012170315+00:00,1,0.015399999828631305,buy,0,0
0x777a5177c7e7464b494bed407abae91ae2b07599dfccdcfd0f27495d5aef8bfe,63335841,2026-09-15T03:22:53.415821552+00:00,1,0.0154,buy,0,0
0xd68bf0850953e866f6c4e0f97ff262d662af2102698cf561bde8868ffd9faa82,63335876,2026-09-15T03:22:56.965517282+00:00,1,0.13682086411169092,buy,0,0
0xe4243649c9e11081b72483a30c61cb02c6b4aee4871603a95c78d474a0c587cc,63335929,2026-09-15T03:23:02.340770721+00:00,1,0.0739952904597524,buy,0,0
0x656f51e0641a83b9a4c67ff6175f6608812b2af735c4d1f13df68a0bf6571564,63336003,2026-09-15T03:23:09.845841885+00:00,1,0.05459999989961135,buy,0,0
0x9d9f4673cbaedc41240c4f08ab0d470f4f89b4862815a6232681691f0641d264,63336028,2026-09-15T03:23:12.381338835+00:00,1,0.048574156677700854,buy,0,0
0x06a19adfcc67174c9fd6ca277a99dd20c472cb7f208a5d0afd4a8279cd6b1d93,63336029,2026-09-15T03:23:12.482758522+00:00,1,0.14875450897854733,buy,0,0
0x002501953d897708f46837fd4e23193cde355a2bcae178f719b367a4121ce7ae,63336031,2026-09-15T03:23:12.685598373+00:00,1,0.048574156677700854,buy,0,0
0x3ed4b07d957bb34d5626056abc7d15a74f47332503d99a3861f18c4076e0f3fc,63336031,2026-09-15T03:23:12.685598373+00:00,1,0.05461398776193858,buy,0,0
0x75e8287e51412b189e43e2bb593df6ec8be6a53ae793d30e3914785f4edd727b,63336033,2026-09-15T03:23:12.888438225+00:00,1,0.0294,buy,0,0
0xbce90cbc9c43196a1aac4acd9fc1c61f8809bc43d035c2a82014f817bcc1d74a,63336036,2026-09-15T03:23:13.192697763+00:00,1,0.006585295373715832,buy,0,0
0x693bb48eca10f4b5b4ce15e7c39cf8a494a90c738abc1681d68cdd7edb63730e,63336045,2026-09-15T03:23:14.105476618+00:00,1,0.048574156677700854,buy,0,0
0x8f8b79186142e34aa65f11dfafa51f96cbdd26cebf3f3b2bed5335623411daea,63336046,2026-09-15T03:23:14.206896544+00:00,1,0.04937423252074371,buy,0,0
0xdbb20037bfc3db140093122183a30085ac891e2d01855ff283b96e514582fdd4,63336049,2026-09-15T03:23:14.511156081+00:00,1,0.02939683830670768,buy,0,0
0xe4df6566890ec60c9499f660c36ee4ff8d1c1444f58fed4d25fdda0df058b8ea,63336091,2026-09-15T03:23:18.770791054+00:00,1,0.048574156677700854,buy,0,0
0x7d6251065ec49b920efba20dc37e25b0f13e13fa07471324bc2be01e5430885a,63336092,2026-09-15T03:23:18.872210979+00:00,1,0.02701333975117334,buy,0,0
0xb66c83848c44b55adac9c7480df0a96533a78a183b79adefb78cc32518c29c58,63336096,2026-09-15T03:23:19.277890444+00:00,1,0.0294,buy,0,0
0xf3bf863e5b2c63a8a8cd811f1e31a2a4aaf5c45221d3d6412d316c496a2b13a9,63336096,2026-09-15T03:23:19.277890444+00:00,1,0.0050176,buy,0,0
0x613c9cd25ee469edc9cd8c146ed7a1e00a42203dcf0fa8db8859634c4195a33a,63336108,2026-09-15T03:23:20.494929075+00:00,1,0.025957189446975903,buy,0,0
0x27cdefce83bfe3b7ee0fa87af75ee28a3929389987f8631813afd8702c8bb0b9,63336130,2026-09-15T03:23:22.726166248+00:00,1,0.05459999964796732,buy,0,0
0xc1c8ad2a3e23179bb70089d9a7d4e51f0bdca028749d9c242c83e8eb8894f1a4,63336142,2026-09-15T03:23:23.943204880+00:00,1,0.026306016461555334,buy,0,0
0x09de2135deb2f71ef24abb1b0f213f0f87b29d78c34242b649bb71b1de235097,63336142,2026-09-15T03:23:23.943204880+00:00,1,0.015400086562240895,buy,0,0
0x3924c6a1e1a85ddf312641a9396f29d301df020c9d6fab14defccdc1e0a93dc4,63336144,2026-09-15T03:23:24.146044731+00:00,1,0.015403013579900909,buy,0,0
0x3d7481ebf3a879d52a4a7f40bfcc282b39d6cc3ba56d35523bac833d522c113d,63336152,2026-09-15T03:23:24.957403660+00:00,1,0.0154,buy,0,0
0xbda39eecd93245417234c3f9b9b1b4d9f4b6f48359e516c70c1535831ffdf85e,63336154,2026-09-15T03:23:25.160243511+00:00,1,0.0154,buy,0,0
0x11352442954aabccc9199050b0fea826750f95acb3184fcd7508c7b5fd85ad9b,63336158,2026-09-15T03:23:25.565922976+00:00,1,0.021,buy,0,0
0x0c59bffbcf4f2732216d950516d046315ef6b2f9ab9f5b6705499672a6cab179,63336165,2026-09-15T03:23:26.275861979+00:00,1,0.06299999997446178,buy,0,0
0xf8e2097fe0c27af302246c2ac877c488ceb631cd1459a8aaffe29e11e3b39c5c,63336185,2026-09-15T03:23:28.304259539+00:00,1,0.048574156677700854,buy,0,0
0xb50348d26d9d02f08f70d77ef5a5e293090a6361f0f7ad0c07aca318870211e6,63336187,2026-09-15T03:23:28.507099390+00:00,1,0.0501577908540492,buy,0,0
0x762de5840c625f0f5a746f81746682748061d1ee4e094a3e816cf0ef229d7085,63336217,2026-09-15T03:23:31.549695730+00:00,1,0.048574156677700854,buy,0,0
0x82a2e49dc278007a28b14cf0dc07d6a723f927719cdb6a53e148dfde9ddce1a9,63336218,2026-09-15T03:23:31.651115656+00:00,1,0.048574156677700854,buy,0,0
0xf1bb31ec775a676c2d5d8a5f926ac2387c5bba3a61f85ec14184039c8b7001aa,63336221,2026-09-15T03:23:31.955375195+00:00,1,0.03779999996853629,buy,0,0
0x9df7f9a8a8b1a242655e92ed5cccb1f9dba46f465ada855366cec52d0c6a0f40,63336223,2026-09-15T03:23:32.158215046+00:00,1,0.0182,buy,0,0
0x621103fa0e2de0204079aeb1f51fe2d605a82d1750cf4f76295c07ea511ea874,63347463,2026-09-15T03:42:32.105239630+00:00,1,0.01917237826087698,sell,0,0
0x51c6690c49e7add973d2b78f593335d8f6133767d81533ebf000f9256af89bce,63347540,2026-09-15T03:42:39.915584326+00:00,1,0.022682292971788413,sell,0,0
0x5d05acdafa23b82dc57afc2f98443e9ad4020fc94bfde8770c0e24dd96982da1,63347655,2026-09-15T03:42:51.580385208+00:00,1,0.02212621434924479,sell,0,0
0xca62699db427b2affb252c75f543a808e0d64e4df87dce1b3027e08965208eb1,63347830,2026-09-15T03:43:09.331168890+00:00,1,0.019171325491351986,sell,0,0
0x6dcc85c5df4e0815934d71a9f8c216c17d2a0cc5d9efeae31c66d00c0a262cde,63348095,2026-09-15T03:43:36.210927010+00:00,1,0.02212735130981265,sell,0,0
0xf8968783407a965ed1de850fd37928f9f4909eb8b2c23448a152f8c150895ef1,63348238,2026-09-15T03:43:50.715853214+00:00,1,0.02268461398829147,sell,0,0
0x1130c1dabc534d73249e1081ef0600dac0325c8a389a2c14f6e62d58a878df27,63348486,2026-09-15T03:44:15.871249437+00:00,1,0.022690203653789248,sell,0,0
0xe38c5f4709b88d2d251a13953197b6b5b4e3880e7c3dfbff898fdc2aec0f116c,63348771,2026-09-15T03:44:44.779668570+00:00,1,0.010366929936948164,sell,0,0
0xd5ac697fdcd19869e9e2b9243e3c3112a2e415bf008bc3c8a4e63708648388bb,63349318,2026-09-15T03:45:40.263546705+00:00,1,0.7138313940533828,sell,0,0
0xfcb13fda1505bceef4ad6214d1a17e0bf52a1304b770a8541f11e303806d627a,63349318,2026-09-15T03:45:40.263546705+00:00,1,0.13293799711703988,sell,0,0
0xd54d272f67429469871b3ff5649aace593cba5e17545d2b9ab0825f3d7ae16a5,63349319,2026-09-15T03:45:40.364979744+00:00,1,0.08065449050930638,sell,0,0
0xeb0a4014b8a5fb0fe8bf7ba4789eb60be96931d30127cf2ce11d67977ab5323c,63349322,2026-09-15T03:45:40.669279099+00:00,2,0.023042333087323046,sell,0,0
0x61ff7aa23ab6fb84cc9218f3317ca106b7e09670d97135ef65d55eec24e0388f,63349322,2026-09-15T03:45:40.669279099+00:00,1,0.04003540289931028,sell,0,0
0xb61532e1367d2069a80780c0d18b0dcf76c6ecaaf802ba186039b5107a736d83,63349322,2026-09-15T03:45:40.669279099+00:00,1,0.010976693280584064,sell,0,0
0x97dc95b5f799a769db6f18b9a8e70e35caafa4055d3cdaf33a087fe769aeaa20,63349323,2026-09-15T03:45:40.770712137+00:00,1,0.04868900375032486,sell,0,0
0xbede61d1fe419c0398e78a6fbffbd63139e7547d50d0ac578a6782a0e1e94d27,63349323,2026-09-15T03:45:40.770712137+00:00,1,0.017883826916523866,sell,0,0
0x496d487a59c7b77d0986734c89860106fc21aa0e047eff6070b5d7fb962b728f,63349325,2026-09-15T03:45:40.973578215+00:00,1,0.010335391539188164,sell,0,0
0xaf7ff6c501a9624c6bf34fc8fdd46ba709caa3af70a2bc80c41e98ab784faafb,63349327,2026-09-15T03:45:41.176444292+00:00,1,0.030997517301732586,sell,0,0
0x498bd7946f7e68aa67ef246fc94096edc639ca735de74a62bd43243c00159606,63349572,2026-09-15T03:46:06.025211096+00:00,1,0.019166116292742078,sell,0,0
0x0e139c0866f297a28a176eafab02911413ae525c5e8f85828d4a5932454ecd4d,63349815,2026-09-15T03:46:30.667079449+00:00,1,0.027334542894748855,sell,0,0
0xf34b95cbe075652d4a4eb620ebfd5636744a0931f17a9c2b8df7bdf014f3a1fb,63349858,2026-09-15T03:46:35.027574539+00:00,1,0.022679837694293305,sell,0,0
0xe4581cf5bbd73de5ee2bb9dc3123270e59913c676c11eda3062b6dc7792fc7c5,63350047,2026-09-15T03:46:54.193472147+00:00,1,0.02849355850692254,sell,0,0
0x6eaa451f2935a63a24b3364106e59fba76e7fa47e8890a8e5b4b0aa2242c70a4,63350049,2026-09-15T03:46:54.396285772+00:00,1,0.02266623262220709,sell,0,0
0x8722461f87ad6fcad19669d5d13af934981307cd960ea32a872295520f50beb7,63350069,2026-09-15T03:46:56.424423218+00:00,1,0.013280841258697027,sell,0,0
0x06b2714cc0026c9c0332b88c13690dc62fd8715ab23ddcebf83bf0526bcbf55c,63350154,2026-09-15T03:47:05.044006824+00:00,1,0.022688097673340808,sell,0,0
0x9ed5d0b76a634a24618dbdc7081c3fcbc59103be1e68d58e44abdd3cb8d0dc5a,63350200,2026-09-15T03:47:09.708722591+00:00,1,0.04126537154579175,sell,0,0
0x1bd4c04435ee81afb14bc2b2531f0b3e78a9c86781705cf780d42f710ed41efb,63350201,2026-09-15T03:47:09.810129404+00:00,1,0.010369068813895176,sell,0,0
0x8198f58c78d8acb6cb72e31a296581f56f1a530854d3dd4b59698545dd16d35c,63350204,2026-09-15T03:47:10.114350080+00:00,1,0.019235851470426515,sell,0,0
0x35bbf2f4939e2123ceaf8f01e74ecbed8ee7c31777280543668ad18e9c87ff36,63350281,2026-09-15T03:47:17.922678709+00:00,1,0.04127622041130967,sell,0,0
0x517d0f3c391f7858464954ba8c24521fdedf49940d6d87d57f9c4c1838784cda,63350282,2026-09-15T03:47:18.024085522+00:00,1,0.01038219069012568,sell,0,0
0xdf2723cbe3473eb94711cd3d7d51e1eaf5c994b4da38e479e3df0ec940968a61,63350285,2026-09-15T03:47:18.328306198+00:00,1,0.019242928502636897,sell,0,0
0xd3e11a441317af9cd08f8def8d85ef72129343d74223e369bbb739d05fd72a47,63350289,2026-09-15T03:47:18.733933687+00:00,1,0.010358467399035967,sell,0,0
0xb73c5144d02c10191336685d3347d348399f6a08ce656670f14f423ddce739ce,63350292,2026-09-15T03:47:19.038154125+00:00,1,0.016239736886520473,sell,0,0
0xb6b74f2b0fb7b539a8be1b1865322f39dedf98dfaae6f84afb209d6fbcc691e3,63350358,2026-09-15T03:47:25.731007338+00:00,1,0.02266981002259307,sell,0,0
0x383fcfcb64be15f415f47a67815f3964b58fc6b867ed39659c525cd6bcb453fd,63350636,2026-09-15T03:47:53.922116041+00:00,1,0.02267438713612173,sell,0,0
0xbfe9f53dae33bf56480e90e289769119078824c648134cc44301a220bd68d4aa,63350712,2026-09-15T03:48:01.629037619+00:00,1,0.010394837050096818,sell,0,0
0x5e51c4822e0f57edfc7b251c27425d8c0c107b427899240dfa61d576ab512af6,63350715,2026-09-15T03:48:01.933258295+00:00,1,0.01925397486634848,sell,0,0
0x0ef1acc67a4f74e70ac01c8745c63b9c8a48e0829645a786b42cd5b62c52fe5f,63350756,2026-09-15T03:48:06.090939760+00:00,1,0.031990020956242,sell,0,0
0xf70be97f2e8eb18f2ab367d60a1a661217b53f75e928d81f8123361645d3641f,63350785,2026-09-15T03:48:09.031738996+00:00,1,0.010363098629086477,sell,0,0
0x9b5b3f347c0589f12cbfd2bb8deca69de72fad729f0a2c6fce1682143398ed6a,63350788,2026-09-15T03:48:09.335959435+00:00,1,0.01746525576961912,sell,0,0
0xe03a0c6fac48f5975f5d4d51b350016ff3a6d7da276ed213976fa3a2088cc23a,63350940,2026-09-15T03:48:24.749803066+00:00,1,0.038060369101189505,sell,0,0
0xfaeee24e2d9685eca3c7b1246536ab0253cca7568f6b4074de80fc06587226fc,63350943,2026-09-15T03:48:25.054023743+00:00,1,0.01937890567625149,sell,0,0
0xda7444c68fcec5f56f2b9e22ede9e9879be6ca974ef50ccc8983263b71962ee1,63350944,2026-09-15T03:48:25.155430555+00:00,1,0.03639782470671119,sell,0,0
0x23cb7813ffd7a9ef654bd6ed365134091eb0cc48e075f77a282050af6aeb0ec9,63350945,2026-09-15T03:48:25.256837368+00:00,1,0.08612283417903716,sell,0,0
0x318e36da8e6ab1f2eef7e53e23d1bdb5b9710b20d90d685a0b363a43e7680335,63351214,2026-09-15T03:48:52.535284281+00:00,1,0.022684145524950346,sell,0,0
0x8a4bab70d4896cb4893ab8ec0db92f4be095a6c54274c01d0d10a7f8990684de,63351418,2026-09-15T03:49:13.222284794+00:00,1,0.018047028889973626,sell,0,0
0xd3a6bdc61110b656ccbed2a25acbefab17be1a58c323b1e0b70ab8322b3250b8,63351478,2026-09-15T03:49:19.306696653+00:00,1,0.04016982982773061,sell,0,0
0x4a46261aa02be594a0437ef0fcb615495fbbd61f6b65bb7ec21b05ef830225d5,63351481,2026-09-15T03:49:19.610917330+00:00,1,0.016812054671230137,sell,0,0
0x97f8bd0f42725f36dc10b37def056fa988dd8061c83f1aa9d3c120831dfc548c,63351514,2026-09-15T03:49:22.957343817+00:00,1,0.0888991914529192,sell,0,0
0xbc721f363d300f95d5c3740ccd203c7f46ddc56cc302c25b67cd553aeef8d331,63351621,2026-09-15T03:49:33.807878494+00:00,1,0.02269608918460185,sell,0,0
0x6fa0675a9420eb032406b2555c2bb07a2f81498be88443789e61416b5ccddee6,63351935,2026-09-15T03:50:05.649634123+00:00,1,0.031204802178854265,sell,0,0
0x8e674f004db128ea00221bacf1d1555bb60783613e66c812795e9fa8326d1ddc,63352073,2026-09-15T03:50:19.643781662+00:00,1,0.028158733385662774,sell,0,0
0x3990d814c1f229d6053e66fc38fe79bc2ced5853bee9fb9da253a07537dd697d,63352075,2026-09-15T03:50:19.846595287+00:00,1,0.0296810853055444,sell,0,0
0x652a857a0c73f55ca47c1dce76bdb21beee9a47638f343499b22d9b4a6cdb70f,63352075,2026-09-15T03:50:19.846595287+00:00,1,0.016463641023629606,sell,0,0
0xcfc61d3dbaac41d3ccf2ed8610458dc374faaa67051575e61de47545daa56c22,63352077,2026-09-15T03:50:20.049409151+00:00,1,0.08374394171936789,sell,0,0
0x78012f328ad82087db5c6168105dd20fcd0657aefd11bf639ba4e6ccab9c0351,63352178,2026-09-15T03:50:30.291502476+00:00,1,0.03200169369275697,sell,0,0
0x019bedd6a84c798a74905f0189b9fb2ab326fd1cc3c84966b3056ba65722692f,63352285,2026-09-15T03:50:41.142037153+00:00,1,0.022700089676807898,sell,0,0
0x4d5ef5a6ebe69effad98768e2a88ce9c4c004914ca40065d5e73d9b46564389e,63352364,2026-09-15T03:50:49.153179407+00:00,1,0.028978232772413032,sell,0,0
0xf15742d53fd222eb993a626adeae89b4f1c18b60677d8ee45728bd6121c7b9f0,63352373,2026-09-15T03:50:50.065841198+00:00,1,0.05478400090268236,sell,0,0
0x18bbbe7443e8fcba8366f03eeb1967315a595c22860d46b3724df9049cb266b9,63352585,2026-09-15T03:51:11.564096689+00:00,1,0.017881293163544993,sell,0,0
0x6f262fc6ac3fbf6de2b0296fe2010a451dbd2cff7934e3fed17e3c4426d519c5,63352641,2026-09-15T03:51:17.242881298+00:00,1,0.028821662901382376,sell,0,0
0x99d5ed518314309b88ed3cef80a45d21cb6945b311e7434e60ec627505537fac,63352642,2026-09-15T03:51:17.344288111+00:00,1,0.07332471782599849,sell,0,0
0x0eeb50bd5096e6340aa7acf9dd07d4a0e70b4136fb4b54c35342b06ce20bedb1,63352643,2026-09-15T03:51:17.445694923+00:00,1,0.025931306498085272,sell,0,0
0xb24f07d3bb276a841bd8e0442551c74b0da447ef873cf1144632ddbb539a3d66,63352645,2026-09-15T03:51:17.648508787+00:00,1,0.0800306466203655,sell,0,0
0xa80410ac1f21f0d19a1f3943830b0c1e6e271a0b69e47575b9b74f6b056659ba,63352648,2026-09-15T03:51:17.952729225+00:00,1,0.0398596341278037,sell,0,0
0xeb42e67bea476d629865a8bfd6b1332aef5852b19ccbee3bafec55573df8b8b0,63352693,2026-09-15T03:51:22.516038179+00:00,1,0.022698802491757607,sell,0,0
0xedcf9a6786d6be5eef0cc2a47ed116e68c6bb64f4d8f2472755e3d93c3953a58,63352701,2026-09-15T03:51:23.327293158+00:00,1,0.14110709817860062,sell,0,0
0x46f3b008a6841067a7bd311f81cccd1d676387eb9c7325ed4ecd5befa78529ef,63352702,2026-09-15T03:51:23.428699970+00:00,1,0.056829866396320414,sell,0,0
0xe3cfd7221d45e261137c882c33d4eaec4844a90c19e88477b2769b8a01f88b3b,63352939,2026-09-15T03:51:47.462127209+00:00,1,0.022688414427329644,sell,0,0
0x7eafe532df642f26dbb06e1610efec67489ca2dfebd7775e710fe5398280be7a,63353028,2026-09-15T03:51:56.487338305+00:00,1,0.10515472069767014,sell,0,0
0x7e2ebda90d7a08b9ce9bd6e1f3adff30d56ad249138f835f6195e7a174e7db4e,63353056,2026-09-15T03:51:59.326730490+00:00,1,0.03200006704628583,sell,0,0
0x6b52df8743b89552b466ea26a3f5b139b29aa0337d5f9ac811092d95c8b6d6e6,63353159,2026-09-15T03:52:09.771637678+00:00,1,0.06295437428609765,sell,0,0
0xb97062cde484b993c53aab1bfc26e383aa2de039e5d61505b0986948ff6b0a6e,63353184,2026-09-15T03:52:12.306809187+00:00,1,0.10877755171456717,sell,0,0
0x3e85676dd829f07ffa8e3104208d347b2339ba9ceca3224d3d872ba7a3e04a6f,63353223,2026-09-15T03:52:16.261677027+00:00,1,0.05680694241925864,sell,0,0
0x866b0f6c7cee2bffc26a6db816dfd913007a27f97cc16f1cbd3bbf0f6c04227d,63353429,2026-09-15T03:52:37.151491165+00:00,1,0.10393804136038243,sell,0,0
0xe73f17d9c0eb3f652569187217c51469ce96de475a24af18128deab50baf904f,63354004,2026-09-15T03:53:35.460438967+00:00,1,0.022695667762147497,sell,0,0
0xd2ac7d3dadb2ba79f187c2e0dd43f74147516fe6389621e0bdd998ea631a7182,63354017,2026-09-15T03:53:36.778728247+00:00,1,0.04905942019116599,sell,0,0
0xb71e03b3279e30862fcd6ae6402747ecbbd78a273929c0249ffa2b9fa1894e63,63354018,2026-09-15T03:53:36.880135059+00:00,1,0.07433439522153666,sell,0,0
0x4ca00db28c0b88fc27a4a22deca0b77b97041bbb3ceee47886d12bbb1323a784,63354118,2026-09-15T03:53:47.020821571+00:00,1,0.022689445870787753,sell,0,0
0xbd219fa86d380601988e52d4729831ac48cdae1f79bb0207564f9f02efd5bcec,63354120,2026-09-15T03:53:47.223635435+00:00,1,0.02909349592182005,sell,0,0
0x0b0e055010b510da317573a862a2caa5902ff1392ed8881d8fba7d3b11fe2c7b,63354122,2026-09-15T03:53:47.426449060+00:00,1,0.09286218020123066,sell,0,0
0x0b8b160333ca879631002811169af8badc086eaf1994d5592d84f0d29d05a553,63354332,2026-09-15T03:54:08.721890926+00:00,1,0.020786138177953967,sell,0,0
0x68971d703b14a3976bb82a39bb719dff837018c1746160cff650d4c7d715fa0d,63379784,2026-09-15T04:37:08.677622795+00:00,1,0.0462,buy,0,0
0x4724855e720f66f6081bfed8baebc4134fc592821a32465a9c38738fbf5c5044,63380093,2026-09-15T04:37:39.981089592+00:00,1,0.0378,buy,0,0
0xe39df765a26fca163ac45b785e57dcfefd6c62ae898bd824f431d5f2edf72a87,63381398,2026-09-15T04:39:52.185051680+00:00,1,0.021,buy,0,0
0xb0a68e1e55a4cb1a9bcf1ead36350b6454f1adb05c469fb5e143bb1fa7b58418,63381466,2026-09-15T04:39:59.073840618+00:00,1,0.0238,buy,0,0
0x625d6b08882ef003d30397f1830ed4cb2aa71b9136af3a7e55b3d85d37411404,63383049,2026-09-15T04:42:39.440792322+00:00,1,0.0182,buy,0,0
0xcfce76e7039962e948179a5a1c5bbe0244b21ebad003770db33bc378b1254669,63384287,2026-09-15T04:44:44.857271433+00:00,1,0.0182,buy,0,0
0xed48fe2deb068673b51471465c893e37ecf06b88d33fe5912925efe20e2c0e63,63386932,2026-09-15T04:49:13.011505842+00:00,1,0.026038212554520792,buy,0,0
0x7723a697ea808b60be4817ba381dd2c28d7cfc2c05ff67e1733058d4a757d96e,63388092,2026-09-15T04:51:10.647151709+00:00,1,0.03931662357739381,buy,0,0
0x6e5e0cce998e4fd3e1443ee994275d68a31b2791c9fcda5b05a880ce5a5593c5,63388147,2026-09-15T04:51:16.224703789+00:00,1,0.021624746589133884,buy,0,0
0xad32374509e6828a272f0099736ad97a6161688aea0747f4f8d5a58a79371287,63388743,2026-09-15T04:52:16.665087461+00:00,1,0.0294,buy,0,0
0x4d8a2eacc5645e78b1a7c4de6d2a72e987666c666044d28907a0e1bbc7a8c240,63389997,2026-09-15T04:54:23.833276987+00:00,1,0.0238,buy,0,0
0xcca5a13c9a5d95152aaac6b13973e045d42808fe174f3687dec5d0181ef2753e,63405496,2026-09-15T05:20:34.757746458+00:00,1,0.019167796188969573,sell,0,0
0x5024eed288a4c665bdccf5ddbcafa40392b104e2d3451dda3726d4b1b3c67eb7,63405550,2026-09-15T05:20:40.233802795+00:00,1,0.025070148518913007,sell,0,0
0x17da12bc10df748f0063bf3e9bfe1b00e560bbd5508709b8d8d4036e983c9439,63405617,2026-09-15T05:20:47.028168917+00:00,1,0.02211646982921528,sell,0,0
0x02499af9d4d1def84c9bca0324fc3bd0d1ff5b10acb479b30a25778255ca65ac,63405909,2026-09-15T05:21:16.639436722+00:00,1,0.02286027021967915,sell,0,0
0xebfd2e8de508c96b9a5adce0da2a9fc0b5d6f8958b9e653983a585747786a563,63406620,2026-09-15T05:22:28.740844965+00:00,1,0.039849734766602446,sell,0,0
0x79fb2afcae21f54cafe32e11e6508edca2baf50912c03834018b41032a387f97,63406677,2026-09-15T05:22:34.521126746+00:00,1,0.022869141766479813,sell,0,0
0xabb99a4c792dff8db800475e81eb1d863b64dd548880f0a9fceeab55f357b715,63406791,2026-09-15T05:22:46.081690073+00:00,1,0.022876565315513703,sell,0,0
0x63df90efe516f4d60fa11a43ad4bdc6af2182c62865f0c02c12d9cf4e964d77e,63407317,2026-09-15T05:23:39.422535181+00:00,1,0.03222351864531811,sell,0,0
0xd9bd3f1d42a1bee9a9e69353c222bc3a5c426af94f62ef233830d2da0c8bb2f8,63407374,2026-09-15T05:23:45.202816963+00:00,1,0.12369433160285051,sell,0,0
0x8a27faab454f9e1c7563d350a6cfea40cb3b58f279fef5ba9c4e197ef80d0722,63407479,2026-09-15T05:23:55.850704193+00:00,1,0.3550908989876649,sell,0,0
0xecbca5f8f2241dc779fe448332c0ccb6750fd1ed530337bb2c9aa9f9baa3672b,63407546,2026-09-15T05:24:02.645070314+00:00,1,0.062046124189433886,sell,0,0
0x9eef2398dd5146158c9e29d1d0490f74705a95576149a607248ef0660e923c76,63407547,2026-09-15T05:24:02.746478796+00:00,1,0.1560521082811056,sell,0,0
0xd42951a03eb68648313a261c1d68787b2d8bf2d8d26bfa17a071a1d4af02910a,63407848,2026-09-15T05:24:33.270422459+00:00,1,0.06555507546958603,sell,0,0
0x703ae977a4d6b7efa90bf2330013aca498e8bc5e5982775bcc23cb17c118ba94,63408201,2026-09-15T05:25:09.067605734+00:00,1,0.03896682606004197,sell,0,0
0x92675d68a3e2d95ffe9b367068c5f8e4eb13a24665894e32f8f5bc4dba9114a9,63408332,2026-09-15T05:25:22.352112770+00:00,1,0.0570941619200774,sell,0,0
0xff2b06babb0c7024d750146016a023b524600f56763a0b9f2d7439dcb2cad3e5,63408463,2026-09-15T05:25:35.636619806+00:00,1,0.05708286966833207,sell,0,0
0x788e70b67507dcbc1090707295ae7129760c793827d1ca17f756ab00cd1fa5e7,63410120,2026-09-15T05:28:23.670422554+00:00,1,0.016953561297587065,sell,0,0
0x07a2572fda9924094a3dd0d4dadc34615e6f2e53df355267da2daa1f83f89376,63410165,2026-09-15T05:28:28.233802795+00:00,1,0.022001959058669883,sell,0,0
0xf2ca0386b3b2f488bae5467b3d08bda5cce4bf7017894ef4f625cf8ce1263f46,63410168,2026-09-15T05:28:28.538028240+00:00,1,0.04869341894470117,sell,0,0
0x9231b94dc55b7634aa3bcf38fe129bc35eff452cc6d0f3447d075f95974a5c9e,63414409,2026-09-15T05:35:38.638563633+00:00,1,0.05415959623293822,buy,0,0
0x7ad6334b46b3bec3ee0d3a9095889352060aef6f3a3d1d81f53bdffd79f54105,63424064,2026-09-15T05:51:58.284328222+00:00,1,0.0830762216080292,sell,0,0
0x0c1d81a56a7201f3dd24f1c767cdcadb05eaefafe68ad2c3a58e1322ae41734d,63424158,2026-09-15T05:52:07.829628706+00:00,1,0.07879726424848817,sell,0,0
0xb67b8fa82e32b2fa326aa5d41d29c478f9587766ff4e654f474baffcdbdaea71,63424204,2026-09-15T05:52:12.500733376+00:00,1,0.054222130551745296,sell,0,0
0x7527d561f28f398d61547fe4133fc501544310da73990d1c1bb7be2e8b3b3167,63424244,2026-09-15T05:52:16.562563419+00:00,1,0.057854562028630915,sell,0,0
0x082c1eb789a702e03e40f5fac84871abbd634b8c1d78eb4d6e847691ea289805,63425306,2026-09-15T05:54:04.404152155+00:00,1,0.056819204507717005,sell,0,0
0xb192d32670b94e18c09a6fb78110d21ddf2050693157c902bb24dc94eae21c39,63425325,2026-09-15T05:54:06.333521366+00:00,1,0.09619427390588987,sell,0,0
0xa3848f32d3e1d60c7e6265dd4de960e8c9b074fea0637554d1ea4b531f7c5846,63425649,2026-09-15T05:54:39.234344959+00:00,1,0.020939560297522107,sell,0,0
0xc7eb27e7250bce73065fc3f13db86cfbd395d45b009f78d3d71c37658b73db36,63425706,2026-09-15T05:54:45.022452831+00:00,1,0.011792373867081402,sell,0,0
0x7559786cbd1b6ebb2e98d7a438f608eceb4ec0dcbe82c58cf014eb2e60a58b5c,63427193,2026-09-15T05:57:16.020986080+00:00,1,0.2389698786114827,sell,0,0
0x008c1b79e968d5205d91de02f8447f30fa7d76d17c845afa1c9e7ae76c8dafa0,63427647,2026-09-15T05:58:02.122757435+00:00,1,0.06091572566420117,sell,0,0
0xb2181659857ba272b37b3f1b511e6e6ec1a9963df3cb34e2a4310882450cd7b5,63428185,2026-09-15T05:58:56.754372120+00:00,1,0.022744361907934076,sell,0,0
0x512558300f171b9bafee46d3b20993eb86526e48896f5910226efda3d4c786f4,63428225,2026-09-15T05:59:00.816202164+00:00,1,0.011993855157035202,sell,0,0
0xe17b4e9c23bda4f25f3dfb05f7358b6bbb96a50ca7447598fabb1852ad174da3,63428274,2026-09-15T05:59:05.791944027+00:00,1,0.005924719064748104,sell,0,0
0xa65ed065dd3c89fd14c6dba1f8f8403f53542d5229b140fc8756267108adb9fd,63428492,2026-09-15T05:59:27.928917885+00:00,1,0.014910677855604909,sell,0,0
0xeb7dbe37fdee09af35b800746961222cc6b3c4835dc067c264aab2d26dd4bd18,63429002,2026-09-15T06:00:19.717251539+00:00,1,0.0741372848813287,sell,0,0
0x324e980c7eff8742b20c3a4d2a49050183e1e03cc9609de0b8932706a62a2f02,63430401,2026-09-15T06:02:41.756345272+00:00,1,0.013854237565923012,sell,0,0
0xdc52717df50b9cf533202970bb396e89f3c1a15bf516efb93a6883b5e336def9,63430486,2026-09-15T06:02:50.385786772+00:00,1,0.04134881093887487,sell,0,0
0xf5da1fb28262b0f22d944c5c0c6a3843eb11a6cb65077eb46b2846ac84a5cf9d,63430553,2026-09-15T06:02:57.187817335+00:00,1,0.01681843159990523,sell,0,0
0xeb1239d97487f95d830511ab8e5807196b4f0b9f41be1d021f85b9f3710d1c42,63431133,2026-09-15T06:03:56.071065903+00:00,1,0.032039479740230435,sell,0,0
0x0f7813bf768fa524d728880f0512456385b9cb250f4e079be79f44ca65b257fd,63431236,2026-09-15T06:04:06.527918816+00:00,1,0.013050443489759369,sell,0,0
0x62c939cb06c2ace80f4fdd0ede829d1111e5d99ade82aeeba7804174c66beb0b,63431601,2026-09-15T06:04:43.583756447+00:00,1,0.005070738866314307,sell,0,0
0x24789e750b75c8895c82cafb34b85c3945fdcb83caee5c388f769f5e68104d08,63431939,2026-09-15T06:05:17.898477077+00:00,1,0.010799234903561631,sell,0,0
0xf3ee63c6b62338f3cca3960852d0044477434ed548b596171bf806ba8a27c7da,63432489,2026-09-15T06:06:13.736040592+00:00,1,0.02737379693510502,sell,0,0
0x22374ad754b5f4066eba55fa238c4661fd62472a12c6843c007546c79285f3be,63432957,2026-09-15T06:07:01.248730898+00:00,1,0.02271739066939474,sell,0,0
0x00678c7d8ae136d058c5393c8cf30bf2debc5a18eb8025d080e2f6c2099fe66f,63433155,2026-09-15T06:07:21.350253820+00:00,1,0.00342126630365371,sell,0,0
0x6f2d0fc4d7eb09c0e5aff7c88a7aaeea122f253927b306f1133cafee22fa2102,63433197,2026-09-15T06:07:25.614213228+00:00,1,0.003407237809152004,sell,0,0
0x61aadc7bdc21d0961cdc06b517565f9e735fb06846d9af59a9f6446c4db3d9be,63434029,2026-09-15T06:08:50.081218243+00:00,1,0.027383697442315794,sell,0,0
0x5474765522eefd69163531dbc8f40688eede954b0e21258ddca30b5d8a3bed2f,63434651,2026-09-15T06:09:53.228426456+00:00,1,0.07513935871412013,sell,0,0
0x121da615e502cf07563b8625fe5c7fd2ee92e6bc3551d8702bc102936bc1e118,63435243,2026-09-15T06:10:53.329949141+00:00,1,0.016892560775457373,sell,0,0
0xd6f8929c5bbd3935b3e5948388ec32cd1d13ba40bfc7653f36305752e5d9dbca,63435245,2026-09-15T06:10:53.532994985+00:00,1,0.03207313393030231,sell,0,0
0x6920b7c8c43ce1566f436834617ff328a8e895709f3af50b6d21a88170e18b6d,63435356,2026-09-15T06:11:04.802030563+00:00,1,0.027403476250167896,sell,0,0
0x251942d97206a5ee2e948ee6c28e5505f7536a8087236867a9f40597557986dc,63435558,2026-09-15T06:11:25.309644699+00:00,1,0.0227392490801101,sell,0,0
0x1c253d7fb24fbebb2418fb35472832286a1fffad3a041200f7596702d9476911,63435801,2026-09-15T06:11:49.979695320+00:00,1,0.3482544461976494,sell,0,0
0xfa66254d39c665d218aaa42f689b51844ac78da8f3892d6cadf3aaadd63c4954,63435801,2026-09-15T06:11:49.979695320+00:00,1,0.036018121053638094,sell,0,0
0x59fd4e07712778a9f3b96eb432042d4a3203160b73a5c5ba824c3745d8a6e127,63435802,2026-09-15T06:11:50.081218243+00:00,1,0.16556920513844836,sell,0,0
0x57ce518c78186c5860e78fe0a27cdea144998f58f900a4ec323843ce2570de4e,63435805,2026-09-15T06:11:50.385786772+00:00,1,0.03499101445071351,sell,0,0
0xeba32d5f605636ec46020817fa482301586ba17e88f45e20cfc03faecc7fac81,63435806,2026-09-15T06:11:50.487309694+00:00,1,0.018512958330660335,sell,0,0
0x33edb610b414655770fa570504d70c44675fc84b90d6eec6e68b8acfe21f65c4,63436096,2026-09-15T06:12:19.928934097+00:00,1,0.019166923519209986,sell,0,0
0x2b7ff37f43dad9fe4fcb46b2632639b218789b93eb3b17253933ecd809a1f40f,63436234,2026-09-15T06:12:33.939086199+00:00,1,0.019166356326110207,sell,0,0
0x4b652b6d841dcb70c32794cab02be352ec1d683c89a13822fec6c8d765a42a5a,63436471,2026-09-15T06:12:58+00:00,1,0.014487716293945125,sell,0,0
0xdf91a885268e4854959ca5436953b74214c603cd79f2b5bf161f606739018c44,63437362,2026-09-15T06:14:28.456852674+00:00,1,0.012756321131844136,sell,0,0
0x5e1af0678473240fcf43ac052e4965797b8ec47e0e633b1eab3cdec93e827fab,63437537,2026-09-15T06:14:46.223350286+00:00,1,0.015249013634873259,sell,0,0
0x2c86a5dd11827aaa0e1b0ad8fd2565a678ad4a2a574bef40e78ad877b82a4b14,63437637,2026-09-15T06:14:56.375634432+00:00,1,0.010168914726947796,sell,0,0
0x8c9c54f7bea0b5c69dbd0e3122c11ccfe4030e97cf79ce5d45166dbcc4cfc9b8,63439967,2026-09-15T06:18:52.923857927+00:00,1,0.013100336645048803,sell,0,0
0xcfa1c5d7aa080cf4f442983c656ac1f208d419746dbdfdb17a7558825bd82a19,63440052,2026-09-15T06:19:01.553299427+00:00,1,0.006503764845838066,sell,0,0
0x85a6561f9f4e180ae4bbab0cf70e0c423ff1c00a387d746fbe799ce85222f8cc,63440268,2026-09-15T06:19:23.482233524+00:00,1,0.011986550231144852,sell,0,0
0x28a3f4dbc175c5a950f905bcd17f83749fcd134d65c5dc39030145368540beb8,63443836,2026-09-15T06:25:25.715736151+00:00,1,0.031003594279256745,sell,0,0
0xa61474944d2b13b7e993192572973bc632ccd98acc423b4a064d9f66612e2329,63443840,2026-09-15T06:25:26.121827364+00:00,1,0.012708076193130897,sell,0,0
0x3af839d40f94dbfc4a78bc6e15a5c53233947cf027928400dc7c5f1f2b3963e1,63443841,2026-09-15T06:25:26.223350286+00:00,1,0.007732666768564099,sell,0,0
0x8531f88e6f7191d6f01cb6b1c50e668d306c11bc528821252cf664a2b204dbb2,63444185,2026-09-15T06:26:01.147208214+00:00,1,0.012131000797994252,sell,0,0
0xbea722526ae5fbbe2c4aa374943715041fbaa85f98a324a94d5444533d1fe1d8,63444454,2026-09-15T06:26:28.456852674+00:00,1,0.004032837393101808,sell,0,0
0x4753008f2aabb10eef9fc1d0955741af5c7e47cc7e63dfefda7acb1c851e4c76,63448840,2026-09-15T06:33:53.775696754+00:00,1,0.000568711662091286,sell,0,0
0x0eb5864cc8606f31a0417fc6f9cea2ebaaca9ec3e95c1df5b06ac50c5d23390f,63508555,2026-09-15T08:14:52.814981937+00:00,1,0.006508689819349296,buy,0,0
0xd3db0ecf2f2b42e30166a3e8225a04af46e70125fb0897f22091259bfe797a9c,63521819,2026-09-15T08:37:17.961681604+00:00,1,0.007328807254889848,buy,0,0
0x5a3b0b9e75a3b24883b763897dcf43dca293766cfdc099ce2bfce90d32fa5f1d,63521887,2026-09-15T08:37:24.859010458+00:00,1,0.000493290085698316,buy,0,0
0xd4cfc5a0b46fd41c3feadd4b47fdfc79606bc160a957058ef495ac785ffe0c4f,63523058,2026-09-15T08:39:23.635072708+00:00,1,0.005036574725702949,buy,0,0
0x9c7ffbf97c84d46f451182bd65b756d735cf855eb24c36b87d39109f2cbe4989,63526405,2026-09-15T08:45:03.125662088+00:00,1,0.000397411286531227,buy,0,0
0xde1c471616f26147543b4939846f3b88bf585c874b83fc7b4ca9607f2e32ef9f,63575937,2026-09-15T10:08:40.379369736+00:00,1,0.00724754219957745,sell,0,0
0x777fcc12f7edc844a328a17fd29852ba4e82d931ab99ebae30c45f654982fc8c,63609543,2026-09-15T11:05:31.233453751+00:00,1,0.04546373364597736,buy,0,0
0x5ab0fe323513eff88ad209f1b3c6f98ac0cde7b5203a4f4df919389d2920ce51,63613807,2026-09-15T11:12:44.183081150+00:00,1,0.03979900324256131,buy,0,0
0x4b6d3014932ccd46bd1250e27d6423f52a6dc352ee7451769bfb4bd2863d3a3d,63617450,2026-09-15T11:18:54.255787611+00:00,1,0.03392163481692421,buy,0,0
0xa72f49f13e5bd43b4aaac65b5a466a2367673b1f379b5feff0d6f301d3a1dcfd,63619490,2026-09-15T11:22:21.596273184+00:00,1,0.0294,buy,0,0
0xb39e8fcbcd601ea1949b2d6e32f6c139598c8ef6bb885a4ce1ad7964f3f493ac,63622590,2026-09-15T11:27:36.672501326+00:00,1,0.0294,buy,0,0
0x6523c74c0ce64bb47c3a217c4f6412654e08ca25208762dbc64e01d469c442c6,63627865,2026-09-15T11:36:33.951841354+00:00,1,0.038078872335439794,buy,0,0
0x37b8aab3a1defc0310fb4ce49d55c5a5a694ccdecebcee069412105ddd368413,63633081,2026-09-15T11:45:25.895184040+00:00,1,0.037799999962069446,buy,0,0
0xd62f99399c05ecbd56751157a6ae0eda3cf474eba5b371d79ef5d0adff50f21c,63634187,2026-09-15T11:47:18.245187521+00:00,1,0.07806338551430964,buy,0,0
0x8eafedf4c293a781e2fdf421a589f6b2d15f8fd098fbcf07eee5cd5ea5ee005f,63634719,2026-09-15T11:48:12.205786228+00:00,1,0.0882,buy,0,0
0x72e6a1a9d6acef64edd818431f595f2560e6ee4e08b873f49124a29ac22c0d5d,63637702,2026-09-15T11:53:14.770572901+00:00,1,0.0783572907436798,buy,0,0
0x30fadc629b877371fe084a6a330c98b598383bdbebb2c847b837a7f919501666,63639198,2026-09-15T11:55:46.509399891+00:00,1,0.05320597001324919,buy,0,0
0x576925ff906054eecb41b19738b043ade0af04201d1e42b78e65defeed49aa0d,63644389,2026-09-15T12:04:34.645849943+00:00,1,0.0353057292267969,buy,0,0
0x01ab0e1e9854f13c1abf72cda14d1979f79d6a5c2efbce9f5b8f1a10c3dbcdcc,63644679,2026-09-15T12:05:04.281367064+00:00,1,0.043850178363449385,buy,0,0
0xbe66a83acc08d7e06c65782cd89328cba06c55d59fd327f87562d895c51f9877,63650861,2026-09-15T12:15:36.028840780+00:00,1,0.13144352583636726,buy,0,0
0xe69920aa9629e303870e77730e1d5a557fa79d39c6aaf310540de3166a98faea,63650885,2026-09-15T12:15:38.481435299+00:00,1,0.006189310593202012,buy,0,0
0x5d282492bdcdd8967793aae1ddd6e67b215cbb491a43ae644a79025f0af1f785,63653991,2026-09-15T12:20:56.268267631+00:00,1,0.037794481260786605,buy,0,0
0x5adc448d9a36e72d5ff671c6ff715de46bf86d48f5f5530dc21a939317c62972,63657901,2026-09-15T12:27:36.346801758+00:00,1,0.0378,buy,0,0
0x45ed63d7ed4f0c48aaaf862bd758ecf47b43835a93fdd07e59efeeca871e7c99,63659331,2026-09-15T12:30:02.667083979+00:00,1,0.04619999986093575,buy,0,0
0x94e97c97acb0717449d84e449346763cd5c01e9b9c8cdeac8e8f8d1371b55058,63673514,2026-09-15T12:54:16.137647152+00:00,1,0.04865395485380328,sell,0,0
0x44f161031f7f8e7fbeb321f1ec127e5d3b500496122c4d8c5b100edec66e143d,63673614,2026-09-15T12:54:26.415456772+00:00,1,0.039803109796295005,sell,0,0
0x45b263a02c6feca1540a328cf20696c56e7cc37d9c6a8ffd2f10726fac031f35,63673684,2026-09-15T12:54:33.609923363+00:00,1,0.039807380049375674,sell,0,0
0xf44438497c15ef677e44b6820a2ca9cd259ee8f4eee92dca949868ba28536ebf,63673764,2026-09-15T12:54:41.832170963+00:00,1,0.03981162187801068,sell,0,0
0x0a0aa34bea5e26aa40101e6752320f30ac1aaccfa17581210496e0898c4682a9,63674295,2026-09-15T12:55:36.407339573+00:00,1,0.1358954234482735,sell,0,0
0x562b7ce719a3a56adc90feb4b40b780cdad2e90e32af49b3e2fcfeab99fd4453,63674393,2026-09-15T12:55:46.479593039+00:00,1,0.13638481345655537,sell,0,0
0xab37a484673ad61768a9bcddad6996940e7b96b2c6b080a71780408fb91f2335,63674442,2026-09-15T12:55:51.515719652+00:00,1,0.039811299525074104,sell,0,0
0x8fd5ae1cfa5aa97f638943868b91782c3c96a443f5138da528e16f04be5af982,63674501,2026-09-15T12:55:57.579627275+00:00,1,0.03096799105361034,sell,0,0
0x8a41cb0f8d455dda0b6f07c7297e596c09058f0ea1802b48de566b7fac7a91f1,63688112,2026-09-15T13:19:16.603406668+00:00,1,0.03779999967965561,buy,0,0
0xa9a7a74d40a492be8031e3e586cb5580e96cef740dd1b82449590f5f0f102d18,63688263,2026-09-15T13:19:32.209115028+00:00,1,0.07392204981213171,buy,0,0
0x2ed58c955a885924207ab266f9ba55ea07d1b247e2602e4e47ac7ce56a5a4f0c,63689304,2026-09-15T13:21:19.795488596+00:00,1,0.03779999995795779,buy,0,0
0xcde75fc9d9eeb4b570ca658bb58012838ead12beca91ffb98df35f39b00b3fbc,63689427,2026-09-15T13:21:32.507423162+00:00,1,0.07972293614481453,buy,0,0
0x314e8a48951d636f74452c2722f3a2dd24f331828d069b33f86f15df79abd406,63689546,2026-09-15T13:21:44.805961609+00:00,1,0.03813827371141041,buy,0,0
0xa900cda1b40307e8f4635e77ef8e43e4eb15228c1d08fe5ec34416e170f0e02c,63689548,2026-09-15T13:21:45.012659788+00:00,1,0.08838847218925018,buy,0,0
0xc9c8a2406d470df23b83b68ed906e16e9ea99b92d07f0b20742f1f5bda8f52e4,63689553,2026-09-15T13:21:45.529404879+00:00,1,0.08819999995857547,buy,0,0
0x37f57753afb3c058cdaa6fbabe6e992c8584e0cafe1cd296000cfbd9b9fbe63c,63691316,2026-09-15T13:24:47.733801365+00:00,1,0.05459999961984612,buy,0,0
0xc0fc44c214ee754e560bdb379c0b6b4457c6f86aeed87814136661441e3fea7f,63691517,2026-09-15T13:25:08.506962775+00:00,1,0.054599999908562784,buy,0,0
0x04d5a60544d781bc2d4b591b5eb502e8ab622247715f3655046c1a19a53b4539,63692749,2026-09-15T13:27:15.833007336+00:00,1,0.08819999974719535,buy,0,0
0x16d1ea900a256b217b6a589f87aee38532b9385d4c3f6ea15262120bfba288ef,63692964,2026-09-15T13:27:38.053055525+00:00,1,0.08819978672441454,buy,0,0
0xa1fb7e52fa486ee2317fc216eec7453677f846cbf58909f87d70fae456dc3335,63693709,2026-09-15T13:28:55.048106909+00:00,1,0.031258521187323314,buy,0,0
0x443950e68f99af3eb29495a8a1384e806272a91d2b49341e014d8060288c1403,63693709,2026-09-15T13:28:55.048106909+00:00,1,0.03215104462579066,buy,0,0
0x2c3ee01803ec4be58f96a8ecc3b411b0aa408068a91faefb9fd49a690ccfe71f,63693709,2026-09-15T13:28:55.048106909+00:00,1,0.03075665045487372,buy,0,0
0x1796753137f81d03a10917d4ba0418d93b9345b6548159857061a7eac7e3f1b2,63693709,2026-09-15T13:28:55.048106909+00:00,1,0.032300261077390126,buy,0,0
0x777ca85c8b04dcda218c73e6de7cd14e9b13c56492df4a037e9fae15a3fffe0a,63693709,2026-09-15T13:28:55.048106909+00:00,1,0.034307744855371754,buy,0,0
0x8cc144c178ddcafb358afa6cfce70b06986797490c0eb9f7b11cdb19c6e3749d,63693709,2026-09-15T13:28:55.048106909+00:00,1,0.031649173759878343,buy,0,0
0x46ea557491928cf68cf3c5c540753f18a3c428e3576ffc2145a74d18ebe3ea00,63693709,2026-09-15T13:28:55.048106909+00:00,1,0.07000142666897653,buy,0,0
0x5b9db450e55024ee76fc04ff3475b970d89ce023b14b922d23b90b6717102c61,63694288,2026-09-15T13:29:54.887213707+00:00,1,0.03354543955228373,buy,0,0
0x5f3a822ac3eb881247d698ef7e377e10c74c60e4b7dd5aab1f803bacb88c7872,63694454,2026-09-15T13:30:12.043158054+00:00,1,0.03795831780066868,buy,0,0
0x1bdff2835b639bdf5df4c80569dbb9bc2e837ec987ae3e7b7c6148461083d9c5,63694631,2026-09-15T13:30:30.335942030+00:00,1,0.03916101425215496,buy,0,0
0xd94da72c5136d5e348a23663c21b39f95014908fad36b09ae964f0853573dd30,63694694,2026-09-15T13:30:36.846932888+00:00,1,0.04917047044149914,buy,0,0
0x5fcbf57dfb9c18f839ee2286809fd9ea86789a78707d9dd5ecd979f7510481ee,63694694,2026-09-15T13:30:36.846932888+00:00,1,0.04776433413570904,buy,0,0
0xf7b505f3528d68a2e2bd23843f7165a40057a500f0c2c645ae53fdbf52260091,63694694,2026-09-15T13:30:36.846932888+00:00,1,0.046642116250261136,buy,0,0
0xac69a3fa68f37f2e7c3e5f41d1bc5f1a7c5dd39683657a812ac081803f6d67a8,63694694,2026-09-15T13:30:36.846932888+00:00,1,0.03606205186622462,buy,0,0
0x06b4e9a4cd74d5a71f1d9a47f1d12ad7cdd42ebc3f25aa2fa5569a89abd982cb,63694694,2026-09-15T13:30:36.846932888+00:00,1,0.03677461916740251,buy,0,0
0xf11c5c59f104359f860d45532ebc81eea6963cdf61a636291e354acbb27fbc37,63695306,2026-09-15T13:31:40.445536613+00:00,1,0.010370367147975249,buy,0,0
0xa6ba39d061f00f2a0996cbb60b8cc0835f497d2689510e4544661a653d833a53,63695308,2026-09-15T13:31:40.653908491+00:00,1,0.062335427698064654,buy,0,0
0xf5f24edb2606485d36891a858a176cffdd7b78ea57ef6bed6520c9646d64d576,63695310,2026-09-15T13:31:40.862280369+00:00,1,0.002203451550740794,buy,0,0
0x2dec05aed7488542bbf687849ba14f5d6a5c594d4be9499cc2fb41953fb7e8d1,63696134,2026-09-15T13:33:06.711493969+00:00,1,0.04503234025625263,buy,0,0
0x57a8c7d5d1529e26091f210092ad2e5a5cc27cfa627796e47d6a7125ce033e08,63696438,2026-09-15T13:33:38.384019375+00:00,1,0.037799999606271006,buy,0,0
0x79d8d1a518a7c1ad58193516236183f5c7cb10be7efb1690bcb8b00dd356e716,63697941,2026-09-15T13:36:14.975485563+00:00,1,0.07203132234825674,buy,0,0
0xd85b48148a07917c71f5322e8fd88fdeeaf31205e385dcb3c206f8e72caa5746,63699751,2026-09-15T13:39:23.552035093+00:00,1,0.0470635084338244,buy,0,0
0xb1963a16068094d8dcd9049f3fbae03db6bba9a8b5c321c225f1ba0d77f4d968,63699751,2026-09-15T13:39:23.552035093+00:00,1,0.0511454605312,buy,0,0
0x63bcb14e8d470d3bd7cb0ba41c1af21c0c791eb584b2911addfff48ce01e2303,63700695,2026-09-15T13:41:01.903561592+00:00,1,0.054599999799516415,buy,0,0
0xed079df12de5d8e5df5e7697ef07c9e77795ba4740c65df96d9b0a35d0ae39d9,63700698,2026-09-15T13:41:02.216119289+00:00,1,0.03379413294367148,buy,0,0
0x2cadaf7a694d60112dbe54faa9a64b03ad6936547180b91293f145111d9b9b72,63702171,2026-09-15T13:43:35.682007313+00:00,1,0.0338537190834825,buy,0,0
0x11888b93a8438d16b216d00c6b9718854c6cfaaf8442ae020803f71da0008183,63724185,2026-09-15T14:21:28.176287651+00:00,1,0.0462038855605565,buy,0,0
0xea97d8882212cf770d504f8899de08a4e2028f2cce53d40514621e236b9e5ef9,63724187,2026-09-15T14:21:28.383684874+00:00,1,0.011670199150317652,buy,0,0
0xb29ad0fa8ec54150f60cb292b0ec623b65ab5ceefdee67c421fe3070023c1c15,63724248,2026-09-15T14:21:34.709298372+00:00,1,0.1600862192066746,buy,0,0
0x6286dd1a49c61650430448c875000afbfde45d703767a1ee738e3a79ee73452d,63724376,2026-09-15T14:21:47.982716799+00:00,1,0.17900118801785828,buy,0,0
0xc57d49d697c428edb0527151a9e90cb0cffc61b091de783cd27113d6d2a756ca,63724619,2026-09-15T14:22:13.181472540+00:00,1,0.1577104934591253,buy,0,0
0x541c6209584c667bb2bc79a6e271ec21f9cbdb43070ed1552e05ae3487d72eb3,63724782,2026-09-15T14:22:30.084341526+00:00,1,0.00928166196708164,buy,0,0
0xfddee874543d6ddc0ca843aa01128773d9d2cfff18d61c4481df5e6661bca55e,63725060,2026-09-15T14:22:58.912547588+00:00,1,0.022693198720311628,buy,0,0
0x47cbf476ce9966be462d4cbb2dba75c40716ef57dd61ae400dec87cd10c57707,63725074,2026-09-15T14:23:00.364327669+00:00,1,0.008102650515289973,buy,0,0
0xed4d809480a60411c13a5b2790d7065fa56ef8fae24742b7e88130b3d52620c9,63725312,2026-09-15T14:23:25.044590473+00:00,1,0.21189155378052338,buy,0,0
0xcd0160226127b2d04321610dada1eda0f9a031a3982751e8ea6cd0bba7d475d0,63725504,2026-09-15T14:23:44.954718351+00:00,1,0.052965730124247754,buy,0,0
0x11be3ed77b38d287b7c7c727acdf1dc35555b3526c885c67e1733dece44544f7,63725569,2026-09-15T14:23:51.695126057+00:00,1,0.05317878409771198,buy,0,0
0xd4fb1ce7c97f70ee7075b3879a66e3c553751bc87692c76e7f8a2518bc2a7a2a,63725742,2026-09-15T14:24:09.634980917+00:00,1,0.05296695491462542,buy,0,0
0x51cb08de0910c6e5d97e9befb47bbaaccc1ddb05bd69e8bbbec1409f73afd63b,63726617,2026-09-15T14:25:40.371240854+00:00,1,0.05172858456537156,buy,0,0
0x8ccae505988747d3c9faa5fb052a7570aff274145888139743ba50d2d58a7add,63726622,2026-09-15T14:25:40.889733791+00:00,1,0.007167645319089486,buy,0,0
0x9c7d2662d219177d2dedd6b6694e993a159a9971c469bc4c9b48518fd7bac3a1,63726733,2026-09-15T14:25:52.400276423+00:00,1,0.07976817614656796,buy,0,0
0x705e84a018eb03990b593d653de636a93c0279d1ed7a54dc8b016bcab14092c4,63726933,2026-09-15T14:26:13.139993191+00:00,1,0.03968761655615149,buy,0,0
0x01d504d415bb94e270bfdb5c48745655a4d478999ab729b9c40a99cdff40f751,63728129,2026-09-15T14:28:17.163498163+00:00,1,0.10573260115292048,buy,0,0
0x0e64b15166ed0f943db0f5877375c543e69cb9320d2aefe6f0d5fdad82afbb27,63728158,2026-09-15T14:28:20.170757055+00:00,1,0.05286590207855789,buy,0,0
0xe8ac99220ac0984ca79baaf16c3c1cae26309fbd6398558c87f3d5b522f4d4c8,63728824,2026-09-15T14:29:29.234013081+00:00,1,0.14749726890605375,buy,0,0
0xbd712447e1311e33a6788fb2f159cbcaa720315134ae4106e726e78639e9a1fd,63728824,2026-09-15T14:29:29.234013081+00:00,1,0.1472485754904845,buy,0,0
0xf9eac68e87103757226af7b667035c7cfbf17ca58cb7d19f1d0f9e6b3b50e6c2,63728825,2026-09-15T14:29:29.337711811+00:00,1,0.011109392732612937,buy,0,0
0x71f79f67bcaa681d31260bddea9c081848e94c12e85162d87f6b0c1fdf00be06,63729036,2026-09-15T14:29:51.218112707+00:00,1,0.06522135694013555,buy,0,0
0xe84256fcbbc0fb76c25c92ed9180091bb947820867bd0942953e3a9f93dbc862,63729041,2026-09-15T14:29:51.736605644+00:00,1,0.03374439413598029,buy,0,0
0x6c7ff9562260f4accaec28f357849719343d06cc2a8da2d8c63743d0fdc0d2d6,63729042,2026-09-15T14:29:51.840304136+00:00,1,0.048574156677700854,buy,0,0
0x79008320c13d5304545954db4066b609f5dada709b8892fee7de2dc666efe2ea,63729047,2026-09-15T14:29:52.358797073+00:00,1,0.03206330904700896,buy,0,0
0x627d4127dd90ba14aeb41c7b1c64ec4e195e725f53cf67cc4a24a028df962efd,63729047,2026-09-15T14:29:52.358797073+00:00,1,0.03239248103284818,buy,0,0
0x53b8d99f586851fe927368b97b2461d398a0dfbe7774b4952775dfa392fcb937,63729049,2026-09-15T14:29:52.566194296+00:00,1,0.21292960222957782,buy,0,0
0x2f547b6780d3fc87088affe2f32dc829b5643e667a3c710bf5cf7fa81e787c62,63729055,2026-09-15T14:29:53.188385725+00:00,1,0.000610207825086542,buy,0,0
0x2ef62fec0c7a29e3cb51571361bca097aa5edd995edd9cf14e658ca4b36275e8,63729055,2026-09-15T14:29:53.188385725+00:00,1,0.03474813593313729,buy,0,0
0x039db7b36783ffad09a8ecab7654c8b53900bb5a372511a809cdc8c17df75f51,63729055,2026-09-15T14:29:53.188385725+00:00,1,0.03911127589553468,buy,0,0
0xed834dad52e3007829c26e2afaaac9110dd4df85574c0496cef97e7b9b0fe69f,63729057,2026-09-15T14:29:53.395782948+00:00,1,0.697492342939388,buy,0,0
0x09cb65d5b43a7e95f9c5bb4e9be45d5ba445b34c68b05485f969b0947321a998,63729057,2026-09-15T14:29:53.395782948+00:00,1,0.13754203569561765,buy,0,0
0x7ac33db67c56678b3e4222f5fc9e38ef5cace11493dfe8414188e5317621a107,63729057,2026-09-15T14:29:53.395782948+00:00,1,0.00676973631946314,buy,0,0
0xc4ea0eaa3cf9a021dbfcf90772a9031533e9ad791cb5b2c023e5bea662e0ffcc,63729058,2026-09-15T14:29:53.499481440+00:00,1,0.16299656657185074,buy,0,0
0xb84bc239f616dedd611643993b65609fbd0be940e6675b5aaf32d6d60ed81dcd,63729060,2026-09-15T14:29:53.706878662+00:00,1,0.4727712106681959,buy,0,0
0x1f9b69d933874e7a397700a417af982741c2ed757b82f6c4527c1ade06e9756a,63729065,2026-09-15T14:29:54.225371599+00:00,1,0.020139859151811944,buy,0,0
0x68d0e6bc5e37e011cc0513f5f1773681753f925097df29622902ec8081b9a819,63729376,2026-09-15T14:30:26.475630760+00:00,1,0.025221553209503363,buy,0,0
0x7e067e1e343b2fde197a9ff0005920180f870e95e315e399dab64df489308ff3,63729376,2026-09-15T14:30:26.475630760+00:00,1,0.10559578127642634,buy,0,0
0x1f0856b46f24fa92764be9c5ec436330e4cf9d93676ea9a2051c93f526b9624b,63729484,2026-09-15T14:30:37.675077677+00:00,1,0.2951727111033745,buy,0,0
0x14d512a1292f6c629a3a8c4e9bb5378c946d6d17a8bce6bbcabaf0fc1c203ffd,63729497,2026-09-15T14:30:39.023159266+00:00,1,0.015973038908297398,buy,0,0
0xbb7fa868f6e902e2daba4075840f25fcebda3f638888907daf82d096975d7c08,63729516,2026-09-15T14:30:40.993432522+00:00,1,0.013558449518865373,buy,0,0
0x10df7d4cb52c490b0e246ee579432487d89ad1e473372d5421dac2e41fcf92c8,63730291,2026-09-15T14:32:01.660569668+00:00,1,0.00887835985459067,buy,0,0
0xed071a3f8004ab6818b880af8d24bcce05ae5136408edd71f972012a07743ef8,63736535,2026-09-15T14:42:52.227830410+00:00,1,0.007720665579082643,buy,0,0
0x0a206c3c04e347eec9a9aded544924a085983f898b1b8e4423fc4935fb3cbc3d,63736595,2026-09-15T14:42:58.479277611+00:00,1,0.013383892183352628,buy,0,0
0x53abf6fb421cd50d063dcf4a4dfcc1322200e074f533b2bbd0b1ae0ba681c51b,63736611,2026-09-15T14:43:00.146330118+00:00,1,0.08025720220469823,buy,0,0
0xbbd5c7452cb0aac2f96f1a4ac987996ee1f853a11b59de1fbc37c698084e260d,63738162,2026-09-15T14:45:41.746237516+00:00,1,0.053483744942471934,buy,0,0
0x2d3ca25c6d840dda67f146ec4d9ba430d5e56060cd997e3ea88a3eb9dc0073d1,63738837,2026-09-15T14:46:51.881647348+00:00,1,0.05360189895159477,buy,0,0
0x9b977dc9d88cc9f83317906ec2871b056723c853d042226a286edde03241a14e,63739036,2026-09-15T14:47:12.541469574+00:00,1,0.007615209942896248,buy,0,0
0x64684b1b3f8de8e8307c90d7a17ee7d74cfa1946f8553bb37526b3bbb1285ec0,63776234,2026-09-15T15:51:13.995462179+00:00,1,0.03208230751807547,buy,0,0
0x7de36754dbbea24b38ccbd3454e0bf977eef629f825969aee84935f99dc2e5b4,63776235,2026-09-15T15:51:14.097560883+00:00,1,0.04155225207768678,buy,0,0
0x328b02705c8ad2459da7867b58d758305e5cfc0acc22b24401cb3a5404b3d19f,63776243,2026-09-15T15:51:14.914350510+00:00,1,0.012904033128211404,buy,0,0
0x7df329876af669f636e53253e487c3eb2febd317af77cadb1a088d6add74e2e4,63776244,2026-09-15T15:51:15.016449213+00:00,1,0.010117392305403624,buy,0,0
0xfd6b1360bb366b1181f3057c327012025684b05eaae3f3e00cf2a39b94529cc7,63776247,2026-09-15T15:51:15.322745323+00:00,1,0.01221261250313822,buy,0,0
0x4f637f90b9444d20a4f50c36a34e9a1c81067c313fe7840be930377a6cf2b5bd,63776249,2026-09-15T15:51:15.526942730+00:00,1,0.010458305757186231,buy,0,0
0x79d711bf02314ccaeee52a937965ef9f0e0bb6a2a23b55886888a0e4a7e40829,63776574,2026-09-15T15:51:48.709018707+00:00,1,0.02017309999967675,buy,0,0
0x18a15d537c948f84bad0196ad1185063f304ce201a21b4cbb7e6d710669f0204,63777507,2026-09-15T15:53:23.967101574+00:00,1,0.042520411958999645,buy,0,0
0x30780a3fceae5d48aaad3b165e2aed9a4bad6c9d0cf9466fc5aaaca0a10c44c0,63778201,2026-09-15T15:54:34.823596239+00:00,1,0.03700431422666926,buy,0,0
0x1b16782de8c0c2db5ddf47c14abccba6cd30f8fbdbcb0fc7122731315aab2e5b,63778466,2026-09-15T15:55:01.879750490+00:00,1,0.032733394801465705,buy,0,0
0x4f9922ca636f004d3d3beac95320b5eb9c145ba6ffdbb65c65a3bc1b29bccfee,63779463,2026-09-15T15:56:43.672149658+00:00,1,0.1825280833757906,buy,0,0
0xb482d2606a5711b202b45d892e8a06782f5c98c82c45f3da321c4533cf23a248,63780504,2026-09-15T15:58:29.956891775+00:00,1,0.009110046368885412,buy,0,0
0xe82feb7a80f5f8532b9716ef58034e0c83da4f9c130e2a43633a99f1584188a4,63817445,2026-09-15T17:01:35.065000057+00:00,1,0.08492114914901823,buy,0,0
0x92abbf04243ad67c8d0ef103e33fd92cbd5bc8688a441ec8291ff8e6bcb1bfda,63817445,2026-09-15T17:01:35.065000057+00:00,1,0.08471045290927198,buy,0,0
0x161e1e6afba0438d9977a81359193e70de6633dcec461c3bb5f87715740335ae,63819320,2026-09-15T17:04:49.734117746+00:00,1,0.0621559283950484,buy,0,0
0x899fde32fcf08875c10424564e7e855444a83de0ab3cdf8b30db6f46478c286b,63819734,2026-09-15T17:05:32.717058897+00:00,1,0.031549696417199555,buy,0,0
0x2c328909afa50253ccaa57cb4ba775a07d8b9ef6219516691edaac2b62f17e4b,63820567,2026-09-15T17:06:59.185830593+00:00,1,0.005389612710708622,buy,0,0
0xec083d616752b284da4c3893d17969e07d2a8fcf1f4adc506baf94dbcfe91d12,63820574,2026-09-15T17:06:59.911157370+00:00,1,0.016985402985724405,buy,0,0
0xa88d31569e487a5623a47012ac94e62c56e6e113bb1d81ffe7e0990ff7667110,63820576,2026-09-15T17:07:00.118393660+00:00,1,0.007278685351993453,buy,0,0
0x31c7c323165e5a0a3b52ea5964ca534a25354f036770f32823de752529f840e7,63820578,2026-09-15T17:07:00.325629950+00:00,1,0.007880212666423244,buy,0,0
0xecae200c2dd5bcf6d3362677ccdfcaf21ffba6b1a17adce180418ca5125de02d,63820586,2026-09-15T17:07:01.154574633+00:00,1,0.006979757649520012,buy,0,0
0xb0d5fed9b003ae6f712f1cf7172d0843352260dc40c133e775be480a769a0311,63820637,2026-09-15T17:07:06.439098358+00:00,1,0.013384568944479454,buy,0,0
0xcf66fce5339c90a5cdfef51ea641c6aac68165091e80e77eac5a9bdcbfd40709,63820641,2026-09-15T17:07:06.853570700+00:00,1,0.007940133882286425,buy,0,0
0x8388dd6c99fe474d811bb8ed8bc7329fa44ad6defb5f35197a81c1e75d0a19b0,63820708,2026-09-15T17:07:13.795984030+00:00,1,0.003307996840474996,buy,0,0
0x06d525d018e02a698153d8869fe1e41280536300569c0611d31f7d424f7f8330,63820782,2026-09-15T17:07:21.463724136+00:00,1,0.23938823381414,buy,0,0
0xfbf87c7f5e58ba70da2196d2f0f702bca0564704a0308c14b96f37c31a585bea,63823107,2026-09-15T17:11:22.375828743+00:00,1,0.005965061501483509,buy,0,0
0x754d31da2c515d823b6b9e76f1f7e544ce5b8cde1fe9b55586e9e3115cc0dece,63830991,2026-09-15T17:24:55.510003328+00:00,1,0.006878206833961631,buy,0,0
0xafc7700637d11481a13b9d7396ba12c779077c51fea736ec4110f3c492d3181c,63831355,2026-09-15T17:25:32.962844372+00:00,1,0.008733274867799918,buy,0,0
0xccc72584fbbcde1a0b903f6efef8c61b7839bcccf5b4eb6c2b3b9e4ad854a690,63833389,2026-09-15T17:29:02.246027231+00:00,1,0.004044148197755741,buy,0,0
0xfdc27e85005b94b9e4983d5e83f3292a7ec5c122d992c6d21aaf1444aa0c96e5,63833450,2026-09-15T17:29:08.522464752+00:00,1,0.007905279381509181,buy,0,0
0xfadd16ac5073acde20ef7548ec3b25d1ae0a9aa0012c49a9094ebffa98d38657,63833454,2026-09-15T17:29:08.934034586+00:00,1,0.005096899810911248,buy,0,0
0x84c336a8ae64197f583659429ecdfb321de73abe92613e9da5c384da88f14347,63833683,2026-09-15T17:29:32.496398687+00:00,1,0.007139561389664288,buy,0,0
0xd856848d702e5f5b122707352fa76361fe80d096fb124b381a7accdd21903191,63834511,2026-09-15T17:30:57.691322803+00:00,1,0.09728208658330022,buy,0,0
0x782398b1c3a11510cfc60700735213adb3c30335b0ae7c8672fb3b0d616131d7,63837108,2026-09-15T17:35:26.159889698+00:00,1,0.003189254297817342,buy,0,0
0x69d8cb8d69123c294022949bed59dd5894cb2626f100eb3b7f7a71f74e3a4755,63839406,2026-09-15T17:39:23.720192909+00:00,1,0.0736899965849324,buy,0,0
0x55094b557c61711b574d03043a73b083655d46ab795c4607c0382fa3c7772723,63839406,2026-09-15T17:39:23.720192909+00:00,1,0.07340607922967646,buy,0,0
0xb655987a40377acf7a7532126d587a0a077ce2d4d9429a6523efd9eed72c5aeb,63839698,2026-09-15T17:39:53.906271458+00:00,1,0.003569565223032811,buy,0,0
0xca2a8ce82bf7356ca0fa3c3b47c1524f7f311139bab5bff7368afcec48ada817,63839733,2026-09-15T17:39:57.524465799+00:00,1,0.08110863476264715,buy,0,0
0x230a36d8907f0e237a25f52e7c67733c97525dc8180f7f9e47aa8df31bd11a03,63839990,2026-09-15T17:40:24.092350006+00:00,1,0.030994938672116265,buy,0,0
0xe96586bf0b27083b3003a3dbc7993feb7deda3919cbbce489283023cf25c24d9,63840772,2026-09-15T17:41:44.933149576+00:00,1,0.005432001187452932,buy,0,0
0x3254e506ca60edd6f0ad0352ef30caddea51654e8c88b1156b53bc290755f974,63840836,2026-09-15T17:41:51.549276352+00:00,1,0.029895561554191208,buy,0,0
0x2481340097da6f17b5199519ddab58edf7ae86bedf127f20eadfdfb10146b41b,63840942,2026-09-15T17:42:02.507236480+00:00,1,0.004029639958148702,buy,0,0
0x1fde315e0f585777a6e618696d0f0452e445948a78314ea08b230212e2c0c709,63841969,2026-09-15T17:43:48.675396204+00:00,1,0.049840555939265944,buy,0,0
0xb7c47a543919e22e0a6702c32be2e37551dc3f05d3709849b6a7f5de2774d153,63841972,2026-09-15T17:43:48.985527277+00:00,1,0.2495471915827253,buy,0,0
0x5c9a327813cdc2effe05884856c744a470c99ca5cb5c972e83d3e90fc6e936bd,63841992,2026-09-15T17:43:51.053066969+00:00,1,0.005059767772919669,buy,0,0
0x614cebe7740894e52ab556e42053d5c6ea99462e4313217ae070f7f747c8d873,63842006,2026-09-15T17:43:52.500344515+00:00,1,0.008674189561148214,buy,0,0
0xbf1e8f61578f17edcca15b23492ce4178812fa2ab914bd9155bc7086a28fbdd9,63842250,2026-09-15T17:44:17.724328041+00:00,1,0.014047348670900144,buy,0,0
0x8fc9d04dccdf88d00a9d6cd6982c80dd7ba563e876f300cda1bf51264769c321,63844043,2026-09-15T17:47:22.764860630+00:00,1,0.003303549468704637,buy,0,0
0xba4620351fe148903bd8e3e6bbed6b7706a4d39ffeced696de76b8b9ab5a0979,63846654,2026-09-15T17:51:51.684727907+00:00,1,0.000621549893622148,buy,0,0
0x3098a668f29739a328f73ea67bbd6e21fe503bbad185b5bc231a74effa241aba,63856401,2026-09-15T18:08:36.199265003+00:00,1,0.011371945740391456,sell,0,0
0xf37c96fcb4720fa48b7cec4267a48b17f453c3d537bb98314a29ce0d26566f68,63857002,2026-09-15T18:09:38.183645248+00:00,1,0.04281153486978002,sell,0,0
0x95ef66691de8e4097ac3cd01389524ed7cacc7e0593312c693bb1281a175f041,63859271,2026-09-15T18:13:32.197886705+00:00,1,0.010510987954948212,sell,0,0
0x42f5c0d1ba2fe857b0d3e90a1090981665f1b60d6024c28555944a74207ee995,63859432,2026-09-15T18:13:48.802687407+00:00,1,0.036380672415325,sell,0,0
0x9081c85de3dcbf276000f5df8a570cedd34479fbf75556cf4edd95f0ca0d3aa1,63860532,2026-09-15T18:15:42.251636505+00:00,1,0.056603486535016415,sell,0,0
0x4b2258890615aba0ba2ac223ac66703818dcb99d2232ace101b3e7173b1062e6,63861412,2026-09-15T18:17:14.043392420+00:00,1,0.023655163589906138,sell,0,0
0x5681c728859b01c43afbd2a6c61aec9fb42ef9701d77c93f04f20a41c850f7d9,63861971,2026-09-15T18:18:12.479290009+00:00,1,0.008132704295898081,sell,0,0
0x6b86a067905a10bba599a4240cc385c074107493cad32f432f07c5264dfdcc9f,63861975,2026-09-15T18:18:12.897435904+00:00,1,0.006809828083827062,sell,0,0
0x2cecd549fee97184ee489e74e18fdb990d200134dd35c3afe4fbc4a04a9788b8,63862757,2026-09-15T18:19:34.644970417+00:00,1,0.00814292139518872,sell,0,0
0xbadecee022ac45153c4efc39f0bfe2e5bf44f0e82fa382b80f85c14c8540eec4,63862759,2026-09-15T18:19:34.854043484+00:00,1,0.006279275948755338,sell,0,0
0x533b20ec1a6e03231186bdf834c458ffd2b6b05e573e59d4086f0260493e2b19,63878014,2026-09-15T18:46:27.352691174+00:00,1,0.023391669441731596,buy,0,0
0x3dba0f5129ed76e7cb684a75e52c0051ef9f9d8ac92d6dfcc9a9ad79a1732180,63911172,2026-09-15T19:43:58.103270292+00:00,1,0.03670146930975159,buy,0,0
0x8987ca035816f2a65c463026c7d2867b166bbd60c001b851ac026b342f73c4e1,63912346,2026-09-15T19:45:59.340005875+00:00,1,0.007493633095761099,buy,0,0
0x5b2790a888366066531ef588005c5df264258a43da30a908146da4a72ac28f08,63915703,2026-09-15T19:51:45.364326715+00:00,1,0.007042716836144486,buy,0,0
0x8546c5c92ffc82f01ba58475bc9d2e82fe15038f8418f2888799598a13965681,63931890,2026-09-15T20:19:24.776180744+00:00,1,0.0035698463024642,buy,0,0
0x92a7d716b4afa883a4b8fce56f933136f108adf4378d3e34bbac598696fd9558,63933467,2026-09-15T20:22:06.685831547+00:00,1,0.009144178187165924,buy,0,0
0xe5bd1d52fd0c50205357e035560dcecbf26e23d7d2fe8cb88adf322b5dd2e7f0,63935449,2026-09-15T20:25:30.176591396+00:00,1,0.002365478887114655,buy,0,0
0xc8024021286654c8b306b37c8d266ebe6faabff8a5e9243fd8bc661f3146f057,63937134,2026-09-15T20:28:23.174537897+00:00,1,0.004010825119460152,buy,0,0
0x526d2009fd1a17671a6f64b59f33e54ad9ba44996ba2f038229fb99d3f1fa22f,63968244,2026-09-15T21:21:42.271570921+00:00,1,0.004672985280644882,buy,0,0
0xdcad2f8c2d9ceed07ec411e72bc27063d3cf60bf74ab1618d83544e7baa08160,63970386,2026-09-15T21:25:22.926779032+00:00,1,0.01100177179369546,buy,0,0
0x149d6d9dd0294adf4c7d3060c3595356303a8f25618a32631d65b6401b5a846d,63970431,2026-09-15T21:25:27.562392473+00:00,1,0.003817379415377609,buy,0,0
0x9ef2b0c2714fdd49e1d825928021697efd7db30b3e4b19ce042ba46c36184cd0,63988404,2026-09-15T21:56:01.719311953+00:00,1,0.003334088052493281,buy,0,0
0x0a45752d9e00a3fd454a144d0459a2ba3066a10bde72c7f68e1567dd3429ae2b,63988561,2026-09-15T21:56:17.519267320+00:00,1,0.004095327073617789,buy,0,0
0x7eabd6816f40df4bcc26c0cb16e91139aa209d86bce084de7cb98cd15d2b2932,63991057,2026-09-15T22:00:28.708365917+00:00,1,0.02049253279196223,buy,0,0
0xb626bed401c0bd495e0d3de4718a1de6434be3503c90f48e17659deb940b376e,63991178,2026-09-15T22:00:40.885401487+00:00,1,0.007749995269468037,buy,0,0
0xff455b189f50d45f389a34afec89b5216c2ac78e54f693ec2936df77fb8dcafc,63991668,2026-09-15T22:01:30.166219950+00:00,1,0.002939229935565985,buy,0,0
0x7c6d6ea5c9ed32dc4e5d9ea8146aba0eb83b63c89ccee51838d62eaed6294b25,63994936,2026-09-15T22:06:58.718498707+00:00,1,0.002116973965575396,buy,0,0
0x711ec3cd8da86ee50962a5121dd2c344688cbd85c21da4e5c33bf3804de95eb9,63995108,2026-09-15T22:07:16.010723829+00:00,1,0.000645495961401686,buy,0,0
0xe4bed89dd1e4043234263e0f84bef961d95c5c2dcdf50eb5f683ea0f7420e488,63995688,2026-09-15T22:08:14.321715832+00:00,1,0.003193320713290352,buy,0,0
0x90b7a0e7dc4142155faeb6a027a42801662c8ddeca74db1fe4516f41f836c113,63996216,2026-09-15T22:09:07.404825687+00:00,1,0.013507529715863604,buy,0,0
0x1046b1867289750e627a142c7626bb61d5af45966e29a53a3dbdb918408a746b,63996252,2026-09-15T22:09:11.024128675+00:00,1,0.005551466870136925,buy,0,0
0xfef1a9bc68f4dc47620159df57d0f00cadae4b7e82f7f9454b72ad6a3d530c85,63998066,2026-09-15T22:12:13.396782875+00:00,1,0.003616389480388354,buy,0,0
0x95f6afbf6e2f2b90095778dd40800233cba84b500daf1b0057114adc0a3cfbd4,63998096,2026-09-15T22:12:16.412868738+00:00,1,0.00224468018887268,buy,0,0
0x95756b9d36bd065cf18da2f56f598c2a5f55b31dce09eb875451c01b309e2654,63999467,2026-09-15T22:14:34.247989178+00:00,1,0.000146741823597146,buy,0,0
0xe0c6257a4465e718ce7a6c621c755d005390568d75ea31b1a734021ecaa9b29a,63999894,2026-09-15T22:15:17.176943779+00:00,1,0.003051370459399563,buy,0,0
0x8f3557b5c7c3f3b177e1187703b018daca79a6dc302b93bb7107e754b993c738,64002932,2026-09-15T22:20:22.550154448+00:00,1,0.003106390614785279,buy,0,0
0xcf1006f123c885f41951f6f777582c0af2859d581b89a88ec6d7ffa8bcf9efb2,64003201,2026-09-15T22:20:49.588671446+00:00,1,0.00799143163084762,buy,0,0
0xa4a801d72f0e440c12b430c721699120e3f74b34796cce88bb7c5cb40860f2f1,64003204,2026-09-15T22:20:49.890216351+00:00,1,0.002054365029661184,buy,0,0
0x9f298e6af8a93dcf660fd08c47051b4bcc3ff5ae77ee79092ab8700c4564848f,64003667,2026-09-15T22:21:36.428630352+00:00,1,0.002863969107783849,buy,0,0
0xd058a50eaa0c45d9f1a27a319e77598adb98f58c9c8c4aba6b78afd71a8f7996,64004664,2026-09-15T22:23:16.642018557+00:00,1,0.004114770396510287,buy,0,0
0x6dd3c5be17600fc82acc5b16c01c793d687c5140fdbfc24655f7bc45d2f6a516,64004667,2026-09-15T22:23:16.943563223+00:00,1,0.031067772195400314,buy,0,0
0x2d076a099f5d8ddf19eaf5fb42bca88873c55c0c0d6b4996dc04e04da9389319,64004668,2026-09-15T22:23:17.044078350+00:00,1,0.02993835474573659,buy,0,0
0x108ea46692727aacb09c1eb0d20240ec316a02b3b5b5f057dbfe0acb5cc9fb31,64005238,2026-09-15T22:24:14.303554058+00:00,1,0.003324790789781425,buy,0,0
0x130a22f9bc479507c325d4de592d058ba6a107ae21191e08dad51c6e6f420ed1,64013530,2026-09-15T22:38:05.579497814+00:00,1,0.003574703709294633,buy,0,0
0x8536866ae19585582dcad3ef8dffb027d7a0131be12878e3d6332f23b9eff08a,64015287,2026-09-15T22:41:02.749790907+00:00,1,0.006026996695900487,buy,0,0
0xfc0d8f3c89ecb787680a4b6769d81cc83013ff04d133cbde8bb9fb04aab7a4c0,64016061,2026-09-15T22:42:20.797489643+00:00,1,0.02777807532107479,buy,0,0
0x88b1990329859a9928641a9b9d04498a1d0a9707565493899ab44c60e4404f4b,64024062,2026-09-15T22:55:45.346366644+00:00,1,0.000910528910080224,sell,0,0
0xbcb45720210c5493270207baa8791d555a7f10be9b0abc201a4add2ddea7310a,64053034,2026-09-15T23:44:18.647638798+00:00,1,0.003983871113567872,sell,0,0
0x9389aa58248f7ed37a4a4ba41e079c6b9d61b29ca48b0fecf1bc2cb622874fe7,64053177,2026-09-15T23:44:33.044110060+00:00,1,0.008056674617666636,sell,0,0
0x5afcbaf403d853530c89d1e1f755caca2b01746bbc6947818f7e0af90a7df234,64053885,2026-09-15T23:45:44.321743727+00:00,1,0.003866915543960706,sell,0,0
0x16d090724dcdba9e91848551c25d6df2a91389bc6aa8853a7f238ec70b247831,64054088,2026-09-15T23:46:04.753678322+00:00,1,0.006927409675841819,sell,0,0
0x12fb874995e1128c8c1e793fe57114dabab01091e56c0ba6407d6b1077c6e1f8,64054089,2026-09-15T23:46:04.854295254+00:00,1,0.003393519078701505,sell,0,0
0x33a3ae337720d01be8a2a9f6550b1c940f29ce4ed90d1ba1b6ef5fd1a05a0347,64084667,2026-09-16T00:37:25.910447836+00:00,1,0.00408027661587362,buy,0,0
0x5b9fb6aced84c69d6f79448b7b917481a078227d64ae098568e79350ef24cf64,64084839,2026-09-16T00:37:43.202412844+00:00,1,0.007332459101758628,buy,0,0
0x0b726a8b1de1e6e2a5adad2192800407245cc71f66ade3406e349a0194e84492,64084847,2026-09-16T00:37:44.012064457+00:00,1,0.020392250568340996,buy,0,0
0x6bcd5eeb77b7a04ac49741f929677d068ceed0ef2cd9a05cb8da89314eed2dc3,64084849,2026-09-16T00:37:44.214477301+00:00,1,0.010730482243474924,buy,0,0
0x9e85f378441de6a1676031be4f8bd61c66f3e2ade5fcdf96a74e052d3df0ea68,64084852,2026-09-16T00:37:44.518096447+00:00,1,0.012626748140339155,buy,0,0
0xa6852185f6a319ca49f5a65b0a705bb34093e8cd12178297fd210ebc9826e8e4,64084853,2026-09-16T00:37:44.619302988+00:00,1,0.006934151521891219,buy,0,0
0x242cf0d552c79ee140c40ce801f485e723a933ab41842ddb775e6e5fa19c799d,64087924,2026-09-16T00:42:53.838282108+00:00,1,0.003387767501171768,buy,0,0
0x1156c77584b3ef3e082edd558fb46478ba2b7a0abaf459b79f8daf369c6a080c,64088970,2026-09-16T00:44:38.903743267+00:00,1,0.02039399970516949,buy,0,0
0x7966f2d5f0a6af76c94dd3aba32a84edce83aa99d2df96cb4e42e5b1b7c7f537,64088975,2026-09-16T00:44:39.406417131+00:00,1,0.006931340759248973,buy,0,0
0xa113c174fecc2afbe98c455ad73d8079a0c076738efdb38f9c8178f62e8ca548,64088975,2026-09-16T00:44:39.406417131+00:00,1,0.04295196485237331,buy,0,0
0xc01dec7fb3cac8e80ac4d1640fd351e97d048a7e2c395affb7a49639786ead09,64089779,2026-09-16T00:46:00.151599884+00:00,1,0.003150941753902492,buy,0,0
0xbedbd962f13bcac3b2d7dd112969ec0b3b126e6c41477f9f18c36be1a65642f6,64092581,2026-09-16T00:50:41.472399950+00:00,1,0.006503355354305491,buy,0,0
0x385274a0f7171fc4888149a3d0421d04b035e5878e684f66486e579004a87250,64092584,2026-09-16T00:50:41.773600101+00:00,1,0.04015253255304119,buy,0,0
0x064d2de82babb85c8a43840bd3941b8fdba540b11d532e309d206d4fd5c4d9e2,64092586,2026-09-16T00:50:41.974400043+00:00,1,0.011462048009463212,buy,0,0
0x1aee91932a396299abfc288e1601a0c1059bffb6cc8f2adec576930d447d6154,64092588,2026-09-16T00:50:42.175199986+00:00,1,0.01842227941266994,buy,0,0
0x113061ffac1196582a44ec04a3afaff17bdaf293afb1730b40c47bf2b1b34c34,64092588,2026-09-16T00:50:42.175199986+00:00,1,0.003344153336667202,buy,0,0
0x369074292fe5633b999ce2422e99b18285959884c6691fade6ef96577d0fc354,64092588,2026-09-16T00:50:42.175199986+00:00,1,0.02041090728306306,buy,0,0
0x6696976b654d12a9dfa5cb4a19d15f1e95c375b363b472724f115be15589fe2b,64095823,2026-09-16T00:56:06.969199896+00:00,1,0.025722965777328424,buy,0,0
0xb91fa7da6799f6b5aeb3937d76a4ee3a314153661e172379c6ab32c39beaad6e,64096030,2026-09-16T00:56:27.752000093+00:00,1,0.002767585144409595,buy,0,0
0x1851d5c66d23ddeb50cf95c8812b28f60c0092ce39487e7e15416a08e30f5ad5,64102845,2026-09-16T01:07:53.086499929+00:00,1,0.006564172611541306,sell,0,0
0x5cadcca4e7b24fbfbc5d69135c4c4860b4a8d4b227c6e2a153cff4fbcc1450b4,64103279,2026-09-16T01:08:36.790299892+00:00,1,0.003321572183312439,sell,0,0
0x21712caa9ed5cf347f3ae53e42f94b2d21bc640b00c1d4dc3f771a2008cc9823,64126042,2026-09-16T01:46:47.024399996+00:00,1,0.002017401840811723,buy,0,0
0x52f5b39326c276a5c5825b8e46508eba74eb0dcc917b33daa5cb36784f23d3c4,64128936,2026-09-16T01:51:38.450200081+00:00,1,0.020891429955548584,buy,0,0
0x337ff508cf7211e7fb69f5363175a4a2645d30d5a26dbcdb91a6cf6309b9f9c9,64128962,2026-09-16T01:51:41.068399906+00:00,1,0.008505044419257037,buy,0,0
0x4856a1f71ba6af2276e3fcd0f18ae68d3a77decb655294d00cf4cafb63d5f0a4,64130241,2026-09-16T01:53:49.754600048+00:00,1,0.002967829932253319,buy,0,0
0xe9e45cba5e709b46f7f094d5080803c2c18edac20b39b05ad64a7c3a4c1fc054,64133895,2026-09-16T01:59:57.346999884+00:00,1,0.002933901490042657,buy,0,0
0x05f75d396ef46e1ed585714724c726cad00cda0905e06c2f9cb36cff42833ea9,64135071,2026-09-16T02:01:55.652600050+00:00,1,0.020486048305195473,buy,0,0
0x86eb8abc5c5c2944ecedb38e3ca6ec057fe2e38c7ca6160325c4e5d3da8103f2,64135073,2026-09-16T02:01:55.853800058+00:00,1,0.007374975068588092,buy,0,0
0xd723deee40903e17b8fcc6a1951017094daa88a21470a3fc15d94eb7093772f2,64135170,2026-09-16T02:02:05.611999989+00:00,1,0.00921312691900648,buy,0,0
0xcd5424e9c13f8f8577bd34d82875339e58146f4510c4fb452dec7410840ebab3,64140645,2026-09-16T02:11:16.247499943+00:00,1,0.007375326212408746,buy,0,0
0x67a407f566a1f24f8e43f4db89716907d16370e678d744e85240ab9ba626eb31,64140647,2026-09-16T02:11:16.448499918+00:00,1,0.007373851123194941,buy,0,0
0xb39cf4100ffdf4df3e479e9ea94dd03c9cbf0a51edb65e02a3d07fb781f558fe,64140648,2026-09-16T02:11:16.549000025+00:00,1,0.011760479947690352,buy,0,0
0xb301835444b2fd0bbf67226acb4963dbce18946c48779969591ba0c08ea30e0e,64140979,2026-09-16T02:11:49.814500093+00:00,1,0.003104549526024902,buy,0,0
0x91d7e1126912d7f17bd7e68c4411b8f7ae75ad0d61ac470671b3cebdc9ca2ebb,64141109,2026-09-16T02:12:02.879499912+00:00,1,0.002992759564062941,buy,0,0
0x82a1c3e60ab08db4b52fbef81ac78be6ab7189f151e53a43482fcf623b726ff1,64141177,2026-09-16T02:12:09.713500023+00:00,1,0.007385090548637732,buy,0,0
0xe1a020942cb51174c1e586d4bdfcee148b36947654befaa6c4a73c3df7fb6449,64141264,2026-09-16T02:12:18.457000017+00:00,1,0.002976643114534867,buy,0,0
0xf67973ed09f8aa21fa9ff9f997265ced0b311d02462607f18129285352e38667,64141727,2026-09-16T02:13:04.988500118+00:00,1,0.002591438891033034,buy,0,0
0xc54d48077f6c78d871a8586c1dc6785e8d9bdc3f96a30bd60d4a9f26d6404c5b,64144488,2026-09-16T02:17:42.469000101+00:00,1,0.020444454965186053,buy,0,0
0xd182f4516eb7feea858728f18f256c06adbc8bb0f561d4edf2900c99c13d6cdb,64144907,2026-09-16T02:18:24.578500032+00:00,1,0.028355312688087032,buy,0,0
0x442062fde98113b233aaeaccf226e3f16de60589806e026edae00fc811ba1994,64145264,2026-09-16T02:19:00.457000017+00:00,1,0.002627374547299898,buy,0,0
0x4b2a8561e04b62475cd0efd25a65962e2fb8cd617902ce49907475e3080b094c,64146079,2026-09-16T02:20:22.364500046+00:00,1,0.002509075489925852,buy,0,0
0x633bea7f9740914e69d10dd3c46cb9bac2f23077136407b71ce8880b4ba289e3,64146419,2026-09-16T02:20:56.534499884+00:00,1,0.003400584830425878,buy,0,0
0x5c12b265431b6b26bb80f91ae4bcf4d640aa589d54c31a77e9b40f29a22c2214,64148332,2026-09-16T02:24:08.790999889+00:00,1,0.00288125331735675,buy,0,0
0xc40067e4bec2bc78ce25f64cf38f0cf2a2fd09a278ac45545f40f20ef6a6576d,64148560,2026-09-16T02:24:31.704999924+00:00,1,0.002877880941789114,buy,0,0
0x9b8f35f735f67e03a50bdae33d3ace610a6f58ff25b3a0ad2f20d2826f8e4937,64149442,2026-09-16T02:26:00.492000103+00:00,1,0.003237881466426776,buy,0,0
0xad72507e118d3cab0d1ce0295f819e091b2ef5b73a619f8f3221b60be0dc83a7,64149446,2026-09-16T02:26:00.895999908+00:00,1,0.003574626163371285,buy,0,0
0x1926a84bc37e3a6148e0f6e3ae4404e328154c4cdae049e7fc64acaba060e7bd,64149511,2026-09-16T02:26:07.460999966+00:00,1,0.003282000660060853,buy,0,0
0x6d387109c8b9c12cb6c4fcc2cc42ee38d0ccf836347e15259e94633d84449f27,64153552,2026-09-16T02:32:55.601999998+00:00,1,0.003848252530510514,buy,0,0
0x160a8d71bf7ef13fa503ce7880256967f2ef5ea69eb7140b897ffe16157d5e72,64153560,2026-09-16T02:32:56.410000086+00:00,1,0.002983297585649545,buy,0,0
0x9abf4ee952b29470391859973ca401d63c82e5704ffbc2b6033999d74f9d6780,64153570,2026-09-16T02:32:57.420000076+00:00,1,0.003272193998979177,buy,0,0
0x753740f84398ba5642e813e6b8d521f0553575a819ae234091ebbab9ec199cdb,64154641,2026-09-16T02:34:45.591000080+00:00,1,0.006160068691665621,buy,0,0
0x010cbe98e63169ae8ab74aeabd2292fa5d3520c922066bc7c398fbb5a4afd6d8,64154643,2026-09-16T02:34:45.792999983+00:00,1,0.017338058281273324,buy,0,0
0xf8010826a792ad73f3cc9b934be8977654a741b2d4dd3b3115810b458316acf3,64154644,2026-09-16T02:34:45.894000053+00:00,1,0.015193099128508554,buy,0,0
0x45c987ca09b2a3c323e9caf1cf55e4780cf9dff4ff8c56062488be47859f4bee,64154644,2026-09-16T02:34:45.894000053+00:00,1,0.02037179077571492,buy,0,0
0xf16ecf3a5614e3ad0d326f23c83f9e94e4a5226d259d1fd47e8b9a6fb5a2d58d,64154645,2026-09-16T02:34:45.994999886+00:00,1,0.006252664245986045,buy,0,0
0x598060ffa31463c7f63680aa18d18dc56d682b80ff4ab16467d2039ae1b9812c,64154646,2026-09-16T02:34:46.095999956+00:00,1,0.007570039247715942,buy,0,0
0x9417ad9bf7d14a57a506ab0eccf9b5f760280a9186140f64e3b043e14f835242,64154649,2026-09-16T02:34:46.398999929+00:00,1,0.028928396135204607,buy,0,0
0x0479e6d36c0a5778450bdc595cc6b96ab1a291e11b1f5777be615b6a28e412b4,64154677,2026-09-16T02:34:49.226999998+00:00,1,0.002462341044878341,buy,0,0
0x74984fc18f09c178add5fc40e802a7ac5765f6076ca58510299e1ed21761c30a,64154687,2026-09-16T02:34:50.236999989+00:00,1,0.002975135652925751,buy,0,0
0xb8ba6be015e70e6d75843d7480d449734e98639bca5cb1966ffa54fa4772d7a7,64154868,2026-09-16T02:35:08.517999887+00:00,1,0.002955704960319306,buy,0,0
0x9b32eabef7aafea7d9d13f4c959d097a3bc154bdf3d372d9856403429b5f4643,64157182,2026-09-16T02:39:02.232000113+00:00,1,0.002824602282873731,buy,0,0
0x3307e637bd880b4737033a58833b6e8ce092ca9c1b98390085ce92cff6f3fa0e,64157686,2026-09-16T02:39:53.135999918+00:00,1,0.002441315604738864,buy,0,0
0x08e73435330f2536572d432af3eeee6f9fd44cc74a30fbc84f0d4986c931d117,64157830,2026-09-16T02:40:07.680000067+00:00,1,0.013546591600563542,buy,0,0
0xc4c2fc272965ef2dbf71da06b4391616bfd02582b662ad08917b1c4f9372f5ef,64157968,2026-09-16T02:40:21.618000031+00:00,1,0.002442189293886777,buy,0,0
0x8427a126aba7309a18e42eece74c9c33adb93e747e70709d65eb3cfc121b4b3b,64157970,2026-09-16T02:40:21.819999933+00:00,1,0.002442186760980012,buy,0,0
0xcfaf1c2490b6529b41b9a97df79c36dd6885f8351ed7e11029aa39e4a061781e,64157971,2026-09-16T02:40:21.921000004+00:00,1,0.002957281318630378,buy,0,0
0x958c1c38a9e3bd87fdf22baa5e2d4ef5945f206bceb52ecc3b3909be1a7ecd6d,64157981,2026-09-16T02:40:22.930999994+00:00,1,0.003551545595713169,buy,0,0
0xa1c8379fdd0e0163c26e4299f7d9e27758289795639387058fffb5b3a9c28f84,64158010,2026-09-16T02:40:25.859999895+00:00,1,0.03563017147857698,buy,0,0
0x6b46cfa7f810f6f146dd81ac604b832996125ca07ba3bde72e3a5bdd604b6e60,64158014,2026-09-16T02:40:26.263999939+00:00,1,0.002441890409725234,buy,0,0
0x85456a51389d404bb28956a99e6f2690b7238c9093bbe9615f251367ae09ac72,64158014,2026-09-16T02:40:26.263999939+00:00,1,0.008202127896321913,buy,0,0
0xecc8f11837b413a4c770dac171b714670e2b5b261873c78e06e3e27ef041636f,64158016,2026-09-16T02:40:26.466000080+00:00,1,0.004070105956631959,buy,0,0
0x02b8577a8f45664e86b7cfe09768a4b6b719147dbae4d05306bb298274cf8b9e,64158027,2026-09-16T02:40:27.576999903+00:00,1,0.002442300574957368,buy,0,0
0xe3651ae49d4abb0a7e61f35ce8263fb04f3ebc7f53aa5d6541154153c9f06ff3,64158058,2026-09-16T02:40:30.707999945+00:00,1,0.004071079183680407,buy,0,0
0x5721907cd8152c557e8a88b5fd06c9cf452a64441d9021be308d8201adf51794,64158146,2026-09-16T02:40:39.595999956+00:00,1,0.02030566585547171,buy,0,0
0xc83b61b9ea63bd374a9957a46b87718a124f3bc9e577136a8919e19d6e456444,64158152,2026-09-16T02:40:40.201999903+00:00,1,0.002441313458167266,buy,0,0
0xf63ac8f3a497794101dbe24c2baa1a5d02ae557d595b140ab5f1e218e251d56a,64158162,2026-09-16T02:40:41.211999893+00:00,1,0.002443698965345151,buy,0,0
0x63ebb40e3afe3f9ce1bd63e2d809600260c1945cad3b06c5209bf9a386989bd0,64158163,2026-09-16T02:40:41.312999964+00:00,1,0.046775915856694515,buy,0,0
0x6bd4d8ef63debb44dd673c3ed7e8dee96af547ea0b1abe2d42c6fbcbd444d3b5,64158165,2026-09-16T02:40:41.515000105+00:00,1,0.002443096069285283,buy,0,0
0x53b8f2f77f1dc55a999f8155b2070f608b2c867f5ced8ba86404a44895c2a060,64158167,2026-09-16T02:40:41.717000008+00:00,1,0.002443260339286872,buy,0,0
0x52e8527030f8c952d3d300ddc895d9472d689d4af6b727a7700562b3e616719c,64158185,2026-09-16T02:40:43.535000086+00:00,1,0.002441402043714378,buy,0,0
0x6505577619b955e8886a0cac8273856fb4e97b0553a05085d9ad9abcdc3cef5b,64158187,2026-09-16T02:40:43.736999989+00:00,1,0.002443257804713679,buy,0,0
0x84f8da41dedfddcfbccd6d53bfc0451788e09555b917afeb3cb49ba3c6a11067,64159992,2026-09-16T02:43:45.626845837+00:00,1,0.01081566297246423,buy,0,0
0x4f4f74cd67b42048555932b283d694e90a9974619e4d0bbc73eb173cc33b8921,64159994,2026-09-16T02:43:45.827859879+00:00,1,0.016928407536561343,buy,0,0
0xf0a0921ebf1154307df11db1bcd565ab75547bf7ca0c562ffaeba3806f9f539d,64159995,2026-09-16T02:43:45.928366661+00:00,1,0.005474818943020029,buy,0,0
0xaeef251114e0b6cd6f498bd6ca99e426e417168b665399952e9334bd0d79a288,64159996,2026-09-16T02:43:46.028873682+00:00,1,0.003259399028953666,buy,0,0
0x4054736e9c2b6c0da3e079ad160cbae0cf14a3bf892903ee653c3c8fbb3d41af,64159998,2026-09-16T02:43:46.229887486+00:00,1,0.014511272030197269,buy,0,0
0x665e13ee506dd5d16b7647dfa99e68c76d96c0491d3537c50440fe178769b232,64160047,2026-09-16T02:43:51.154727697+00:00,1,0.052847882616094376,buy,0,0
0x6503e07a5f18ceab8a601c26c10e015c43f56dfc46f353c0f0bfd8a3e444cd4c,64160086,2026-09-16T02:43:55.074498653+00:00,1,0.01254241966710062,buy,0,0
0x4e7c13dfa2c6fe7fe99eda459cff0d2bd38484de098cd110f046c6887489a0dd,64160087,2026-09-16T02:43:55.175005436+00:00,1,0.021,buy,0,0
0x5cb8f16760c7652cef1291eaf68bfe5d2e1b5e073d566712c8bbd147a1841046,64160088,2026-09-16T02:43:55.275512457+00:00,1,0.10693474763098934,buy,0,0
0x674f8f61ec5c69ba71f935dc567370093c10f4914b79e7537d6e452a7e2f5131,64160089,2026-09-16T02:43:55.376019478+00:00,1,0.019284062665422704,buy,0,0
0x5deaa57f4e7bf14d81087b82e962cbfbe49a9e21497c507a8b3eb15b9807f205,64160089,2026-09-16T02:43:55.376019478+00:00,1,0.010650003507645228,buy,0,0
0xf90ce20b92d6b6762e409b38c2ef6bd0d077dd573cff218f70858e491cf33924,64160089,2026-09-16T02:43:55.376019478+00:00,1,0.011580523827552956,buy,0,0
0xf6b754291d8e6fa4db1f21b5a0936161a7d8b28e1c1dde629d4fddddcaf204ee,64160090,2026-09-16T02:43:55.476526260+00:00,1,0.007268584330484417,buy,0,0
0xf00686ce6a27cec96a76c47f517d1bd2c1561e810656b2250446808768dd2c85,64160090,2026-09-16T02:43:55.476526260+00:00,1,0.01002965650353252,buy,0,0
0xd1f63084ff6cdb40bf6010f256cd506a0f517f9e0cf712f85511ca4d776d530b,64160091,2026-09-16T02:43:55.577033281+00:00,1,0.02091989357410838,buy,0,0
0x3be07202920ff1c8a06026af1affacac9b8bb9db1c5d6b598d727f9cd360088e,64160103,2026-09-16T02:43:56.783116579+00:00,1,0.007420823341045707,buy,0,0
0xed578d312b8ab1c10927a1508621436856589414d42514258c5f3b25f20d5865,64160118,2026-09-16T02:43:58.290720701+00:00,1,0.009899438981212724,buy,0,0
