charter_id,owner,branches,pending_tokens,daily_tokens_now,net_exit_ETH_now,future_exit_pressure,one_day_break_even_price_ratio,one_day_max_price_fall,future_resolution_fee,elapsed_days,timestamp_utc
1,0xc22c0c5578b04b6052468e4c2832ff57acee6db4,1,630.2592838398112,636.9426751592357,0.06574267160404361,quiet,0.5083362944315335,0.4916637055684665,0.02010278006243692,1,2026-09-17T00:44:57+00:00
1,0xc22c0c5578b04b6052468e4c2832ff57acee6db4,1,630.2592838398112,636.9426751592357,0.06574267160404361,1m_gross_bank_exits,1.2452802676118608,-0.24528026761186084,0.6,1,2026-09-17T00:44:57+00:00
2,0x6d5d4fb55c61019c5eb9236c3da58c774b8232d1,1,630.2592838398112,636.9426751592357,0.06574267160404361,quiet,0.5083362944315335,0.4916637055684665,0.02010278006243692,1,2026-09-17T00:44:57+00:00
2,0x6d5d4fb55c61019c5eb9236c3da58c774b8232d1,1,630.2592838398112,636.9426751592357,0.06574267160404361,1m_gross_bank_exits,1.2452802676118608,-0.24528026761186084,0.6,1,2026-09-17T00:44:57+00:00
3,0x127e8d8c3bbcde01987051a79debddb64ef77978,1,630.2592838398112,636.9426751592357,0.06574267160404361,quiet,0.5083362944315335,0.4916637055684665,0.02010278006243692,1,2026-09-17T00:44:57+00:00
3,0x127e8d8c3bbcde01987051a79debddb64ef77978,1,630.2592838398112,636.9426751592357,0.06574267160404361,1m_gross_bank_exits,1.2452802676118608,-0.24528026761186084,0.6,1,2026-09-17T00:44:57+00:00
4,0x6f32e655f12ea79e20d54d0f8f010820b61c9f15,1,630.2592838398112,636.9426751592357,0.06574267160404361,quiet,0.5083362944315335,0.4916637055684665,0.02010278006243692,1,2026-09-17T00:44:57+00:00
4,0x6f32e655f12ea79e20d54d0f8f010820b61c9f15,1,630.2592838398112,636.9426751592357,0.06574267160404361,1m_gross_bank_exits,1.2452802676118608,-0.24528026761186084,0.6,1,2026-09-17T00:44:57+00:00
5,0x08d905a83347a44d90c4527ff6eb35d48b2fd8c8,1,630.2592838398112,636.9426751592357,0.06574267160404361,quiet,0.5083362944315335,0.4916637055684665,0.02010278006243692,1,2026-09-17T00:44:57+00:00
5,0x08d905a83347a44d90c4527ff6eb35d48b2fd8c8,1,630.2592838398112,636.9426751592357,0.06574267160404361,1m_gross_bank_exits,1.2452802676118608,-0.24528026761186084,0.6,1,2026-09-17T00:44:57+00:00
6,0xfee3e28e5d539ceca6fa7231c68480539a329cc5,1,630.2592838398112,636.9426751592357,0.06574267160404361,quiet,0.5083362944315335,0.4916637055684665,0.02010278006243692,1,2026-09-17T00:44:57+00:00
6,0xfee3e28e5d539ceca6fa7231c68480539a329cc5,1,630.2592838398112,636.9426751592357,0.06574267160404361,1m_gross_bank_exits,1.2452802676118608,-0.24528026761186084,0.6,1,2026-09-17T00:44:57+00:00
7,0x15c60bf6f78a0d9f50f20385b17e16fd4bdd7442,1,630.2592838398112,636.9426751592357,0.06574267160404361,quiet,0.5083362944315335,0.4916637055684665,0.02010278006243692,1,2026-09-17T00:44:57+00:00
7,0x15c60bf6f78a0d9f50f20385b17e16fd4bdd7442,1,630.2592838398112,636.9426751592357,0.06574267160404361,1m_gross_bank_exits,1.2452802676118608,-0.24528026761186084,0.6,1,2026-09-17T00:44:57+00:00
8,0x365b94ab73ab228544a66e46b90be4deb946a6de,2,1260.5214588320223,1273.8853503184714,0.1314817997993896,quiet,0.508346812021272,0.49165318797872803,0.02012281757394674,1,2026-09-17T00:44:57+00:00
8,0x365b94ab73ab228544a66e46b90be4deb946a6de,2,1260.5214588320223,1273.8853503184714,0.1314817997993896,1m_gross_bank_exits,1.2452675325229192,-0.24526753252291922,0.6,1,2026-09-17T00:44:57+00:00
9,0x1d7b4a9960f908ecc71405f74715fd7f05bf5581,1,12527.449283839813,636.9426751592357,1.3059201210933542,quiet,0.9536231104947843,0.04637688950521568,0.020368589321126247,1,2026-09-17T00:44:57+00:00
9,0x1d7b4a9960f908ecc71405f74715fd7f05bf5581,1,12527.449283839813,636.9426751592357,1.3059201210933542,1m_gross_bank_exits,2.3351654109383926,-1.3351654109383926,0.6,1,2026-09-17T00:44:57+00:00
10,0x6e1961ca5a086566d14f0a95b33294fc12c042af,1,630.2592838398112,636.9426751592357,0.06574267160404361,quiet,0.5083362944315335,0.4916637055684665,0.02010278006243692,1,2026-09-17T00:44:57+00:00
10,0x6e1961ca5a086566d14f0a95b33294fc12c042af,1,630.2592838398112,636.9426751592357,0.06574267160404361,1m_gross_bank_exits,1.2452802676118608,-0.24528026761186084,0.6,1,2026-09-17T00:44:57+00:00
11,0x96fe9278745f66c17be157eccfad3d92cdd5b974,1,630.2592838398112,636.9426751592357,0.06574267160404361,quiet,0.5083362944315335,0.4916637055684665,0.02010278006243692,1,2026-09-17T00:44:57+00:00
11,0x96fe9278745f66c17be157eccfad3d92cdd5b974,1,630.2592838398112,636.9426751592357,0.06574267160404361,1m_gross_bank_exits,1.2452802676118608,-0.24528026761186084,0.6,1,2026-09-17T00:44:57+00:00
12,0x1748a4333ab2dfa555cb522bf2be78c30572e15c,1,630.2592838398112,636.9426751592357,0.06574267160404361,quiet,0.5083362944315335,0.4916637055684665,0.02010278006243692,1,2026-09-17T00:44:57+00:00
12,0x1748a4333ab2dfa555cb522bf2be78c30572e15c,1,630.2592838398112,636.9426751592357,0.06574267160404361,1m_gross_bank_exits,1.2452802676118608,-0.24528026761186084,0.6,1,2026-09-17T00:44:57+00:00
13,0x0da492cd26580d9bf9efb2a57e511ad9c8704895,1,1630.2592838398114,636.9426751592357,0.17004526124024777,quiet,0.7278517776038131,0.27214822239618686,0.02011880188049224,1,2026-09-17T00:44:57+00:00
13,0x0da492cd26580d9bf9efb2a57e511ad9c8704895,1,1630.2592838398114,636.9426751592357,0.17004526124024777,1m_gross_bank_exits,1.7829793959612243,-0.7829793959612243,0.6,1,2026-09-17T00:44:57+00:00
14,0xc8f5e193045808dbf190ac084cc1c72ae846a5d4,1,630.2592838398112,636.9426751592357,0.06574267160404361,quiet,0.5083362944315335,0.4916637055684665,0.02010278006243692,1,2026-09-17T00:44:57+00:00
14,0xc8f5e193045808dbf190ac084cc1c72ae846a5d4,1,630.2592838398112,636.9426751592357,0.06574267160404361,1m_gross_bank_exits,1.2452802676118608,-0.24528026761186084,0.6,1,2026-09-17T00:44:57+00:00
15,0x34606e4d14bfda85c5f8314931c833755fb964df,1,630.2592838398112,636.9426751592357,0.06574267160404361,quiet,0.5083362944315335,0.4916637055684665,0.02010278006243692,1,2026-09-17T00:44:57+00:00
15,0x34606e4d14bfda85c5f8314931c833755fb964df,1,630.2592838398112,636.9426751592357,0.06574267160404361,1m_gross_bank_exits,1.2452802676118608,-0.24528026761186084,0.6,1,2026-09-17T00:44:57+00:00
16,0xc1254fc2ccbab582842c27c61664a62bf8679d48,1,630.2592838398112,636.9426751592357,0.06574267160404361,quiet,0.5083362944315335,0.4916637055684665,0.02010278006243692,1,2026-09-17T00:44:57+00:00
16,0xc1254fc2ccbab582842c27c61664a62bf8679d48,1,630.2592838398112,636.9426751592357,0.06574267160404361,1m_gross_bank_exits,1.2452802676118608,-0.24528026761186084,0.6,1,2026-09-17T00:44:57+00:00
17,0xb32a497d349fa350f9a625197c3b8994495fbd06,1,630.2592838398112,636.9426751592357,0.06574267160404361,quiet,0.5083362944315335,0.4916637055684665,0.02010278006243692,1,2026-09-17T00:44:57+00:00
17,0xb32a497d349fa350f9a625197c3b8994495fbd06,1,630.2592838398112,636.9426751592357,0.06574267160404361,1m_gross_bank_exits,1.2452802676118608,-0.24528026761186084,0.6,1,2026-09-17T00:44:57+00:00
18,0x6c8efffb9a1067def371f543a52f41b9722f48c1,1,630.2592838398112,636.9426751592357,0.06574267160404361,quiet,0.5083362944315335,0.4916637055684665,0.02010278006243692,1,2026-09-17T00:44:57+00:00
18,0x6c8efffb9a1067def371f543a52f41b9722f48c1,1,630.2592838398112,636.9426751592357,0.06574267160404361,1m_gross_bank_exits,1.2452802676118608,-0.24528026761186084,0.6,1,2026-09-17T00:44:57+00:00
19,0x8738117428f539ce10eaa583354bb3a0158b628a,1,630.2592838398112,636.9426751592357,0.06574267160404361,quiet,0.5083362944315335,0.4916637055684665,0.02010278006243692,1,2026-09-17T00:44:57+00:00
19,0x8738117428f539ce10eaa583354bb3a0158b628a,1,630.2592838398112,636.9426751592357,0.06574267160404361,1m_gross_bank_exits,1.2452802676118608,-0.24528026761186084,0.6,1,2026-09-17T00:44:57+00:00
20,0x75aadbb7c36db057e5ac64183899f118de76df35,1,630.2592838398112,636.9426751592357,0.06574267160404361,quiet,0.5083362944315335,0.4916637055684665,0.02010278006243692,1,2026-09-17T00:44:57+00:00
20,0x75aadbb7c36db057e5ac64183899f118de76df35,1,630.2592838398112,636.9426751592357,0.06574267160404361,1m_gross_bank_exits,1.2452802676118608,-0.24528026761186084,0.6,1,2026-09-17T00:44:57+00:00
21,0x1551db4acc3ac3cffcd2d6355d6333feddbfcaa2,1,630.2592838398112,636.9426751592357,0.06574267160404361,quiet,0.5083362944315335,0.4916637055684665,0.02010278006243692,1,2026-09-17T00:44:57+00:00
21,0x1551db4acc3ac3cffcd2d6355d6333feddbfcaa2,1,630.2592838398112,636.9426751592357,0.06574267160404361,1m_gross_bank_exits,1.2452802676118608,-0.24528026761186084,0.6,1,2026-09-17T00:44:57+00:00
22,0xd3649c6b31ceb982eb6644a2de2198d9909c64ce,1,630.2592838398112,636.9426751592357,0.06574267160404361,quiet,0.5083362944315335,0.4916637055684665,0.02010278006243692,1,2026-09-17T00:44:57+00:00
22,0xd3649c6b31ceb982eb6644a2de2198d9909c64ce,1,630.2592838398112,636.9426751592357,0.06574267160404361,1m_gross_bank_exits,1.2452802676118608,-0.24528026761186084,0.6,1,2026-09-17T00:44:57+00:00
23,0xf5c6a4b745b088fa8498fe428460c68cec4189e2,1,630.2592838398112,636.9426751592357,0.06574267160404361,quiet,0.5083362944315335,0.4916637055684665,0.02010278006243692,1,2026-09-17T00:44:57+00:00
23,0xf5c6a4b745b088fa8498fe428460c68cec4189e2,1,630.2592838398112,636.9426751592357,0.06574267160404361,1m_gross_bank_exits,1.2452802676118608,-0.24528026761186084,0.6,1,2026-09-17T00:44:57+00:00
24,0x0d6f280cae54c533e0627c6e6a1627378868cb79,1,630.2592838398112,636.9426751592357,0.06574267160404361,quiet,0.5083362944315335,0.4916637055684665,0.02010278006243692,1,2026-09-17T00:44:57+00:00
24,0x0d6f280cae54c533e0627c6e6a1627378868cb79,1,630.2592838398112,636.9426751592357,0.06574267160404361,1m_gross_bank_exits,1.2452802676118608,-0.24528026761186084,0.6,1,2026-09-17T00:44:57+00:00
25,0x8d5fae131633b5f325ba45505d00a5d13326b0ae,1,630.2592838398112,636.9426751592357,0.06574267160404361,quiet,0.5083362944315335,0.4916637055684665,0.02010278006243692,1,2026-09-17T00:44:57+00:00
25,0x8d5fae131633b5f325ba45505d00a5d13326b0ae,1,630.2592838398112,636.9426751592357,0.06574267160404361,1m_gross_bank_exits,1.2452802676118608,-0.24528026761186084,0.6,1,2026-09-17T00:44:57+00:00
26,0x61c4a9107de33e75ed6fe29550ae2cc29ced2264,1,630.2592838398112,636.9426751592357,0.06574267160404361,quiet,0.5083362944315335,0.4916637055684665,0.02010278006243692,1,2026-09-17T00:44:57+00:00
26,0x61c4a9107de33e75ed6fe29550ae2cc29ced2264,1,630.2592838398112,636.9426751592357,0.06574267160404361,1m_gross_bank_exits,1.2452802676118608,-0.24528026761186084,0.6,1,2026-09-17T00:44:57+00:00
27,0xd8b7350c83d334340d1cb8b03e6ad667ec2504ad,1,630.2592838398112,636.9426751592357,0.06574267160404361,quiet,0.5083362944315335,0.4916637055684665,0.02010278006243692,1,2026-09-17T00:44:57+00:00
27,0xd8b7350c83d334340d1cb8b03e6ad667ec2504ad,1,630.2592838398112,636.9426751592357,0.06574267160404361,1m_gross_bank_exits,1.2452802676118608,-0.24528026761186084,0.6,1,2026-09-17T00:44:57+00:00
28,0x8297f842326027ebc16fc50605a1e1712fe3648d,1,630.2592838398112,636.9426751592357,0.06574267160404361,quiet,0.5083362944315335,0.4916637055684665,0.02010278006243692,1,2026-09-17T00:44:57+00:00
28,0x8297f842326027ebc16fc50605a1e1712fe3648d,1,630.2592838398112,636.9426751592357,0.06574267160404361,1m_gross_bank_exits,1.2452802676118608,-0.24528026761186084,0.6,1,2026-09-17T00:44:57+00:00
29,0x05ed39d4bfc023e41136210febc006401c8f2c3d,1,630.2592838398112,636.9426751592357,0.06574267160404361,quiet,0.5083362944315335,0.4916637055684665,0.02010278006243692,1,2026-09-17T00:44:57+00:00
29,0x05ed39d4bfc023e41136210febc006401c8f2c3d,1,630.2592838398112,636.9426751592357,0.06574267160404361,1m_gross_bank_exits,1.2452802676118608,-0.24528026761186084,0.6,1,2026-09-17T00:44:57+00:00
30,0x79c5146bd916944b4f4aee4c2447644be2b78e0f,1,630.2592838398112,636.9426751592357,0.06574267160404361,quiet,0.5083362944315335,0.4916637055684665,0.02010278006243692,1,2026-09-17T00:44:57+00:00
30,0x79c5146bd916944b4f4aee4c2447644be2b78e0f,1,630.2592838398112,636.9426751592357,0.06574267160404361,1m_gross_bank_exits,1.2452802676118608,-0.24528026761186084,0.6,1,2026-09-17T00:44:57+00:00
31,0x1d78862fcc7722df0bcfdb4009c014257c3df7dd,1,630.2592838398112,636.9426751592357,0.06574267160404361,quiet,0.5083362944315335,0.4916637055684665,0.02010278006243692,1,2026-09-17T00:44:57+00:00
31,0x1d78862fcc7722df0bcfdb4009c014257c3df7dd,1,630.2592838398112,636.9426751592357,0.06574267160404361,1m_gross_bank_exits,1.2452802676118608,-0.24528026761186084,0.6,1,2026-09-17T00:44:57+00:00
32,0x78066857747283fa7b5b205255dbde4362cb481d,1,630.2592838398112,636.9426751592357,0.06574267160404361,quiet,0.5083362944315335,0.4916637055684665,0.02010278006243692,1,2026-09-17T00:44:57+00:00
32,0x78066857747283fa7b5b205255dbde4362cb481d,1,630.2592838398112,636.9426751592357,0.06574267160404361,1m_gross_bank_exits,1.2452802676118608,-0.24528026761186084,0.6,1,2026-09-17T00:44:57+00:00
33,0xddcdbafabd53ad71efe9711e4f690f91d7d3e037,1,630.2592838398112,636.9426751592357,0.06574267160404361,quiet,0.5083362944315335,0.4916637055684665,0.02010278006243692,1,2026-09-17T00:44:57+00:00
33,0xddcdbafabd53ad71efe9711e4f690f91d7d3e037,1,630.2592838398112,636.9426751592357,0.06574267160404361,1m_gross_bank_exits,1.2452802676118608,-0.24528026761186084,0.6,1,2026-09-17T00:44:57+00:00
34,0x1704c4e2325536bf8b6dd0cc15a64534c38b1629,1,630.2592838398112,636.9426751592357,0.06574267160404361,quiet,0.5083362944315335,0.4916637055684665,0.02010278006243692,1,2026-09-17T00:44:57+00:00
34,0x1704c4e2325536bf8b6dd0cc15a64534c38b1629,1,630.2592838398112,636.9426751592357,0.06574267160404361,1m_gross_bank_exits,1.2452802676118608,-0.24528026761186084,0.6,1,2026-09-17T00:44:57+00:00
35,0x82ddb71b6c38ae04ddcd1b88283fe51bc037cd50,1,630.2592838398112,636.9426751592357,0.06574267160404361,quiet,0.5083362944315335,0.4916637055684665,0.02010278006243692,1,2026-09-17T00:44:57+00:00
35,0x82ddb71b6c38ae04ddcd1b88283fe51bc037cd50,1,630.2592838398112,636.9426751592357,0.06574267160404361,1m_gross_bank_exits,1.2452802676118608,-0.24528026761186084,0.6,1,2026-09-17T00:44:57+00:00
36,0x9e0a2c8a7d60b9e6382cc13df3483330fac4535d,1,630.2592838398112,636.9426751592357,0.06574267160404361,quiet,0.5083362944315335,0.4916637055684665,0.02010278006243692,1,2026-09-17T00:44:57+00:00
36,0x9e0a2c8a7d60b9e6382cc13df3483330fac4535d,1,630.2592838398112,636.9426751592357,0.06574267160404361,1m_gross_bank_exits,1.2452802676118608,-0.24528026761186084,0.6,1,2026-09-17T00:44:57+00:00
37,0xfadd3c023e295fdba31fc2b57770029318960bed,1,630.2592838398112,636.9426751592357,0.06574267160404361,quiet,0.5083362944315335,0.4916637055684665,0.02010278006243692,1,2026-09-17T00:44:57+00:00
37,0xfadd3c023e295fdba31fc2b57770029318960bed,1,630.2592838398112,636.9426751592357,0.06574267160404361,1m_gross_bank_exits,1.2452802676118608,-0.24528026761186084,0.6,1,2026-09-17T00:44:57+00:00
38,0x5ab2d1f5069dd2f9aeec3b0a8e923b1cdbe7fc44,1,630.2592838398112,636.9426751592357,0.06574267160404361,quiet,0.5083362944315335,0.4916637055684665,0.02010278006243692,1,2026-09-17T00:44:57+00:00
38,0x5ab2d1f5069dd2f9aeec3b0a8e923b1cdbe7fc44,1,630.2592838398112,636.9426751592357,0.06574267160404361,1m_gross_bank_exits,1.2452802676118608,-0.24528026761186084,0.6,1,2026-09-17T00:44:57+00:00
39,0x0f485d1768a42096372071501fbe779923fb54ca,1,630.2592838398112,636.9426751592357,0.06574267160404361,quiet,0.5083362944315335,0.4916637055684665,0.02010278006243692,1,2026-09-17T00:44:57+00:00
39,0x0f485d1768a42096372071501fbe779923fb54ca,1,630.2592838398112,636.9426751592357,0.06574267160404361,1m_gross_bank_exits,1.2452802676118608,-0.24528026761186084,0.6,1,2026-09-17T00:44:57+00:00
40,0xe03e68fe8e1e38f5c7259bf06431bd51be3ea4d3,1,1233.2592838398114,636.9426751592357,0.12863831536279122,quiet,0.6692192197941427,0.3307807802058573,0.02011230237194428,1,2026-09-17T00:44:57+00:00
40,0xe03e68fe8e1e38f5c7259bf06431bd51be3ea4d3,1,1233.2592838398114,636.9426751592357,0.12863831536279122,1m_gross_bank_exits,1.6393692546747816,-0.6393692546747816,0.6,1,2026-09-17T00:44:57+00:00
41,0xa227a71e217173de3edcbfb66607e3ef283e4a82,1,630.2592838398112,636.9426751592357,0.06574267160404361,quiet,0.5083362944315335,0.4916637055684665,0.02010278006243692,1,2026-09-17T00:44:57+00:00
41,0xa227a71e217173de3edcbfb66607e3ef283e4a82,1,630.2592838398112,636.9426751592357,0.06574267160404361,1m_gross_bank_exits,1.2452802676118608,-0.24528026761186084,0.6,1,2026-09-17T00:44:57+00:00
42,0xc873b7321e79597dd75a371cc9de7c55cac128cd,1,630.2592838398112,636.9426751592357,0.06574267160404361,quiet,0.5083362944315335,0.4916637055684665,0.02010278006243692,1,2026-09-17T00:44:57+00:00
42,0xc873b7321e79597dd75a371cc9de7c55cac128cd,1,630.2592838398112,636.9426751592357,0.06574267160404361,1m_gross_bank_exits,1.2452802676118608,-0.24528026761186084,0.6,1,2026-09-17T00:44:57+00:00
43,0x571ef5c7ea4f4e65b917e4198c5e4137407ca6f6,1,630.2592838398112,636.9426751592357,0.06574267160404361,quiet,0.5083362944315335,0.4916637055684665,0.02010278006243692,1,2026-09-17T00:44:57+00:00
43,0x571ef5c7ea4f4e65b917e4198c5e4137407ca6f6,1,630.2592838398112,636.9426751592357,0.06574267160404361,1m_gross_bank_exits,1.2452802676118608,-0.24528026761186084,0.6,1,2026-09-17T00:44:57+00:00
44,0x65f8169ef7cd5f6d0bc90d4478bc234762f9276a,2,2090.456668705009,1273.8853503184714,0.21804168628480056,quiet,0.631645216919204,0.36835478308079606,0.02013722643821267,1,2026-09-17T00:44:57+00:00
44,0x65f8169ef7cd5f6d0bc90d4478bc234762f9276a,2,2090.456668705009,1273.8853503184714,0.21804168628480056,1m_gross_bank_exits,1.5472665246349533,-0.5472665246349533,0.6,1,2026-09-17T00:44:57+00:00
45,0xdd41faf20e65bedc238837f7e89e4320e1c58bf4,1,630.2592838398112,636.9426751592357,0.06574267160404361,quiet,0.5083362944315335,0.4916637055684665,0.02010278006243692,1,2026-09-17T00:44:57+00:00
45,0xdd41faf20e65bedc238837f7e89e4320e1c58bf4,1,630.2592838398112,636.9426751592357,0.06574267160404361,1m_gross_bank_exits,1.2452802676118608,-0.24528026761186084,0.6,1,2026-09-17T00:44:57+00:00
46,0xfc3c962fad2c1cc77f1a0d46e7b8a2de79a21774,1,630.2592838398112,636.9426751592357,0.06574267160404361,quiet,0.5083362944315335,0.4916637055684665,0.02010278006243692,1,2026-09-17T00:44:57+00:00
46,0xfc3c962fad2c1cc77f1a0d46e7b8a2de79a21774,1,630.2592838398112,636.9426751592357,0.06574267160404361,1m_gross_bank_exits,1.2452802676118608,-0.24528026761186084,0.6,1,2026-09-17T00:44:57+00:00
47,0xccb0e7366cdfbfd471110ff02632f0542ed0283f,1,630.2592838398112,636.9426751592357,0.06574267160404361,quiet,0.5083362944315335,0.4916637055684665,0.02010278006243692,1,2026-09-17T00:44:57+00:00
47,0xccb0e7366cdfbfd471110ff02632f0542ed0283f,1,630.2592838398112,636.9426751592357,0.06574267160404361,1m_gross_bank_exits,1.2452802676118608,-0.24528026761186084,0.6,1,2026-09-17T00:44:57+00:00
48,0x75256a46e98eb0f9c4eefc197eb3dd88d559a771,1,630.2592838398112,636.9426751592357,0.06574267160404361,quiet,0.5083362944315335,0.4916637055684665,0.02010278006243692,1,2026-09-17T00:44:57+00:00
48,0x75256a46e98eb0f9c4eefc197eb3dd88d559a771,1,630.2592838398112,636.9426751592357,0.06574267160404361,1m_gross_bank_exits,1.2452802676118608,-0.24528026761186084,0.6,1,2026-09-17T00:44:57+00:00
49,0xd4cd5ef0f09a8607a4aa0d5a42dbb6d72e2a39fd,1,630.2592838398112,636.9426751592357,0.06574267160404361,quiet,0.5083362944315335,0.4916637055684665,0.02010278006243692,1,2026-09-17T00:44:57+00:00
49,0xd4cd5ef0f09a8607a4aa0d5a42dbb6d72e2a39fd,1,630.2592838398112,636.9426751592357,0.06574267160404361,1m_gross_bank_exits,1.2452802676118608,-0.24528026761186084,0.6,1,2026-09-17T00:44:57+00:00
50,0x3a71c05b9666e49b5dc15df245b6d16d8f66f710,1,630.2592838398112,636.9426751592357,0.06574267160404361,quiet,0.5083362944315335,0.4916637055684665,0.02010278006243692,1,2026-09-17T00:44:57+00:00
50,0x3a71c05b9666e49b5dc15df245b6d16d8f66f710,1,630.2592838398112,636.9426751592357,0.06574267160404361,1m_gross_bank_exits,1.2452802676118608,-0.24528026761186084,0.6,1,2026-09-17T00:44:57+00:00
51,0xca0bbc39957d9609c2564ab4c63e354548322b4b,3,1888.425997095965,1910.8280254777071,0.19697110082274322,quiet,0.5080457704923338,0.4919542295076662,0.02014459515018581,1,2026-09-17T00:44:57+00:00
51,0xca0bbc39957d9609c2564ab4c63e354548322b4b,3,1888.425997095965,1910.8280254777071,0.19697110082274322,1m_gross_bank_exits,1.244489439856752,-0.2444894398567521,0.6,1,2026-09-17T00:44:57+00:00
52,0x751b3eef33e7f4e4e6c6937a7ea2a02b3d04fb34,1,630.2592838398112,636.9426751592357,0.06574267160404361,quiet,0.5083362944315335,0.4916637055684665,0.02010278006243692,1,2026-09-17T00:44:57+00:00
52,0x751b3eef33e7f4e4e6c6937a7ea2a02b3d04fb34,1,630.2592838398112,636.9426751592357,0.06574267160404361,1m_gross_bank_exits,1.2452802676118608,-0.24528026761186084,0.6,1,2026-09-17T00:44:57+00:00
53,0x53854edf8dcd8eed337c3cb30e6e5ffd65cc4ebd,1,630.2592838398112,636.9426751592357,0.06574267160404361,quiet,0.5083362944315335,0.4916637055684665,0.02010278006243692,1,2026-09-17T00:44:57+00:00
53,0x53854edf8dcd8eed337c3cb30e6e5ffd65cc4ebd,1,630.2592838398112,636.9426751592357,0.06574267160404361,1m_gross_bank_exits,1.2452802676118608,-0.24528026761186084,0.6,1,2026-09-17T00:44:57+00:00
54,0x31a9f77a859ab0d7cbe49d49517e6593196563e5,1,630.2592838398112,636.9426751592357,0.06574267160404361,quiet,0.5083362944315335,0.4916637055684665,0.02010278006243692,1,2026-09-17T00:44:57+00:00
54,0x31a9f77a859ab0d7cbe49d49517e6593196563e5,1,630.2592838398112,636.9426751592357,0.06574267160404361,1m_gross_bank_exits,1.2452802676118608,-0.24528026761186084,0.6,1,2026-09-17T00:44:57+00:00
55,0xbf9c47237a0be3e007c272764ff50d945d9dc8c6,1,630.2592838398112,636.9426751592357,0.06574267160404361,quiet,0.5083362944315335,0.4916637055684665,0.02010278006243692,1,2026-09-17T00:44:57+00:00
55,0xbf9c47237a0be3e007c272764ff50d945d9dc8c6,1,630.2592838398112,636.9426751592357,0.06574267160404361,1m_gross_bank_exits,1.2452802676118608,-0.24528026761186084,0.6,1,2026-09-17T00:44:57+00:00
56,0x84cb570cfea8c6afd3b6c1ab491db754886bf8e7,1,630.2592838398112,636.9426751592357,0.06574267160404361,quiet,0.5083362944315335,0.4916637055684665,0.02010278006243692,1,2026-09-17T00:44:57+00:00
56,0x84cb570cfea8c6afd3b6c1ab491db754886bf8e7,1,630.2592838398112,636.9426751592357,0.06574267160404361,1m_gross_bank_exits,1.2452802676118608,-0.24528026761186084,0.6,1,2026-09-17T00:44:57+00:00
57,0x7f46acb709cd8df5879f84915ca431fb740989e4,1,630.2592838398112,636.9426751592357,0.06574267160404361,quiet,0.5083362944315335,0.4916637055684665,0.02010278006243692,1,2026-09-17T00:44:57+00:00
57,0x7f46acb709cd8df5879f84915ca431fb740989e4,1,630.2592838398112,636.9426751592357,0.06574267160404361,1m_gross_bank_exits,1.2452802676118608,-0.24528026761186084,0.6,1,2026-09-17T00:44:57+00:00
58,0xb284f19ffa703daadf6745d3c655f309d17370a5,1,630.2592838398112,636.9426751592357,0.06574267160404361,quiet,0.5083362944315335,0.4916637055684665,0.02010278006243692,1,2026-09-17T00:44:57+00:00
58,0xb284f19ffa703daadf6745d3c655f309d17370a5,1,630.2592838398112,636.9426751592357,0.06574267160404361,1m_gross_bank_exits,1.2452802676118608,-0.24528026761186084,0.6,1,2026-09-17T00:44:57+00:00
59,0x78941561c3ef474876ddd8be06b6e7dd8384f720,1,630.2592838398112,636.9426751592357,0.06574267160404361,quiet,0.5083362944315335,0.4916637055684665,0.02010278006243692,1,2026-09-17T00:44:57+00:00
59,0x78941561c3ef474876ddd8be06b6e7dd8384f720,1,630.2592838398112,636.9426751592357,0.06574267160404361,1m_gross_bank_exits,1.2452802676118608,-0.24528026761186084,0.6,1,2026-09-17T00:44:57+00:00
60,0x00b1c364d7f1a23f4b54d48c25e2bddf23d4e27b,1,630.2592838398112,636.9426751592357,0.06574267160404361,quiet,0.5083362944315335,0.4916637055684665,0.02010278006243692,1,2026-09-17T00:44:57+00:00
60,0x00b1c364d7f1a23f4b54d48c25e2bddf23d4e27b,1,630.2592838398112,636.9426751592357,0.06574267160404361,1m_gross_bank_exits,1.2452802676118608,-0.24528026761186084,0.6,1,2026-09-17T00:44:57+00:00
61,0x3b63385f82d1f927789c000fa2b4f35829434608,1,630.2592838398112,636.9426751592357,0.06574267160404361,quiet,0.5083362944315335,0.4916637055684665,0.02010278006243692,1,2026-09-17T00:44:57+00:00
61,0x3b63385f82d1f927789c000fa2b4f35829434608,1,630.2592838398112,636.9426751592357,0.06574267160404361,1m_gross_bank_exits,1.2452802676118608,-0.24528026761186084,0.6,1,2026-09-17T00:44:57+00:00
62,0x75d4bdbf6593ed463e9625694272a0ff9a6d346f,1,630.2592838398112,636.9426751592357,0.06574267160404361,quiet,0.5083362944315335,0.4916637055684665,0.02010278006243692,1,2026-09-17T00:44:57+00:00
62,0x75d4bdbf6593ed463e9625694272a0ff9a6d346f,1,630.2592838398112,636.9426751592357,0.06574267160404361,1m_gross_bank_exits,1.2452802676118608,-0.24528026761186084,0.6,1,2026-09-17T00:44:57+00:00
63,0x40c86feea75b54c137d432526eebdcd134a35d83,1,630.2592838398112,636.9426751592357,0.06574267160404361,quiet,0.5083362944315335,0.4916637055684665,0.02010278006243692,1,2026-09-17T00:44:57+00:00
63,0x40c86feea75b54c137d432526eebdcd134a35d83,1,630.2592838398112,636.9426751592357,0.06574267160404361,1m_gross_bank_exits,1.2452802676118608,-0.24528026761186084,0.6,1,2026-09-17T00:44:57+00:00
64,0x3b6805d83134451f3be3dfbd84b69a16327e0586,1,630.2592838398112,636.9426751592357,0.06574267160404361,quiet,0.5083362944315335,0.4916637055684665,0.02010278006243692,1,2026-09-17T00:44:57+00:00
64,0x3b6805d83134451f3be3dfbd84b69a16327e0586,1,630.2592838398112,636.9426751592357,0.06574267160404361,1m_gross_bank_exits,1.2452802676118608,-0.24528026761186084,0.6,1,2026-09-17T00:44:57+00:00
65,0x805c1c391259e58229490c86aaf3aa9a6ce5a7fd,1,630.2592838398112,636.9426751592357,0.06574267160404361,quiet,0.5083362944315335,0.4916637055684665,0.02010278006243692,1,2026-09-17T00:44:57+00:00
65,0x805c1c391259e58229490c86aaf3aa9a6ce5a7fd,1,630.2592838398112,636.9426751592357,0.06574267160404361,1m_gross_bank_exits,1.2452802676118608,-0.24528026761186084,0.6,1,2026-09-17T00:44:57+00:00
66,0x8f9f585dcc535d98f45a98b1dfb60d1402710058,1,630.2592838398112,636.9426751592357,0.06574267160404361,quiet,0.5083362944315335,0.4916637055684665,0.02010278006243692,1,2026-09-17T00:44:57+00:00
66,0x8f9f585dcc535d98f45a98b1dfb60d1402710058,1,630.2592838398112,636.9426751592357,0.06574267160404361,1m_gross_bank_exits,1.2452802676118608,-0.24528026761186084,0.6,1,2026-09-17T00:44:57+00:00
67,0xda58005c47f2e9dde7d8fc52e037ce112ef0d948,1,630.2592838398112,636.9426751592357,0.06574267160404361,quiet,0.5083362944315335,0.4916637055684665,0.02010278006243692,1,2026-09-17T00:44:57+00:00
67,0xda58005c47f2e9dde7d8fc52e037ce112ef0d948,1,630.2592838398112,636.9426751592357,0.06574267160404361,1m_gross_bank_exits,1.2452802676118608,-0.24528026761186084,0.6,1,2026-09-17T00:44:57+00:00
68,0xce91f17d8762ac42527d6a8c9567dd6f4c912013,1,630.2592838398112,636.9426751592357,0.06574267160404361,quiet,0.5083362944315335,0.4916637055684665,0.02010278006243692,1,2026-09-17T00:44:57+00:00
68,0xce91f17d8762ac42527d6a8c9567dd6f4c912013,1,630.2592838398112,636.9426751592357,0.06574267160404361,1m_gross_bank_exits,1.2452802676118608,-0.24528026761186084,0.6,1,2026-09-17T00:44:57+00:00
69,0xc8172e49846d2112d46dc2ef79a915e8633f5289,1,630.2592838398112,636.9426751592357,0.06574267160404361,quiet,0.5083362944315335,0.4916637055684665,0.02010278006243692,1,2026-09-17T00:44:57+00:00
69,0xc8172e49846d2112d46dc2ef79a915e8633f5289,1,630.2592838398112,636.9426751592357,0.06574267160404361,1m_gross_bank_exits,1.2452802676118608,-0.24528026761186084,0.6,1,2026-09-17T00:44:57+00:00
70,0xca5df910f3e2226324707efe7fa6d03a0f821353,1,630.2592838398112,636.9426751592357,0.06574267160404361,quiet,0.5083362944315335,0.4916637055684665,0.02010278006243692,1,2026-09-17T00:44:57+00:00
70,0xca5df910f3e2226324707efe7fa6d03a0f821353,1,630.2592838398112,636.9426751592357,0.06574267160404361,1m_gross_bank_exits,1.2452802676118608,-0.24528026761186084,0.6,1,2026-09-17T00:44:57+00:00
71,0x8364534b17f6c0b43aa36b538387c1bebbb8fb36,1,630.2592838398112,636.9426751592357,0.06574267160404361,quiet,0.5083362944315335,0.4916637055684665,0.02010278006243692,1,2026-09-17T00:44:57+00:00
71,0x8364534b17f6c0b43aa36b538387c1bebbb8fb36,1,630.2592838398112,636.9426751592357,0.06574267160404361,1m_gross_bank_exits,1.2452802676118608,-0.24528026761186084,0.6,1,2026-09-17T00:44:57+00:00
72,0xde93a926d8059d9d20a93b709312bf2cd8a7046c,3,1888.239821678526,1910.8280254777071,0.19695168365322388,quiet,0.5080211267595509,0.4919788732404491,0.02014459174029375,1,2026-09-17T00:44:57+00:00
72,0xde93a926d8059d9d20a93b709312bf2cd8a7046c,3,1888.239821678526,1910.8280254777071,0.19695168365322388,1m_gross_bank_exits,1.2444290807426643,-0.24442908074266434,0.6,1,2026-09-17T00:44:57+00:00
73,0x775d1bd04e076e5812adab5a8ba2c4de71a8e50d,2,1265.620498292381,1273.8853503184714,0.13201363620189568,quiet,0.5093558019719107,0.49064419802808934,0.02012290366117114,1,2026-09-17T00:44:57+00:00
73,0x775d1bd04e076e5812adab5a8ba2c4de71a8e50d,2,1265.620498292381,1273.8853503184714,0.13201363620189568,1m_gross_bank_exits,1.2477390070486791,-0.24773900704867913,0.6,1,2026-09-17T00:44:57+00:00
74,0x8e99c0f4b5974e922641443db91e9c2d4e606295,1,630.2592838398112,636.9426751592357,0.06574267160404361,quiet,0.5083362944315335,0.4916637055684665,0.02010278006243692,1,2026-09-17T00:44:57+00:00
74,0x8e99c0f4b5974e922641443db91e9c2d4e606295,1,630.2592838398112,636.9426751592357,0.06574267160404361,1m_gross_bank_exits,1.2452802676118608,-0.24528026761186084,0.6,1,2026-09-17T00:44:57+00:00
75,0x7329c3685bedf5eb54fe1e067022f50bb40cbb52,1,630.2592838398112,636.9426751592357,0.06574267160404361,quiet,0.5083362944315335,0.4916637055684665,0.02010278006243692,1,2026-09-17T00:44:57+00:00
75,0x7329c3685bedf5eb54fe1e067022f50bb40cbb52,1,630.2592838398112,636.9426751592357,0.06574267160404361,1m_gross_bank_exits,1.2452802676118608,-0.24528026761186084,0.6,1,2026-09-17T00:44:57+00:00
76,0x29e7a8f8fac7459a245a20e8e00e4dcbf36de34f,1,630.2592838398112,636.9426751592357,0.06574267160404361,quiet,0.5083362944315335,0.4916637055684665,0.02010278006243692,1,2026-09-17T00:44:57+00:00
76,0x29e7a8f8fac7459a245a20e8e00e4dcbf36de34f,1,630.2592838398112,636.9426751592357,0.06574267160404361,1m_gross_bank_exits,1.2452802676118608,-0.24528026761186084,0.6,1,2026-09-17T00:44:57+00:00
77,0xe01a97fc4607a388a41626d5e039fdecbfc6acd9,1,6722.879283839812,636.9426751592357,0.7010550127035321,quiet,0.9168887384542848,0.08311126154571524,0.020218390802666485,1,2026-09-17T00:44:57+00:00
77,0xe01a97fc4607a388a41626d5e039fdecbfc6acd9,1,6722.879283839812,636.9426751592357,0.7010550127035321,1m_gross_bank_exits,2.245688234261241,-1.245688234261241,0.6,1,2026-09-17T00:44:57+00:00
78,0x76ced6b6cbed55433716cf690a8223da1be8aa8c,1,730.2592838398112,636.9426751592357,0.07617337223795857,quiet,0.5450327256271377,0.45496727437286233,0.02010433004424245,1,2026-09-17T00:44:57+00:00
78,0x76ced6b6cbed55433716cf690a8223da1be8aa8c,1,730.2592838398112,636.9426751592357,0.07617337223795857,1m_gross_bank_exits,1.335172433707978,-0.335172433707978,0.6,1,2026-09-17T00:44:57+00:00
79,0x162ea116bbfae0a36d8019975f0472e4a5e2cec0,2,1268.7046599385692,1273.8853503184714,0.13233531812004,quiet,0.5099640837363468,0.49003591626365317,0.020122955745795836,1,2026-09-17T00:44:57+00:00
79,0x162ea116bbfae0a36d8019975f0472e4a5e2cec0,2,1268.7046599385692,1273.8853503184714,0.13233531812004,1m_gross_bank_exits,1.2492289645412122,-0.24922896454121224,0.6,1,2026-09-17T00:44:57+00:00
80,0x2576316e96788215fd25ab86e9829247f7b4573e,1,630.2592838398112,636.9426751592357,0.06574267160404361,quiet,0.5083362944315335,0.4916637055684665,0.02010278006243692,1,2026-09-17T00:44:57+00:00
80,0x2576316e96788215fd25ab86e9829247f7b4573e,1,630.2592838398112,636.9426751592357,0.06574267160404361,1m_gross_bank_exits,1.2452802676118608,-0.24528026761186084,0.6,1,2026-09-17T00:44:57+00:00
81,0x9d1764c59a5dd1c7316f0170369e079f96b0e63e,1,630.2592838398112,636.9426751592357,0.06574267160404361,quiet,0.5083362944315335,0.4916637055684665,0.02010278006243692,1,2026-09-17T00:44:57+00:00
81,0x9d1764c59a5dd1c7316f0170369e079f96b0e63e,1,630.2592838398112,636.9426751592357,0.06574267160404361,1m_gross_bank_exits,1.2452802676118608,-0.24528026761186084,0.6,1,2026-09-17T00:44:57+00:00
82,0x55d22408591f2a70af3e3a60de55d890a319bc58,1,630.2592838398112,636.9426751592357,0.06574267160404361,quiet,0.5083362944315335,0.4916637055684665,0.02010278006243692,1,2026-09-17T00:44:57+00:00
82,0x55d22408591f2a70af3e3a60de55d890a319bc58,1,630.2592838398112,636.9426751592357,0.06574267160404361,1m_gross_bank_exits,1.2452802676118608,-0.24528026761186084,0.6,1,2026-09-17T00:44:57+00:00
83,0xabba175e425a1f2eff83e70486fa5f634210a8fd,1,630.2592838398112,636.9426751592357,0.06574267160404361,quiet,0.5083362944315335,0.4916637055684665,0.02010278006243692,1,2026-09-17T00:44:57+00:00
83,0xabba175e425a1f2eff83e70486fa5f634210a8fd,1,630.2592838398112,636.9426751592357,0.06574267160404361,1m_gross_bank_exits,1.2452802676118608,-0.24528026761186084,0.6,1,2026-09-17T00:44:57+00:00
84,0x9d7fd359f39b7cf41862030fd63aa34b5d61d7c2,1,630.2592838398112,636.9426751592357,0.06574267160404361,quiet,0.5083362944315335,0.4916637055684665,0.02010278006243692,1,2026-09-17T00:44:57+00:00
84,0x9d7fd359f39b7cf41862030fd63aa34b5d61d7c2,1,630.2592838398112,636.9426751592357,0.06574267160404361,1m_gross_bank_exits,1.2452802676118608,-0.24528026761186084,0.6,1,2026-09-17T00:44:57+00:00
85,0x3ec3387c5c0865a949392f792d9c6aa17e49958a,1,4229.049283839811,636.9426751592357,0.44105787813761255,quiet,0.874034974081433,0.12596502591856695,0.02016586367072541,1,2026-09-17T00:44:57+00:00
85,0x3ec3387c5c0865a949392f792d9c6aa17e49958a,1,4229.049283839811,636.9426751592357,0.44105787813761255,1m_gross_bank_exits,2.1409065370961065,-1.1409065370961065,0.6,1,2026-09-17T00:44:57+00:00
86,0xe30bb82b33461e9edb14b36658013bfab8ce6975,1,630.2592838398112,636.9426751592357,0.06574267160404361,quiet,0.5083362944315335,0.4916637055684665,0.02010278006243692,1,2026-09-17T00:44:57+00:00
86,0xe30bb82b33461e9edb14b36658013bfab8ce6975,1,630.2592838398112,636.9426751592357,0.06574267160404361,1m_gross_bank_exits,1.2452802676118608,-0.24528026761186084,0.6,1,2026-09-17T00:44:57+00:00
87,0x0d3ef27fd345f89417040e48c7d3a98d3077eef4,1,631.2592838398112,636.9426751592357,0.06584697909055194,quiet,0.5087325360667139,0.49126746393328613,0.020102795504834976,1,2026-09-17T00:44:57+00:00
87,0x0d3ef27fd345f89417040e48c7d3a98d3077eef4,1,631.2592838398112,636.9426751592357,0.06584697909055194,1m_gross_bank_exits,1.2462509123901593,-0.24625091239015928,0.6,1,2026-09-17T00:44:57+00:00
88,0x1bf1c2cf27c3c9998ff6a88a62454a079a07ec51,1,630.2592838398112,636.9426751592357,0.06574267160404361,quiet,0.5083362944315335,0.4916637055684665,0.02010278006243692,1,2026-09-17T00:44:57+00:00
88,0x1bf1c2cf27c3c9998ff6a88a62454a079a07ec51,1,630.2592838398112,636.9426751592357,0.06574267160404361,1m_gross_bank_exits,1.2452802676118608,-0.24528026761186084,0.6,1,2026-09-17T00:44:57+00:00
89,0xdecddfb97f2bb0b319d8e58b72cfc5ff8c59ccb3,1,630.2592838398112,636.9426751592357,0.06574267160404361,quiet,0.5083362944315335,0.4916637055684665,0.02010278006243692,1,2026-09-17T00:44:57+00:00
89,0xdecddfb97f2bb0b319d8e58b72cfc5ff8c59ccb3,1,630.2592838398112,636.9426751592357,0.06574267160404361,1m_gross_bank_exits,1.2452802676118608,-0.24528026761186084,0.6,1,2026-09-17T00:44:57+00:00
90,0xcb7b8a1dbe163cb3ccff2fbc4e55bca30cda300a,1,630.2592838398112,636.9426751592357,0.06574267160404361,quiet,0.5083362944315335,0.4916637055684665,0.02010278006243692,1,2026-09-17T00:44:57+00:00
90,0xcb7b8a1dbe163cb3ccff2fbc4e55bca30cda300a,1,630.2592838398112,636.9426751592357,0.06574267160404361,1m_gross_bank_exits,1.2452802676118608,-0.24528026761186084,0.6,1,2026-09-17T00:44:57+00:00
91,0x8d045e12f52a6f03f413c004f9dc78d5939e3ffa,1,630.2592838398112,636.9426751592357,0.06574267160404361,quiet,0.5083362944315335,0.4916637055684665,0.02010278006243692,1,2026-09-17T00:44:57+00:00
91,0x8d045e12f52a6f03f413c004f9dc78d5939e3ffa,1,630.2592838398112,636.9426751592357,0.06574267160404361,1m_gross_bank_exits,1.2452802676118608,-0.24528026761186084,0.6,1,2026-09-17T00:44:57+00:00
92,0xb993494cf9f7d5a941349f1c7df2f3aa2fc877bd,1,630.2592838398112,636.9426751592357,0.06574267160404361,quiet,0.5083362944315335,0.4916637055684665,0.02010278006243692,1,2026-09-17T00:44:57+00:00
92,0xb993494cf9f7d5a941349f1c7df2f3aa2fc877bd,1,630.2592838398112,636.9426751592357,0.06574267160404361,1m_gross_bank_exits,1.2452802676118608,-0.24528026761186084,0.6,1,2026-09-17T00:44:57+00:00
93,0x21d7e80a2bd6dd16c85352bbbe3dd1fa91f2e385,4,2517.799578707009,2547.770700636943,0.2626096068613788,quiet,0.5080469755020385,0.4919530244979615,0.0201681782170564,1,2026-09-17T00:44:57+00:00
93,0x21d7e80a2bd6dd16c85352bbbe3dd1fa91f2e385,4,2517.799578707009,2547.770700636943,0.2626096068613788,1m_gross_bank_exits,1.2444494287405736,-0.24444942874057363,0.6,1,2026-09-17T00:44:57+00:00
94,0x599138121c0e29fed8a9ad985b620c054e989233,1,630.2592838398112,636.9426751592357,0.06574267160404361,quiet,0.5083362944315335,0.4916637055684665,0.02010278006243692,1,2026-09-17T00:44:57+00:00
94,0x599138121c0e29fed8a9ad985b620c054e989233,1,630.2592838398112,636.9426751592357,0.06574267160404361,1m_gross_bank_exits,1.2452802676118608,-0.24528026761186084,0.6,1,2026-09-17T00:44:57+00:00
95,0x338188207e6256f0179b110d7f7bbce5a838f8ad,1,23630.25928383981,636.9426751592357,2.4615070452967576,quiet,0.9748858277780039,0.02511417222199608,0.020764761877709315,1,2026-09-17T00:44:57+00:00
95,0x338188207e6256f0179b110d7f7bbce5a838f8ad,1,23630.25928383981,636.9426751592357,2.4615070452967576,1m_gross_bank_exits,2.385977520541471,-1.3859775205414708,0.6,1,2026-09-17T00:44:57+00:00
96,0xfa04eb1b64262ed5730847fdb33a8bc3bd60ac87,1,630.2592838398112,636.9426751592357,0.06574267160404361,quiet,0.5083362944315335,0.4916637055684665,0.02010278006243692,1,2026-09-17T00:44:57+00:00
96,0xfa04eb1b64262ed5730847fdb33a8bc3bd60ac87,1,630.2592838398112,636.9426751592357,0.06574267160404361,1m_gross_bank_exits,1.2452802676118608,-0.24528026761186084,0.6,1,2026-09-17T00:44:57+00:00
97,0xe63fa6524fa2d252cc3b46fdb4839900bfbfbb49,1,630.2592838398112,636.9426751592357,0.06574267160404361,quiet,0.5083362944315335,0.4916637055684665,0.02010278006243692,1,2026-09-17T00:44:57+00:00
97,0xe63fa6524fa2d252cc3b46fdb4839900bfbfbb49,1,630.2592838398112,636.9426751592357,0.06574267160404361,1m_gross_bank_exits,1.2452802676118608,-0.24528026761186084,0.6,1,2026-09-17T00:44:57+00:00
98,0x5d6e88ac0642444dd5a5eb339a937e407ae29d13,1,630.2592838398112,636.9426751592357,0.06574267160404361,quiet,0.5083362944315335,0.4916637055684665,0.02010278006243692,1,2026-09-17T00:44:57+00:00
98,0x5d6e88ac0642444dd5a5eb339a937e407ae29d13,1,630.2592838398112,636.9426751592357,0.06574267160404361,1m_gross_bank_exits,1.2452802676118608,-0.24528026761186084,0.6,1,2026-09-17T00:44:57+00:00
99,0xf03915666f16b0a08413cc6c2a11cc3f71e76f7e,1,630.2592838398112,636.9426751592357,0.06574267160404361,quiet,0.5083362944315335,0.4916637055684665,0.02010278006243692,1,2026-09-17T00:44:57+00:00
99,0xf03915666f16b0a08413cc6c2a11cc3f71e76f7e,1,630.2592838398112,636.9426751592357,0.06574267160404361,1m_gross_bank_exits,1.2452802676118608,-0.24528026761186084,0.6,1,2026-09-17T00:44:57+00:00
100,0xbaaba861464f25f52c2ee10cc3ac024f4f77812a,1,630.2592838398112,636.9426751592357,0.06574267160404361,quiet,0.5083362944315335,0.4916637055684665,0.02010278006243692,1,2026-09-17T00:44:57+00:00
100,0xbaaba861464f25f52c2ee10cc3ac024f4f77812a,1,630.2592838398112,636.9426751592357,0.06574267160404361,1m_gross_bank_exits,1.2452802676118608,-0.24528026761186084,0.6,1,2026-09-17T00:44:57+00:00
101,0xd08d1a2c59fd698cefebc593d752a01afbfbe9b9,1,630.2592838398112,636.9426751592357,0.06574267160404361,quiet,0.5083362944315335,0.4916637055684665,0.02010278006243692,1,2026-09-17T00:44:57+00:00
101,0xd08d1a2c59fd698cefebc593d752a01afbfbe9b9,1,630.2592838398112,636.9426751592357,0.06574267160404361,1m_gross_bank_exits,1.2452802676118608,-0.24528026761186084,0.6,1,2026-09-17T00:44:57+00:00
102,0x6f346ebeda797e3407699f2f2793d33b18dc4ae2,1,630.2592838398112,636.9426751592357,0.06574267160404361,quiet,0.5083362944315335,0.4916637055684665,0.02010278006243692,1,2026-09-17T00:44:57+00:00
102,0x6f346ebeda797e3407699f2f2793d33b18dc4ae2,1,630.2592838398112,636.9426751592357,0.06574267160404361,1m_gross_bank_exits,1.2452802676118608,-0.24528026761186084,0.6,1,2026-09-17T00:44:57+00:00
103,0xb64199cd690aa4e78f1a6625660347ce63031d72,1,630.2592838398112,636.9426751592357,0.06574267160404361,quiet,0.5083362944315335,0.4916637055684665,0.02010278006243692,1,2026-09-17T00:44:57+00:00
103,0xb64199cd690aa4e78f1a6625660347ce63031d72,1,630.2592838398112,636.9426751592357,0.06574267160404361,1m_gross_bank_exits,1.2452802676118608,-0.24528026761186084,0.6,1,2026-09-17T00:44:57+00:00
104,0xe68e5ad811cda389576a7346aa91e9d912394490,1,630.2592838398112,636.9426751592357,0.06574267160404361,quiet,0.5083362944315335,0.4916637055684665,0.02010278006243692,1,2026-09-17T00:44:57+00:00
104,0xe68e5ad811cda389576a7346aa91e9d912394490,1,630.2592838398112,636.9426751592357,0.06574267160404361,1m_gross_bank_exits,1.2452802676118608,-0.24528026761186084,0.6,1,2026-09-17T00:44:57+00:00
105,0x7a97484f57d98a62b0195d79b9600624744de59c,1,630.2592838398112,636.9426751592357,0.06574267160404361,quiet,0.5083362944315335,0.4916637055684665,0.02010278006243692,1,2026-09-17T00:44:57+00:00
105,0x7a97484f57d98a62b0195d79b9600624744de59c,1,630.2592838398112,636.9426751592357,0.06574267160404361,1m_gross_bank_exits,1.2452802676118608,-0.24528026761186084,0.6,1,2026-09-17T00:44:57+00:00
106,0xaa90befc76b37f487eec5c1a593ea5b9826440be,1,630.2592838398112,636.9426751592357,0.06574267160404361,quiet,0.5083362944315335,0.4916637055684665,0.02010278006243692,1,2026-09-17T00:44:57+00:00
106,0xaa90befc76b37f487eec5c1a593ea5b9826440be,1,630.2592838398112,636.9426751592357,0.06574267160404361,1m_gross_bank_exits,1.2452802676118608,-0.24528026761186084,0.6,1,2026-09-17T00:44:57+00:00
107,0xff3df48755e1f2e0283abdf8532f3edf0a15f893,1,630.2592838398112,636.9426751592357,0.06574267160404361,quiet,0.5083362944315335,0.4916637055684665,0.02010278006243692,1,2026-09-17T00:44:57+00:00
107,0xff3df48755e1f2e0283abdf8532f3edf0a15f893,1,630.2592838398112,636.9426751592357,0.06574267160404361,1m_gross_bank_exits,1.2452802676118608,-0.24528026761186084,0.6,1,2026-09-17T00:44:57+00:00
108,0xf0835c9ae1d0bd0f783846692a8cecd8991ad28a,1,630.2592838398112,636.9426751592357,0.06574267160404361,quiet,0.5083362944315335,0.4916637055684665,0.02010278006243692,1,2026-09-17T00:44:57+00:00
108,0xf0835c9ae1d0bd0f783846692a8cecd8991ad28a,1,630.2592838398112,636.9426751592357,0.06574267160404361,1m_gross_bank_exits,1.2452802676118608,-0.24528026761186084,0.6,1,2026-09-17T00:44:57+00:00
109,0x62aabd981fc0b1538e16ffb3d47ada4feda9e585,1,630.2592838398112,636.9426751592357,0.06574267160404361,quiet,0.5083362944315335,0.4916637055684665,0.02010278006243692,1,2026-09-17T00:44:57+00:00
109,0x62aabd981fc0b1538e16ffb3d47ada4feda9e585,1,630.2592838398112,636.9426751592357,0.06574267160404361,1m_gross_bank_exits,1.2452802676118608,-0.24528026761186084,0.6,1,2026-09-17T00:44:57+00:00
110,0x7d483c2146c81e36e1fba54622513e3a6d9d56f4,1,630.2592838398112,636.9426751592357,0.06574267160404361,quiet,0.5083362944315335,0.4916637055684665,0.02010278006243692,1,2026-09-17T00:44:57+00:00
110,0x7d483c2146c81e36e1fba54622513e3a6d9d56f4,1,630.2592838398112,636.9426751592357,0.06574267160404361,1m_gross_bank_exits,1.2452802676118608,-0.24528026761186084,0.6,1,2026-09-17T00:44:57+00:00
111,0x1d8fc703f3b67ccb9eddfc24125b7b21f677e8e9,1,630.2592838398112,636.9426751592357,0.06574267160404361,quiet,0.5083362944315335,0.4916637055684665,0.02010278006243692,1,2026-09-17T00:44:57+00:00
111,0x1d8fc703f3b67ccb9eddfc24125b7b21f677e8e9,1,630.2592838398112,636.9426751592357,0.06574267160404361,1m_gross_bank_exits,1.2452802676118608,-0.24528026761186084,0.6,1,2026-09-17T00:44:57+00:00
112,0xe06ad0acb3956f98c9df77bd02cdfd4426b2208d,1,630.2592838398112,636.9426751592357,0.06574267160404361,quiet,0.5083362944315335,0.4916637055684665,0.02010278006243692,1,2026-09-17T00:44:57+00:00
112,0xe06ad0acb3956f98c9df77bd02cdfd4426b2208d,1,630.2592838398112,636.9426751592357,0.06574267160404361,1m_gross_bank_exits,1.2452802676118608,-0.24528026761186084,0.6,1,2026-09-17T00:44:57+00:00
113,0x0bd3e9685620b6ab0c8147f745db21f796d107d2,1,630.2592838398112,636.9426751592357,0.06574267160404361,quiet,0.5083362944315335,0.4916637055684665,0.02010278006243692,1,2026-09-17T00:44:57+00:00
113,0x0bd3e9685620b6ab0c8147f745db21f796d107d2,1,630.2592838398112,636.9426751592357,0.06574267160404361,1m_gross_bank_exits,1.2452802676118608,-0.24528026761186084,0.6,1,2026-09-17T00:44:57+00:00
114,0xd07b689ffebccbc7efa8c4c81be816939e5c6a48,1,630.2592838398112,636.9426751592357,0.06574267160404361,quiet,0.5083362944315335,0.4916637055684665,0.02010278006243692,1,2026-09-17T00:44:57+00:00
114,0xd07b689ffebccbc7efa8c4c81be816939e5c6a48,1,630.2592838398112,636.9426751592357,0.06574267160404361,1m_gross_bank_exits,1.2452802676118608,-0.24528026761186084,0.6,1,2026-09-17T00:44:57+00:00
115,0x7cf164f4ffa64035ac3f2ce1083f8bfa35196ae7,1,630.2592838398112,636.9426751592357,0.06574267160404361,quiet,0.5083362944315335,0.4916637055684665,0.02010278006243692,1,2026-09-17T00:44:57+00:00
115,0x7cf164f4ffa64035ac3f2ce1083f8bfa35196ae7,1,630.2592838398112,636.9426751592357,0.06574267160404361,1m_gross_bank_exits,1.2452802676118608,-0.24528026761186084,0.6,1,2026-09-17T00:44:57+00:00
116,0xc6612f2e21acd9c1b86dd3e4cdd0a83001693de2,1,630.2592838398112,636.9426751592357,0.06574267160404361,quiet,0.5083362944315335,0.4916637055684665,0.02010278006243692,1,2026-09-17T00:44:57+00:00
116,0xc6612f2e21acd9c1b86dd3e4cdd0a83001693de2,1,630.2592838398112,636.9426751592357,0.06574267160404361,1m_gross_bank_exits,1.2452802676118608,-0.24528026761186084,0.6,1,2026-09-17T00:44:57+00:00
117,0x3646ea59f7f4f9722f4018d7b4e2d46065bfdd9c,1,630.2592838398112,636.9426751592357,0.06574267160404361,quiet,0.5083362944315335,0.4916637055684665,0.02010278006243692,1,2026-09-17T00:44:57+00:00
117,0x3646ea59f7f4f9722f4018d7b4e2d46065bfdd9c,1,630.2592838398112,636.9426751592357,0.06574267160404361,1m_gross_bank_exits,1.2452802676118608,-0.24528026761186084,0.6,1,2026-09-17T00:44:57+00:00
118,0x56a571b1bc18764d7102f21f99bc567c20c1ff9d,1,630.2592838398112,636.9426751592357,0.06574267160404361,quiet,0.5083362944315335,0.4916637055684665,0.02010278006243692,1,2026-09-17T00:44:57+00:00
118,0x56a571b1bc18764d7102f21f99bc567c20c1ff9d,1,630.2592838398112,636.9426751592357,0.06574267160404361,1m_gross_bank_exits,1.2452802676118608,-0.24528026761186084,0.6,1,2026-09-17T00:44:57+00:00
119,0xf90cf0b88623a340c9c610718ffeb6f3c41572a2,1,630.2592838398112,636.9426751592357,0.06574267160404361,quiet,0.5083362944315335,0.4916637055684665,0.02010278006243692,1,2026-09-17T00:44:57+00:00
119,0xf90cf0b88623a340c9c610718ffeb6f3c41572a2,1,630.2592838398112,636.9426751592357,0.06574267160404361,1m_gross_bank_exits,1.2452802676118608,-0.24528026761186084,0.6,1,2026-09-17T00:44:57+00:00
120,0x16ffebc9fac702ed1fd4980249435ef3d24a2ac6,1,630.2592838398112,636.9426751592357,0.06574267160404361,quiet,0.5083362944315335,0.4916637055684665,0.02010278006243692,1,2026-09-17T00:44:57+00:00
120,0x16ffebc9fac702ed1fd4980249435ef3d24a2ac6,1,630.2592838398112,636.9426751592357,0.06574267160404361,1m_gross_bank_exits,1.2452802676118608,-0.24528026761186084,0.6,1,2026-09-17T00:44:57+00:00
121,0x2af4742837d109ddc7939b6ffbb70dd61162195a,1,630.2592838398112,636.9426751592357,0.06574267160404361,quiet,0.5083362944315335,0.4916637055684665,0.02010278006243692,1,2026-09-17T00:44:57+00:00
121,0x2af4742837d109ddc7939b6ffbb70dd61162195a,1,630.2592838398112,636.9426751592357,0.06574267160404361,1m_gross_bank_exits,1.2452802676118608,-0.24528026761186084,0.6,1,2026-09-17T00:44:57+00:00
122,0x8bef55b95b6373d509be9474ce09c40f813f49a2,1,630.2592838398112,636.9426751592357,0.06574267160404361,quiet,0.5083362944315335,0.4916637055684665,0.02010278006243692,1,2026-09-17T00:44:57+00:00
122,0x8bef55b95b6373d509be9474ce09c40f813f49a2,1,630.2592838398112,636.9426751592357,0.06574267160404361,1m_gross_bank_exits,1.2452802676118608,-0.24528026761186084,0.6,1,2026-09-17T00:44:57+00:00
123,0xca90c6d9a655cc35f3f06c2885f4e6d9a1df6371,1,630.2592838398112,636.9426751592357,0.06574267160404361,quiet,0.5083362944315335,0.4916637055684665,0.02010278006243692,1,2026-09-17T00:44:57+00:00
123,0xca90c6d9a655cc35f3f06c2885f4e6d9a1df6371,1,630.2592838398112,636.9426751592357,0.06574267160404361,1m_gross_bank_exits,1.2452802676118608,-0.24528026761186084,0.6,1,2026-09-17T00:44:57+00:00
124,0x1afa21bef41b61b198b1782d4f806e163c8f291d,1,630.2592838398112,636.9426751592357,0.06574267160404361,quiet,0.5083362944315335,0.4916637055684665,0.02010278006243692,1,2026-09-17T00:44:57+00:00
124,0x1afa21bef41b61b198b1782d4f806e163c8f291d,1,630.2592838398112,636.9426751592357,0.06574267160404361,1m_gross_bank_exits,1.2452802676118608,-0.24528026761186084,0.6,1,2026-09-17T00:44:57+00:00
125,0xa6c88571d0028f47adba983a7240bf12af94633e,1,630.2592838398112,636.9426751592357,0.06574267160404361,quiet,0.5083362944315335,0.4916637055684665,0.02010278006243692,1,2026-09-17T00:44:57+00:00
125,0xa6c88571d0028f47adba983a7240bf12af94633e,1,630.2592838398112,636.9426751592357,0.06574267160404361,1m_gross_bank_exits,1.2452802676118608,-0.24528026761186084,0.6,1,2026-09-17T00:44:57+00:00
126,0xf38e04d7663b6162f9a1fc923ab5faff45c11a34,1,630.2592838398112,636.9426751592357,0.06574267160404361,quiet,0.5083362944315335,0.4916637055684665,0.02010278006243692,1,2026-09-17T00:44:57+00:00
126,0xf38e04d7663b6162f9a1fc923ab5faff45c11a34,1,630.2592838398112,636.9426751592357,0.06574267160404361,1m_gross_bank_exits,1.2452802676118608,-0.24528026761186084,0.6,1,2026-09-17T00:44:57+00:00
127,0x1cca082840abf3c851c2d261771fc8f43daefca0,1,630.2592838398112,636.9426751592357,0.06574267160404361,quiet,0.5083362944315335,0.4916637055684665,0.02010278006243692,1,2026-09-17T00:44:57+00:00
127,0x1cca082840abf3c851c2d261771fc8f43daefca0,1,630.2592838398112,636.9426751592357,0.06574267160404361,1m_gross_bank_exits,1.2452802676118608,-0.24528026761186084,0.6,1,2026-09-17T00:44:57+00:00
128,0xec9db389ba9b0f9e293d2e01f19277eff54f3572,1,630.2592838398112,636.9426751592357,0.06574267160404361,quiet,0.5083362944315335,0.4916637055684665,0.02010278006243692,1,2026-09-17T00:44:57+00:00
128,0xec9db389ba9b0f9e293d2e01f19277eff54f3572,1,630.2592838398112,636.9426751592357,0.06574267160404361,1m_gross_bank_exits,1.2452802676118608,-0.24528026761186084,0.6,1,2026-09-17T00:44:57+00:00
129,0x8f51a2a3138921f0d5d6fa6f5ad86e5880869674,1,630.2592838398112,636.9426751592357,0.06574267160404361,quiet,0.5083362944315335,0.4916637055684665,0.02010278006243692,1,2026-09-17T00:44:57+00:00
129,0x8f51a2a3138921f0d5d6fa6f5ad86e5880869674,1,630.2592838398112,636.9426751592357,0.06574267160404361,1m_gross_bank_exits,1.2452802676118608,-0.24528026761186084,0.6,1,2026-09-17T00:44:57+00:00
130,0xe9908744df557482897cb17a707e4b55681936c9,1,630.2592838398112,636.9426751592357,0.06574267160404361,quiet,0.5083362944315335,0.4916637055684665,0.02010278006243692,1,2026-09-17T00:44:57+00:00
130,0xe9908744df557482897cb17a707e4b55681936c9,1,630.2592838398112,636.9426751592357,0.06574267160404361,1m_gross_bank_exits,1.2452802676118608,-0.24528026761186084,0.6,1,2026-09-17T00:44:57+00:00
131,0x14b889b25e70f60d8dc0aa5f10c83680add61351,1,630.2592838398112,636.9426751592357,0.06574267160404361,quiet,0.5083362944315335,0.4916637055684665,0.02010278006243692,1,2026-09-17T00:44:57+00:00
131,0x14b889b25e70f60d8dc0aa5f10c83680add61351,1,630.2592838398112,636.9426751592357,0.06574267160404361,1m_gross_bank_exits,1.2452802676118608,-0.24528026761186084,0.6,1,2026-09-17T00:44:57+00:00
132,0x56311f46963d93eba214a95a5c55193d6bdaf4da,4,2517.6531255196915,2547.770700636943,0.2625943334690692,quiet,0.5080324354066468,0.4919675645933532,0.020168175324207,1,2026-09-17T00:44:57+00:00
132,0x56311f46963d93eba214a95a5c55193d6bdaf4da,4,2517.6531255196915,2547.770700636943,0.2625943334690692,1m_gross_bank_exits,1.2444138190675087,-0.2444138190675087,0.6,1,2026-09-17T00:44:57+00:00
133,0xc672604d798d8cbd0cf2cc654099f82bd02647ab,2,13144.143049308388,1273.8853503184714,1.3701560941732531,quiet,0.9151784333519188,0.08482156664808116,0.02040532180920851,1,2026-09-17T00:44:57+00:00
133,0xc672604d798d8cbd0cf2cc654099f82bd02647ab,2,13144.143049308388,1273.8853503184714,1.3701560941732531,1m_gross_bank_exits,2.240891700956486,-1.2408917009564862,0.6,1,2026-09-17T00:44:57+00:00
134,0x15c6e23110513ab0843fdf06288736cedc9ae222,1,630.2592838398112,636.9426751592357,0.06574267160404361,quiet,0.5083362944315335,0.4916637055684665,0.02010278006243692,1,2026-09-17T00:44:57+00:00
134,0x15c6e23110513ab0843fdf06288736cedc9ae222,1,630.2592838398112,636.9426751592357,0.06574267160404361,1m_gross_bank_exits,1.2452802676118608,-0.24528026761186084,0.6,1,2026-09-17T00:44:57+00:00
135,0xee1338f0f9324b97580f1351ea0a30f474e4a67a,1,630.2592838398112,636.9426751592357,0.06574267160404361,quiet,0.5083362944315335,0.4916637055684665,0.02010278006243692,1,2026-09-17T00:44:57+00:00
135,0xee1338f0f9324b97580f1351ea0a30f474e4a67a,1,630.2592838398112,636.9426751592357,0.06574267160404361,1m_gross_bank_exits,1.2452802676118608,-0.24528026761186084,0.6,1,2026-09-17T00:44:57+00:00
136,0x54d01364a7db38bc8879860100fd8a85907f3c3f,1,630.2592838398112,636.9426751592357,0.06574267160404361,quiet,0.5083362944315335,0.4916637055684665,0.02010278006243692,1,2026-09-17T00:44:57+00:00
136,0x54d01364a7db38bc8879860100fd8a85907f3c3f,1,630.2592838398112,636.9426751592357,0.06574267160404361,1m_gross_bank_exits,1.2452802676118608,-0.24528026761186084,0.6,1,2026-09-17T00:44:57+00:00
137,0xb0bf6f6fd3c8bd194d94d39a41fcb99fdffb5273,1,630.2592838398112,636.9426751592357,0.06574267160404361,quiet,0.5083362944315335,0.4916637055684665,0.02010278006243692,1,2026-09-17T00:44:57+00:00
137,0xb0bf6f6fd3c8bd194d94d39a41fcb99fdffb5273,1,630.2592838398112,636.9426751592357,0.06574267160404361,1m_gross_bank_exits,1.2452802676118608,-0.24528026761186084,0.6,1,2026-09-17T00:44:57+00:00
138,0xbba92286026209e652384572a2c51e52c9aadbe8,1,630.2592838398112,636.9426751592357,0.06574267160404361,quiet,0.5083362944315335,0.4916637055684665,0.02010278006243692,1,2026-09-17T00:44:57+00:00
138,0xbba92286026209e652384572a2c51e52c9aadbe8,1,630.2592838398112,636.9426751592357,0.06574267160404361,1m_gross_bank_exits,1.2452802676118608,-0.24528026761186084,0.6,1,2026-09-17T00:44:57+00:00
139,0x3d3f1df04fd28f77c6bffcab0cf9c512dd90def2,1,630.2592838398112,636.9426751592357,0.06574267160404361,quiet,0.5083362944315335,0.4916637055684665,0.02010278006243692,1,2026-09-17T00:44:57+00:00
139,0x3d3f1df04fd28f77c6bffcab0cf9c512dd90def2,1,630.2592838398112,636.9426751592357,0.06574267160404361,1m_gross_bank_exits,1.2452802676118608,-0.24528026761186084,0.6,1,2026-09-17T00:44:57+00:00
140,0xf7138545072037fb01cf82a4ea5c92c22204dc08,1,630.2592838398112,636.9426751592357,0.06574267160404361,quiet,0.5083362944315335,0.4916637055684665,0.02010278006243692,1,2026-09-17T00:44:57+00:00
140,0xf7138545072037fb01cf82a4ea5c92c22204dc08,1,630.2592838398112,636.9426751592357,0.06574267160404361,1m_gross_bank_exits,1.2452802676118608,-0.24528026761186084,0.6,1,2026-09-17T00:44:57+00:00
141,0xe595ed0eee63fe6ceb3e6b6770b9d826223a3737,1,630.2592838398112,636.9426751592357,0.06574267160404361,quiet,0.5083362944315335,0.4916637055684665,0.02010278006243692,1,2026-09-17T00:44:57+00:00
141,0xe595ed0eee63fe6ceb3e6b6770b9d826223a3737,1,630.2592838398112,636.9426751592357,0.06574267160404361,1m_gross_bank_exits,1.2452802676118608,-0.24528026761186084,0.6,1,2026-09-17T00:44:57+00:00
142,0x91f3acf393de794e7291fbf36dfc408da617cff0,1,630.2592838398112,636.9426751592357,0.06574267160404361,quiet,0.5083362944315335,0.4916637055684665,0.02010278006243692,1,2026-09-17T00:44:57+00:00
142,0x91f3acf393de794e7291fbf36dfc408da617cff0,1,630.2592838398112,636.9426751592357,0.06574267160404361,1m_gross_bank_exits,1.2452802676118608,-0.24528026761186084,0.6,1,2026-09-17T00:44:57+00:00
143,0x6e0869a2cbb6d26e4095235ba682438d42126d01,1,630.2592838398112,636.9426751592357,0.06574267160404361,quiet,0.5083362944315335,0.4916637055684665,0.02010278006243692,1,2026-09-17T00:44:57+00:00
143,0x6e0869a2cbb6d26e4095235ba682438d42126d01,1,630.2592838398112,636.9426751592357,0.06574267160404361,1m_gross_bank_exits,1.2452802676118608,-0.24528026761186084,0.6,1,2026-09-17T00:44:57+00:00
144,0x7e1d726dd28f65e8f50f109b209f2f6321660d10,1,630.2592838398112,636.9426751592357,0.06574267160404361,quiet,0.5083362944315335,0.4916637055684665,0.02010278006243692,1,2026-09-17T00:44:57+00:00
144,0x7e1d726dd28f65e8f50f109b209f2f6321660d10,1,630.2592838398112,636.9426751592357,0.06574267160404361,1m_gross_bank_exits,1.2452802676118608,-0.24528026761186084,0.6,1,2026-09-17T00:44:57+00:00
145,0xc04208f289d3842ac168f2c373b3164e1d872650,1,630.2592838398112,636.9426751592357,0.06574267160404361,quiet,0.5083362944315335,0.4916637055684665,0.02010278006243692,1,2026-09-17T00:44:57+00:00
145,0xc04208f289d3842ac168f2c373b3164e1d872650,1,630.2592838398112,636.9426751592357,0.06574267160404361,1m_gross_bank_exits,1.2452802676118608,-0.24528026761186084,0.6,1,2026-09-17T00:44:57+00:00
146,0x2bdf1a698d39a4358e2c162deacc038fadb8a9d5,1,630.2592838398112,636.9426751592357,0.06574267160404361,quiet,0.5083362944315335,0.4916637055684665,0.02010278006243692,1,2026-09-17T00:44:57+00:00
146,0x2bdf1a698d39a4358e2c162deacc038fadb8a9d5,1,630.2592838398112,636.9426751592357,0.06574267160404361,1m_gross_bank_exits,1.2452802676118608,-0.24528026761186084,0.6,1,2026-09-17T00:44:57+00:00
147,0x6dfa134a49efd71b207711d41c1a81640ed3dc2b,1,630.2592838398112,636.9426751592357,0.06574267160404361,quiet,0.5083362944315335,0.4916637055684665,0.02010278006243692,1,2026-09-17T00:44:57+00:00
147,0x6dfa134a49efd71b207711d41c1a81640ed3dc2b,1,630.2592838398112,636.9426751592357,0.06574267160404361,1m_gross_bank_exits,1.2452802676118608,-0.24528026761186084,0.6,1,2026-09-17T00:44:57+00:00
148,0x4377dd7c3200409e31eef6c0bd70e478672b29d6,1,630.2592838398112,636.9426751592357,0.06574267160404361,quiet,0.5083362944315335,0.4916637055684665,0.02010278006243692,1,2026-09-17T00:44:57+00:00
148,0x4377dd7c3200409e31eef6c0bd70e478672b29d6,1,630.2592838398112,636.9426751592357,0.06574267160404361,1m_gross_bank_exits,1.2452802676118608,-0.24528026761186084,0.6,1,2026-09-17T00:44:57+00:00
149,0x8fd6093dd4d321a82d5d9f42577784df503b6ee1,1,630.2592838398112,636.9426751592357,0.06574267160404361,quiet,0.5083362944315335,0.4916637055684665,0.02010278006243692,1,2026-09-17T00:44:57+00:00
149,0x8fd6093dd4d321a82d5d9f42577784df503b6ee1,1,630.2592838398112,636.9426751592357,0.06574267160404361,1m_gross_bank_exits,1.2452802676118608,-0.24528026761186084,0.6,1,2026-09-17T00:44:57+00:00
150,0x660fa2c5350833408a20389957a97b586e0578b6,2,1262.336716321419,1273.8853503184714,0.13167113353025342,quiet,0.5087064876475806,0.49129351235241936,0.02012284821753187,1,2026-09-17T00:44:57+00:00
150,0x660fa2c5350833408a20389957a97b586e0578b6,2,1262.336716321419,1273.8853503184714,0.13167113353025342,1m_gross_bank_exits,1.2461485416171425,-0.2461485416171425,0.6,1,2026-09-17T00:44:57+00:00
151,0x5441e5d5e601755301653197d3a17a9f346b85e1,1,630.2592838398112,636.9426751592357,0.06574267160404361,quiet,0.5083362944315335,0.4916637055684665,0.02010278006243692,1,2026-09-17T00:44:57+00:00
151,0x5441e5d5e601755301653197d3a17a9f346b85e1,1,630.2592838398112,636.9426751592357,0.06574267160404361,1m_gross_bank_exits,1.2452802676118608,-0.24528026761186084,0.6,1,2026-09-17T00:44:57+00:00
152,0x31efb1fcc3a024f1b2ce01a22d53fd33b328c11d,1,630.2592838398112,636.9426751592357,0.06574267160404361,quiet,0.5083362944315335,0.4916637055684665,0.02010278006243692,1,2026-09-17T00:44:57+00:00
152,0x31efb1fcc3a024f1b2ce01a22d53fd33b328c11d,1,630.2592838398112,636.9426751592357,0.06574267160404361,1m_gross_bank_exits,1.2452802676118608,-0.24528026761186084,0.6,1,2026-09-17T00:44:57+00:00
153,0x1af64d49346290f351d81163606398715ab47e0e,1,630.2592838398112,636.9426751592357,0.06574267160404361,quiet,0.5083362944315335,0.4916637055684665,0.02010278006243692,1,2026-09-17T00:44:57+00:00
153,0x1af64d49346290f351d81163606398715ab47e0e,1,630.2592838398112,636.9426751592357,0.06574267160404361,1m_gross_bank_exits,1.2452802676118608,-0.24528026761186084,0.6,1,2026-09-17T00:44:57+00:00
154,0x3a917a37a12a7ea3d98773c3ee1938a136d1d5e2,1,630.2592838398112,636.9426751592357,0.06574267160404361,quiet,0.5083362944315335,0.4916637055684665,0.02010278006243692,1,2026-09-17T00:44:57+00:00
154,0x3a917a37a12a7ea3d98773c3ee1938a136d1d5e2,1,630.2592838398112,636.9426751592357,0.06574267160404361,1m_gross_bank_exits,1.2452802676118608,-0.24528026761186084,0.6,1,2026-09-17T00:44:57+00:00
155,0xcabf12b9d07d5cb30bbf659eeb7921a15e55217d,1,630.2592838398112,636.9426751592357,0.06574267160404361,quiet,0.5083362944315335,0.4916637055684665,0.02010278006243692,1,2026-09-17T00:44:57+00:00
155,0xcabf12b9d07d5cb30bbf659eeb7921a15e55217d,1,630.2592838398112,636.9426751592357,0.06574267160404361,1m_gross_bank_exits,1.2452802676118608,-0.24528026761186084,0.6,1,2026-09-17T00:44:57+00:00
156,0x5797dd337a92ab76a1241f5fe29f08cd294175ec,1,630.2592838398112,636.9426751592357,0.06574267160404361,quiet,0.5083362944315335,0.4916637055684665,0.02010278006243692,1,2026-09-17T00:44:57+00:00
156,0x5797dd337a92ab76a1241f5fe29f08cd294175ec,1,630.2592838398112,636.9426751592357,0.06574267160404361,1m_gross_bank_exits,1.2452802676118608,-0.24528026761186084,0.6,1,2026-09-17T00:44:57+00:00
157,0x27ed385662b631074034889332cd38483ce59852,1,630.2592838398112,636.9426751592357,0.06574267160404361,quiet,0.5083362944315335,0.4916637055684665,0.02010278006243692,1,2026-09-17T00:44:57+00:00
157,0x27ed385662b631074034889332cd38483ce59852,1,630.2592838398112,636.9426751592357,0.06574267160404361,1m_gross_bank_exits,1.2452802676118608,-0.24528026761186084,0.6,1,2026-09-17T00:44:57+00:00
158,0x247bcdaaee715428a0a8b02b79a641c051f3a111,1,630.2592838398112,636.9426751592357,0.06574267160404361,quiet,0.5083362944315335,0.4916637055684665,0.02010278006243692,1,2026-09-17T00:44:57+00:00
158,0x247bcdaaee715428a0a8b02b79a641c051f3a111,1,630.2592838398112,636.9426751592357,0.06574267160404361,1m_gross_bank_exits,1.2452802676118608,-0.24528026761186084,0.6,1,2026-09-17T00:44:57+00:00
159,0xeb8414bd5f2ee602775b6aac2c7e5605bd599a2e,1,630.2592838398112,636.9426751592357,0.06574267160404361,quiet,0.5083362944315335,0.4916637055684665,0.02010278006243692,1,2026-09-17T00:44:57+00:00
159,0xeb8414bd5f2ee602775b6aac2c7e5605bd599a2e,1,630.2592838398112,636.9426751592357,0.06574267160404361,1m_gross_bank_exits,1.2452802676118608,-0.24528026761186084,0.6,1,2026-09-17T00:44:57+00:00
160,0xcab21d30dbbe7ef86618e1aea139f6c8a9b44c98,1,48115.25928383981,636.9426751592357,5.001301337758141,quiet,0.987542035039902,0.01245796496009799,0.02214383342329386,1,2026-09-17T00:44:57+00:00
160,0xcab21d30dbbe7ef86618e1aea139f6c8a9b44c98,1,48115.25928383981,636.9426751592357,5.001301337758141,1m_gross_bank_exits,2.41290230591997,-1.4129023059199701,0.6,1,2026-09-17T00:44:57+00:00
161,0x420944ab9d490912b58734589ef43cba5efcb5f1,1,630.2592838398112,636.9426751592357,0.06574267160404361,quiet,0.5083362944315335,0.4916637055684665,0.02010278006243692,1,2026-09-17T00:44:57+00:00
161,0x420944ab9d490912b58734589ef43cba5efcb5f1,1,630.2592838398112,636.9426751592357,0.06574267160404361,1m_gross_bank_exits,1.2452802676118608,-0.24528026761186084,0.6,1,2026-09-17T00:44:57+00:00
162,0x7da7186e67195e38b8f4d3003751410103374784,1,630.2592838398112,636.9426751592357,0.06574267160404361,quiet,0.5083362944315335,0.4916637055684665,0.02010278006243692,1,2026-09-17T00:44:57+00:00
162,0x7da7186e67195e38b8f4d3003751410103374784,1,630.2592838398112,636.9426751592357,0.06574267160404361,1m_gross_bank_exits,1.2452802676118608,-0.24528026761186084,0.6,1,2026-09-17T00:44:57+00:00
163,0x23d913035912a7ffe13a8bfd4e4aa08ff06bdcec,1,630.2592838398112,636.9426751592357,0.06574267160404361,quiet,0.5083362944315335,0.4916637055684665,0.02010278006243692,1,2026-09-17T00:44:57+00:00
163,0x23d913035912a7ffe13a8bfd4e4aa08ff06bdcec,1,630.2592838398112,636.9426751592357,0.06574267160404361,1m_gross_bank_exits,1.2452802676118608,-0.24528026761186084,0.6,1,2026-09-17T00:44:57+00:00
164,0x288cb1ecb49eee679d19eb8fbedab4c7bdeaeaf4,1,630.2592838398112,636.9426751592357,0.06574267160404361,quiet,0.5083362944315335,0.4916637055684665,0.02010278006243692,1,2026-09-17T00:44:57+00:00
164,0x288cb1ecb49eee679d19eb8fbedab4c7bdeaeaf4,1,630.2592838398112,636.9426751592357,0.06574267160404361,1m_gross_bank_exits,1.2452802676118608,-0.24528026761186084,0.6,1,2026-09-17T00:44:57+00:00
165,0x5c1b2bf3e255850d061a1e379f525fffcfa615c7,1,630.2592838398112,636.9426751592357,0.06574267160404361,quiet,0.5083362944315335,0.4916637055684665,0.02010278006243692,1,2026-09-17T00:44:57+00:00
165,0x5c1b2bf3e255850d061a1e379f525fffcfa615c7,1,630.2592838398112,636.9426751592357,0.06574267160404361,1m_gross_bank_exits,1.2452802676118608,-0.24528026761186084,0.6,1,2026-09-17T00:44:57+00:00
166,0x19ddb72b5b9b25a740ad39d4de97b9b8d1eb0e36,1,630.2592838398112,636.9426751592357,0.06574267160404361,quiet,0.5083362944315335,0.4916637055684665,0.02010278006243692,1,2026-09-17T00:44:57+00:00
166,0x19ddb72b5b9b25a740ad39d4de97b9b8d1eb0e36,1,630.2592838398112,636.9426751592357,0.06574267160404361,1m_gross_bank_exits,1.2452802676118608,-0.24528026761186084,0.6,1,2026-09-17T00:44:57+00:00
167,0x602833282eea4ffe3f326f98eb11921cc03fd0c0,1,630.2592838398112,636.9426751592357,0.06574267160404361,quiet,0.5083362944315335,0.4916637055684665,0.02010278006243692,1,2026-09-17T00:44:57+00:00
167,0x602833282eea4ffe3f326f98eb11921cc03fd0c0,1,630.2592838398112,636.9426751592357,0.06574267160404361,1m_gross_bank_exits,1.2452802676118608,-0.24528026761186084,0.6,1,2026-09-17T00:44:57+00:00
168,0x34c05aa105aa57c5e193d5ffe9f9b64a0b4f1f4c,1,630.2592838398112,636.9426751592357,0.06574267160404361,quiet,0.5083362944315335,0.4916637055684665,0.02010278006243692,1,2026-09-17T00:44:57+00:00
168,0x34c05aa105aa57c5e193d5ffe9f9b64a0b4f1f4c,1,630.2592838398112,636.9426751592357,0.06574267160404361,1m_gross_bank_exits,1.2452802676118608,-0.24528026761186084,0.6,1,2026-09-17T00:44:57+00:00
169,0x1cc972ff969689873f8010bdd0cf3dc30618397e,1,630.2592838398112,636.9426751592357,0.06574267160404361,quiet,0.5083362944315335,0.4916637055684665,0.02010278006243692,1,2026-09-17T00:44:57+00:00
169,0x1cc972ff969689873f8010bdd0cf3dc30618397e,1,630.2592838398112,636.9426751592357,0.06574267160404361,1m_gross_bank_exits,1.2452802676118608,-0.24528026761186084,0.6,1,2026-09-17T00:44:57+00:00
170,0x1f3cc123f5c83c34ee68b9bd7b13039a73d3e937,1,630.2592838398112,636.9426751592357,0.06574267160404361,quiet,0.5083362944315335,0.4916637055684665,0.02010278006243692,1,2026-09-17T00:44:57+00:00
170,0x1f3cc123f5c83c34ee68b9bd7b13039a73d3e937,1,630.2592838398112,636.9426751592357,0.06574267160404361,1m_gross_bank_exits,1.2452802676118608,-0.24528026761186084,0.6,1,2026-09-17T00:44:57+00:00
171,0xd891781cb605ee94242ab8115961cd96138d226c,2,1264.1897328941927,1273.8853503184714,0.13186440554871295,quiet,0.5090731025417428,0.49092689745825724,0.02012287950247521,1,2026-09-17T00:44:57+00:00
171,0xd891781cb605ee94242ab8115961cd96138d226c,2,1264.1897328941927,1273.8853503184714,0.13186440554871295,1m_gross_bank_exits,1.2470465479469235,-0.2470465479469235,0.6,1,2026-09-17T00:44:57+00:00
172,0x5a19efa0a6c1d154eae993360524b9f2c673f16e,1,630.2592838398112,636.9426751592357,0.06574267160404361,quiet,0.5083362944315335,0.4916637055684665,0.02010278006243692,1,2026-09-17T00:44:57+00:00
172,0x5a19efa0a6c1d154eae993360524b9f2c673f16e,1,630.2592838398112,636.9426751592357,0.06574267160404361,1m_gross_bank_exits,1.2452802676118608,-0.24528026761186084,0.6,1,2026-09-17T00:44:57+00:00
173,0xf9938356c9033204ccdf9e0cdd2d3faebb16202e,1,630.2592838398112,636.9426751592357,0.06574267160404361,quiet,0.5083362944315335,0.4916637055684665,0.02010278006243692,1,2026-09-17T00:44:57+00:00
173,0xf9938356c9033204ccdf9e0cdd2d3faebb16202e,1,630.2592838398112,636.9426751592357,0.06574267160404361,1m_gross_bank_exits,1.2452802676118608,-0.24528026761186084,0.6,1,2026-09-17T00:44:57+00:00
174,0xe781b28e02ed5fc4b989905cb6848d318f4735fd,1,630.2592838398112,636.9426751592357,0.06574267160404361,quiet,0.5083362944315335,0.4916637055684665,0.02010278006243692,1,2026-09-17T00:44:57+00:00
174,0xe781b28e02ed5fc4b989905cb6848d318f4735fd,1,630.2592838398112,636.9426751592357,0.06574267160404361,1m_gross_bank_exits,1.2452802676118608,-0.24528026761186084,0.6,1,2026-09-17T00:44:57+00:00
175,0x7a55aae410ff412f39b023e9b5e2e5dbc9a58f68,1,630.2592838398112,636.9426751592357,0.06574267160404361,quiet,0.5083362944315335,0.4916637055684665,0.02010278006243692,1,2026-09-17T00:44:57+00:00
175,0x7a55aae410ff412f39b023e9b5e2e5dbc9a58f68,1,630.2592838398112,636.9426751592357,0.06574267160404361,1m_gross_bank_exits,1.2452802676118608,-0.24528026761186084,0.6,1,2026-09-17T00:44:57+00:00
176,0x5fd21eba060ba46ad458d6a2b0db5c050f07feb2,1,630.2592838398112,636.9426751592357,0.06574267160404361,quiet,0.5083362944315335,0.4916637055684665,0.02010278006243692,1,2026-09-17T00:44:57+00:00
176,0x5fd21eba060ba46ad458d6a2b0db5c050f07feb2,1,630.2592838398112,636.9426751592357,0.06574267160404361,1m_gross_bank_exits,1.2452802676118608,-0.24528026761186084,0.6,1,2026-09-17T00:44:57+00:00
177,0x00034187c8d0d887821587573586f75624c5e111,1,630.2592838398112,636.9426751592357,0.06574267160404361,quiet,0.5083362944315335,0.4916637055684665,0.02010278006243692,1,2026-09-17T00:44:57+00:00
177,0x00034187c8d0d887821587573586f75624c5e111,1,630.2592838398112,636.9426751592357,0.06574267160404361,1m_gross_bank_exits,1.2452802676118608,-0.24528026761186084,0.6,1,2026-09-17T00:44:57+00:00
178,0xe3abcd85aa20279297ae52552758d6c4878c5d0c,1,630.2592838398112,636.9426751592357,0.06574267160404361,quiet,0.5083362944315335,0.4916637055684665,0.02010278006243692,1,2026-09-17T00:44:57+00:00
178,0xe3abcd85aa20279297ae52552758d6c4878c5d0c,1,630.2592838398112,636.9426751592357,0.06574267160404361,1m_gross_bank_exits,1.2452802676118608,-0.24528026761186084,0.6,1,2026-09-17T00:44:57+00:00
179,0x2cad1eb8f08201306cfcdc7f3049c59fce76d908,1,630.2592838398112,636.9426751592357,0.06574267160404361,quiet,0.5083362944315335,0.4916637055684665,0.02010278006243692,1,2026-09-17T00:44:57+00:00
179,0x2cad1eb8f08201306cfcdc7f3049c59fce76d908,1,630.2592838398112,636.9426751592357,0.06574267160404361,1m_gross_bank_exits,1.2452802676118608,-0.24528026761186084,0.6,1,2026-09-17T00:44:57+00:00
180,0x37e58a5d5778e55440eac663432bfddf596e3a21,1,630.2592838398112,636.9426751592357,0.06574267160404361,quiet,0.5083362944315335,0.4916637055684665,0.02010278006243692,1,2026-09-17T00:44:57+00:00
180,0x37e58a5d5778e55440eac663432bfddf596e3a21,1,630.2592838398112,636.9426751592357,0.06574267160404361,1m_gross_bank_exits,1.2452802676118608,-0.24528026761186084,0.6,1,2026-09-17T00:44:57+00:00
181,0xbfc016652a6708b20ae850ee92d2ea23cca5f31a,1,630.2592838398112,636.9426751592357,0.06574267160404361,quiet,0.5083362944315335,0.4916637055684665,0.02010278006243692,1,2026-09-17T00:44:57+00:00
181,0xbfc016652a6708b20ae850ee92d2ea23cca5f31a,1,630.2592838398112,636.9426751592357,0.06574267160404361,1m_gross_bank_exits,1.2452802676118608,-0.24528026761186084,0.6,1,2026-09-17T00:44:57+00:00
182,0xf78310ed6641e6c4e221e9d676440ac8645d3afe,1,630.2592838398112,636.9426751592357,0.06574267160404361,quiet,0.5083362944315335,0.4916637055684665,0.02010278006243692,1,2026-09-17T00:44:57+00:00
182,0xf78310ed6641e6c4e221e9d676440ac8645d3afe,1,630.2592838398112,636.9426751592357,0.06574267160404361,1m_gross_bank_exits,1.2452802676118608,-0.24528026761186084,0.6,1,2026-09-17T00:44:57+00:00
183,0x6157f99a85cc33ca489b0da7058bf87d17e24a14,1,630.2592838398112,636.9426751592357,0.06574267160404361,quiet,0.5083362944315335,0.4916637055684665,0.02010278006243692,1,2026-09-17T00:44:57+00:00
183,0x6157f99a85cc33ca489b0da7058bf87d17e24a14,1,630.2592838398112,636.9426751592357,0.06574267160404361,1m_gross_bank_exits,1.2452802676118608,-0.24528026761186084,0.6,1,2026-09-17T00:44:57+00:00
184,0x86f69d4ed91e334d4f0fc96a0a6b9d9f5035caa1,1,630.2592838398112,636.9426751592357,0.06574267160404361,quiet,0.5083362944315335,0.4916637055684665,0.02010278006243692,1,2026-09-17T00:44:57+00:00
184,0x86f69d4ed91e334d4f0fc96a0a6b9d9f5035caa1,1,630.2592838398112,636.9426751592357,0.06574267160404361,1m_gross_bank_exits,1.2452802676118608,-0.24528026761186084,0.6,1,2026-09-17T00:44:57+00:00
185,0xf163a3e92d2bb931e8d8d626fa394d69d59a2673,1,630.2592838398112,636.9426751592357,0.06574267160404361,quiet,0.5083362944315335,0.4916637055684665,0.02010278006243692,1,2026-09-17T00:44:57+00:00
185,0xf163a3e92d2bb931e8d8d626fa394d69d59a2673,1,630.2592838398112,636.9426751592357,0.06574267160404361,1m_gross_bank_exits,1.2452802676118608,-0.24528026761186084,0.6,1,2026-09-17T00:44:57+00:00
186,0x053e6294400a9268e35df445624f58087c7f388f,1,630.2592838398112,636.9426751592357,0.06574267160404361,quiet,0.5083362944315335,0.4916637055684665,0.02010278006243692,1,2026-09-17T00:44:57+00:00
186,0x053e6294400a9268e35df445624f58087c7f388f,1,630.2592838398112,636.9426751592357,0.06574267160404361,1m_gross_bank_exits,1.2452802676118608,-0.24528026761186084,0.6,1,2026-09-17T00:44:57+00:00
187,0xb4a22d79110bd50342dcdc15079f966e883e7f0a,1,630.2592838398112,636.9426751592357,0.06574267160404361,quiet,0.5083362944315335,0.4916637055684665,0.02010278006243692,1,2026-09-17T00:44:57+00:00
187,0xb4a22d79110bd50342dcdc15079f966e883e7f0a,1,630.2592838398112,636.9426751592357,0.06574267160404361,1m_gross_bank_exits,1.2452802676118608,-0.24528026761186084,0.6,1,2026-09-17T00:44:57+00:00
188,0xe1e7ba7f42a262069b8f296be7cbf9bff96f4ad8,1,630.2592838398112,636.9426751592357,0.06574267160404361,quiet,0.5083362944315335,0.4916637055684665,0.02010278006243692,1,2026-09-17T00:44:57+00:00
188,0xe1e7ba7f42a262069b8f296be7cbf9bff96f4ad8,1,630.2592838398112,636.9426751592357,0.06574267160404361,1m_gross_bank_exits,1.2452802676118608,-0.24528026761186084,0.6,1,2026-09-17T00:44:57+00:00
189,0x8fac841807e21807f511daf3c04a34cd78661f4c,1,630.2592838398112,636.9426751592357,0.06574267160404361,quiet,0.5083362944315335,0.4916637055684665,0.02010278006243692,1,2026-09-17T00:44:57+00:00
189,0x8fac841807e21807f511daf3c04a34cd78661f4c,1,630.2592838398112,636.9426751592357,0.06574267160404361,1m_gross_bank_exits,1.2452802676118608,-0.24528026761186084,0.6,1,2026-09-17T00:44:57+00:00
190,0xf7307f4f844684c9a510391518de111789d9fd76,1,630.2592838398112,636.9426751592357,0.06574267160404361,quiet,0.5083362944315335,0.4916637055684665,0.02010278006243692,1,2026-09-17T00:44:57+00:00
190,0xf7307f4f844684c9a510391518de111789d9fd76,1,630.2592838398112,636.9426751592357,0.06574267160404361,1m_gross_bank_exits,1.2452802676118608,-0.24528026761186084,0.6,1,2026-09-17T00:44:57+00:00
191,0xf3753b1d10d40d8bb1e75b26c69fd6e844aa988f,2,1262.164588365034,1273.8853503184714,0.13165318036064946,quiet,0.5086724047497406,0.4913275952502594,0.02012284531165461,1,2026-09-17T00:44:57+00:00
191,0xf3753b1d10d40d8bb1e75b26c69fd6e844aa988f,2,1262.164588365034,1273.8853503184714,0.13165318036064946,1m_gross_bank_exits,1.246065057118166,-0.24606505711816595,0.6,1,2026-09-17T00:44:57+00:00
192,0x55e1d60c15174e9e06d7e125169933feace1de46,1,630.2592838398112,636.9426751592357,0.06574267160404361,quiet,0.5083362944315335,0.4916637055684665,0.02010278006243692,1,2026-09-17T00:44:57+00:00
192,0x55e1d60c15174e9e06d7e125169933feace1de46,1,630.2592838398112,636.9426751592357,0.06574267160404361,1m_gross_bank_exits,1.2452802676118608,-0.24528026761186084,0.6,1,2026-09-17T00:44:57+00:00
193,0xda714bfafbc2b139bf6e91d9809fac5a104a9798,1,630.2592838398112,636.9426751592357,0.06574267160404361,quiet,0.5083362944315335,0.4916637055684665,0.02010278006243692,1,2026-09-17T00:44:57+00:00
193,0xda714bfafbc2b139bf6e91d9809fac5a104a9798,1,630.2592838398112,636.9426751592357,0.06574267160404361,1m_gross_bank_exits,1.2452802676118608,-0.24528026761186084,0.6,1,2026-09-17T00:44:57+00:00
194,0xa9d508815d1216914706c03c566dc20dd972b383,1,630.2592838398112,636.9426751592357,0.06574267160404361,quiet,0.5083362944315335,0.4916637055684665,0.02010278006243692,1,2026-09-17T00:44:57+00:00
194,0xa9d508815d1216914706c03c566dc20dd972b383,1,630.2592838398112,636.9426751592357,0.06574267160404361,1m_gross_bank_exits,1.2452802676118608,-0.24528026761186084,0.6,1,2026-09-17T00:44:57+00:00
195,0xff60c38f0343a8b8de07c9770266764c452a368f,1,630.2592838398112,636.9426751592357,0.06574267160404361,quiet,0.5083362944315335,0.4916637055684665,0.02010278006243692,1,2026-09-17T00:44:57+00:00
195,0xff60c38f0343a8b8de07c9770266764c452a368f,1,630.2592838398112,636.9426751592357,0.06574267160404361,1m_gross_bank_exits,1.2452802676118608,-0.24528026761186084,0.6,1,2026-09-17T00:44:57+00:00
196,0x18c66e1eaa1e9100d181a9652e13dfc9fffcaf3e,1,630.2592838398112,636.9426751592357,0.06574267160404361,quiet,0.5083362944315335,0.4916637055684665,0.02010278006243692,1,2026-09-17T00:44:57+00:00
196,0x18c66e1eaa1e9100d181a9652e13dfc9fffcaf3e,1,630.2592838398112,636.9426751592357,0.06574267160404361,1m_gross_bank_exits,1.2452802676118608,-0.24528026761186084,0.6,1,2026-09-17T00:44:57+00:00
197,0x773d715200ab5c07f39db9772e3c83c48534a585,1,630.2592838398112,636.9426751592357,0.06574267160404361,quiet,0.5083362944315335,0.4916637055684665,0.02010278006243692,1,2026-09-17T00:44:57+00:00
197,0x773d715200ab5c07f39db9772e3c83c48534a585,1,630.2592838398112,636.9426751592357,0.06574267160404361,1m_gross_bank_exits,1.2452802676118608,-0.24528026761186084,0.6,1,2026-09-17T00:44:57+00:00
198,0x564cc331161c79c85da7911fb98609f5ffc4b6f9,1,630.2592838398112,636.9426751592357,0.06574267160404361,quiet,0.5083362944315335,0.4916637055684665,0.02010278006243692,1,2026-09-17T00:44:57+00:00
198,0x564cc331161c79c85da7911fb98609f5ffc4b6f9,1,630.2592838398112,636.9426751592357,0.06574267160404361,1m_gross_bank_exits,1.2452802676118608,-0.24528026761186084,0.6,1,2026-09-17T00:44:57+00:00
199,0xf8c7572edfe207f043d6acb4cd80a0c53346a446,1,630.2592838398112,636.9426751592357,0.06574267160404361,quiet,0.5083362944315335,0.4916637055684665,0.02010278006243692,1,2026-09-17T00:44:57+00:00
199,0xf8c7572edfe207f043d6acb4cd80a0c53346a446,1,630.2592838398112,636.9426751592357,0.06574267160404361,1m_gross_bank_exits,1.2452802676118608,-0.24528026761186084,0.6,1,2026-09-17T00:44:57+00:00
200,0x6980a923ec5ce914998285f12d6d33ddeff1f2dc,1,630.2592838398112,636.9426751592357,0.06574267160404361,quiet,0.5083362944315335,0.4916637055684665,0.02010278006243692,1,2026-09-17T00:44:57+00:00
200,0x6980a923ec5ce914998285f12d6d33ddeff1f2dc,1,630.2592838398112,636.9426751592357,0.06574267160404361,1m_gross_bank_exits,1.2452802676118608,-0.24528026761186084,0.6,1,2026-09-17T00:44:57+00:00
201,0x86a1921558a1c7998551365bd9b2f87727abbc45,1,630.2592838398112,636.9426751592357,0.06574267160404361,quiet,0.5083362944315335,0.4916637055684665,0.02010278006243692,1,2026-09-17T00:44:57+00:00
201,0x86a1921558a1c7998551365bd9b2f87727abbc45,1,630.2592838398112,636.9426751592357,0.06574267160404361,1m_gross_bank_exits,1.2452802676118608,-0.24528026761186084,0.6,1,2026-09-17T00:44:57+00:00
202,0xea24ea8f9a1483296cdc36f265340e84745abb64,1,630.2592838398112,636.9426751592357,0.06574267160404361,quiet,0.5083362944315335,0.4916637055684665,0.02010278006243692,1,2026-09-17T00:44:57+00:00
202,0xea24ea8f9a1483296cdc36f265340e84745abb64,1,630.2592838398112,636.9426751592357,0.06574267160404361,1m_gross_bank_exits,1.2452802676118608,-0.24528026761186084,0.6,1,2026-09-17T00:44:57+00:00
203,0xbaa9b933e5f977a85ab73542a8550e3998928d2c,1,630.2592838398112,636.9426751592357,0.06574267160404361,quiet,0.5083362944315335,0.4916637055684665,0.02010278006243692,1,2026-09-17T00:44:57+00:00
203,0xbaa9b933e5f977a85ab73542a8550e3998928d2c,1,630.2592838398112,636.9426751592357,0.06574267160404361,1m_gross_bank_exits,1.2452802676118608,-0.24528026761186084,0.6,1,2026-09-17T00:44:57+00:00
204,0x7b4896d77759e76f8b91e231bf56a771565e2963,1,630.2592838398112,636.9426751592357,0.06574267160404361,quiet,0.5083362944315335,0.4916637055684665,0.02010278006243692,1,2026-09-17T00:44:57+00:00
204,0x7b4896d77759e76f8b91e231bf56a771565e2963,1,630.2592838398112,636.9426751592357,0.06574267160404361,1m_gross_bank_exits,1.2452802676118608,-0.24528026761186084,0.6,1,2026-09-17T00:44:57+00:00
205,0x49e96e255ba418d08e66c35b588e2f2f3766e1d0,1,630.2592838398112,636.9426751592357,0.06574267160404361,quiet,0.5083362944315335,0.4916637055684665,0.02010278006243692,1,2026-09-17T00:44:57+00:00
205,0x49e96e255ba418d08e66c35b588e2f2f3766e1d0,1,630.2592838398112,636.9426751592357,0.06574267160404361,1m_gross_bank_exits,1.2452802676118608,-0.24528026761186084,0.6,1,2026-09-17T00:44:57+00:00
206,0xf860c21abaa19e1afd03aecf4c660b0fe09bf511,1,630.2592838398112,636.9426751592357,0.06574267160404361,quiet,0.5083362944315335,0.4916637055684665,0.02010278006243692,1,2026-09-17T00:44:57+00:00
206,0xf860c21abaa19e1afd03aecf4c660b0fe09bf511,1,630.2592838398112,636.9426751592357,0.06574267160404361,1m_gross_bank_exits,1.2452802676118608,-0.24528026761186084,0.6,1,2026-09-17T00:44:57+00:00
207,0x304856144a8cc390cd59c76f7df2dcd8174ba549,1,630.2592838398112,636.9426751592357,0.06574267160404361,quiet,0.5083362944315335,0.4916637055684665,0.02010278006243692,1,2026-09-17T00:44:57+00:00
207,0x304856144a8cc390cd59c76f7df2dcd8174ba549,1,630.2592838398112,636.9426751592357,0.06574267160404361,1m_gross_bank_exits,1.2452802676118608,-0.24528026761186084,0.6,1,2026-09-17T00:44:57+00:00
208,0x4a924b552f8d789adef4bb890efb2cd2a6de7650,1,630.2592838398112,636.9426751592357,0.06574267160404361,quiet,0.5083362944315335,0.4916637055684665,0.02010278006243692,1,2026-09-17T00:44:57+00:00
208,0x4a924b552f8d789adef4bb890efb2cd2a6de7650,1,630.2592838398112,636.9426751592357,0.06574267160404361,1m_gross_bank_exits,1.2452802676118608,-0.24528026761186084,0.6,1,2026-09-17T00:44:57+00:00
209,0xcf9932c436b02478033e142ace9c64bee1f084cd,1,630.2592838398112,636.9426751592357,0.06574267160404361,quiet,0.5083362944315335,0.4916637055684665,0.02010278006243692,1,2026-09-17T00:44:57+00:00
209,0xcf9932c436b02478033e142ace9c64bee1f084cd,1,630.2592838398112,636.9426751592357,0.06574267160404361,1m_gross_bank_exits,1.2452802676118608,-0.24528026761186084,0.6,1,2026-09-17T00:44:57+00:00
210,0xeac0fbba47ea4d3fff69019527092568492f2450,1,630.2592838398112,636.9426751592357,0.06574267160404361,quiet,0.5083362944315335,0.4916637055684665,0.02010278006243692,1,2026-09-17T00:44:57+00:00
210,0xeac0fbba47ea4d3fff69019527092568492f2450,1,630.2592838398112,636.9426751592357,0.06574267160404361,1m_gross_bank_exits,1.2452802676118608,-0.24528026761186084,0.6,1,2026-09-17T00:44:57+00:00
211,0x5476ff2a30103b83a67e57d21c699e66352a9ffb,1,630.2592838398112,636.9426751592357,0.06574267160404361,quiet,0.5083362944315335,0.4916637055684665,0.02010278006243692,1,2026-09-17T00:44:57+00:00
211,0x5476ff2a30103b83a67e57d21c699e66352a9ffb,1,630.2592838398112,636.9426751592357,0.06574267160404361,1m_gross_bank_exits,1.2452802676118608,-0.24528026761186084,0.6,1,2026-09-17T00:44:57+00:00
212,0x85f3b95fc3d97e134a9d288fa960aa85da2299db,1,630.2592838398112,636.9426751592357,0.06574267160404361,quiet,0.5083362944315335,0.4916637055684665,0.02010278006243692,1,2026-09-17T00:44:57+00:00
212,0x85f3b95fc3d97e134a9d288fa960aa85da2299db,1,630.2592838398112,636.9426751592357,0.06574267160404361,1m_gross_bank_exits,1.2452802676118608,-0.24528026761186084,0.6,1,2026-09-17T00:44:57+00:00
213,0xce6c2ae3b51aeff88d3bc32e3742db14df9fcb9a,1,630.2592838398112,636.9426751592357,0.06574267160404361,quiet,0.5083362944315335,0.4916637055684665,0.02010278006243692,1,2026-09-17T00:44:57+00:00
213,0xce6c2ae3b51aeff88d3bc32e3742db14df9fcb9a,1,630.2592838398112,636.9426751592357,0.06574267160404361,1m_gross_bank_exits,1.2452802676118608,-0.24528026761186084,0.6,1,2026-09-17T00:44:57+00:00
214,0x279fca4994c82293ee90efd3312261c772976aef,1,630.2592838398112,636.9426751592357,0.06574267160404361,quiet,0.5083362944315335,0.4916637055684665,0.02010278006243692,1,2026-09-17T00:44:57+00:00
214,0x279fca4994c82293ee90efd3312261c772976aef,1,630.2592838398112,636.9426751592357,0.06574267160404361,1m_gross_bank_exits,1.2452802676118608,-0.24528026761186084,0.6,1,2026-09-17T00:44:57+00:00
215,0xa60caea72317575d30f3a26df961cf184d35780e,1,630.2592838398112,636.9426751592357,0.06574267160404361,quiet,0.5083362944315335,0.4916637055684665,0.02010278006243692,1,2026-09-17T00:44:57+00:00
215,0xa60caea72317575d30f3a26df961cf184d35780e,1,630.2592838398112,636.9426751592357,0.06574267160404361,1m_gross_bank_exits,1.2452802676118608,-0.24528026761186084,0.6,1,2026-09-17T00:44:57+00:00
216,0x7f3fb054e59bc0ceaca7c13423a66565795128c7,1,630.2592838398112,636.9426751592357,0.06574267160404361,quiet,0.5083362944315335,0.4916637055684665,0.02010278006243692,1,2026-09-17T00:44:57+00:00
216,0x7f3fb054e59bc0ceaca7c13423a66565795128c7,1,630.2592838398112,636.9426751592357,0.06574267160404361,1m_gross_bank_exits,1.2452802676118608,-0.24528026761186084,0.6,1,2026-09-17T00:44:57+00:00
217,0x9ad955c4c0e5795a031438d7d59c3807f57ab565,1,630.2592838398112,636.9426751592357,0.06574267160404361,quiet,0.5083362944315335,0.4916637055684665,0.02010278006243692,1,2026-09-17T00:44:57+00:00
217,0x9ad955c4c0e5795a031438d7d59c3807f57ab565,1,630.2592838398112,636.9426751592357,0.06574267160404361,1m_gross_bank_exits,1.2452802676118608,-0.24528026761186084,0.6,1,2026-09-17T00:44:57+00:00
218,0xd01fe03aba9eb73ff92e2b64e22daf99458e4f54,1,630.2592838398112,636.9426751592357,0.06574267160404361,quiet,0.5083362944315335,0.4916637055684665,0.02010278006243692,1,2026-09-17T00:44:57+00:00
218,0xd01fe03aba9eb73ff92e2b64e22daf99458e4f54,1,630.2592838398112,636.9426751592357,0.06574267160404361,1m_gross_bank_exits,1.2452802676118608,-0.24528026761186084,0.6,1,2026-09-17T00:44:57+00:00
219,0xf0d6999725115e3ead3d927eb3329d63afaec09b,1,630.2592838398112,636.9426751592357,0.06574267160404361,quiet,0.5083362944315335,0.4916637055684665,0.02010278006243692,1,2026-09-17T00:44:57+00:00
219,0xf0d6999725115e3ead3d927eb3329d63afaec09b,1,630.2592838398112,636.9426751592357,0.06574267160404361,1m_gross_bank_exits,1.2452802676118608,-0.24528026761186084,0.6,1,2026-09-17T00:44:57+00:00
220,0x7affb749963497675ab596ffd4fc7383baee90d0,1,630.2592838398112,636.9426751592357,0.06574267160404361,quiet,0.5083362944315335,0.4916637055684665,0.02010278006243692,1,2026-09-17T00:44:57+00:00
220,0x7affb749963497675ab596ffd4fc7383baee90d0,1,630.2592838398112,636.9426751592357,0.06574267160404361,1m_gross_bank_exits,1.2452802676118608,-0.24528026761186084,0.6,1,2026-09-17T00:44:57+00:00
221,0x5bdd6864e913009c4bdf7d894b7282c7307a01dc,1,630.2592838398112,636.9426751592357,0.06574267160404361,quiet,0.5083362944315335,0.4916637055684665,0.02010278006243692,1,2026-09-17T00:44:57+00:00
221,0x5bdd6864e913009c4bdf7d894b7282c7307a01dc,1,630.2592838398112,636.9426751592357,0.06574267160404361,1m_gross_bank_exits,1.2452802676118608,-0.24528026761186084,0.6,1,2026-09-17T00:44:57+00:00
222,0x288c3eadfdbef55ac51fed48272c757a899d5045,1,630.2592838398112,636.9426751592357,0.06574267160404361,quiet,0.5083362944315335,0.4916637055684665,0.02010278006243692,1,2026-09-17T00:44:57+00:00
222,0x288c3eadfdbef55ac51fed48272c757a899d5045,1,630.2592838398112,636.9426751592357,0.06574267160404361,1m_gross_bank_exits,1.2452802676118608,-0.24528026761186084,0.6,1,2026-09-17T00:44:57+00:00
223,0x49615df1a8925744ba414ad22e7094ee1cda96c0,1,630.2592838398112,636.9426751592357,0.06574267160404361,quiet,0.5083362944315335,0.4916637055684665,0.02010278006243692,1,2026-09-17T00:44:57+00:00
223,0x49615df1a8925744ba414ad22e7094ee1cda96c0,1,630.2592838398112,636.9426751592357,0.06574267160404361,1m_gross_bank_exits,1.2452802676118608,-0.24528026761186084,0.6,1,2026-09-17T00:44:57+00:00
224,0x212fc95d84f74f468ef473133870c45e8f7b67e3,1,630.2592838398112,636.9426751592357,0.06574267160404361,quiet,0.5083362944315335,0.4916637055684665,0.02010278006243692,1,2026-09-17T00:44:57+00:00
224,0x212fc95d84f74f468ef473133870c45e8f7b67e3,1,630.2592838398112,636.9426751592357,0.06574267160404361,1m_gross_bank_exits,1.2452802676118608,-0.24528026761186084,0.6,1,2026-09-17T00:44:57+00:00
225,0x117666ca1e398f5facd20ad95812547d6a294188,1,630.2592838398112,636.9426751592357,0.06574267160404361,quiet,0.5083362944315335,0.4916637055684665,0.02010278006243692,1,2026-09-17T00:44:57+00:00
225,0x117666ca1e398f5facd20ad95812547d6a294188,1,630.2592838398112,636.9426751592357,0.06574267160404361,1m_gross_bank_exits,1.2452802676118608,-0.24528026761186084,0.6,1,2026-09-17T00:44:57+00:00
226,0xfa4f91e32a24ba360adb308dde7c6167291f623f,1,630.2592838398112,636.9426751592357,0.06574267160404361,quiet,0.5083362944315335,0.4916637055684665,0.02010278006243692,1,2026-09-17T00:44:57+00:00
226,0xfa4f91e32a24ba360adb308dde7c6167291f623f,1,630.2592838398112,636.9426751592357,0.06574267160404361,1m_gross_bank_exits,1.2452802676118608,-0.24528026761186084,0.6,1,2026-09-17T00:44:57+00:00
227,0xf5b316491a088ce16f27ef2a62c5990abfb08278,1,630.2592838398112,636.9426751592357,0.06574267160404361,quiet,0.5083362944315335,0.4916637055684665,0.02010278006243692,1,2026-09-17T00:44:57+00:00
227,0xf5b316491a088ce16f27ef2a62c5990abfb08278,1,630.2592838398112,636.9426751592357,0.06574267160404361,1m_gross_bank_exits,1.2452802676118608,-0.24528026761186084,0.6,1,2026-09-17T00:44:57+00:00
228,0x47e38f2cb6ff73032b5a5b21ac30715a6cffd3e0,1,630.2592838398112,636.9426751592357,0.06574267160404361,quiet,0.5083362944315335,0.4916637055684665,0.02010278006243692,1,2026-09-17T00:44:57+00:00
228,0x47e38f2cb6ff73032b5a5b21ac30715a6cffd3e0,1,630.2592838398112,636.9426751592357,0.06574267160404361,1m_gross_bank_exits,1.2452802676118608,-0.24528026761186084,0.6,1,2026-09-17T00:44:57+00:00
229,0xf82de1219304ff888c0262c0a476a0c5a6e643f6,1,630.2592838398112,636.9426751592357,0.06574267160404361,quiet,0.5083362944315335,0.4916637055684665,0.02010278006243692,1,2026-09-17T00:44:57+00:00
229,0xf82de1219304ff888c0262c0a476a0c5a6e643f6,1,630.2592838398112,636.9426751592357,0.06574267160404361,1m_gross_bank_exits,1.2452802676118608,-0.24528026761186084,0.6,1,2026-09-17T00:44:57+00:00
230,0xdbd47f66aa2f00b3db03397f260ce9728298c495,1,630.2592838398112,636.9426751592357,0.06574267160404361,quiet,0.5083362944315335,0.4916637055684665,0.02010278006243692,1,2026-09-17T00:44:57+00:00
230,0xdbd47f66aa2f00b3db03397f260ce9728298c495,1,630.2592838398112,636.9426751592357,0.06574267160404361,1m_gross_bank_exits,1.2452802676118608,-0.24528026761186084,0.6,1,2026-09-17T00:44:57+00:00
231,0x5978384d0aa527ecc7fe0fafde20c163efc8e06d,1,630.2592838398112,636.9426751592357,0.06574267160404361,quiet,0.5083362944315335,0.4916637055684665,0.02010278006243692,1,2026-09-17T00:44:57+00:00
231,0x5978384d0aa527ecc7fe0fafde20c163efc8e06d,1,630.2592838398112,636.9426751592357,0.06574267160404361,1m_gross_bank_exits,1.2452802676118608,-0.24528026761186084,0.6,1,2026-09-17T00:44:57+00:00
232,0x8f8685f45c9a22fd4e7d55752a671adbbdeb8003,1,630.2592838398112,636.9426751592357,0.06574267160404361,quiet,0.5083362944315335,0.4916637055684665,0.02010278006243692,1,2026-09-17T00:44:57+00:00
232,0x8f8685f45c9a22fd4e7d55752a671adbbdeb8003,1,630.2592838398112,636.9426751592357,0.06574267160404361,1m_gross_bank_exits,1.2452802676118608,-0.24528026761186084,0.6,1,2026-09-17T00:44:57+00:00
233,0xfe7e12fb4f5be7a49b2d7a8fe676cfc38faf7e81,1,630.2592838398112,636.9426751592357,0.06574267160404361,quiet,0.5083362944315335,0.4916637055684665,0.02010278006243692,1,2026-09-17T00:44:57+00:00
233,0xfe7e12fb4f5be7a49b2d7a8fe676cfc38faf7e81,1,630.2592838398112,636.9426751592357,0.06574267160404361,1m_gross_bank_exits,1.2452802676118608,-0.24528026761186084,0.6,1,2026-09-17T00:44:57+00:00
234,0x6fea30497a5465a603213f292c99bc9085dc5845,1,630.2592838398112,636.9426751592357,0.06574267160404361,quiet,0.5083362944315335,0.4916637055684665,0.02010278006243692,1,2026-09-17T00:44:57+00:00
234,0x6fea30497a5465a603213f292c99bc9085dc5845,1,630.2592838398112,636.9426751592357,0.06574267160404361,1m_gross_bank_exits,1.2452802676118608,-0.24528026761186084,0.6,1,2026-09-17T00:44:57+00:00
235,0xc3af937aaffe35e65bf5357e35ced38c859ea145,1,630.2592838398112,636.9426751592357,0.06574267160404361,quiet,0.5083362944315335,0.4916637055684665,0.02010278006243692,1,2026-09-17T00:44:57+00:00
235,0xc3af937aaffe35e65bf5357e35ced38c859ea145,1,630.2592838398112,636.9426751592357,0.06574267160404361,1m_gross_bank_exits,1.2452802676118608,-0.24528026761186084,0.6,1,2026-09-17T00:44:57+00:00
236,0xe5693d4761e58254f9e9d36d95694719606a08cb,1,630.2592838398112,636.9426751592357,0.06574267160404361,quiet,0.5083362944315335,0.4916637055684665,0.02010278006243692,1,2026-09-17T00:44:57+00:00
236,0xe5693d4761e58254f9e9d36d95694719606a08cb,1,630.2592838398112,636.9426751592357,0.06574267160404361,1m_gross_bank_exits,1.2452802676118608,-0.24528026761186084,0.6,1,2026-09-17T00:44:57+00:00
237,0xcb5ebee4654ce75db2f5c843ccb515988db52b77,1,630.2592838398112,636.9426751592357,0.06574267160404361,quiet,0.5083362944315335,0.4916637055684665,0.02010278006243692,1,2026-09-17T00:44:57+00:00
237,0xcb5ebee4654ce75db2f5c843ccb515988db52b77,1,630.2592838398112,636.9426751592357,0.06574267160404361,1m_gross_bank_exits,1.2452802676118608,-0.24528026761186084,0.6,1,2026-09-17T00:44:57+00:00
238,0xe92741fe0f2854e6939c43276ebd2919100006e5,1,630.2592838398112,636.9426751592357,0.06574267160404361,quiet,0.5083362944315335,0.4916637055684665,0.02010278006243692,1,2026-09-17T00:44:57+00:00
238,0xe92741fe0f2854e6939c43276ebd2919100006e5,1,630.2592838398112,636.9426751592357,0.06574267160404361,1m_gross_bank_exits,1.2452802676118608,-0.24528026761186084,0.6,1,2026-09-17T00:44:57+00:00
239,0x39b011cd942208ea3181d42f7aa7dbbbd410177f,1,630.2592838398112,636.9426751592357,0.06574267160404361,quiet,0.5083362944315335,0.4916637055684665,0.02010278006243692,1,2026-09-17T00:44:57+00:00
239,0x39b011cd942208ea3181d42f7aa7dbbbd410177f,1,630.2592838398112,636.9426751592357,0.06574267160404361,1m_gross_bank_exits,1.2452802676118608,-0.24528026761186084,0.6,1,2026-09-17T00:44:57+00:00
240,0x241e25c9d15b5e7fb007b5e028c4ce8694893870,1,630.2592838398112,636.9426751592357,0.06574267160404361,quiet,0.5083362944315335,0.4916637055684665,0.02010278006243692,1,2026-09-17T00:44:57+00:00
240,0x241e25c9d15b5e7fb007b5e028c4ce8694893870,1,630.2592838398112,636.9426751592357,0.06574267160404361,1m_gross_bank_exits,1.2452802676118608,-0.24528026761186084,0.6,1,2026-09-17T00:44:57+00:00
241,0x912e48f520201af971a375325dd07ccff0f439bc,1,630.2592838398112,636.9426751592357,0.06574267160404361,quiet,0.5083362944315335,0.4916637055684665,0.02010278006243692,1,2026-09-17T00:44:57+00:00
241,0x912e48f520201af971a375325dd07ccff0f439bc,1,630.2592838398112,636.9426751592357,0.06574267160404361,1m_gross_bank_exits,1.2452802676118608,-0.24528026761186084,0.6,1,2026-09-17T00:44:57+00:00
242,0xb6024cfd00e85061a0c4b8e1204d12e6f4148df4,1,630.2592838398112,636.9426751592357,0.06574267160404361,quiet,0.5083362944315335,0.4916637055684665,0.02010278006243692,1,2026-09-17T00:44:57+00:00
242,0xb6024cfd00e85061a0c4b8e1204d12e6f4148df4,1,630.2592838398112,636.9426751592357,0.06574267160404361,1m_gross_bank_exits,1.2452802676118608,-0.24528026761186084,0.6,1,2026-09-17T00:44:57+00:00
243,0xedf7b675a2fe3c27efb263fb4c204a3f0fb17d46,1,630.2592838398112,636.9426751592357,0.06574267160404361,quiet,0.5083362944315335,0.4916637055684665,0.02010278006243692,1,2026-09-17T00:44:57+00:00
243,0xedf7b675a2fe3c27efb263fb4c204a3f0fb17d46,1,630.2592838398112,636.9426751592357,0.06574267160404361,1m_gross_bank_exits,1.2452802676118608,-0.24528026761186084,0.6,1,2026-09-17T00:44:57+00:00
244,0x3c926ee5e990b3999f1f656a9b18ff678ce82976,1,630.2592838398112,636.9426751592357,0.06574267160404361,quiet,0.5083362944315335,0.4916637055684665,0.02010278006243692,1,2026-09-17T00:44:57+00:00
244,0x3c926ee5e990b3999f1f656a9b18ff678ce82976,1,630.2592838398112,636.9426751592357,0.06574267160404361,1m_gross_bank_exits,1.2452802676118608,-0.24528026761186084,0.6,1,2026-09-17T00:44:57+00:00
245,0x0a3085320b81e35c219246763b9eca95b8d7b3ab,1,630.2592838398112,636.9426751592357,0.06574267160404361,quiet,0.5083362944315335,0.4916637055684665,0.02010278006243692,1,2026-09-17T00:44:57+00:00
245,0x0a3085320b81e35c219246763b9eca95b8d7b3ab,1,630.2592838398112,636.9426751592357,0.06574267160404361,1m_gross_bank_exits,1.2452802676118608,-0.24528026761186084,0.6,1,2026-09-17T00:44:57+00:00
246,0xcad2eada97ad393584fe84a5cca1ef3093e45ae4,1,630.2592838398112,636.9426751592357,0.06574267160404361,quiet,0.5083362944315335,0.4916637055684665,0.02010278006243692,1,2026-09-17T00:44:57+00:00
246,0xcad2eada97ad393584fe84a5cca1ef3093e45ae4,1,630.2592838398112,636.9426751592357,0.06574267160404361,1m_gross_bank_exits,1.2452802676118608,-0.24528026761186084,0.6,1,2026-09-17T00:44:57+00:00
247,0x0ed1f91769d6add12f3aca1229f96eea198ac0ed,1,630.2592838398112,636.9426751592357,0.06574267160404361,quiet,0.5083362944315335,0.4916637055684665,0.02010278006243692,1,2026-09-17T00:44:57+00:00
247,0x0ed1f91769d6add12f3aca1229f96eea198ac0ed,1,630.2592838398112,636.9426751592357,0.06574267160404361,1m_gross_bank_exits,1.2452802676118608,-0.24528026761186084,0.6,1,2026-09-17T00:44:57+00:00
248,0xf1650926d982c973fecef3724ac374331e9eb23b,1,630.2592838398112,636.9426751592357,0.06574267160404361,quiet,0.5083362944315335,0.4916637055684665,0.02010278006243692,1,2026-09-17T00:44:57+00:00
248,0xf1650926d982c973fecef3724ac374331e9eb23b,1,630.2592838398112,636.9426751592357,0.06574267160404361,1m_gross_bank_exits,1.2452802676118608,-0.24528026761186084,0.6,1,2026-09-17T00:44:57+00:00
249,0xfd33ea42a8180376f2eb2f6eeffcf7469e7d332f,1,630.2592838398112,636.9426751592357,0.06574267160404361,quiet,0.5083362944315335,0.4916637055684665,0.02010278006243692,1,2026-09-17T00:44:57+00:00
249,0xfd33ea42a8180376f2eb2f6eeffcf7469e7d332f,1,630.2592838398112,636.9426751592357,0.06574267160404361,1m_gross_bank_exits,1.2452802676118608,-0.24528026761186084,0.6,1,2026-09-17T00:44:57+00:00
250,0xaf5d978e42db2c1fad050f4a7825c7aaedbd9d3f,1,630.2592838398112,636.9426751592357,0.06574267160404361,quiet,0.5083362944315335,0.4916637055684665,0.02010278006243692,1,2026-09-17T00:44:57+00:00
250,0xaf5d978e42db2c1fad050f4a7825c7aaedbd9d3f,1,630.2592838398112,636.9426751592357,0.06574267160404361,1m_gross_bank_exits,1.2452802676118608,-0.24528026761186084,0.6,1,2026-09-17T00:44:57+00:00
251,0x3b6b2a0cc5be24f04e9239e3340e2019c2b5af88,1,630.2592838398112,636.9426751592357,0.06574267160404361,quiet,0.5083362944315335,0.4916637055684665,0.02010278006243692,1,2026-09-17T00:44:57+00:00
251,0x3b6b2a0cc5be24f04e9239e3340e2019c2b5af88,1,630.2592838398112,636.9426751592357,0.06574267160404361,1m_gross_bank_exits,1.2452802676118608,-0.24528026761186084,0.6,1,2026-09-17T00:44:57+00:00
252,0xad75aed3b18f44fe1e7dd2459f71b123018522af,1,630.2592838398112,636.9426751592357,0.06574267160404361,quiet,0.5083362944315335,0.4916637055684665,0.02010278006243692,1,2026-09-17T00:44:57+00:00
252,0xad75aed3b18f44fe1e7dd2459f71b123018522af,1,630.2592838398112,636.9426751592357,0.06574267160404361,1m_gross_bank_exits,1.2452802676118608,-0.24528026761186084,0.6,1,2026-09-17T00:44:57+00:00
253,0x74fc2d23c2243cfa55ddf02ec2ce53176bfac782,1,630.2592838398112,636.9426751592357,0.06574267160404361,quiet,0.5083362944315335,0.4916637055684665,0.02010278006243692,1,2026-09-17T00:44:57+00:00
253,0x74fc2d23c2243cfa55ddf02ec2ce53176bfac782,1,630.2592838398112,636.9426751592357,0.06574267160404361,1m_gross_bank_exits,1.2452802676118608,-0.24528026761186084,0.6,1,2026-09-17T00:44:57+00:00
254,0xfca59912c05b08561077416ee4405541b5566666,1,630.2592838398112,636.9426751592357,0.06574267160404361,quiet,0.5083362944315335,0.4916637055684665,0.02010278006243692,1,2026-09-17T00:44:57+00:00
254,0xfca59912c05b08561077416ee4405541b5566666,1,630.2592838398112,636.9426751592357,0.06574267160404361,1m_gross_bank_exits,1.2452802676118608,-0.24528026761186084,0.6,1,2026-09-17T00:44:57+00:00
255,0xc8c7a603de16d9f91490b72fe3f6d5bc0d1affad,1,630.2592838398112,636.9426751592357,0.06574267160404361,quiet,0.5083362944315335,0.4916637055684665,0.02010278006243692,1,2026-09-17T00:44:57+00:00
255,0xc8c7a603de16d9f91490b72fe3f6d5bc0d1affad,1,630.2592838398112,636.9426751592357,0.06574267160404361,1m_gross_bank_exits,1.2452802676118608,-0.24528026761186084,0.6,1,2026-09-17T00:44:57+00:00
256,0xc1274a4e12d8cf74295ff215440f2b966bd61854,1,630.2592838398112,636.9426751592357,0.06574267160404361,quiet,0.5083362944315335,0.4916637055684665,0.02010278006243692,1,2026-09-17T00:44:57+00:00
256,0xc1274a4e12d8cf74295ff215440f2b966bd61854,1,630.2592838398112,636.9426751592357,0.06574267160404361,1m_gross_bank_exits,1.2452802676118608,-0.24528026761186084,0.6,1,2026-09-17T00:44:57+00:00
257,0x470faf7c48203276ecd3ff1f3c43894f66288574,1,630.2592838398112,636.9426751592357,0.06574267160404361,quiet,0.5083362944315335,0.4916637055684665,0.02010278006243692,1,2026-09-17T00:44:57+00:00
257,0x470faf7c48203276ecd3ff1f3c43894f66288574,1,630.2592838398112,636.9426751592357,0.06574267160404361,1m_gross_bank_exits,1.2452802676118608,-0.24528026761186084,0.6,1,2026-09-17T00:44:57+00:00
258,0x2820930e1f7bbf5af46602b37941ee51a31e6cd9,1,630.2592838398112,636.9426751592357,0.06574267160404361,quiet,0.5083362944315335,0.4916637055684665,0.02010278006243692,1,2026-09-17T00:44:57+00:00
258,0x2820930e1f7bbf5af46602b37941ee51a31e6cd9,1,630.2592838398112,636.9426751592357,0.06574267160404361,1m_gross_bank_exits,1.2452802676118608,-0.24528026761186084,0.6,1,2026-09-17T00:44:57+00:00
259,0xc23f4ed7e1f2c65b3cf63ad6bae580f0244afd43,1,630.2592838398112,636.9426751592357,0.06574267160404361,quiet,0.5083362944315335,0.4916637055684665,0.02010278006243692,1,2026-09-17T00:44:57+00:00
259,0xc23f4ed7e1f2c65b3cf63ad6bae580f0244afd43,1,630.2592838398112,636.9426751592357,0.06574267160404361,1m_gross_bank_exits,1.2452802676118608,-0.24528026761186084,0.6,1,2026-09-17T00:44:57+00:00
260,0xa973670e5156162ef520ae5c60b8d88172f8c01e,1,630.2592838398112,636.9426751592357,0.06574267160404361,quiet,0.5083362944315335,0.4916637055684665,0.02010278006243692,1,2026-09-17T00:44:57+00:00
260,0xa973670e5156162ef520ae5c60b8d88172f8c01e,1,630.2592838398112,636.9426751592357,0.06574267160404361,1m_gross_bank_exits,1.2452802676118608,-0.24528026761186084,0.6,1,2026-09-17T00:44:57+00:00
261,0xf15586147edb63ff2bd6de58f4b35f5f05874ba4,1,630.2592838398112,636.9426751592357,0.06574267160404361,quiet,0.5083362944315335,0.4916637055684665,0.02010278006243692,1,2026-09-17T00:44:57+00:00
261,0xf15586147edb63ff2bd6de58f4b35f5f05874ba4,1,630.2592838398112,636.9426751592357,0.06574267160404361,1m_gross_bank_exits,1.2452802676118608,-0.24528026761186084,0.6,1,2026-09-17T00:44:57+00:00
262,0xbebcf96eeed98d495f45407ce7017179738e3552,1,630.2592838398112,636.9426751592357,0.06574267160404361,quiet,0.5083362944315335,0.4916637055684665,0.02010278006243692,1,2026-09-17T00:44:57+00:00
262,0xbebcf96eeed98d495f45407ce7017179738e3552,1,630.2592838398112,636.9426751592357,0.06574267160404361,1m_gross_bank_exits,1.2452802676118608,-0.24528026761186084,0.6,1,2026-09-17T00:44:57+00:00
263,0x5f350bf5fee8e254d6077f8661e9c7b83a30364e,1,630.2592838398112,636.9426751592357,0.06574267160404361,quiet,0.5083362944315335,0.4916637055684665,0.02010278006243692,1,2026-09-17T00:44:57+00:00
263,0x5f350bf5fee8e254d6077f8661e9c7b83a30364e,1,630.2592838398112,636.9426751592357,0.06574267160404361,1m_gross_bank_exits,1.2452802676118608,-0.24528026761186084,0.6,1,2026-09-17T00:44:57+00:00
264,0x6ba9ad599e6271252817933831e3148936cf742a,1,26550.89928383981,636.9426751592357,2.7651378328973486,quiet,0.9775923907070079,0.022407609292992126,0.020892732024439975,1,2026-09-17T00:44:57+00:00
264,0x6ba9ad599e6271252817933831e3148936cf742a,1,26550.89928383981,636.9426751592357,2.7651378328973486,1m_gross_bank_exits,2.392212272173535,-1.392212272173535,0.6,1,2026-09-17T00:44:57+00:00
265,0x5d802e2fe48392c104ce0401c7eca8a4456f1f16,1,630.2592838398112,636.9426751592357,0.06574267160404361,quiet,0.5083362944315335,0.4916637055684665,0.02010278006243692,1,2026-09-17T00:44:57+00:00
265,0x5d802e2fe48392c104ce0401c7eca8a4456f1f16,1,630.2592838398112,636.9426751592357,0.06574267160404361,1m_gross_bank_exits,1.2452802676118608,-0.24528026761186084,0.6,1,2026-09-17T00:44:57+00:00
266,0xd796bd30280ac676a1a2f01b3c0279f786ed33c0,1,630.2592838398112,636.9426751592357,0.06574267160404361,quiet,0.5083362944315335,0.4916637055684665,0.02010278006243692,1,2026-09-17T00:44:57+00:00
266,0xd796bd30280ac676a1a2f01b3c0279f786ed33c0,1,630.2592838398112,636.9426751592357,0.06574267160404361,1m_gross_bank_exits,1.2452802676118608,-0.24528026761186084,0.6,1,2026-09-17T00:44:57+00:00
267,0x0993aef44c8aa7d21093115275194c8cc483f326,1,630.2592838398112,636.9426751592357,0.06574267160404361,quiet,0.5083362944315335,0.4916637055684665,0.02010278006243692,1,2026-09-17T00:44:57+00:00
267,0x0993aef44c8aa7d21093115275194c8cc483f326,1,630.2592838398112,636.9426751592357,0.06574267160404361,1m_gross_bank_exits,1.2452802676118608,-0.24528026761186084,0.6,1,2026-09-17T00:44:57+00:00
268,0xad468e8336182e2cec7022f3434f91227c33a723,4,8717.85228644575,2547.770700636943,0.9089901026382222,quiet,0.7815142927540144,0.2184857072459856,0.020312942253086268,1,2026-09-17T00:44:57+00:00
268,0xad468e8336182e2cec7022f3434f91227c33a723,4,8717.85228644575,2547.770700636943,0.9089901026382222,1m_gross_bank_exits,1.9138700511510782,-0.9138700511510782,0.6,1,2026-09-17T00:44:57+00:00
269,0xc47316a2708ff27f75592eec0ae30b205b44dc2f,1,630.2592838398112,636.9426751592357,0.06574267160404361,quiet,0.5083362944315335,0.4916637055684665,0.02010278006243692,1,2026-09-17T00:44:57+00:00
269,0xc47316a2708ff27f75592eec0ae30b205b44dc2f,1,630.2592838398112,636.9426751592357,0.06574267160404361,1m_gross_bank_exits,1.2452802676118608,-0.24528026761186084,0.6,1,2026-09-17T00:44:57+00:00
270,0xae79f0562c2128cc12d0ac068ac288856fe0e1ab,1,630.2592838398112,636.9426751592357,0.06574267160404361,quiet,0.5083362944315335,0.4916637055684665,0.02010278006243692,1,2026-09-17T00:44:57+00:00
270,0xae79f0562c2128cc12d0ac068ac288856fe0e1ab,1,630.2592838398112,636.9426751592357,0.06574267160404361,1m_gross_bank_exits,1.2452802676118608,-0.24528026761186084,0.6,1,2026-09-17T00:44:57+00:00
271,0x6b4e2894b395535440d2e58166361ddf7e92bee3,1,630.2592838398112,636.9426751592357,0.06574267160404361,quiet,0.5083362944315335,0.4916637055684665,0.02010278006243692,1,2026-09-17T00:44:57+00:00
271,0x6b4e2894b395535440d2e58166361ddf7e92bee3,1,630.2592838398112,636.9426751592357,0.06574267160404361,1m_gross_bank_exits,1.2452802676118608,-0.24528026761186084,0.6,1,2026-09-17T00:44:57+00:00
272,0xf9102e3b05eb6f26c300df9e21bdd3f3b40d329b,1,630.2592838398112,636.9426751592357,0.06574267160404361,quiet,0.5083362944315335,0.4916637055684665,0.02010278006243692,1,2026-09-17T00:44:57+00:00
272,0xf9102e3b05eb6f26c300df9e21bdd3f3b40d329b,1,630.2592838398112,636.9426751592357,0.06574267160404361,1m_gross_bank_exits,1.2452802676118608,-0.24528026761186084,0.6,1,2026-09-17T00:44:57+00:00
273,0xafbc3f98eedb5f9a25a4ab2232d1346612efe77c,1,630.2592838398112,636.9426751592357,0.06574267160404361,quiet,0.5083362944315335,0.4916637055684665,0.02010278006243692,1,2026-09-17T00:44:57+00:00
273,0xafbc3f98eedb5f9a25a4ab2232d1346612efe77c,1,630.2592838398112,636.9426751592357,0.06574267160404361,1m_gross_bank_exits,1.2452802676118608,-0.24528026761186084,0.6,1,2026-09-17T00:44:57+00:00
274,0x3ed5f464a3cd3c5f0c011a6977e2117d3d730119,1,630.2592838398112,636.9426751592357,0.06574267160404361,quiet,0.5083362944315335,0.4916637055684665,0.02010278006243692,1,2026-09-17T00:44:57+00:00
274,0x3ed5f464a3cd3c5f0c011a6977e2117d3d730119,1,630.2592838398112,636.9426751592357,0.06574267160404361,1m_gross_bank_exits,1.2452802676118608,-0.24528026761186084,0.6,1,2026-09-17T00:44:57+00:00
275,0xb6ae6a82176743ca79000910e9b297380a37fa58,1,630.2592838398112,636.9426751592357,0.06574267160404361,quiet,0.5083362944315335,0.4916637055684665,0.02010278006243692,1,2026-09-17T00:44:57+00:00
275,0xb6ae6a82176743ca79000910e9b297380a37fa58,1,630.2592838398112,636.9426751592357,0.06574267160404361,1m_gross_bank_exits,1.2452802676118608,-0.24528026761186084,0.6,1,2026-09-17T00:44:57+00:00
276,0x5c04911ba3a457de6fa0357b339220e4e034e8f7,1,630.2592838398112,636.9426751592357,0.06574267160404361,quiet,0.5083362944315335,0.4916637055684665,0.02010278006243692,1,2026-09-17T00:44:57+00:00
276,0x5c04911ba3a457de6fa0357b339220e4e034e8f7,1,630.2592838398112,636.9426751592357,0.06574267160404361,1m_gross_bank_exits,1.2452802676118608,-0.24528026761186084,0.6,1,2026-09-17T00:44:57+00:00
277,0xc091c59489accde50de0ccdf1eddf6c5e5257678,1,630.2592838398112,636.9426751592357,0.06574267160404361,quiet,0.5083362944315335,0.4916637055684665,0.02010278006243692,1,2026-09-17T00:44:57+00:00
277,0xc091c59489accde50de0ccdf1eddf6c5e5257678,1,630.2592838398112,636.9426751592357,0.06574267160404361,1m_gross_bank_exits,1.2452802676118608,-0.24528026761186084,0.6,1,2026-09-17T00:44:57+00:00
278,0xef7f2e81ea14538858d962df34eb1bfda83da395,1,630.2592838398112,636.9426751592357,0.06574267160404361,quiet,0.5083362944315335,0.4916637055684665,0.02010278006243692,1,2026-09-17T00:44:57+00:00
278,0xef7f2e81ea14538858d962df34eb1bfda83da395,1,630.2592838398112,636.9426751592357,0.06574267160404361,1m_gross_bank_exits,1.2452802676118608,-0.24528026761186084,0.6,1,2026-09-17T00:44:57+00:00
279,0x71725998422d362e7e65f12ede6040d4772297bf,1,630.2592838398112,636.9426751592357,0.06574267160404361,quiet,0.5083362944315335,0.4916637055684665,0.02010278006243692,1,2026-09-17T00:44:57+00:00
279,0x71725998422d362e7e65f12ede6040d4772297bf,1,630.2592838398112,636.9426751592357,0.06574267160404361,1m_gross_bank_exits,1.2452802676118608,-0.24528026761186084,0.6,1,2026-09-17T00:44:57+00:00
280,0x294c2f4a67011db2f7a6c6f3b14adda7cde653b4,1,630.2592838398112,636.9426751592357,0.06574267160404361,quiet,0.5083362944315335,0.4916637055684665,0.02010278006243692,1,2026-09-17T00:44:57+00:00
280,0x294c2f4a67011db2f7a6c6f3b14adda7cde653b4,1,630.2592838398112,636.9426751592357,0.06574267160404361,1m_gross_bank_exits,1.2452802676118608,-0.24528026761186084,0.6,1,2026-09-17T00:44:57+00:00
281,0x958d6da62ce533f128c070fe096cd0653efb9a98,1,630.2592838398112,636.9426751592357,0.06574267160404361,quiet,0.5083362944315335,0.4916637055684665,0.02010278006243692,1,2026-09-17T00:44:57+00:00
281,0x958d6da62ce533f128c070fe096cd0653efb9a98,1,630.2592838398112,636.9426751592357,0.06574267160404361,1m_gross_bank_exits,1.2452802676118608,-0.24528026761186084,0.6,1,2026-09-17T00:44:57+00:00
282,0xfdab4a409589b2efa642b43114d3af136612ccf2,1,630.2592838398112,636.9426751592357,0.06574267160404361,quiet,0.5083362944315335,0.4916637055684665,0.02010278006243692,1,2026-09-17T00:44:57+00:00
282,0xfdab4a409589b2efa642b43114d3af136612ccf2,1,630.2592838398112,636.9426751592357,0.06574267160404361,1m_gross_bank_exits,1.2452802676118608,-0.24528026761186084,0.6,1,2026-09-17T00:44:57+00:00
283,0x6927b6acfa57cf63a9a4b72a1779ca35f6b47709,1,630.2592838398112,636.9426751592357,0.06574267160404361,quiet,0.5083362944315335,0.4916637055684665,0.02010278006243692,1,2026-09-17T00:44:57+00:00
283,0x6927b6acfa57cf63a9a4b72a1779ca35f6b47709,1,630.2592838398112,636.9426751592357,0.06574267160404361,1m_gross_bank_exits,1.2452802676118608,-0.24528026761186084,0.6,1,2026-09-17T00:44:57+00:00
284,0xdce64a75c5a15826d059fc3d0812dbd3baef5893,1,630.2592838398112,636.9426751592357,0.06574267160404361,quiet,0.5083362944315335,0.4916637055684665,0.02010278006243692,1,2026-09-17T00:44:57+00:00
284,0xdce64a75c5a15826d059fc3d0812dbd3baef5893,1,630.2592838398112,636.9426751592357,0.06574267160404361,1m_gross_bank_exits,1.2452802676118608,-0.24528026761186084,0.6,1,2026-09-17T00:44:57+00:00
285,0xfefe31009b95c04e062aa89c975fb61b5bd9e785,1,630.2592838398112,636.9426751592357,0.06574267160404361,quiet,0.5083362944315335,0.4916637055684665,0.02010278006243692,1,2026-09-17T00:44:57+00:00
285,0xfefe31009b95c04e062aa89c975fb61b5bd9e785,1,630.2592838398112,636.9426751592357,0.06574267160404361,1m_gross_bank_exits,1.2452802676118608,-0.24528026761186084,0.6,1,2026-09-17T00:44:57+00:00
286,0xe9e7d631699696a60964b780d4e721595d78efa1,1,630.2592838398112,636.9426751592357,0.06574267160404361,quiet,0.5083362944315335,0.4916637055684665,0.02010278006243692,1,2026-09-17T00:44:57+00:00
286,0xe9e7d631699696a60964b780d4e721595d78efa1,1,630.2592838398112,636.9426751592357,0.06574267160404361,1m_gross_bank_exits,1.2452802676118608,-0.24528026761186084,0.6,1,2026-09-17T00:44:57+00:00
287,0x4f50ff22544815fb91a830a8ab01d95f115bae49,1,630.2592838398112,636.9426751592357,0.06574267160404361,quiet,0.5083362944315335,0.4916637055684665,0.02010278006243692,1,2026-09-17T00:44:57+00:00
287,0x4f50ff22544815fb91a830a8ab01d95f115bae49,1,630.2592838398112,636.9426751592357,0.06574267160404361,1m_gross_bank_exits,1.2452802676118608,-0.24528026761186084,0.6,1,2026-09-17T00:44:57+00:00
288,0x304478ccb265a3f1771b259f37861f02cbd5b7bf,1,630.2592838398112,636.9426751592357,0.06574267160404361,quiet,0.5083362944315335,0.4916637055684665,0.02010278006243692,1,2026-09-17T00:44:57+00:00
288,0x304478ccb265a3f1771b259f37861f02cbd5b7bf,1,630.2592838398112,636.9426751592357,0.06574267160404361,1m_gross_bank_exits,1.2452802676118608,-0.24528026761186084,0.6,1,2026-09-17T00:44:57+00:00
289,0xbbfd5b62d83554c57674b27aee5b8a5228ded5a5,1,630.2592838398112,636.9426751592357,0.06574267160404361,quiet,0.5083362944315335,0.4916637055684665,0.02010278006243692,1,2026-09-17T00:44:57+00:00
289,0xbbfd5b62d83554c57674b27aee5b8a5228ded5a5,1,630.2592838398112,636.9426751592357,0.06574267160404361,1m_gross_bank_exits,1.2452802676118608,-0.24528026761186084,0.6,1,2026-09-17T00:44:57+00:00
290,0xa8efd8f67787179f970025b18fdce37cc74d982e,1,630.2592838398112,636.9426751592357,0.06574267160404361,quiet,0.5083362944315335,0.4916637055684665,0.02010278006243692,1,2026-09-17T00:44:57+00:00
290,0xa8efd8f67787179f970025b18fdce37cc74d982e,1,630.2592838398112,636.9426751592357,0.06574267160404361,1m_gross_bank_exits,1.2452802676118608,-0.24528026761186084,0.6,1,2026-09-17T00:44:57+00:00
291,0x6a788ebf59b7b748dc989c75b8c8372edde554c0,1,630.2592838398112,636.9426751592357,0.06574267160404361,quiet,0.5083362944315335,0.4916637055684665,0.02010278006243692,1,2026-09-17T00:44:57+00:00
291,0x6a788ebf59b7b748dc989c75b8c8372edde554c0,1,630.2592838398112,636.9426751592357,0.06574267160404361,1m_gross_bank_exits,1.2452802676118608,-0.24528026761186084,0.6,1,2026-09-17T00:44:57+00:00
292,0x9b535d0e815a1118ac76a625a5ea11ce071b3590,1,630.2592838398112,636.9426751592357,0.06574267160404361,quiet,0.5083362944315335,0.4916637055684665,0.02010278006243692,1,2026-09-17T00:44:57+00:00
292,0x9b535d0e815a1118ac76a625a5ea11ce071b3590,1,630.2592838398112,636.9426751592357,0.06574267160404361,1m_gross_bank_exits,1.2452802676118608,-0.24528026761186084,0.6,1,2026-09-17T00:44:57+00:00
293,0xf2d6657046fc5171754c620db8a013bc54ad0d60,1,630.2592838398112,636.9426751592357,0.06574267160404361,quiet,0.5083362944315335,0.4916637055684665,0.02010278006243692,1,2026-09-17T00:44:57+00:00
293,0xf2d6657046fc5171754c620db8a013bc54ad0d60,1,630.2592838398112,636.9426751592357,0.06574267160404361,1m_gross_bank_exits,1.2452802676118608,-0.24528026761186084,0.6,1,2026-09-17T00:44:57+00:00
294,0xeed8ca64b4e20b01de27ae53ff7593554ee36cf2,1,630.2592838398112,636.9426751592357,0.06574267160404361,quiet,0.5083362944315335,0.4916637055684665,0.02010278006243692,1,2026-09-17T00:44:57+00:00
294,0xeed8ca64b4e20b01de27ae53ff7593554ee36cf2,1,630.2592838398112,636.9426751592357,0.06574267160404361,1m_gross_bank_exits,1.2452802676118608,-0.24528026761186084,0.6,1,2026-09-17T00:44:57+00:00
295,0x18b16f1ca1dc604d74d4a4a64496e04e96cf3204,1,630.2592838398112,636.9426751592357,0.06574267160404361,quiet,0.5083362944315335,0.4916637055684665,0.02010278006243692,1,2026-09-17T00:44:57+00:00
295,0x18b16f1ca1dc604d74d4a4a64496e04e96cf3204,1,630.2592838398112,636.9426751592357,0.06574267160404361,1m_gross_bank_exits,1.2452802676118608,-0.24528026761186084,0.6,1,2026-09-17T00:44:57+00:00
296,0x595dbe2c82daee2b9f8870d5bd66c8f65bbf342f,1,630.2592838398112,636.9426751592357,0.06574267160404361,quiet,0.5083362944315335,0.4916637055684665,0.02010278006243692,1,2026-09-17T00:44:57+00:00
296,0x595dbe2c82daee2b9f8870d5bd66c8f65bbf342f,1,630.2592838398112,636.9426751592357,0.06574267160404361,1m_gross_bank_exits,1.2452802676118608,-0.24528026761186084,0.6,1,2026-09-17T00:44:57+00:00
297,0xe8802b2620357d32bb56f7cd12a835d672c16b93,1,13730.259283839812,636.9426751592357,1.4312020177422982,quiet,0.9575164471262776,0.04248355287372241,0.02040460167896163,1,2026-09-17T00:44:57+00:00
297,0xe8802b2620357d32bb56f7cd12a835d672c16b93,1,13730.259283839812,636.9426751592357,1.4312020177422982,1m_gross_bank_exits,2.3445817417403596,-1.3445817417403596,0.6,1,2026-09-17T00:44:57+00:00
298,0xcd9aa0f51ae128575af8b62e14c5b2e2baf8a153,2,13146.609775176194,1273.8853503184714,1.3704130220843536,quiet,0.9151930149993892,0.08480698500061079,0.020405397455062254,1,2026-09-17T00:44:57+00:00
298,0xcd9aa0f51ae128575af8b62e14c5b2e2baf8a153,2,13146.609775176194,1273.8853503184714,1.3704130220843536,1m_gross_bank_exits,2.240927166225898,-1.240927166225898,0.6,1,2026-09-17T00:44:57+00:00
299,0x6e6ed64ab485b3082c2d08925bf14107e4b4558b,1,630.2592838398112,636.9426751592357,0.06574267160404361,quiet,0.5083362944315335,0.4916637055684665,0.02010278006243692,1,2026-09-17T00:44:57+00:00
299,0x6e6ed64ab485b3082c2d08925bf14107e4b4558b,1,630.2592838398112,636.9426751592357,0.06574267160404361,1m_gross_bank_exits,1.2452802676118608,-0.24528026761186084,0.6,1,2026-09-17T00:44:57+00:00
300,0x11ec1bd59efc667c5d9bbb5b5cd365dec8dee2cb,1,630.2592838398112,636.9426751592357,0.06574267160404361,quiet,0.5083362944315335,0.4916637055684665,0.02010278006243692,1,2026-09-17T00:44:57+00:00
300,0x11ec1bd59efc667c5d9bbb5b5cd365dec8dee2cb,1,630.2592838398112,636.9426751592357,0.06574267160404361,1m_gross_bank_exits,1.2452802676118608,-0.24528026761186084,0.6,1,2026-09-17T00:44:57+00:00
301,0x6b2040a50140fb412e3e8a71124b004f89356f96,1,630.2592838398112,636.9426751592357,0.06574267160404361,quiet,0.5083362944315335,0.4916637055684665,0.02010278006243692,1,2026-09-17T00:44:57+00:00
301,0x6b2040a50140fb412e3e8a71124b004f89356f96,1,630.2592838398112,636.9426751592357,0.06574267160404361,1m_gross_bank_exits,1.2452802676118608,-0.24528026761186084,0.6,1,2026-09-17T00:44:57+00:00
302,0xe3d3f3e3c07b0f0f458609b5b33c9f75e4e4baeb,1,630.2592838398112,636.9426751592357,0.06574267160404361,quiet,0.5083362944315335,0.4916637055684665,0.02010278006243692,1,2026-09-17T00:44:57+00:00
302,0xe3d3f3e3c07b0f0f458609b5b33c9f75e4e4baeb,1,630.2592838398112,636.9426751592357,0.06574267160404361,1m_gross_bank_exits,1.2452802676118608,-0.24528026761186084,0.6,1,2026-09-17T00:44:57+00:00
303,0x497d32a3f4e9a4aced0a485c905a167b0517fe0d,1,630.2592838398112,636.9426751592357,0.06574267160404361,quiet,0.5083362944315335,0.4916637055684665,0.02010278006243692,1,2026-09-17T00:44:57+00:00
303,0x497d32a3f4e9a4aced0a485c905a167b0517fe0d,1,630.2592838398112,636.9426751592357,0.06574267160404361,1m_gross_bank_exits,1.2452802676118608,-0.24528026761186084,0.6,1,2026-09-17T00:44:57+00:00
304,0xdcfc30125bdf514b7c434f9868783c7b48d7a3bc,1,630.2592838398112,636.9426751592357,0.06574267160404361,quiet,0.5083362944315335,0.4916637055684665,0.02010278006243692,1,2026-09-17T00:44:57+00:00
304,0xdcfc30125bdf514b7c434f9868783c7b48d7a3bc,1,630.2592838398112,636.9426751592357,0.06574267160404361,1m_gross_bank_exits,1.2452802676118608,-0.24528026761186084,0.6,1,2026-09-17T00:44:57+00:00
305,0x034530a8237780b64bf800eef6b9c379cc8cda4f,1,630.2592838398112,636.9426751592357,0.06574267160404361,quiet,0.5083362944315335,0.4916637055684665,0.02010278006243692,1,2026-09-17T00:44:57+00:00
305,0x034530a8237780b64bf800eef6b9c379cc8cda4f,1,630.2592838398112,636.9426751592357,0.06574267160404361,1m_gross_bank_exits,1.2452802676118608,-0.24528026761186084,0.6,1,2026-09-17T00:44:57+00:00
306,0x73590e94973f18f3b8715c2a852f3c13db42af2f,1,630.2592838398112,636.9426751592357,0.06574267160404361,quiet,0.5083362944315335,0.4916637055684665,0.02010278006243692,1,2026-09-17T00:44:57+00:00
306,0x73590e94973f18f3b8715c2a852f3c13db42af2f,1,630.2592838398112,636.9426751592357,0.06574267160404361,1m_gross_bank_exits,1.2452802676118608,-0.24528026761186084,0.6,1,2026-09-17T00:44:57+00:00
307,0xf0add48152127e2f2cd3e51d1ad530cad8c864d2,1,630.2592838398112,636.9426751592357,0.06574267160404361,quiet,0.5083362944315335,0.4916637055684665,0.02010278006243692,1,2026-09-17T00:44:57+00:00
307,0xf0add48152127e2f2cd3e51d1ad530cad8c864d2,1,630.2592838398112,636.9426751592357,0.06574267160404361,1m_gross_bank_exits,1.2452802676118608,-0.24528026761186084,0.6,1,2026-09-17T00:44:57+00:00
308,0x9f84fcd4528e85301892b7396cb50408ac56e7ee,1,22917.25928383981,636.9426751592357,2.3873594497227257,quiet,0.9741231221895075,0.025876877810492527,0.02073502387545587,1,2026-09-17T00:44:57+00:00
308,0x9f84fcd4528e85301892b7396cb50408ac56e7ee,1,22917.25928383981,636.9426751592357,2.3873594497227257,1m_gross_bank_exits,2.384201922243273,-1.3842019222432729,0.6,1,2026-09-17T00:44:57+00:00
309,0xfe66df936fd4f63a8007c9fb3ce3c562f474115d,1,630.2592838398112,636.9426751592357,0.06574267160404361,quiet,0.5083362944315335,0.4916637055684665,0.02010278006243692,1,2026-09-17T00:44:57+00:00
309,0xfe66df936fd4f63a8007c9fb3ce3c562f474115d,1,630.2592838398112,636.9426751592357,0.06574267160404361,1m_gross_bank_exits,1.2452802676118608,-0.24528026761186084,0.6,1,2026-09-17T00:44:57+00:00
310,0x49af885ed4605d00a41949473fbe722d909d2bdc,1,630.2592838398112,636.9426751592357,0.06574267160404361,quiet,0.5083362944315335,0.4916637055684665,0.02010278006243692,1,2026-09-17T00:44:57+00:00
310,0x49af885ed4605d00a41949473fbe722d909d2bdc,1,630.2592838398112,636.9426751592357,0.06574267160404361,1m_gross_bank_exits,1.2452802676118608,-0.24528026761186084,0.6,1,2026-09-17T00:44:57+00:00
311,0xac52e8647f2b31f108ce24ece00fb71f84be5e71,1,630.2592838398112,636.9426751592357,0.06574267160404361,quiet,0.5083362944315335,0.4916637055684665,0.02010278006243692,1,2026-09-17T00:44:57+00:00
311,0xac52e8647f2b31f108ce24ece00fb71f84be5e71,1,630.2592838398112,636.9426751592357,0.06574267160404361,1m_gross_bank_exits,1.2452802676118608,-0.24528026761186084,0.6,1,2026-09-17T00:44:57+00:00
312,0x07405f0daae4e5e1b14c97fe3085f036bb45ad44,1,630.2592838398112,636.9426751592357,0.06574267160404361,quiet,0.5083362944315335,0.4916637055684665,0.02010278006243692,1,2026-09-17T00:44:57+00:00
312,0x07405f0daae4e5e1b14c97fe3085f036bb45ad44,1,630.2592838398112,636.9426751592357,0.06574267160404361,1m_gross_bank_exits,1.2452802676118608,-0.24528026761186084,0.6,1,2026-09-17T00:44:57+00:00
313,0xbfa2776f36b12fe35ba9ebd0112afc7d1020eddd,1,630.2592838398112,636.9426751592357,0.06574267160404361,quiet,0.5083362944315335,0.4916637055684665,0.02010278006243692,1,2026-09-17T00:44:57+00:00
313,0xbfa2776f36b12fe35ba9ebd0112afc7d1020eddd,1,630.2592838398112,636.9426751592357,0.06574267160404361,1m_gross_bank_exits,1.2452802676118608,-0.24528026761186084,0.6,1,2026-09-17T00:44:57+00:00
314,0xa569d71b0b875eb1e7b9c674bc9e74956b55e836,1,630.2592838398112,636.9426751592357,0.06574267160404361,quiet,0.5083362944315335,0.4916637055684665,0.02010278006243692,1,2026-09-17T00:44:57+00:00
314,0xa569d71b0b875eb1e7b9c674bc9e74956b55e836,1,630.2592838398112,636.9426751592357,0.06574267160404361,1m_gross_bank_exits,1.2452802676118608,-0.24528026761186084,0.6,1,2026-09-17T00:44:57+00:00
315,0x9663eb24f437a358eb9d0ba9e090174bdbb6e0e3,1,630.2592838398112,636.9426751592357,0.06574267160404361,quiet,0.5083362944315335,0.4916637055684665,0.02010278006243692,1,2026-09-17T00:44:57+00:00
315,0x9663eb24f437a358eb9d0ba9e090174bdbb6e0e3,1,630.2592838398112,636.9426751592357,0.06574267160404361,1m_gross_bank_exits,1.2452802676118608,-0.24528026761186084,0.6,1,2026-09-17T00:44:57+00:00
316,0x48aae1669d4cf7988a227b3d68d9d6e9f02840ee,1,1530.2592838398114,636.9426751592357,0.15961544837676228,quiet,0.7151326828927165,0.2848673171072835,0.02011714749868671,1,2026-09-17T00:44:57+00:00
316,0x48aae1669d4cf7988a227b3d68d9d6e9f02840ee,1,1530.2592838398114,636.9426751592357,0.15961544837676228,1m_gross_bank_exits,1.7518272700454358,-0.7518272700454358,0.6,1,2026-09-17T00:44:57+00:00
317,0x94b062d2b0732aa31d1181747bf475f4eb0ab339,1,630.2592838398112,636.9426751592357,0.06574267160404361,quiet,0.5083362944315335,0.4916637055684665,0.02010278006243692,1,2026-09-17T00:44:57+00:00
317,0x94b062d2b0732aa31d1181747bf475f4eb0ab339,1,630.2592838398112,636.9426751592357,0.06574267160404361,1m_gross_bank_exits,1.2452802676118608,-0.24528026761186084,0.6,1,2026-09-17T00:44:57+00:00
318,0x9c7a9841ee6838698e9e803f11b73f9169e4ed3a,1,630.2592838398112,636.9426751592357,0.06574267160404361,quiet,0.5083362944315335,0.4916637055684665,0.02010278006243692,1,2026-09-17T00:44:57+00:00
318,0x9c7a9841ee6838698e9e803f11b73f9169e4ed3a,1,630.2592838398112,636.9426751592357,0.06574267160404361,1m_gross_bank_exits,1.2452802676118608,-0.24528026761186084,0.6,1,2026-09-17T00:44:57+00:00
319,0x80b45fc33483d5a6803f3fedb7ce3632025d3828,1,630.2592838398112,636.9426751592357,0.06574267160404361,quiet,0.5083362944315335,0.4916637055684665,0.02010278006243692,1,2026-09-17T00:44:57+00:00
319,0x80b45fc33483d5a6803f3fedb7ce3632025d3828,1,630.2592838398112,636.9426751592357,0.06574267160404361,1m_gross_bank_exits,1.2452802676118608,-0.24528026761186084,0.6,1,2026-09-17T00:44:57+00:00
320,0x7fed61bf417ccb1a51272b85a32265d80bf64aa2,1,630.2592838398112,636.9426751592357,0.06574267160404361,quiet,0.5083362944315335,0.4916637055684665,0.02010278006243692,1,2026-09-17T00:44:57+00:00
320,0x7fed61bf417ccb1a51272b85a32265d80bf64aa2,1,630.2592838398112,636.9426751592357,0.06574267160404361,1m_gross_bank_exits,1.2452802676118608,-0.24528026761186084,0.6,1,2026-09-17T00:44:57+00:00
321,0xa5fefa06e3213483b1046863f519105580b19ee7,1,630.2592838398112,636.9426751592357,0.06574267160404361,quiet,0.5083362944315335,0.4916637055684665,0.02010278006243692,1,2026-09-17T00:44:57+00:00
321,0xa5fefa06e3213483b1046863f519105580b19ee7,1,630.2592838398112,636.9426751592357,0.06574267160404361,1m_gross_bank_exits,1.2452802676118608,-0.24528026761186084,0.6,1,2026-09-17T00:44:57+00:00
322,0xb553f88872f25ea3665b034df1e0f07083904c3f,1,630.2592838398112,636.9426751592357,0.06574267160404361,quiet,0.5083362944315335,0.4916637055684665,0.02010278006243692,1,2026-09-17T00:44:57+00:00
322,0xb553f88872f25ea3665b034df1e0f07083904c3f,1,630.2592838398112,636.9426751592357,0.06574267160404361,1m_gross_bank_exits,1.2452802676118608,-0.24528026761186084,0.6,1,2026-09-17T00:44:57+00:00
323,0xc11e4e2d66386679945d0509f6f0abe68f5e2db5,1,630.2592838398112,636.9426751592357,0.06574267160404361,quiet,0.5083362944315335,0.4916637055684665,0.02010278006243692,1,2026-09-17T00:44:57+00:00
323,0xc11e4e2d66386679945d0509f6f0abe68f5e2db5,1,630.2592838398112,636.9426751592357,0.06574267160404361,1m_gross_bank_exits,1.2452802676118608,-0.24528026761186084,0.6,1,2026-09-17T00:44:57+00:00
324,0x01467c420df8d9556fe5dbbf02b0c25c42226558,1,630.2592838398112,636.9426751592357,0.06574267160404361,quiet,0.5083362944315335,0.4916637055684665,0.02010278006243692,1,2026-09-17T00:44:57+00:00
324,0x01467c420df8d9556fe5dbbf02b0c25c42226558,1,630.2592838398112,636.9426751592357,0.06574267160404361,1m_gross_bank_exits,1.2452802676118608,-0.24528026761186084,0.6,1,2026-09-17T00:44:57+00:00
325,0xa3b1e5babebf70984429b6503e5cdb583111bc18,1,630.2592838398112,636.9426751592357,0.06574267160404361,quiet,0.5083362944315335,0.4916637055684665,0.02010278006243692,1,2026-09-17T00:44:57+00:00
325,0xa3b1e5babebf70984429b6503e5cdb583111bc18,1,630.2592838398112,636.9426751592357,0.06574267160404361,1m_gross_bank_exits,1.2452802676118608,-0.24528026761186084,0.6,1,2026-09-17T00:44:57+00:00
326,0xa2f64ede5fb760498bc500306b3833c479e34211,1,630.2592838398112,636.9426751592357,0.06574267160404361,quiet,0.5083362944315335,0.4916637055684665,0.02010278006243692,1,2026-09-17T00:44:57+00:00
326,0xa2f64ede5fb760498bc500306b3833c479e34211,1,630.2592838398112,636.9426751592357,0.06574267160404361,1m_gross_bank_exits,1.2452802676118608,-0.24528026761186084,0.6,1,2026-09-17T00:44:57+00:00
327,0x90acce2b0a877e28aeca21a76838f6af1d2544fe,1,630.2592838398112,636.9426751592357,0.06574267160404361,quiet,0.5083362944315335,0.4916637055684665,0.02010278006243692,1,2026-09-17T00:44:57+00:00
327,0x90acce2b0a877e28aeca21a76838f6af1d2544fe,1,630.2592838398112,636.9426751592357,0.06574267160404361,1m_gross_bank_exits,1.2452802676118608,-0.24528026761186084,0.6,1,2026-09-17T00:44:57+00:00
328,0xb415feaea73a5e716622ac58b41887a00be4e069,1,630.2592838398112,636.9426751592357,0.06574267160404361,quiet,0.5083362944315335,0.4916637055684665,0.02010278006243692,1,2026-09-17T00:44:57+00:00
328,0xb415feaea73a5e716622ac58b41887a00be4e069,1,630.2592838398112,636.9426751592357,0.06574267160404361,1m_gross_bank_exits,1.2452802676118608,-0.24528026761186084,0.6,1,2026-09-17T00:44:57+00:00
329,0xfed611e2460e497effe263e8bdf8aea9dc450f4f,1,630.2592838398112,636.9426751592357,0.06574267160404361,quiet,0.5083362944315335,0.4916637055684665,0.02010278006243692,1,2026-09-17T00:44:57+00:00
329,0xfed611e2460e497effe263e8bdf8aea9dc450f4f,1,630.2592838398112,636.9426751592357,0.06574267160404361,1m_gross_bank_exits,1.2452802676118608,-0.24528026761186084,0.6,1,2026-09-17T00:44:57+00:00
330,0x4e9422b0c626ed679344422409a51a200355e4e8,1,630.2592838398112,636.9426751592357,0.06574267160404361,quiet,0.5083362944315335,0.4916637055684665,0.02010278006243692,1,2026-09-17T00:44:57+00:00
330,0x4e9422b0c626ed679344422409a51a200355e4e8,1,630.2592838398112,636.9426751592357,0.06574267160404361,1m_gross_bank_exits,1.2452802676118608,-0.24528026761186084,0.6,1,2026-09-17T00:44:57+00:00
331,0xfcc81831f4a866fc9555c3c918590739e12bfb70,1,630.2592838398112,636.9426751592357,0.06574267160404361,quiet,0.5083362944315335,0.4916637055684665,0.02010278006243692,1,2026-09-17T00:44:57+00:00
331,0xfcc81831f4a866fc9555c3c918590739e12bfb70,1,630.2592838398112,636.9426751592357,0.06574267160404361,1m_gross_bank_exits,1.2452802676118608,-0.24528026761186084,0.6,1,2026-09-17T00:44:57+00:00
332,0xf24022ba0fea5926d30fba8fece6d7a852732989,1,630.2592838398112,636.9426751592357,0.06574267160404361,quiet,0.5083362944315335,0.4916637055684665,0.02010278006243692,1,2026-09-17T00:44:57+00:00
332,0xf24022ba0fea5926d30fba8fece6d7a852732989,1,630.2592838398112,636.9426751592357,0.06574267160404361,1m_gross_bank_exits,1.2452802676118608,-0.24528026761186084,0.6,1,2026-09-17T00:44:57+00:00
333,0xf65fe49d4f6afdd452a5cb428f2dde758f82773c,1,630.2592838398112,636.9426751592357,0.06574267160404361,quiet,0.5083362944315335,0.4916637055684665,0.02010278006243692,1,2026-09-17T00:44:57+00:00
333,0xf65fe49d4f6afdd452a5cb428f2dde758f82773c,1,630.2592838398112,636.9426751592357,0.06574267160404361,1m_gross_bank_exits,1.2452802676118608,-0.24528026761186084,0.6,1,2026-09-17T00:44:57+00:00
334,0x1eca7cfc1efe53c43be6209fc7f0d96c62b6a73b,1,630.2592838398112,636.9426751592357,0.06574267160404361,quiet,0.5083362944315335,0.4916637055684665,0.02010278006243692,1,2026-09-17T00:44:57+00:00
334,0x1eca7cfc1efe53c43be6209fc7f0d96c62b6a73b,1,630.2592838398112,636.9426751592357,0.06574267160404361,1m_gross_bank_exits,1.2452802676118608,-0.24528026761186084,0.6,1,2026-09-17T00:44:57+00:00
335,0x57e48e02fc3e96b6421fc1d36ff04bfd53cef5c3,1,630.2592838398112,636.9426751592357,0.06574267160404361,quiet,0.5083362944315335,0.4916637055684665,0.02010278006243692,1,2026-09-17T00:44:57+00:00
335,0x57e48e02fc3e96b6421fc1d36ff04bfd53cef5c3,1,630.2592838398112,636.9426751592357,0.06574267160404361,1m_gross_bank_exits,1.2452802676118608,-0.24528026761186084,0.6,1,2026-09-17T00:44:57+00:00
336,0x62d3c2a80d3cce916b9b645cbcda14d35418275c,1,630.2592838398112,636.9426751592357,0.06574267160404361,quiet,0.5083362944315335,0.4916637055684665,0.02010278006243692,1,2026-09-17T00:44:57+00:00
336,0x62d3c2a80d3cce916b9b645cbcda14d35418275c,1,630.2592838398112,636.9426751592357,0.06574267160404361,1m_gross_bank_exits,1.2452802676118608,-0.24528026761186084,0.6,1,2026-09-17T00:44:57+00:00
337,0xe2b0b23c3adf35d0a25dc702333f59eb7633d707,1,630.2592838398112,636.9426751592357,0.06574267160404361,quiet,0.5083362944315335,0.4916637055684665,0.02010278006243692,1,2026-09-17T00:44:57+00:00
337,0xe2b0b23c3adf35d0a25dc702333f59eb7633d707,1,630.2592838398112,636.9426751592357,0.06574267160404361,1m_gross_bank_exits,1.2452802676118608,-0.24528026761186084,0.6,1,2026-09-17T00:44:57+00:00
338,0xa60c0c90325c87ce9c4618c3aa361ebc5dc4ba9a,1,630.2592838398112,636.9426751592357,0.06574267160404361,quiet,0.5083362944315335,0.4916637055684665,0.02010278006243692,1,2026-09-17T00:44:57+00:00
338,0xa60c0c90325c87ce9c4618c3aa361ebc5dc4ba9a,1,630.2592838398112,636.9426751592357,0.06574267160404361,1m_gross_bank_exits,1.2452802676118608,-0.24528026761186084,0.6,1,2026-09-17T00:44:57+00:00
339,0x365a927190cf9cdb049f387acf11b7f99f811496,1,630.2592838398112,636.9426751592357,0.06574267160404361,quiet,0.5083362944315335,0.4916637055684665,0.02010278006243692,1,2026-09-17T00:44:57+00:00
339,0x365a927190cf9cdb049f387acf11b7f99f811496,1,630.2592838398112,636.9426751592357,0.06574267160404361,1m_gross_bank_exits,1.2452802676118608,-0.24528026761186084,0.6,1,2026-09-17T00:44:57+00:00
340,0x3b1c550a34b15faf0258d3e07d104fa3fe844492,1,630.2592838398112,636.9426751592357,0.06574267160404361,quiet,0.5083362944315335,0.4916637055684665,0.02010278006243692,1,2026-09-17T00:44:57+00:00
340,0x3b1c550a34b15faf0258d3e07d104fa3fe844492,1,630.2592838398112,636.9426751592357,0.06574267160404361,1m_gross_bank_exits,1.2452802676118608,-0.24528026761186084,0.6,1,2026-09-17T00:44:57+00:00
341,0x4f47b89629f0645381cf147cf5a1593698d854b2,1,630.2592838398112,636.9426751592357,0.06574267160404361,quiet,0.5083362944315335,0.4916637055684665,0.02010278006243692,1,2026-09-17T00:44:57+00:00
341,0x4f47b89629f0645381cf147cf5a1593698d854b2,1,630.2592838398112,636.9426751592357,0.06574267160404361,1m_gross_bank_exits,1.2452802676118608,-0.24528026761186084,0.6,1,2026-09-17T00:44:57+00:00
342,0x4a38e59616b6817a5be09f4c6aea3d90ca477c81,1,630.2592838398112,636.9426751592357,0.06574267160404361,quiet,0.5083362944315335,0.4916637055684665,0.02010278006243692,1,2026-09-17T00:44:57+00:00
342,0x4a38e59616b6817a5be09f4c6aea3d90ca477c81,1,630.2592838398112,636.9426751592357,0.06574267160404361,1m_gross_bank_exits,1.2452802676118608,-0.24528026761186084,0.6,1,2026-09-17T00:44:57+00:00
343,0x064635e9ad8c770df4430180f0983ac0c59fc3fc,1,630.2592838398112,636.9426751592357,0.06574267160404361,quiet,0.5083362944315335,0.4916637055684665,0.02010278006243692,1,2026-09-17T00:44:57+00:00
343,0x064635e9ad8c770df4430180f0983ac0c59fc3fc,1,630.2592838398112,636.9426751592357,0.06574267160404361,1m_gross_bank_exits,1.2452802676118608,-0.24528026761186084,0.6,1,2026-09-17T00:44:57+00:00
344,0x3dbc90d9279f6898fa7a2a7bc7a81df0b7f17ed9,1,630.2592838398112,636.9426751592357,0.06574267160404361,quiet,0.5083362944315335,0.4916637055684665,0.02010278006243692,1,2026-09-17T00:44:57+00:00
344,0x3dbc90d9279f6898fa7a2a7bc7a81df0b7f17ed9,1,630.2592838398112,636.9426751592357,0.06574267160404361,1m_gross_bank_exits,1.2452802676118608,-0.24528026761186084,0.6,1,2026-09-17T00:44:57+00:00
345,0x36cd75f8d0dcb4574013568f7a560ee03a2fd195,1,630.2592838398112,636.9426751592357,0.06574267160404361,quiet,0.5083362944315335,0.4916637055684665,0.02010278006243692,1,2026-09-17T00:44:57+00:00
345,0x36cd75f8d0dcb4574013568f7a560ee03a2fd195,1,630.2592838398112,636.9426751592357,0.06574267160404361,1m_gross_bank_exits,1.2452802676118608,-0.24528026761186084,0.6,1,2026-09-17T00:44:57+00:00
346,0x9bcdc7db2f57b0f960a737ccc29373a9bc760134,1,630.2592838398112,636.9426751592357,0.06574267160404361,quiet,0.5083362944315335,0.4916637055684665,0.02010278006243692,1,2026-09-17T00:44:57+00:00
346,0x9bcdc7db2f57b0f960a737ccc29373a9bc760134,1,630.2592838398112,636.9426751592357,0.06574267160404361,1m_gross_bank_exits,1.2452802676118608,-0.24528026761186084,0.6,1,2026-09-17T00:44:57+00:00
347,0x5f5929c4f35ef741c1260c9dfcd7bdcfe09531f5,1,630.2592838398112,636.9426751592357,0.06574267160404361,quiet,0.5083362944315335,0.4916637055684665,0.02010278006243692,1,2026-09-17T00:44:57+00:00
347,0x5f5929c4f35ef741c1260c9dfcd7bdcfe09531f5,1,630.2592838398112,636.9426751592357,0.06574267160404361,1m_gross_bank_exits,1.2452802676118608,-0.24528026761186084,0.6,1,2026-09-17T00:44:57+00:00
348,0x1989b3c3a8e414536cdf189665382b828dea6751,1,630.2592838398112,636.9426751592357,0.06574267160404361,quiet,0.5083362944315335,0.4916637055684665,0.02010278006243692,1,2026-09-17T00:44:57+00:00
348,0x1989b3c3a8e414536cdf189665382b828dea6751,1,630.2592838398112,636.9426751592357,0.06574267160404361,1m_gross_bank_exits,1.2452802676118608,-0.24528026761186084,0.6,1,2026-09-17T00:44:57+00:00
349,0x0873455b4c6436411d099f820c365c57ab7d9ad2,1,630.2592838398112,636.9426751592357,0.06574267160404361,quiet,0.5083362944315335,0.4916637055684665,0.02010278006243692,1,2026-09-17T00:44:57+00:00
349,0x0873455b4c6436411d099f820c365c57ab7d9ad2,1,630.2592838398112,636.9426751592357,0.06574267160404361,1m_gross_bank_exits,1.2452802676118608,-0.24528026761186084,0.6,1,2026-09-17T00:44:57+00:00
350,0xea3053e144e720eba39d9e66eca55a7623efcd81,1,630.2592838398112,636.9426751592357,0.06574267160404361,quiet,0.5083362944315335,0.4916637055684665,0.02010278006243692,1,2026-09-17T00:44:57+00:00
350,0xea3053e144e720eba39d9e66eca55a7623efcd81,1,630.2592838398112,636.9426751592357,0.06574267160404361,1m_gross_bank_exits,1.2452802676118608,-0.24528026761186084,0.6,1,2026-09-17T00:44:57+00:00
351,0x0710ee20cb035b50f6aedf58bf37b8dbd842f1ed,1,630.2592838398112,636.9426751592357,0.06574267160404361,quiet,0.5083362944315335,0.4916637055684665,0.02010278006243692,1,2026-09-17T00:44:57+00:00
351,0x0710ee20cb035b50f6aedf58bf37b8dbd842f1ed,1,630.2592838398112,636.9426751592357,0.06574267160404361,1m_gross_bank_exits,1.2452802676118608,-0.24528026761186084,0.6,1,2026-09-17T00:44:57+00:00
352,0xf4bdc18c46f742d1f48b84c889371f080cfd709c,1,630.2592838398112,636.9426751592357,0.06574267160404361,quiet,0.5083362944315335,0.4916637055684665,0.02010278006243692,1,2026-09-17T00:44:57+00:00
352,0xf4bdc18c46f742d1f48b84c889371f080cfd709c,1,630.2592838398112,636.9426751592357,0.06574267160404361,1m_gross_bank_exits,1.2452802676118608,-0.24528026761186084,0.6,1,2026-09-17T00:44:57+00:00
353,0x860993dcb240bd1e60f29f1887164f15ffb6a049,1,630.2592838398112,636.9426751592357,0.06574267160404361,quiet,0.5083362944315335,0.4916637055684665,0.02010278006243692,1,2026-09-17T00:44:57+00:00
353,0x860993dcb240bd1e60f29f1887164f15ffb6a049,1,630.2592838398112,636.9426751592357,0.06574267160404361,1m_gross_bank_exits,1.2452802676118608,-0.24528026761186084,0.6,1,2026-09-17T00:44:57+00:00
354,0xc32361feb2dc1798e75901f044ab68c12ef2995a,1,630.2592838398112,636.9426751592357,0.06574267160404361,quiet,0.5083362944315335,0.4916637055684665,0.02010278006243692,1,2026-09-17T00:44:57+00:00
354,0xc32361feb2dc1798e75901f044ab68c12ef2995a,1,630.2592838398112,636.9426751592357,0.06574267160404361,1m_gross_bank_exits,1.2452802676118608,-0.24528026761186084,0.6,1,2026-09-17T00:44:57+00:00
355,0x8acfe17a5fe62966a27e579e28c10e936de614f2,1,630.2592838398112,636.9426751592357,0.06574267160404361,quiet,0.5083362944315335,0.4916637055684665,0.02010278006243692,1,2026-09-17T00:44:57+00:00
355,0x8acfe17a5fe62966a27e579e28c10e936de614f2,1,630.2592838398112,636.9426751592357,0.06574267160404361,1m_gross_bank_exits,1.2452802676118608,-0.24528026761186084,0.6,1,2026-09-17T00:44:57+00:00
356,0x9141fb4a48568a5bdbc966fccab66a9c5c20b6a2,1,630.2592838398112,636.9426751592357,0.06574267160404361,quiet,0.5083362944315335,0.4916637055684665,0.02010278006243692,1,2026-09-17T00:44:57+00:00
356,0x9141fb4a48568a5bdbc966fccab66a9c5c20b6a2,1,630.2592838398112,636.9426751592357,0.06574267160404361,1m_gross_bank_exits,1.2452802676118608,-0.24528026761186084,0.6,1,2026-09-17T00:44:57+00:00
357,0x0c92af886849be71aceeb4dbbf9d99447bcdc378,1,630.2592838398112,636.9426751592357,0.06574267160404361,quiet,0.5083362944315335,0.4916637055684665,0.02010278006243692,1,2026-09-17T00:44:57+00:00
357,0x0c92af886849be71aceeb4dbbf9d99447bcdc378,1,630.2592838398112,636.9426751592357,0.06574267160404361,1m_gross_bank_exits,1.2452802676118608,-0.24528026761186084,0.6,1,2026-09-17T00:44:57+00:00
358,0x75f463f3967f94c85fa510f32b4b81c7d708f686,1,630.2592838398112,636.9426751592357,0.06574267160404361,quiet,0.5083362944315335,0.4916637055684665,0.02010278006243692,1,2026-09-17T00:44:57+00:00
358,0x75f463f3967f94c85fa510f32b4b81c7d708f686,1,630.2592838398112,636.9426751592357,0.06574267160404361,1m_gross_bank_exits,1.2452802676118608,-0.24528026761186084,0.6,1,2026-09-17T00:44:57+00:00
359,0x00eb7961d9bb6decb832a6d25c14cf4172683657,1,1700.329283839811,636.9426751592357,0.17735337126063314,quiet,0.7361078959380407,0.2638921040619593,0.020119968017570218,1,2026-09-17T00:44:57+00:00
359,0x00eb7961d9bb6decb832a6d25c14cf4172683657,1,1700.329283839811,636.9426751592357,0.17735337126063314,1m_gross_bank_exits,1.803200270031756,-0.803200270031756,0.6,1,2026-09-17T00:44:57+00:00
360,0x42dd10d6315ecdfcbfcc8eceacca0bdc9539acf2,1,630.2592838398112,636.9426751592357,0.06574267160404361,quiet,0.5083362944315335,0.4916637055684665,0.02010278006243692,1,2026-09-17T00:44:57+00:00
360,0x42dd10d6315ecdfcbfcc8eceacca0bdc9539acf2,1,630.2592838398112,636.9426751592357,0.06574267160404361,1m_gross_bank_exits,1.2452802676118608,-0.24528026761186084,0.6,1,2026-09-17T00:44:57+00:00
361,0x924f474f40ba579c99ce33026d2363b95f38a9e5,1,630.2592838398112,636.9426751592357,0.06574267160404361,quiet,0.5083362944315335,0.4916637055684665,0.02010278006243692,1,2026-09-17T00:44:57+00:00
361,0x924f474f40ba579c99ce33026d2363b95f38a9e5,1,630.2592838398112,636.9426751592357,0.06574267160404361,1m_gross_bank_exits,1.2452802676118608,-0.24528026761186084,0.6,1,2026-09-17T00:44:57+00:00
362,0x737ce2f1d80b30ae6ec72d86bd6fc048fff0d5e9,1,630.2592838398112,636.9426751592357,0.06574267160404361,quiet,0.5083362944315335,0.4916637055684665,0.02010278006243692,1,2026-09-17T00:44:57+00:00
362,0x737ce2f1d80b30ae6ec72d86bd6fc048fff0d5e9,1,630.2592838398112,636.9426751592357,0.06574267160404361,1m_gross_bank_exits,1.2452802676118608,-0.24528026761186084,0.6,1,2026-09-17T00:44:57+00:00
363,0x700affe5d2258e5d9118fb9c0234030a2ea3f442,1,630.2592838398112,636.9426751592357,0.06574267160404361,quiet,0.5083362944315335,0.4916637055684665,0.02010278006243692,1,2026-09-17T00:44:57+00:00
363,0x700affe5d2258e5d9118fb9c0234030a2ea3f442,1,630.2592838398112,636.9426751592357,0.06574267160404361,1m_gross_bank_exits,1.2452802676118608,-0.24528026761186084,0.6,1,2026-09-17T00:44:57+00:00
364,0x998b5ffd2a4034d9ea727a474f7cb289fd44422b,1,630.2592838398112,636.9426751592357,0.06574267160404361,quiet,0.5083362944315335,0.4916637055684665,0.02010278006243692,1,2026-09-17T00:44:57+00:00
364,0x998b5ffd2a4034d9ea727a474f7cb289fd44422b,1,630.2592838398112,636.9426751592357,0.06574267160404361,1m_gross_bank_exits,1.2452802676118608,-0.24528026761186084,0.6,1,2026-09-17T00:44:57+00:00
365,0xbe5dca554e58ce63c716a76bc1e34273d21aff82,1,630.2592838398112,636.9426751592357,0.06574267160404361,quiet,0.5083362944315335,0.4916637055684665,0.02010278006243692,1,2026-09-17T00:44:57+00:00
365,0xbe5dca554e58ce63c716a76bc1e34273d21aff82,1,630.2592838398112,636.9426751592357,0.06574267160404361,1m_gross_bank_exits,1.2452802676118608,-0.24528026761186084,0.6,1,2026-09-17T00:44:57+00:00
366,0xde79aaa2f54160b45ef69e1c4b8fc4c290cd5b88,1,630.2592838398112,636.9426751592357,0.06574267160404361,quiet,0.5083362944315335,0.4916637055684665,0.02010278006243692,1,2026-09-17T00:44:57+00:00
366,0xde79aaa2f54160b45ef69e1c4b8fc4c290cd5b88,1,630.2592838398112,636.9426751592357,0.06574267160404361,1m_gross_bank_exits,1.2452802676118608,-0.24528026761186084,0.6,1,2026-09-17T00:44:57+00:00
367,0xdcc70d10ad99b67e75cbca6bbbc4a8a6ebd27231,1,630.2592838398112,636.9426751592357,0.06574267160404361,quiet,0.5083362944315335,0.4916637055684665,0.02010278006243692,1,2026-09-17T00:44:57+00:00
367,0xdcc70d10ad99b67e75cbca6bbbc4a8a6ebd27231,1,630.2592838398112,636.9426751592357,0.06574267160404361,1m_gross_bank_exits,1.2452802676118608,-0.24528026761186084,0.6,1,2026-09-17T00:44:57+00:00
368,0xc7bd25377bfbf48c90ad01624a5e34cff79d06be,1,630.2592838398112,636.9426751592357,0.06574267160404361,quiet,0.5083362944315335,0.4916637055684665,0.02010278006243692,1,2026-09-17T00:44:57+00:00
368,0xc7bd25377bfbf48c90ad01624a5e34cff79d06be,1,630.2592838398112,636.9426751592357,0.06574267160404361,1m_gross_bank_exits,1.2452802676118608,-0.24528026761186084,0.6,1,2026-09-17T00:44:57+00:00
369,0xd753c8bcdbef62893fe2656c4b448f980f3cfd7c,1,630.2592838398112,636.9426751592357,0.06574267160404361,quiet,0.5083362944315335,0.4916637055684665,0.02010278006243692,1,2026-09-17T00:44:57+00:00
369,0xd753c8bcdbef62893fe2656c4b448f980f3cfd7c,1,630.2592838398112,636.9426751592357,0.06574267160404361,1m_gross_bank_exits,1.2452802676118608,-0.24528026761186084,0.6,1,2026-09-17T00:44:57+00:00
370,0xea94dace59ede50c55d53cc90c26d8ec4ff0b685,1,630.2592838398112,636.9426751592357,0.06574267160404361,quiet,0.5083362944315335,0.4916637055684665,0.02010278006243692,1,2026-09-17T00:44:57+00:00
370,0xea94dace59ede50c55d53cc90c26d8ec4ff0b685,1,630.2592838398112,636.9426751592357,0.06574267160404361,1m_gross_bank_exits,1.2452802676118608,-0.24528026761186084,0.6,1,2026-09-17T00:44:57+00:00
371,0xedf621e4e90fe8a39687c74d85d1258e16992ac5,1,630.2592838398112,636.9426751592357,0.06574267160404361,quiet,0.5083362944315335,0.4916637055684665,0.02010278006243692,1,2026-09-17T00:44:57+00:00
371,0xedf621e4e90fe8a39687c74d85d1258e16992ac5,1,630.2592838398112,636.9426751592357,0.06574267160404361,1m_gross_bank_exits,1.2452802676118608,-0.24528026761186084,0.6,1,2026-09-17T00:44:57+00:00
372,0x2a795ca2bf6acb4753ab939094dddc75f88a1320,1,630.2592838398112,636.9426751592357,0.06574267160404361,quiet,0.5083362944315335,0.4916637055684665,0.02010278006243692,1,2026-09-17T00:44:57+00:00
372,0x2a795ca2bf6acb4753ab939094dddc75f88a1320,1,630.2592838398112,636.9426751592357,0.06574267160404361,1m_gross_bank_exits,1.2452802676118608,-0.24528026761186084,0.6,1,2026-09-17T00:44:57+00:00
373,0x382cff484cb88b8fb1cff28a70ff420f87e0f456,1,630.2592838398112,636.9426751592357,0.06574267160404361,quiet,0.5083362944315335,0.4916637055684665,0.02010278006243692,1,2026-09-17T00:44:57+00:00
373,0x382cff484cb88b8fb1cff28a70ff420f87e0f456,1,630.2592838398112,636.9426751592357,0.06574267160404361,1m_gross_bank_exits,1.2452802676118608,-0.24528026761186084,0.6,1,2026-09-17T00:44:57+00:00
374,0x3a6372b2013f9876a84761187d933dee0653e377,1,630.2592838398112,636.9426751592357,0.06574267160404361,quiet,0.5083362944315335,0.4916637055684665,0.02010278006243692,1,2026-09-17T00:44:57+00:00
374,0x3a6372b2013f9876a84761187d933dee0653e377,1,630.2592838398112,636.9426751592357,0.06574267160404361,1m_gross_bank_exits,1.2452802676118608,-0.24528026761186084,0.6,1,2026-09-17T00:44:57+00:00
375,0xcd6f2b204a4ae2002a6b02722029177b41d92fe3,1,630.2592838398112,636.9426751592357,0.06574267160404361,quiet,0.5083362944315335,0.4916637055684665,0.02010278006243692,1,2026-09-17T00:44:57+00:00
375,0xcd6f2b204a4ae2002a6b02722029177b41d92fe3,1,630.2592838398112,636.9426751592357,0.06574267160404361,1m_gross_bank_exits,1.2452802676118608,-0.24528026761186084,0.6,1,2026-09-17T00:44:57+00:00
376,0xdf43c410cf1bfb8bf4876e5f366bde6576babb38,1,630.2592838398112,636.9426751592357,0.06574267160404361,quiet,0.5083362944315335,0.4916637055684665,0.02010278006243692,1,2026-09-17T00:44:57+00:00
376,0xdf43c410cf1bfb8bf4876e5f366bde6576babb38,1,630.2592838398112,636.9426751592357,0.06574267160404361,1m_gross_bank_exits,1.2452802676118608,-0.24528026761186084,0.6,1,2026-09-17T00:44:57+00:00
377,0x1c0429fafd0cfb360c6e8a36cfb8e1fc7c2bc362,1,630.2592838398112,636.9426751592357,0.06574267160404361,quiet,0.5083362944315335,0.4916637055684665,0.02010278006243692,1,2026-09-17T00:44:57+00:00
377,0x1c0429fafd0cfb360c6e8a36cfb8e1fc7c2bc362,1,630.2592838398112,636.9426751592357,0.06574267160404361,1m_gross_bank_exits,1.2452802676118608,-0.24528026761186084,0.6,1,2026-09-17T00:44:57+00:00
378,0x9b7d7c4ce98036c4d6f3d638a00e220e083116c7,1,630.2592838398112,636.9426751592357,0.06574267160404361,quiet,0.5083362944315335,0.4916637055684665,0.02010278006243692,1,2026-09-17T00:44:57+00:00
378,0x9b7d7c4ce98036c4d6f3d638a00e220e083116c7,1,630.2592838398112,636.9426751592357,0.06574267160404361,1m_gross_bank_exits,1.2452802676118608,-0.24528026761186084,0.6,1,2026-09-17T00:44:57+00:00
379,0xd8576cd2b17b17ffa06846e415027e2de78501b7,1,630.2592838398112,636.9426751592357,0.06574267160404361,quiet,0.5083362944315335,0.4916637055684665,0.02010278006243692,1,2026-09-17T00:44:57+00:00
379,0xd8576cd2b17b17ffa06846e415027e2de78501b7,1,630.2592838398112,636.9426751592357,0.06574267160404361,1m_gross_bank_exits,1.2452802676118608,-0.24528026761186084,0.6,1,2026-09-17T00:44:57+00:00
380,0x26d7b4fe67f4601643304b5023b3caf3a72e8504,1,630.2592838398112,636.9426751592357,0.06574267160404361,quiet,0.5083362944315335,0.4916637055684665,0.02010278006243692,1,2026-09-17T00:44:57+00:00
380,0x26d7b4fe67f4601643304b5023b3caf3a72e8504,1,630.2592838398112,636.9426751592357,0.06574267160404361,1m_gross_bank_exits,1.2452802676118608,-0.24528026761186084,0.6,1,2026-09-17T00:44:57+00:00
381,0x8351a79ecaac13caf2daacd5dd1a2d3ae7edf52c,1,630.2592838398112,636.9426751592357,0.06574267160404361,quiet,0.5083362944315335,0.4916637055684665,0.02010278006243692,1,2026-09-17T00:44:57+00:00
381,0x8351a79ecaac13caf2daacd5dd1a2d3ae7edf52c,1,630.2592838398112,636.9426751592357,0.06574267160404361,1m_gross_bank_exits,1.2452802676118608,-0.24528026761186084,0.6,1,2026-09-17T00:44:57+00:00
382,0xa007ccf234d7e5306615035bba0d32b0f5d25bde,1,630.2592838398112,636.9426751592357,0.06574267160404361,quiet,0.5083362944315335,0.4916637055684665,0.02010278006243692,1,2026-09-17T00:44:57+00:00
382,0xa007ccf234d7e5306615035bba0d32b0f5d25bde,1,630.2592838398112,636.9426751592357,0.06574267160404361,1m_gross_bank_exits,1.2452802676118608,-0.24528026761186084,0.6,1,2026-09-17T00:44:57+00:00
383,0xd254b6e02ab0304c24f124a3cc8e2b01f6f46393,1,630.2592838398112,636.9426751592357,0.06574267160404361,quiet,0.5083362944315335,0.4916637055684665,0.02010278006243692,1,2026-09-17T00:44:57+00:00
383,0xd254b6e02ab0304c24f124a3cc8e2b01f6f46393,1,630.2592838398112,636.9426751592357,0.06574267160404361,1m_gross_bank_exits,1.2452802676118608,-0.24528026761186084,0.6,1,2026-09-17T00:44:57+00:00
384,0x88d9b709ddd27dd1dd1c761352e52a1c96bc78e7,1,630.2592838398112,636.9426751592357,0.06574267160404361,quiet,0.5083362944315335,0.4916637055684665,0.02010278006243692,1,2026-09-17T00:44:57+00:00
384,0x88d9b709ddd27dd1dd1c761352e52a1c96bc78e7,1,630.2592838398112,636.9426751592357,0.06574267160404361,1m_gross_bank_exits,1.2452802676118608,-0.24528026761186084,0.6,1,2026-09-17T00:44:57+00:00
385,0xb19889f4b6976beba437d539eee566dc31805dc2,1,630.2592838398112,636.9426751592357,0.06574267160404361,quiet,0.5083362944315335,0.4916637055684665,0.02010278006243692,1,2026-09-17T00:44:57+00:00
385,0xb19889f4b6976beba437d539eee566dc31805dc2,1,630.2592838398112,636.9426751592357,0.06574267160404361,1m_gross_bank_exits,1.2452802676118608,-0.24528026761186084,0.6,1,2026-09-17T00:44:57+00:00
386,0x1e5fbd612b834ee6a7ce6eaa7e6aab8e0ea12a75,1,630.2592838398112,636.9426751592357,0.06574267160404361,quiet,0.5083362944315335,0.4916637055684665,0.02010278006243692,1,2026-09-17T00:44:57+00:00
386,0x1e5fbd612b834ee6a7ce6eaa7e6aab8e0ea12a75,1,630.2592838398112,636.9426751592357,0.06574267160404361,1m_gross_bank_exits,1.2452802676118608,-0.24528026761186084,0.6,1,2026-09-17T00:44:57+00:00
387,0xca3208d63f2cfaec0dfe2aaf76680549d735d023,1,630.2592838398112,636.9426751592357,0.06574267160404361,quiet,0.5083362944315335,0.4916637055684665,0.02010278006243692,1,2026-09-17T00:44:57+00:00
387,0xca3208d63f2cfaec0dfe2aaf76680549d735d023,1,630.2592838398112,636.9426751592357,0.06574267160404361,1m_gross_bank_exits,1.2452802676118608,-0.24528026761186084,0.6,1,2026-09-17T00:44:57+00:00
388,0xc668ee5e6fc05a9106bd5080156656f33049d3c3,1,630.2592838398112,636.9426751592357,0.06574267160404361,quiet,0.5083362944315335,0.4916637055684665,0.02010278006243692,1,2026-09-17T00:44:57+00:00
388,0xc668ee5e6fc05a9106bd5080156656f33049d3c3,1,630.2592838398112,636.9426751592357,0.06574267160404361,1m_gross_bank_exits,1.2452802676118608,-0.24528026761186084,0.6,1,2026-09-17T00:44:57+00:00
389,0x56c728f3e194e89cd6fec7db5630a8d5061ba6ee,1,630.2592838398112,636.9426751592357,0.06574267160404361,quiet,0.5083362944315335,0.4916637055684665,0.02010278006243692,1,2026-09-17T00:44:57+00:00
389,0x56c728f3e194e89cd6fec7db5630a8d5061ba6ee,1,630.2592838398112,636.9426751592357,0.06574267160404361,1m_gross_bank_exits,1.2452802676118608,-0.24528026761186084,0.6,1,2026-09-17T00:44:57+00:00
390,0xdc98041bc7086ede6d55eafc51d68f5987356f2b,1,630.2592838398112,636.9426751592357,0.06574267160404361,quiet,0.5083362944315335,0.4916637055684665,0.02010278006243692,1,2026-09-17T00:44:57+00:00
390,0xdc98041bc7086ede6d55eafc51d68f5987356f2b,1,630.2592838398112,636.9426751592357,0.06574267160404361,1m_gross_bank_exits,1.2452802676118608,-0.24528026761186084,0.6,1,2026-09-17T00:44:57+00:00
391,0x9da1d5d852b1123352f4a078502201a44180f07d,1,630.2592838398112,636.9426751592357,0.06574267160404361,quiet,0.5083362944315335,0.4916637055684665,0.02010278006243692,1,2026-09-17T00:44:57+00:00
391,0x9da1d5d852b1123352f4a078502201a44180f07d,1,630.2592838398112,636.9426751592357,0.06574267160404361,1m_gross_bank_exits,1.2452802676118608,-0.24528026761186084,0.6,1,2026-09-17T00:44:57+00:00
392,0xadacce622b0619e836cb87978e1558aff9b27467,1,630.2592838398112,636.9426751592357,0.06574267160404361,quiet,0.5083362944315335,0.4916637055684665,0.02010278006243692,1,2026-09-17T00:44:57+00:00
392,0xadacce622b0619e836cb87978e1558aff9b27467,1,630.2592838398112,636.9426751592357,0.06574267160404361,1m_gross_bank_exits,1.2452802676118608,-0.24528026761186084,0.6,1,2026-09-17T00:44:57+00:00
393,0xd107ab778f27d1ddc3c68e4b69307390034235f8,1,630.2592838398112,636.9426751592357,0.06574267160404361,quiet,0.5083362944315335,0.4916637055684665,0.02010278006243692,1,2026-09-17T00:44:57+00:00
393,0xd107ab778f27d1ddc3c68e4b69307390034235f8,1,630.2592838398112,636.9426751592357,0.06574267160404361,1m_gross_bank_exits,1.2452802676118608,-0.24528026761186084,0.6,1,2026-09-17T00:44:57+00:00
394,0xf98c3bf5f3544f64e60560304b58dca900a3c4db,1,630.2592838398112,636.9426751592357,0.06574267160404361,quiet,0.5083362944315335,0.4916637055684665,0.02010278006243692,1,2026-09-17T00:44:57+00:00
394,0xf98c3bf5f3544f64e60560304b58dca900a3c4db,1,630.2592838398112,636.9426751592357,0.06574267160404361,1m_gross_bank_exits,1.2452802676118608,-0.24528026761186084,0.6,1,2026-09-17T00:44:57+00:00
395,0x8f609fa40367da70230b202064a727731757d98b,1,630.2592838398112,636.9426751592357,0.06574267160404361,quiet,0.5083362944315335,0.4916637055684665,0.02010278006243692,1,2026-09-17T00:44:57+00:00
395,0x8f609fa40367da70230b202064a727731757d98b,1,630.2592838398112,636.9426751592357,0.06574267160404361,1m_gross_bank_exits,1.2452802676118608,-0.24528026761186084,0.6,1,2026-09-17T00:44:57+00:00
396,0x2bfc0e2e76a380fbb4f34adb44687d61d16a558b,1,630.2592838398112,636.9426751592357,0.06574267160404361,quiet,0.5083362944315335,0.4916637055684665,0.02010278006243692,1,2026-09-17T00:44:57+00:00
396,0x2bfc0e2e76a380fbb4f34adb44687d61d16a558b,1,630.2592838398112,636.9426751592357,0.06574267160404361,1m_gross_bank_exits,1.2452802676118608,-0.24528026761186084,0.6,1,2026-09-17T00:44:57+00:00
397,0x2d82c6d1181068ca12a89671d97d903b1d1e53df,1,630.2592838398112,636.9426751592357,0.06574267160404361,quiet,0.5083362944315335,0.4916637055684665,0.02010278006243692,1,2026-09-17T00:44:57+00:00
397,0x2d82c6d1181068ca12a89671d97d903b1d1e53df,1,630.2592838398112,636.9426751592357,0.06574267160404361,1m_gross_bank_exits,1.2452802676118608,-0.24528026761186084,0.6,1,2026-09-17T00:44:57+00:00
398,0x073fc5fc249acf06bee9936ecb3fbc2186bff565,1,630.2592838398112,636.9426751592357,0.06574267160404361,quiet,0.5083362944315335,0.4916637055684665,0.02010278006243692,1,2026-09-17T00:44:57+00:00
398,0x073fc5fc249acf06bee9936ecb3fbc2186bff565,1,630.2592838398112,636.9426751592357,0.06574267160404361,1m_gross_bank_exits,1.2452802676118608,-0.24528026761186084,0.6,1,2026-09-17T00:44:57+00:00
399,0x77e299a853ff1351671af58352dbda53abf58fe3,1,630.2592838398112,636.9426751592357,0.06574267160404361,quiet,0.5083362944315335,0.4916637055684665,0.02010278006243692,1,2026-09-17T00:44:57+00:00
399,0x77e299a853ff1351671af58352dbda53abf58fe3,1,630.2592838398112,636.9426751592357,0.06574267160404361,1m_gross_bank_exits,1.2452802676118608,-0.24528026761186084,0.6,1,2026-09-17T00:44:57+00:00
400,0x88212c60bcc690585f327a74c9ae177422db02ef,1,630.2592838398112,636.9426751592357,0.06574267160404361,quiet,0.5083362944315335,0.4916637055684665,0.02010278006243692,1,2026-09-17T00:44:57+00:00
400,0x88212c60bcc690585f327a74c9ae177422db02ef,1,630.2592838398112,636.9426751592357,0.06574267160404361,1m_gross_bank_exits,1.2452802676118608,-0.24528026761186084,0.6,1,2026-09-17T00:44:57+00:00
401,0xfd68f04d7650cc13fc0e441a0b9b6cdbae02e1fc,1,630.2592838398112,636.9426751592357,0.06574267160404361,quiet,0.5083362944315335,0.4916637055684665,0.02010278006243692,1,2026-09-17T00:44:57+00:00
401,0xfd68f04d7650cc13fc0e441a0b9b6cdbae02e1fc,1,630.2592838398112,636.9426751592357,0.06574267160404361,1m_gross_bank_exits,1.2452802676118608,-0.24528026761186084,0.6,1,2026-09-17T00:44:57+00:00
402,0x8ff96bfade7eca2cb1fcf6470b9204ecc64f683a,1,630.2592838398112,636.9426751592357,0.06574267160404361,quiet,0.5083362944315335,0.4916637055684665,0.02010278006243692,1,2026-09-17T00:44:57+00:00
402,0x8ff96bfade7eca2cb1fcf6470b9204ecc64f683a,1,630.2592838398112,636.9426751592357,0.06574267160404361,1m_gross_bank_exits,1.2452802676118608,-0.24528026761186084,0.6,1,2026-09-17T00:44:57+00:00
403,0x216e6479aad3e26fca05a0921d3d7eb88071bada,1,630.2592838398112,636.9426751592357,0.06574267160404361,quiet,0.5083362944315335,0.4916637055684665,0.02010278006243692,1,2026-09-17T00:44:57+00:00
403,0x216e6479aad3e26fca05a0921d3d7eb88071bada,1,630.2592838398112,636.9426751592357,0.06574267160404361,1m_gross_bank_exits,1.2452802676118608,-0.24528026761186084,0.6,1,2026-09-17T00:44:57+00:00
404,0x6a3867484b29744c6d01b9040a0515711828deb0,1,630.2592838398112,636.9426751592357,0.06574267160404361,quiet,0.5083362944315335,0.4916637055684665,0.02010278006243692,1,2026-09-17T00:44:57+00:00
404,0x6a3867484b29744c6d01b9040a0515711828deb0,1,630.2592838398112,636.9426751592357,0.06574267160404361,1m_gross_bank_exits,1.2452802676118608,-0.24528026761186084,0.6,1,2026-09-17T00:44:57+00:00
405,0x44c1fd178b7291ea0c5249735125f31202149d6c,1,630.2592838398112,636.9426751592357,0.06574267160404361,quiet,0.5083362944315335,0.4916637055684665,0.02010278006243692,1,2026-09-17T00:44:57+00:00
405,0x44c1fd178b7291ea0c5249735125f31202149d6c,1,630.2592838398112,636.9426751592357,0.06574267160404361,1m_gross_bank_exits,1.2452802676118608,-0.24528026761186084,0.6,1,2026-09-17T00:44:57+00:00
406,0x8f222973701f3d6121573a541c1f309ff2cd68b9,1,630.2592838398112,636.9426751592357,0.06574267160404361,quiet,0.5083362944315335,0.4916637055684665,0.02010278006243692,1,2026-09-17T00:44:57+00:00
406,0x8f222973701f3d6121573a541c1f309ff2cd68b9,1,630.2592838398112,636.9426751592357,0.06574267160404361,1m_gross_bank_exits,1.2452802676118608,-0.24528026761186084,0.6,1,2026-09-17T00:44:57+00:00
407,0xcb01f881f7bc50ae93e74ee6e35bc4dd3a7e30bb,1,630.2592838398112,636.9426751592357,0.06574267160404361,quiet,0.5083362944315335,0.4916637055684665,0.02010278006243692,1,2026-09-17T00:44:57+00:00
407,0xcb01f881f7bc50ae93e74ee6e35bc4dd3a7e30bb,1,630.2592838398112,636.9426751592357,0.06574267160404361,1m_gross_bank_exits,1.2452802676118608,-0.24528026761186084,0.6,1,2026-09-17T00:44:57+00:00
408,0x8aac233c77384c86f5698d6479cd8b00cbfc193a,1,630.2592838398112,636.9426751592357,0.06574267160404361,quiet,0.5083362944315335,0.4916637055684665,0.02010278006243692,1,2026-09-17T00:44:57+00:00
408,0x8aac233c77384c86f5698d6479cd8b00cbfc193a,1,630.2592838398112,636.9426751592357,0.06574267160404361,1m_gross_bank_exits,1.2452802676118608,-0.24528026761186084,0.6,1,2026-09-17T00:44:57+00:00
409,0x2874dc337f5821b5fa832bbc305107dc4a57608e,1,630.2592838398112,636.9426751592357,0.06574267160404361,quiet,0.5083362944315335,0.4916637055684665,0.02010278006243692,1,2026-09-17T00:44:57+00:00
409,0x2874dc337f5821b5fa832bbc305107dc4a57608e,1,630.2592838398112,636.9426751592357,0.06574267160404361,1m_gross_bank_exits,1.2452802676118608,-0.24528026761186084,0.6,1,2026-09-17T00:44:57+00:00
410,0x5f1ab30f3400ecf5f3df586f4d47e7c38fa50743,1,630.2592838398112,636.9426751592357,0.06574267160404361,quiet,0.5083362944315335,0.4916637055684665,0.02010278006243692,1,2026-09-17T00:44:57+00:00
410,0x5f1ab30f3400ecf5f3df586f4d47e7c38fa50743,1,630.2592838398112,636.9426751592357,0.06574267160404361,1m_gross_bank_exits,1.2452802676118608,-0.24528026761186084,0.6,1,2026-09-17T00:44:57+00:00
411,0x9d703cdc89c9934d9e90a52c31d632775c9838c6,1,630.2592838398112,636.9426751592357,0.06574267160404361,quiet,0.5083362944315335,0.4916637055684665,0.02010278006243692,1,2026-09-17T00:44:57+00:00
411,0x9d703cdc89c9934d9e90a52c31d632775c9838c6,1,630.2592838398112,636.9426751592357,0.06574267160404361,1m_gross_bank_exits,1.2452802676118608,-0.24528026761186084,0.6,1,2026-09-17T00:44:57+00:00
412,0x622d35fc7e377ebb6d97f0cdf9e3295d1f7c701d,1,630.2592838398112,636.9426751592357,0.06574267160404361,quiet,0.5083362944315335,0.4916637055684665,0.02010278006243692,1,2026-09-17T00:44:57+00:00
412,0x622d35fc7e377ebb6d97f0cdf9e3295d1f7c701d,1,630.2592838398112,636.9426751592357,0.06574267160404361,1m_gross_bank_exits,1.2452802676118608,-0.24528026761186084,0.6,1,2026-09-17T00:44:57+00:00
413,0x07cfc4d256f8048623a05e234db304c731a4197e,1,630.2592838398112,636.9426751592357,0.06574267160404361,quiet,0.5083362944315335,0.4916637055684665,0.02010278006243692,1,2026-09-17T00:44:57+00:00
413,0x07cfc4d256f8048623a05e234db304c731a4197e,1,630.2592838398112,636.9426751592357,0.06574267160404361,1m_gross_bank_exits,1.2452802676118608,-0.24528026761186084,0.6,1,2026-09-17T00:44:57+00:00
414,0x3a874e67847225f26d0e10b5c1ec6bbc88f72242,1,630.2592838398112,636.9426751592357,0.06574267160404361,quiet,0.5083362944315335,0.4916637055684665,0.02010278006243692,1,2026-09-17T00:44:57+00:00
414,0x3a874e67847225f26d0e10b5c1ec6bbc88f72242,1,630.2592838398112,636.9426751592357,0.06574267160404361,1m_gross_bank_exits,1.2452802676118608,-0.24528026761186084,0.6,1,2026-09-17T00:44:57+00:00
415,0xf2369008053ca8e6fd7a0ccea3baf0915eff1149,1,630.2592838398112,636.9426751592357,0.06574267160404361,quiet,0.5083362944315335,0.4916637055684665,0.02010278006243692,1,2026-09-17T00:44:57+00:00
415,0xf2369008053ca8e6fd7a0ccea3baf0915eff1149,1,630.2592838398112,636.9426751592357,0.06574267160404361,1m_gross_bank_exits,1.2452802676118608,-0.24528026761186084,0.6,1,2026-09-17T00:44:57+00:00
416,0x475ee1a14ca46a1711a1c5c8fa4e7f84bed45f74,1,630.2592838398112,636.9426751592357,0.06574267160404361,quiet,0.5083362944315335,0.4916637055684665,0.02010278006243692,1,2026-09-17T00:44:57+00:00
416,0x475ee1a14ca46a1711a1c5c8fa4e7f84bed45f74,1,630.2592838398112,636.9426751592357,0.06574267160404361,1m_gross_bank_exits,1.2452802676118608,-0.24528026761186084,0.6,1,2026-09-17T00:44:57+00:00
417,0xc9c09d2f7192352eec5b9521227e64e7adad7868,1,630.2592838398112,636.9426751592357,0.06574267160404361,quiet,0.5083362944315335,0.4916637055684665,0.02010278006243692,1,2026-09-17T00:44:57+00:00
417,0xc9c09d2f7192352eec5b9521227e64e7adad7868,1,630.2592838398112,636.9426751592357,0.06574267160404361,1m_gross_bank_exits,1.2452802676118608,-0.24528026761186084,0.6,1,2026-09-17T00:44:57+00:00
418,0x7f1d70fa5527f025fba19cbd3a4d97f879e22aec,1,630.2592838398112,636.9426751592357,0.06574267160404361,quiet,0.5083362944315335,0.4916637055684665,0.02010278006243692,1,2026-09-17T00:44:57+00:00
418,0x7f1d70fa5527f025fba19cbd3a4d97f879e22aec,1,630.2592838398112,636.9426751592357,0.06574267160404361,1m_gross_bank_exits,1.2452802676118608,-0.24528026761186084,0.6,1,2026-09-17T00:44:57+00:00
419,0xaa057dd6b98682e20c2352cd6f423297b4d6e57a,1,630.2592838398112,636.9426751592357,0.06574267160404361,quiet,0.5083362944315335,0.4916637055684665,0.02010278006243692,1,2026-09-17T00:44:57+00:00
419,0xaa057dd6b98682e20c2352cd6f423297b4d6e57a,1,630.2592838398112,636.9426751592357,0.06574267160404361,1m_gross_bank_exits,1.2452802676118608,-0.24528026761186084,0.6,1,2026-09-17T00:44:57+00:00
420,0xf25c1df66027af79200303987e8da9d1da44fb21,1,630.2592838398112,636.9426751592357,0.06574267160404361,quiet,0.5083362944315335,0.4916637055684665,0.02010278006243692,1,2026-09-17T00:44:57+00:00
420,0xf25c1df66027af79200303987e8da9d1da44fb21,1,630.2592838398112,636.9426751592357,0.06574267160404361,1m_gross_bank_exits,1.2452802676118608,-0.24528026761186084,0.6,1,2026-09-17T00:44:57+00:00
421,0xda980361a953c52bbd4a057310771b98c01a51d4,1,630.2592838398112,636.9426751592357,0.06574267160404361,quiet,0.5083362944315335,0.4916637055684665,0.02010278006243692,1,2026-09-17T00:44:57+00:00
421,0xda980361a953c52bbd4a057310771b98c01a51d4,1,630.2592838398112,636.9426751592357,0.06574267160404361,1m_gross_bank_exits,1.2452802676118608,-0.24528026761186084,0.6,1,2026-09-17T00:44:57+00:00
422,0x6dd7a2948b38bde6bd4503f8ef1ed71c700adb78,1,630.2592838398112,636.9426751592357,0.06574267160404361,quiet,0.5083362944315335,0.4916637055684665,0.02010278006243692,1,2026-09-17T00:44:57+00:00
422,0x6dd7a2948b38bde6bd4503f8ef1ed71c700adb78,1,630.2592838398112,636.9426751592357,0.06574267160404361,1m_gross_bank_exits,1.2452802676118608,-0.24528026761186084,0.6,1,2026-09-17T00:44:57+00:00
423,0x33ab1cc652fed49c493f74f8856e4798bcf4726e,1,630.2592838398112,636.9426751592357,0.06574267160404361,quiet,0.5083362944315335,0.4916637055684665,0.02010278006243692,1,2026-09-17T00:44:57+00:00
423,0x33ab1cc652fed49c493f74f8856e4798bcf4726e,1,630.2592838398112,636.9426751592357,0.06574267160404361,1m_gross_bank_exits,1.2452802676118608,-0.24528026761186084,0.6,1,2026-09-17T00:44:57+00:00
424,0x24630e22bae79e29cb6b75b8bc6f3741dc6bcfd0,1,630.2592838398112,636.9426751592357,0.06574267160404361,quiet,0.5083362944315335,0.4916637055684665,0.02010278006243692,1,2026-09-17T00:44:57+00:00
424,0x24630e22bae79e29cb6b75b8bc6f3741dc6bcfd0,1,630.2592838398112,636.9426751592357,0.06574267160404361,1m_gross_bank_exits,1.2452802676118608,-0.24528026761186084,0.6,1,2026-09-17T00:44:57+00:00
425,0x595170ff30508f85f94f1c28261f6e624fa72fc5,1,630.2592838398112,636.9426751592357,0.06574267160404361,quiet,0.5083362944315335,0.4916637055684665,0.02010278006243692,1,2026-09-17T00:44:57+00:00
425,0x595170ff30508f85f94f1c28261f6e624fa72fc5,1,630.2592838398112,636.9426751592357,0.06574267160404361,1m_gross_bank_exits,1.2452802676118608,-0.24528026761186084,0.6,1,2026-09-17T00:44:57+00:00
426,0x545493520a857616a617b042e67cf190aa0e4c95,1,630.2592838398112,636.9426751592357,0.06574267160404361,quiet,0.5083362944315335,0.4916637055684665,0.02010278006243692,1,2026-09-17T00:44:57+00:00
426,0x545493520a857616a617b042e67cf190aa0e4c95,1,630.2592838398112,636.9426751592357,0.06574267160404361,1m_gross_bank_exits,1.2452802676118608,-0.24528026761186084,0.6,1,2026-09-17T00:44:57+00:00
427,0x8e49f27740cba1e6d5799d8562cdf580c66d666e,1,630.2592838398112,636.9426751592357,0.06574267160404361,quiet,0.5083362944315335,0.4916637055684665,0.02010278006243692,1,2026-09-17T00:44:57+00:00
427,0x8e49f27740cba1e6d5799d8562cdf580c66d666e,1,630.2592838398112,636.9426751592357,0.06574267160404361,1m_gross_bank_exits,1.2452802676118608,-0.24528026761186084,0.6,1,2026-09-17T00:44:57+00:00
428,0xbfc4af41d7c9365596ee6690aa708d64c62e8689,1,630.2592838398112,636.9426751592357,0.06574267160404361,quiet,0.5083362944315335,0.4916637055684665,0.02010278006243692,1,2026-09-17T00:44:57+00:00
428,0xbfc4af41d7c9365596ee6690aa708d64c62e8689,1,630.2592838398112,636.9426751592357,0.06574267160404361,1m_gross_bank_exits,1.2452802676118608,-0.24528026761186084,0.6,1,2026-09-17T00:44:57+00:00
429,0x5b197e3ee6770518f6f2735274522f48abd69864,1,630.2592838398112,636.9426751592357,0.06574267160404361,quiet,0.5083362944315335,0.4916637055684665,0.02010278006243692,1,2026-09-17T00:44:57+00:00
429,0x5b197e3ee6770518f6f2735274522f48abd69864,1,630.2592838398112,636.9426751592357,0.06574267160404361,1m_gross_bank_exits,1.2452802676118608,-0.24528026761186084,0.6,1,2026-09-17T00:44:57+00:00
430,0x34d55cc15cba91827d3d6770aede74faa77e0dac,1,630.2592838398112,636.9426751592357,0.06574267160404361,quiet,0.5083362944315335,0.4916637055684665,0.02010278006243692,1,2026-09-17T00:44:57+00:00
430,0x34d55cc15cba91827d3d6770aede74faa77e0dac,1,630.2592838398112,636.9426751592357,0.06574267160404361,1m_gross_bank_exits,1.2452802676118608,-0.24528026761186084,0.6,1,2026-09-17T00:44:57+00:00
431,0xaae99871b32a731ddeaeee18517e365ebe44f395,1,630.2592838398112,636.9426751592357,0.06574267160404361,quiet,0.5083362944315335,0.4916637055684665,0.02010278006243692,1,2026-09-17T00:44:57+00:00
431,0xaae99871b32a731ddeaeee18517e365ebe44f395,1,630.2592838398112,636.9426751592357,0.06574267160404361,1m_gross_bank_exits,1.2452802676118608,-0.24528026761186084,0.6,1,2026-09-17T00:44:57+00:00
432,0x7ff4f8fe1dbbba8dc27103359bf96e97a4d44114,1,630.2592838398112,636.9426751592357,0.06574267160404361,quiet,0.5083362944315335,0.4916637055684665,0.02010278006243692,1,2026-09-17T00:44:57+00:00
432,0x7ff4f8fe1dbbba8dc27103359bf96e97a4d44114,1,630.2592838398112,636.9426751592357,0.06574267160404361,1m_gross_bank_exits,1.2452802676118608,-0.24528026761186084,0.6,1,2026-09-17T00:44:57+00:00
433,0x0f9a7a53b36daf1f52fe7a616ea4b25c532d2fd2,1,630.2592838398112,636.9426751592357,0.06574267160404361,quiet,0.5083362944315335,0.4916637055684665,0.02010278006243692,1,2026-09-17T00:44:57+00:00
433,0x0f9a7a53b36daf1f52fe7a616ea4b25c532d2fd2,1,630.2592838398112,636.9426751592357,0.06574267160404361,1m_gross_bank_exits,1.2452802676118608,-0.24528026761186084,0.6,1,2026-09-17T00:44:57+00:00
434,0xc56725de9274e17847db0e45c1da36e46a7e197f,1,630.2592838398112,636.9426751592357,0.06574267160404361,quiet,0.5083362944315335,0.4916637055684665,0.02010278006243692,1,2026-09-17T00:44:57+00:00
434,0xc56725de9274e17847db0e45c1da36e46a7e197f,1,630.2592838398112,636.9426751592357,0.06574267160404361,1m_gross_bank_exits,1.2452802676118608,-0.24528026761186084,0.6,1,2026-09-17T00:44:57+00:00
435,0x75ffddaebbe645104f342fd01c9b386ddf3709b8,1,630.2592838398112,636.9426751592357,0.06574267160404361,quiet,0.5083362944315335,0.4916637055684665,0.02010278006243692,1,2026-09-17T00:44:57+00:00
435,0x75ffddaebbe645104f342fd01c9b386ddf3709b8,1,630.2592838398112,636.9426751592357,0.06574267160404361,1m_gross_bank_exits,1.2452802676118608,-0.24528026761186084,0.6,1,2026-09-17T00:44:57+00:00
436,0xbc6cbc95d86a6a9537375640fbc0cf0db8024268,1,630.2592838398112,636.9426751592357,0.06574267160404361,quiet,0.5083362944315335,0.4916637055684665,0.02010278006243692,1,2026-09-17T00:44:57+00:00
436,0xbc6cbc95d86a6a9537375640fbc0cf0db8024268,1,630.2592838398112,636.9426751592357,0.06574267160404361,1m_gross_bank_exits,1.2452802676118608,-0.24528026761186084,0.6,1,2026-09-17T00:44:57+00:00
437,0x3310fd13c6c55f054cc128439e1e51cd0cb16fed,1,630.2592838398112,636.9426751592357,0.06574267160404361,quiet,0.5083362944315335,0.4916637055684665,0.02010278006243692,1,2026-09-17T00:44:57+00:00
437,0x3310fd13c6c55f054cc128439e1e51cd0cb16fed,1,630.2592838398112,636.9426751592357,0.06574267160404361,1m_gross_bank_exits,1.2452802676118608,-0.24528026761186084,0.6,1,2026-09-17T00:44:57+00:00
438,0x72c62c06f0f684aa70803f4858e8eef92b917542,1,630.2592838398112,636.9426751592357,0.06574267160404361,quiet,0.5083362944315335,0.4916637055684665,0.02010278006243692,1,2026-09-17T00:44:57+00:00
438,0x72c62c06f0f684aa70803f4858e8eef92b917542,1,630.2592838398112,636.9426751592357,0.06574267160404361,1m_gross_bank_exits,1.2452802676118608,-0.24528026761186084,0.6,1,2026-09-17T00:44:57+00:00
439,0xdadfe8f97141153a50e8f9a3fc49ef6d40152a6b,1,630.2592838398112,636.9426751592357,0.06574267160404361,quiet,0.5083362944315335,0.4916637055684665,0.02010278006243692,1,2026-09-17T00:44:57+00:00
439,0xdadfe8f97141153a50e8f9a3fc49ef6d40152a6b,1,630.2592838398112,636.9426751592357,0.06574267160404361,1m_gross_bank_exits,1.2452802676118608,-0.24528026761186084,0.6,1,2026-09-17T00:44:57+00:00
440,0xc095d8b0230eca27ef24615d86a8f9ddc1f24627,1,630.2592838398112,636.9426751592357,0.06574267160404361,quiet,0.5083362944315335,0.4916637055684665,0.02010278006243692,1,2026-09-17T00:44:57+00:00
440,0xc095d8b0230eca27ef24615d86a8f9ddc1f24627,1,630.2592838398112,636.9426751592357,0.06574267160404361,1m_gross_bank_exits,1.2452802676118608,-0.24528026761186084,0.6,1,2026-09-17T00:44:57+00:00
441,0x73da1af06106a7f3ac717ef0fd637177175d98b7,1,630.2592838398112,636.9426751592357,0.06574267160404361,quiet,0.5083362944315335,0.4916637055684665,0.02010278006243692,1,2026-09-17T00:44:57+00:00
441,0x73da1af06106a7f3ac717ef0fd637177175d98b7,1,630.2592838398112,636.9426751592357,0.06574267160404361,1m_gross_bank_exits,1.2452802676118608,-0.24528026761186084,0.6,1,2026-09-17T00:44:57+00:00
442,0xc8241affeba546e39dd5a0c64baa281e44bd82d4,1,630.2592838398112,636.9426751592357,0.06574267160404361,quiet,0.5083362944315335,0.4916637055684665,0.02010278006243692,1,2026-09-17T00:44:57+00:00
442,0xc8241affeba546e39dd5a0c64baa281e44bd82d4,1,630.2592838398112,636.9426751592357,0.06574267160404361,1m_gross_bank_exits,1.2452802676118608,-0.24528026761186084,0.6,1,2026-09-17T00:44:57+00:00
443,0x0cd749583cfb0737c62a26b206d6b0782354b9ea,1,630.2592838398112,636.9426751592357,0.06574267160404361,quiet,0.5083362944315335,0.4916637055684665,0.02010278006243692,1,2026-09-17T00:44:57+00:00
443,0x0cd749583cfb0737c62a26b206d6b0782354b9ea,1,630.2592838398112,636.9426751592357,0.06574267160404361,1m_gross_bank_exits,1.2452802676118608,-0.24528026761186084,0.6,1,2026-09-17T00:44:57+00:00
444,0xab078f1e310c3f6b9a6b6c91f23c6cb5f09fe61c,1,11630.25928383981,636.9426751592357,1.2124576078607743,quiet,0.9502208930974603,0.04977910690253973,0.020342820061045454,1,2026-09-17T00:44:57+00:00
444,0xab078f1e310c3f6b9a6b6c91f23c6cb5f09fe61c,1,11630.25928383981,636.9426751592357,1.2124576078607743,1m_gross_bank_exits,2.326918089598027,-1.3269180895980268,0.6,1,2026-09-17T00:44:57+00:00
445,0x74e62e5f7a58b81b108351ee48e08c27f4293370,1,630.2592838398112,636.9426751592357,0.06574267160404361,quiet,0.5083362944315335,0.4916637055684665,0.02010278006243692,1,2026-09-17T00:44:57+00:00
445,0x74e62e5f7a58b81b108351ee48e08c27f4293370,1,630.2592838398112,636.9426751592357,0.06574267160404361,1m_gross_bank_exits,1.2452802676118608,-0.24528026761186084,0.6,1,2026-09-17T00:44:57+00:00
446,0x2e249f6be2efc839558a1410dea1e67f91e16774,1,630.2592838398112,636.9426751592357,0.06574267160404361,quiet,0.5083362944315335,0.4916637055684665,0.02010278006243692,1,2026-09-17T00:44:57+00:00
446,0x2e249f6be2efc839558a1410dea1e67f91e16774,1,630.2592838398112,636.9426751592357,0.06574267160404361,1m_gross_bank_exits,1.2452802676118608,-0.24528026761186084,0.6,1,2026-09-17T00:44:57+00:00
447,0xe085327c5ad2f77147f10973fed45fb19d734f7e,1,630.2592838398112,636.9426751592357,0.06574267160404361,quiet,0.5083362944315335,0.4916637055684665,0.02010278006243692,1,2026-09-17T00:44:57+00:00
447,0xe085327c5ad2f77147f10973fed45fb19d734f7e,1,630.2592838398112,636.9426751592357,0.06574267160404361,1m_gross_bank_exits,1.2452802676118608,-0.24528026761186084,0.6,1,2026-09-17T00:44:57+00:00
448,0x1324a5801682f3486de7bcc83a204cc532dd6ded,1,630.2592838398112,636.9426751592357,0.06574267160404361,quiet,0.5083362944315335,0.4916637055684665,0.02010278006243692,1,2026-09-17T00:44:57+00:00
448,0x1324a5801682f3486de7bcc83a204cc532dd6ded,1,630.2592838398112,636.9426751592357,0.06574267160404361,1m_gross_bank_exits,1.2452802676118608,-0.24528026761186084,0.6,1,2026-09-17T00:44:57+00:00
449,0xf48a18e24c2399e409130e4d45ff7a9ab4456571,1,630.2592838398112,636.9426751592357,0.06574267160404361,quiet,0.5083362944315335,0.4916637055684665,0.02010278006243692,1,2026-09-17T00:44:57+00:00
449,0xf48a18e24c2399e409130e4d45ff7a9ab4456571,1,630.2592838398112,636.9426751592357,0.06574267160404361,1m_gross_bank_exits,1.2452802676118608,-0.24528026761186084,0.6,1,2026-09-17T00:44:57+00:00
450,0x287bdf8c332d44bb015f8b4deb6513010c951f39,1,630.2592838398112,636.9426751592357,0.06574267160404361,quiet,0.5083362944315335,0.4916637055684665,0.02010278006243692,1,2026-09-17T00:44:57+00:00
450,0x287bdf8c332d44bb015f8b4deb6513010c951f39,1,630.2592838398112,636.9426751592357,0.06574267160404361,1m_gross_bank_exits,1.2452802676118608,-0.24528026761186084,0.6,1,2026-09-17T00:44:57+00:00
451,0x2d31b336a5da7713a05a0eb8edf19eaa0130174d,1,630.2592838398112,636.9426751592357,0.06574267160404361,quiet,0.5083362944315335,0.4916637055684665,0.02010278006243692,1,2026-09-17T00:44:57+00:00
451,0x2d31b336a5da7713a05a0eb8edf19eaa0130174d,1,630.2592838398112,636.9426751592357,0.06574267160404361,1m_gross_bank_exits,1.2452802676118608,-0.24528026761186084,0.6,1,2026-09-17T00:44:57+00:00
452,0xabe0cdd036456fcc1b64d1ddb7aa3bdf7d5b98b1,1,630.2592838398112,636.9426751592357,0.06574267160404361,quiet,0.5083362944315335,0.4916637055684665,0.02010278006243692,1,2026-09-17T00:44:57+00:00
452,0xabe0cdd036456fcc1b64d1ddb7aa3bdf7d5b98b1,1,630.2592838398112,636.9426751592357,0.06574267160404361,1m_gross_bank_exits,1.2452802676118608,-0.24528026761186084,0.6,1,2026-09-17T00:44:57+00:00
453,0x7e151351180ae4d443280e59d8ec4f0b88a097da,1,630.2592838398112,636.9426751592357,0.06574267160404361,quiet,0.5083362944315335,0.4916637055684665,0.02010278006243692,1,2026-09-17T00:44:57+00:00
453,0x7e151351180ae4d443280e59d8ec4f0b88a097da,1,630.2592838398112,636.9426751592357,0.06574267160404361,1m_gross_bank_exits,1.2452802676118608,-0.24528026761186084,0.6,1,2026-09-17T00:44:57+00:00
454,0x96858d781ecec2cc7143f2c35a869a7b4b3dab35,1,630.2592838398112,636.9426751592357,0.06574267160404361,quiet,0.5083362944315335,0.4916637055684665,0.02010278006243692,1,2026-09-17T00:44:57+00:00
454,0x96858d781ecec2cc7143f2c35a869a7b4b3dab35,1,630.2592838398112,636.9426751592357,0.06574267160404361,1m_gross_bank_exits,1.2452802676118608,-0.24528026761186084,0.6,1,2026-09-17T00:44:57+00:00
455,0x112a6efa0b325a06fb3b3f46d79a43b8375495a4,1,630.2592838398112,636.9426751592357,0.06574267160404361,quiet,0.5083362944315335,0.4916637055684665,0.02010278006243692,1,2026-09-17T00:44:57+00:00
455,0x112a6efa0b325a06fb3b3f46d79a43b8375495a4,1,630.2592838398112,636.9426751592357,0.06574267160404361,1m_gross_bank_exits,1.2452802676118608,-0.24528026761186084,0.6,1,2026-09-17T00:44:57+00:00
456,0xa4a5cc8c29353f333d031f7df7a717ef86caa7de,1,53935.12928383981,636.9426751592357,5.602798025551219,quiet,0.9888808075543851,0.011119192445614878,0.022573921482555284,1,2026-09-17T00:44:57+00:00
456,0xa4a5cc8c29353f333d031f7df7a717ef86caa7de,1,53935.12928383981,636.9426751592357,5.602798025551219,1m_gross_bank_exits,2.414958988571427,-1.4149589885714269,0.6,1,2026-09-17T00:44:57+00:00
457,0xf344ee6ed7558732541b8b1e9998bfec4d518f6c,1,630.2592838398112,636.9426751592357,0.06574267160404361,quiet,0.5083362944315335,0.4916637055684665,0.02010278006243692,1,2026-09-17T00:44:57+00:00
457,0xf344ee6ed7558732541b8b1e9998bfec4d518f6c,1,630.2592838398112,636.9426751592357,0.06574267160404361,1m_gross_bank_exits,1.2452802676118608,-0.24528026761186084,0.6,1,2026-09-17T00:44:57+00:00
458,0xffe23a11bf8f16a00f74b707dd423850e9dae503,1,630.2592838398112,636.9426751592357,0.06574267160404361,quiet,0.5083362944315335,0.4916637055684665,0.02010278006243692,1,2026-09-17T00:44:57+00:00
458,0xffe23a11bf8f16a00f74b707dd423850e9dae503,1,630.2592838398112,636.9426751592357,0.06574267160404361,1m_gross_bank_exits,1.2452802676118608,-0.24528026761186084,0.6,1,2026-09-17T00:44:57+00:00
459,0x5c886bfea7fb889292afd0092927d19fb7ef19b0,1,630.2592838398112,636.9426751592357,0.06574267160404361,quiet,0.5083362944315335,0.4916637055684665,0.02010278006243692,1,2026-09-17T00:44:57+00:00
459,0x5c886bfea7fb889292afd0092927d19fb7ef19b0,1,630.2592838398112,636.9426751592357,0.06574267160404361,1m_gross_bank_exits,1.2452802676118608,-0.24528026761186084,0.6,1,2026-09-17T00:44:57+00:00
460,0x4b32e59515338a09d058fd67cc6812d679195155,1,630.2592838398112,636.9426751592357,0.06574267160404361,quiet,0.5083362944315335,0.4916637055684665,0.02010278006243692,1,2026-09-17T00:44:57+00:00
460,0x4b32e59515338a09d058fd67cc6812d679195155,1,630.2592838398112,636.9426751592357,0.06574267160404361,1m_gross_bank_exits,1.2452802676118608,-0.24528026761186084,0.6,1,2026-09-17T00:44:57+00:00
461,0x2fcc020f72e5d2edd2a24d04f3dc90d7fdfbd1dd,1,630.2592838398112,636.9426751592357,0.06574267160404361,quiet,0.5083362944315335,0.4916637055684665,0.02010278006243692,1,2026-09-17T00:44:57+00:00
461,0x2fcc020f72e5d2edd2a24d04f3dc90d7fdfbd1dd,1,630.2592838398112,636.9426751592357,0.06574267160404361,1m_gross_bank_exits,1.2452802676118608,-0.24528026761186084,0.6,1,2026-09-17T00:44:57+00:00
462,0x1847dc422b9dea349e8af7d02cb3a136cd81f441,1,630.2592838398112,636.9426751592357,0.06574267160404361,quiet,0.5083362944315335,0.4916637055684665,0.02010278006243692,1,2026-09-17T00:44:57+00:00
462,0x1847dc422b9dea349e8af7d02cb3a136cd81f441,1,630.2592838398112,636.9426751592357,0.06574267160404361,1m_gross_bank_exits,1.2452802676118608,-0.24528026761186084,0.6,1,2026-09-17T00:44:57+00:00
463,0xd54921ccf100cc6a78acbbd4e55fd57c9b50ea7a,1,630.2592838398112,636.9426751592357,0.06574267160404361,quiet,0.5083362944315335,0.4916637055684665,0.02010278006243692,1,2026-09-17T00:44:57+00:00
463,0xd54921ccf100cc6a78acbbd4e55fd57c9b50ea7a,1,630.2592838398112,636.9426751592357,0.06574267160404361,1m_gross_bank_exits,1.2452802676118608,-0.24528026761186084,0.6,1,2026-09-17T00:44:57+00:00
464,0x9def8d886f656b884c3bf488d1c1688444dd6faf,1,630.2592838398112,636.9426751592357,0.06574267160404361,quiet,0.5083362944315335,0.4916637055684665,0.02010278006243692,1,2026-09-17T00:44:57+00:00
464,0x9def8d886f656b884c3bf488d1c1688444dd6faf,1,630.2592838398112,636.9426751592357,0.06574267160404361,1m_gross_bank_exits,1.2452802676118608,-0.24528026761186084,0.6,1,2026-09-17T00:44:57+00:00
465,0x9eb42f017e793512e4734f8785de605c4cb3a24e,1,630.2592838398112,636.9426751592357,0.06574267160404361,quiet,0.5083362944315335,0.4916637055684665,0.02010278006243692,1,2026-09-17T00:44:57+00:00
465,0x9eb42f017e793512e4734f8785de605c4cb3a24e,1,630.2592838398112,636.9426751592357,0.06574267160404361,1m_gross_bank_exits,1.2452802676118608,-0.24528026761186084,0.6,1,2026-09-17T00:44:57+00:00
466,0xc38de07f12cdb9122c676ef83aeb2511682cd79f,1,630.2592838398112,636.9426751592357,0.06574267160404361,quiet,0.5083362944315335,0.4916637055684665,0.02010278006243692,1,2026-09-17T00:44:57+00:00
466,0xc38de07f12cdb9122c676ef83aeb2511682cd79f,1,630.2592838398112,636.9426751592357,0.06574267160404361,1m_gross_bank_exits,1.2452802676118608,-0.24528026761186084,0.6,1,2026-09-17T00:44:57+00:00
467,0x5ea0e16e4cd3d454252b0dd08a375e6b1f50114e,1,630.2592838398112,636.9426751592357,0.06574267160404361,quiet,0.5083362944315335,0.4916637055684665,0.02010278006243692,1,2026-09-17T00:44:57+00:00
467,0x5ea0e16e4cd3d454252b0dd08a375e6b1f50114e,1,630.2592838398112,636.9426751592357,0.06574267160404361,1m_gross_bank_exits,1.2452802676118608,-0.24528026761186084,0.6,1,2026-09-17T00:44:57+00:00
468,0x9ca882783eb29ef64e643d6a96a11b4f20221a22,1,630.2592838398112,636.9426751592357,0.06574267160404361,quiet,0.5083362944315335,0.4916637055684665,0.02010278006243692,1,2026-09-17T00:44:57+00:00
468,0x9ca882783eb29ef64e643d6a96a11b4f20221a22,1,630.2592838398112,636.9426751592357,0.06574267160404361,1m_gross_bank_exits,1.2452802676118608,-0.24528026761186084,0.6,1,2026-09-17T00:44:57+00:00
469,0x8a367a6628c5101186f9676e80d21ef6c61b24fb,1,630.2592838398112,636.9426751592357,0.06574267160404361,quiet,0.5083362944315335,0.4916637055684665,0.02010278006243692,1,2026-09-17T00:44:57+00:00
469,0x8a367a6628c5101186f9676e80d21ef6c61b24fb,1,630.2592838398112,636.9426751592357,0.06574267160404361,1m_gross_bank_exits,1.2452802676118608,-0.24528026761186084,0.6,1,2026-09-17T00:44:57+00:00
470,0xee7cb14d3bb0fe2bd18658aa0cb74ee5db9e04de,1,630.2592838398112,636.9426751592357,0.06574267160404361,quiet,0.5083362944315335,0.4916637055684665,0.02010278006243692,1,2026-09-17T00:44:57+00:00
470,0xee7cb14d3bb0fe2bd18658aa0cb74ee5db9e04de,1,630.2592838398112,636.9426751592357,0.06574267160404361,1m_gross_bank_exits,1.2452802676118608,-0.24528026761186084,0.6,1,2026-09-17T00:44:57+00:00
471,0x8f756837821cb60db12bff83fe2e0a71e7c72d65,1,630.2592838398112,636.9426751592357,0.06574267160404361,quiet,0.5083362944315335,0.4916637055684665,0.02010278006243692,1,2026-09-17T00:44:57+00:00
471,0x8f756837821cb60db12bff83fe2e0a71e7c72d65,1,630.2592838398112,636.9426751592357,0.06574267160404361,1m_gross_bank_exits,1.2452802676118608,-0.24528026761186084,0.6,1,2026-09-17T00:44:57+00:00
472,0x28622ecc7695bb0291895b0a8259be24427cfad9,1,630.2592838398112,636.9426751592357,0.06574267160404361,quiet,0.5083362944315335,0.4916637055684665,0.02010278006243692,1,2026-09-17T00:44:57+00:00
472,0x28622ecc7695bb0291895b0a8259be24427cfad9,1,630.2592838398112,636.9426751592357,0.06574267160404361,1m_gross_bank_exits,1.2452802676118608,-0.24528026761186084,0.6,1,2026-09-17T00:44:57+00:00
473,0x530ba4b9ee48fdaff4f0aef14b786c2e67f39a36,1,630.2592838398112,636.9426751592357,0.06574267160404361,quiet,0.5083362944315335,0.4916637055684665,0.02010278006243692,1,2026-09-17T00:44:57+00:00
473,0x530ba4b9ee48fdaff4f0aef14b786c2e67f39a36,1,630.2592838398112,636.9426751592357,0.06574267160404361,1m_gross_bank_exits,1.2452802676118608,-0.24528026761186084,0.6,1,2026-09-17T00:44:57+00:00
474,0xe9d24d8eefbf6be496cb3a7725fc6e6cd85e91e6,1,630.2592838398112,636.9426751592357,0.06574267160404361,quiet,0.5083362944315335,0.4916637055684665,0.02010278006243692,1,2026-09-17T00:44:57+00:00
474,0xe9d24d8eefbf6be496cb3a7725fc6e6cd85e91e6,1,630.2592838398112,636.9426751592357,0.06574267160404361,1m_gross_bank_exits,1.2452802676118608,-0.24528026761186084,0.6,1,2026-09-17T00:44:57+00:00
475,0x56e0ace35176e661e6225a8de597713d477e6229,1,630.2592838398112,636.9426751592357,0.06574267160404361,quiet,0.5083362944315335,0.4916637055684665,0.02010278006243692,1,2026-09-17T00:44:57+00:00
475,0x56e0ace35176e661e6225a8de597713d477e6229,1,630.2592838398112,636.9426751592357,0.06574267160404361,1m_gross_bank_exits,1.2452802676118608,-0.24528026761186084,0.6,1,2026-09-17T00:44:57+00:00
476,0x83306747e4d8e8f78458eb21e9b4676878c522e0,1,630.2592838398112,636.9426751592357,0.06574267160404361,quiet,0.5083362944315335,0.4916637055684665,0.02010278006243692,1,2026-09-17T00:44:57+00:00
476,0x83306747e4d8e8f78458eb21e9b4676878c522e0,1,630.2592838398112,636.9426751592357,0.06574267160404361,1m_gross_bank_exits,1.2452802676118608,-0.24528026761186084,0.6,1,2026-09-17T00:44:57+00:00
477,0x86d3ee9ff0983bc33b93cc8983371a500f873446,1,630.2592838398112,636.9426751592357,0.06574267160404361,quiet,0.5083362944315335,0.4916637055684665,0.02010278006243692,1,2026-09-17T00:44:57+00:00
477,0x86d3ee9ff0983bc33b93cc8983371a500f873446,1,630.2592838398112,636.9426751592357,0.06574267160404361,1m_gross_bank_exits,1.2452802676118608,-0.24528026761186084,0.6,1,2026-09-17T00:44:57+00:00
478,0xb4cbc0e990c696efc0c4042e6f61c9909a54c17f,1,630.2592838398112,636.9426751592357,0.06574267160404361,quiet,0.5083362944315335,0.4916637055684665,0.02010278006243692,1,2026-09-17T00:44:57+00:00
478,0xb4cbc0e990c696efc0c4042e6f61c9909a54c17f,1,630.2592838398112,636.9426751592357,0.06574267160404361,1m_gross_bank_exits,1.2452802676118608,-0.24528026761186084,0.6,1,2026-09-17T00:44:57+00:00
479,0xe80f0054b45abcefad67453a58cc05a92aea0f60,1,630.2592838398112,636.9426751592357,0.06574267160404361,quiet,0.5083362944315335,0.4916637055684665,0.02010278006243692,1,2026-09-17T00:44:57+00:00
479,0xe80f0054b45abcefad67453a58cc05a92aea0f60,1,630.2592838398112,636.9426751592357,0.06574267160404361,1m_gross_bank_exits,1.2452802676118608,-0.24528026761186084,0.6,1,2026-09-17T00:44:57+00:00
480,0x3cf74981d61a0764d394ad9f429330dab460ebfb,1,630.2592838398112,636.9426751592357,0.06574267160404361,quiet,0.5083362944315335,0.4916637055684665,0.02010278006243692,1,2026-09-17T00:44:57+00:00
480,0x3cf74981d61a0764d394ad9f429330dab460ebfb,1,630.2592838398112,636.9426751592357,0.06574267160404361,1m_gross_bank_exits,1.2452802676118608,-0.24528026761186084,0.6,1,2026-09-17T00:44:57+00:00
481,0xf62de7221be9aeb07facf1e56e5809e8c4cca364,1,630.2592838398112,636.9426751592357,0.06574267160404361,quiet,0.5083362944315335,0.4916637055684665,0.02010278006243692,1,2026-09-17T00:44:57+00:00
481,0xf62de7221be9aeb07facf1e56e5809e8c4cca364,1,630.2592838398112,636.9426751592357,0.06574267160404361,1m_gross_bank_exits,1.2452802676118608,-0.24528026761186084,0.6,1,2026-09-17T00:44:57+00:00
482,0xe028ef74c09e89f985cad617c4f88fe3393f29b8,1,630.2592838398112,636.9426751592357,0.06574267160404361,quiet,0.5083362944315335,0.4916637055684665,0.02010278006243692,1,2026-09-17T00:44:57+00:00
482,0xe028ef74c09e89f985cad617c4f88fe3393f29b8,1,630.2592838398112,636.9426751592357,0.06574267160404361,1m_gross_bank_exits,1.2452802676118608,-0.24528026761186084,0.6,1,2026-09-17T00:44:57+00:00
483,0xe4b485470f5adff17fb1b8ee7af2a27c047de73e,1,630.2592838398112,636.9426751592357,0.06574267160404361,quiet,0.5083362944315335,0.4916637055684665,0.02010278006243692,1,2026-09-17T00:44:57+00:00
483,0xe4b485470f5adff17fb1b8ee7af2a27c047de73e,1,630.2592838398112,636.9426751592357,0.06574267160404361,1m_gross_bank_exits,1.2452802676118608,-0.24528026761186084,0.6,1,2026-09-17T00:44:57+00:00
484,0x1f916bbf39ab189a9e3d9e1823a7b1a8e9e5f204,1,630.2592838398112,636.9426751592357,0.06574267160404361,quiet,0.5083362944315335,0.4916637055684665,0.02010278006243692,1,2026-09-17T00:44:57+00:00
484,0x1f916bbf39ab189a9e3d9e1823a7b1a8e9e5f204,1,630.2592838398112,636.9426751592357,0.06574267160404361,1m_gross_bank_exits,1.2452802676118608,-0.24528026761186084,0.6,1,2026-09-17T00:44:57+00:00
485,0x03770b07c5c315722c5866e64cde04e6e5793714,1,630.2592838398112,636.9426751592357,0.06574267160404361,quiet,0.5083362944315335,0.4916637055684665,0.02010278006243692,1,2026-09-17T00:44:57+00:00
485,0x03770b07c5c315722c5866e64cde04e6e5793714,1,630.2592838398112,636.9426751592357,0.06574267160404361,1m_gross_bank_exits,1.2452802676118608,-0.24528026761186084,0.6,1,2026-09-17T00:44:57+00:00
486,0x16f5ef133d0d15b196a778d22bf1ec56f8f37c05,1,630.2592838398112,636.9426751592357,0.06574267160404361,quiet,0.5083362944315335,0.4916637055684665,0.02010278006243692,1,2026-09-17T00:44:57+00:00
486,0x16f5ef133d0d15b196a778d22bf1ec56f8f37c05,1,630.2592838398112,636.9426751592357,0.06574267160404361,1m_gross_bank_exits,1.2452802676118608,-0.24528026761186084,0.6,1,2026-09-17T00:44:57+00:00
487,0x7772881a615cd2d326ebe0475a78f9d2963074b7,1,630.2592838398112,636.9426751592357,0.06574267160404361,quiet,0.5083362944315335,0.4916637055684665,0.02010278006243692,1,2026-09-17T00:44:57+00:00
487,0x7772881a615cd2d326ebe0475a78f9d2963074b7,1,630.2592838398112,636.9426751592357,0.06574267160404361,1m_gross_bank_exits,1.2452802676118608,-0.24528026761186084,0.6,1,2026-09-17T00:44:57+00:00
488,0xefece720c9517608e4f42c22c5d4d1cf6be160ea,1,630.2592838398112,636.9426751592357,0.06574267160404361,quiet,0.5083362944315335,0.4916637055684665,0.02010278006243692,1,2026-09-17T00:44:57+00:00
488,0xefece720c9517608e4f42c22c5d4d1cf6be160ea,1,630.2592838398112,636.9426751592357,0.06574267160404361,1m_gross_bank_exits,1.2452802676118608,-0.24528026761186084,0.6,1,2026-09-17T00:44:57+00:00
489,0x6dacb7352b4ec1e2b979a05e3cf1f126ad641110,1,630.2592838398112,636.9426751592357,0.06574267160404361,quiet,0.5083362944315335,0.4916637055684665,0.02010278006243692,1,2026-09-17T00:44:57+00:00
489,0x6dacb7352b4ec1e2b979a05e3cf1f126ad641110,1,630.2592838398112,636.9426751592357,0.06574267160404361,1m_gross_bank_exits,1.2452802676118608,-0.24528026761186084,0.6,1,2026-09-17T00:44:57+00:00
490,0xf5b58d6414cea91612e11e0b29259d001b287a5c,1,630.2592838398112,636.9426751592357,0.06574267160404361,quiet,0.5083362944315335,0.4916637055684665,0.02010278006243692,1,2026-09-17T00:44:57+00:00
490,0xf5b58d6414cea91612e11e0b29259d001b287a5c,1,630.2592838398112,636.9426751592357,0.06574267160404361,1m_gross_bank_exits,1.2452802676118608,-0.24528026761186084,0.6,1,2026-09-17T00:44:57+00:00
491,0xd4b4cab5cf150f46448a8b312cf4d96521953c5f,2,1266.0250612739092,1273.8853503184714,0.13205583263212703,quiet,0.5094356789795937,0.49056432102040626,0.02012291049271056,1,2026-09-17T00:44:57+00:00
491,0xd4b4cab5cf150f46448a8b312cf4d96521953c5f,2,1266.0250612739092,1273.8853503184714,0.13205583263212703,1m_gross_bank_exits,1.2479346620458447,-0.2479346620458447,0.6,1,2026-09-17T00:44:57+00:00
492,0xa196e56651f17aa8664787853d0c703bfc85f8b6,1,630.2592838398112,636.9426751592357,0.06574267160404361,quiet,0.5083362944315335,0.4916637055684665,0.02010278006243692,1,2026-09-17T00:44:57+00:00
492,0xa196e56651f17aa8664787853d0c703bfc85f8b6,1,630.2592838398112,636.9426751592357,0.06574267160404361,1m_gross_bank_exits,1.2452802676118608,-0.24528026761186084,0.6,1,2026-09-17T00:44:57+00:00
493,0xd67e3f2575d2afc1dc379c638f2e317f0d30a403,1,630.2592838398112,636.9426751592357,0.06574267160404361,quiet,0.5083362944315335,0.4916637055684665,0.02010278006243692,1,2026-09-17T00:44:57+00:00
493,0xd67e3f2575d2afc1dc379c638f2e317f0d30a403,1,630.2592838398112,636.9426751592357,0.06574267160404361,1m_gross_bank_exits,1.2452802676118608,-0.24528026761186084,0.6,1,2026-09-17T00:44:57+00:00
494,0xd2f2df46b78b39a51b89e00e1354873a0072baf2,1,630.2592838398112,636.9426751592357,0.06574267160404361,quiet,0.5083362944315335,0.4916637055684665,0.02010278006243692,1,2026-09-17T00:44:57+00:00
494,0xd2f2df46b78b39a51b89e00e1354873a0072baf2,1,630.2592838398112,636.9426751592357,0.06574267160404361,1m_gross_bank_exits,1.2452802676118608,-0.24528026761186084,0.6,1,2026-09-17T00:44:57+00:00
495,0x7b4d92ba4e14bae7a5e2c92117ed86e40c0dfaad,1,630.2592838398112,636.9426751592357,0.06574267160404361,quiet,0.5083362944315335,0.4916637055684665,0.02010278006243692,1,2026-09-17T00:44:57+00:00
495,0x7b4d92ba4e14bae7a5e2c92117ed86e40c0dfaad,1,630.2592838398112,636.9426751592357,0.06574267160404361,1m_gross_bank_exits,1.2452802676118608,-0.24528026761186084,0.6,1,2026-09-17T00:44:57+00:00
496,0x562257821731283b842cf689df9941ddbec3a2a5,1,630.2592838398112,636.9426751592357,0.06574267160404361,quiet,0.5083362944315335,0.4916637055684665,0.02010278006243692,1,2026-09-17T00:44:57+00:00
496,0x562257821731283b842cf689df9941ddbec3a2a5,1,630.2592838398112,636.9426751592357,0.06574267160404361,1m_gross_bank_exits,1.2452802676118608,-0.24528026761186084,0.6,1,2026-09-17T00:44:57+00:00
497,0x8a43c0d6dd0ef5a28e22835fcb645930faee2221,1,75630.25928383981,636.9426751592357,7.835738848902815,quiet,0.9920765713343216,0.007923428665678411,0.02452341641658603,1,2026-09-17T00:44:57+00:00
497,0x8a43c0d6dd0ef5a28e22835fcb645930faee2221,1,75630.25928383981,636.9426751592357,7.835738848902815,1m_gross_bank_exits,2.417366264568556,-1.4173662645685559,0.6,1,2026-09-17T00:44:57+00:00
498,0x368564edf8ec2d3cbe8ec3ad265a3207e663b93c,1,630.2592838398112,636.9426751592357,0.06574267160404361,quiet,0.5083362944315335,0.4916637055684665,0.02010278006243692,1,2026-09-17T00:44:57+00:00
498,0x368564edf8ec2d3cbe8ec3ad265a3207e663b93c,1,630.2592838398112,636.9426751592357,0.06574267160404361,1m_gross_bank_exits,1.2452802676118608,-0.24528026761186084,0.6,1,2026-09-17T00:44:57+00:00
499,0x4fbede53b59d1a2ab85f785ad76e1dcd66a1546a,1,630.2592838398112,636.9426751592357,0.06574267160404361,quiet,0.5083362944315335,0.4916637055684665,0.02010278006243692,1,2026-09-17T00:44:57+00:00
499,0x4fbede53b59d1a2ab85f785ad76e1dcd66a1546a,1,630.2592838398112,636.9426751592357,0.06574267160404361,1m_gross_bank_exits,1.2452802676118608,-0.24528026761186084,0.6,1,2026-09-17T00:44:57+00:00
500,0xfa88c88f68fc7a66ccd512a34f7686fded60caf4,1,630.2592838398112,636.9426751592357,0.06574267160404361,quiet,0.5083362944315335,0.4916637055684665,0.02010278006243692,1,2026-09-17T00:44:57+00:00
500,0xfa88c88f68fc7a66ccd512a34f7686fded60caf4,1,630.2592838398112,636.9426751592357,0.06574267160404361,1m_gross_bank_exits,1.2452802676118608,-0.24528026761186084,0.6,1,2026-09-17T00:44:57+00:00
501,0xeed2a31a29f91f3f148235fcc66fad810803d72a,1,75630.25928383981,636.9426751592357,7.835738848902815,quiet,0.9920765713343216,0.007923428665678411,0.02452341641658603,1,2026-09-17T00:44:57+00:00
501,0xeed2a31a29f91f3f148235fcc66fad810803d72a,1,75630.25928383981,636.9426751592357,7.835738848902815,1m_gross_bank_exits,2.417366264568556,-1.4173662645685559,0.6,1,2026-09-17T00:44:57+00:00
502,0xac55c82c06c69a04fea0191c7db172acbcb8d962,1,630.2592838398112,636.9426751592357,0.06574267160404361,quiet,0.5083362944315335,0.4916637055684665,0.02010278006243692,1,2026-09-17T00:44:57+00:00
502,0xac55c82c06c69a04fea0191c7db172acbcb8d962,1,630.2592838398112,636.9426751592357,0.06574267160404361,1m_gross_bank_exits,1.2452802676118608,-0.24528026761186084,0.6,1,2026-09-17T00:44:57+00:00
503,0xf89f3858bc7bac05a83ec284e3e9acdb58bf892a,1,630.2592838398112,636.9426751592357,0.06574267160404361,quiet,0.5083362944315335,0.4916637055684665,0.02010278006243692,1,2026-09-17T00:44:57+00:00
503,0xf89f3858bc7bac05a83ec284e3e9acdb58bf892a,1,630.2592838398112,636.9426751592357,0.06574267160404361,1m_gross_bank_exits,1.2452802676118608,-0.24528026761186084,0.6,1,2026-09-17T00:44:57+00:00
504,0x4215ff771eaac2f330aef6a3714f7ac65fc13a14,1,630.2592838398112,636.9426751592357,0.06574267160404361,quiet,0.5083362944315335,0.4916637055684665,0.02010278006243692,1,2026-09-17T00:44:57+00:00
504,0x4215ff771eaac2f330aef6a3714f7ac65fc13a14,1,630.2592838398112,636.9426751592357,0.06574267160404361,1m_gross_bank_exits,1.2452802676118608,-0.24528026761186084,0.6,1,2026-09-17T00:44:57+00:00
505,0x081ae6f348a7744579d8c097681b920a4f652921,1,630.2592838398112,636.9426751592357,0.06574267160404361,quiet,0.5083362944315335,0.4916637055684665,0.02010278006243692,1,2026-09-17T00:44:57+00:00
505,0x081ae6f348a7744579d8c097681b920a4f652921,1,630.2592838398112,636.9426751592357,0.06574267160404361,1m_gross_bank_exits,1.2452802676118608,-0.24528026761186084,0.6,1,2026-09-17T00:44:57+00:00
506,0x15b383b0e83a1311a006567f6b330fba7ec26d88,1,630.2592838398112,636.9426751592357,0.06574267160404361,quiet,0.5083362944315335,0.4916637055684665,0.02010278006243692,1,2026-09-17T00:44:57+00:00
506,0x15b383b0e83a1311a006567f6b330fba7ec26d88,1,630.2592838398112,636.9426751592357,0.06574267160404361,1m_gross_bank_exits,1.2452802676118608,-0.24528026761186084,0.6,1,2026-09-17T00:44:57+00:00
507,0x29eb182b934780bb25c4656268df4c919225e707,1,630.2592838398112,636.9426751592357,0.06574267160404361,quiet,0.5083362944315335,0.4916637055684665,0.02010278006243692,1,2026-09-17T00:44:57+00:00
507,0x29eb182b934780bb25c4656268df4c919225e707,1,630.2592838398112,636.9426751592357,0.06574267160404361,1m_gross_bank_exits,1.2452802676118608,-0.24528026761186084,0.6,1,2026-09-17T00:44:57+00:00
508,0x78b1094269465e61b08fe6040db5cb754e85a159,2,1263.611808483196,1273.8853503184714,0.1318041272909204,quiet,0.5089588203014701,0.4910411796985299,0.02012286974480509,1,2026-09-17T00:44:57+00:00
508,0x78b1094269465e61b08fe6040db5cb754e85a159,2,1263.611808483196,1273.8853503184714,0.1318041272909204,1m_gross_bank_exits,1.2467666188692137,-0.2467666188692137,0.6,1,2026-09-17T00:44:57+00:00
509,0x1134a3f2e7294da81b2e685a767ca001d38421a4,1,630.2592838398112,636.9426751592357,0.06574267160404361,quiet,0.5083362944315335,0.4916637055684665,0.02010278006243692,1,2026-09-17T00:44:57+00:00
509,0x1134a3f2e7294da81b2e685a767ca001d38421a4,1,630.2592838398112,636.9426751592357,0.06574267160404361,1m_gross_bank_exits,1.2452802676118608,-0.24528026761186084,0.6,1,2026-09-17T00:44:57+00:00
510,0xe8b67e168d63cef3bcfd9c79958e33f14d29db5d,1,12526.52928383981,636.9426751592357,1.3058242881597606,quiet,0.9536198597631504,0.046380140236849554,0.020368562418463382,1,2026-09-17T00:44:57+00:00
510,0xe8b67e168d63cef3bcfd9c79958e33f14d29db5d,1,12526.52928383981,636.9426751592357,1.3058242881597606,1m_gross_bank_exits,2.3351575360427095,-1.3351575360427095,0.6,1,2026-09-17T00:44:57+00:00
511,0xe6f1dd0f7d5759f54e4c29233bc27ea0dea25df2,1,630.2592838398112,636.9426751592357,0.06574267160404361,quiet,0.5083362944315335,0.4916637055684665,0.02010278006243692,1,2026-09-17T00:44:57+00:00
511,0xe6f1dd0f7d5759f54e4c29233bc27ea0dea25df2,1,630.2592838398112,636.9426751592357,0.06574267160404361,1m_gross_bank_exits,1.2452802676118608,-0.24528026761186084,0.6,1,2026-09-17T00:44:57+00:00
512,0x274e17b48d47291aae7f98e86e49f364c5b5e80c,1,630.2592838398112,636.9426751592357,0.06574267160404361,quiet,0.5083362944315335,0.4916637055684665,0.02010278006243692,1,2026-09-17T00:44:57+00:00
512,0x274e17b48d47291aae7f98e86e49f364c5b5e80c,1,630.2592838398112,636.9426751592357,0.06574267160404361,1m_gross_bank_exits,1.2452802676118608,-0.24528026761186084,0.6,1,2026-09-17T00:44:57+00:00
513,0xeaa47b3b3924b74be62cc2ce54947375be4aeece,1,630.2592838398112,636.9426751592357,0.06574267160404361,quiet,0.5083362944315335,0.4916637055684665,0.02010278006243692,1,2026-09-17T00:44:57+00:00
513,0xeaa47b3b3924b74be62cc2ce54947375be4aeece,1,630.2592838398112,636.9426751592357,0.06574267160404361,1m_gross_bank_exits,1.2452802676118608,-0.24528026761186084,0.6,1,2026-09-17T00:44:57+00:00
514,0x0cc7cedb0935ceab0b4a6b38ee7dcfd403b19a7b,1,630.2592838398112,636.9426751592357,0.06574267160404361,quiet,0.5083362944315335,0.4916637055684665,0.02010278006243692,1,2026-09-17T00:44:57+00:00
514,0x0cc7cedb0935ceab0b4a6b38ee7dcfd403b19a7b,1,630.2592838398112,636.9426751592357,0.06574267160404361,1m_gross_bank_exits,1.2452802676118608,-0.24528026761186084,0.6,1,2026-09-17T00:44:57+00:00
515,0x73c121d572e065c8b6fa6acec6b40deffb62e1df,1,630.2592838398112,636.9426751592357,0.06574267160404361,quiet,0.5083362944315335,0.4916637055684665,0.02010278006243692,1,2026-09-17T00:44:57+00:00
515,0x73c121d572e065c8b6fa6acec6b40deffb62e1df,1,630.2592838398112,636.9426751592357,0.06574267160404361,1m_gross_bank_exits,1.2452802676118608,-0.24528026761186084,0.6,1,2026-09-17T00:44:57+00:00
516,0x5c3988600c9ba447b46b8ae85c387813aa277a0b,1,630.2592838398112,636.9426751592357,0.06574267160404361,quiet,0.5083362944315335,0.4916637055684665,0.02010278006243692,1,2026-09-17T00:44:57+00:00
516,0x5c3988600c9ba447b46b8ae85c387813aa277a0b,1,630.2592838398112,636.9426751592357,0.06574267160404361,1m_gross_bank_exits,1.2452802676118608,-0.24528026761186084,0.6,1,2026-09-17T00:44:57+00:00
517,0x8889bc01df9b009612e25003eba5d07678dc18ad,1,630.2592838398112,636.9426751592357,0.06574267160404361,quiet,0.5083362944315335,0.4916637055684665,0.02010278006243692,1,2026-09-17T00:44:57+00:00
517,0x8889bc01df9b009612e25003eba5d07678dc18ad,1,630.2592838398112,636.9426751592357,0.06574267160404361,1m_gross_bank_exits,1.2452802676118608,-0.24528026761186084,0.6,1,2026-09-17T00:44:57+00:00
518,0xb6208c566dd5dc1a0b8f3f3693eb3f453a23b704,1,630.2592838398112,636.9426751592357,0.06574267160404361,quiet,0.5083362944315335,0.4916637055684665,0.02010278006243692,1,2026-09-17T00:44:57+00:00
518,0xb6208c566dd5dc1a0b8f3f3693eb3f453a23b704,1,630.2592838398112,636.9426751592357,0.06574267160404361,1m_gross_bank_exits,1.2452802676118608,-0.24528026761186084,0.6,1,2026-09-17T00:44:57+00:00
519,0x6c5ddef2b7afc9da2df85927dc9b20935db72445,1,630.2592838398112,636.9426751592357,0.06574267160404361,quiet,0.5083362944315335,0.4916637055684665,0.02010278006243692,1,2026-09-17T00:44:57+00:00
519,0x6c5ddef2b7afc9da2df85927dc9b20935db72445,1,630.2592838398112,636.9426751592357,0.06574267160404361,1m_gross_bank_exits,1.2452802676118608,-0.24528026761186084,0.6,1,2026-09-17T00:44:57+00:00
520,0x37fc9c542e03c3667ce0190addfacf1b4a9b95f9,1,630.2592838398112,636.9426751592357,0.06574267160404361,quiet,0.5083362944315335,0.4916637055684665,0.02010278006243692,1,2026-09-17T00:44:57+00:00
520,0x37fc9c542e03c3667ce0190addfacf1b4a9b95f9,1,630.2592838398112,636.9426751592357,0.06574267160404361,1m_gross_bank_exits,1.2452802676118608,-0.24528026761186084,0.6,1,2026-09-17T00:44:57+00:00
521,0x331c2d90b33ff2c39ee1680613b3b2ef98167321,1,630.2592838398112,636.9426751592357,0.06574267160404361,quiet,0.5083362944315335,0.4916637055684665,0.02010278006243692,1,2026-09-17T00:44:57+00:00
521,0x331c2d90b33ff2c39ee1680613b3b2ef98167321,1,630.2592838398112,636.9426751592357,0.06574267160404361,1m_gross_bank_exits,1.2452802676118608,-0.24528026761186084,0.6,1,2026-09-17T00:44:57+00:00
522,0x6a19891e91a3d4d690cc8f9627290d25bfd34df6,1,630.2592838398112,636.9426751592357,0.06574267160404361,quiet,0.5083362944315335,0.4916637055684665,0.02010278006243692,1,2026-09-17T00:44:57+00:00
522,0x6a19891e91a3d4d690cc8f9627290d25bfd34df6,1,630.2592838398112,636.9426751592357,0.06574267160404361,1m_gross_bank_exits,1.2452802676118608,-0.24528026761186084,0.6,1,2026-09-17T00:44:57+00:00
523,0xd852e3a7a2abca6aecd0fa39147851ae96eba5d7,1,630.2592838398112,636.9426751592357,0.06574267160404361,quiet,0.5083362944315335,0.4916637055684665,0.02010278006243692,1,2026-09-17T00:44:57+00:00
523,0xd852e3a7a2abca6aecd0fa39147851ae96eba5d7,1,630.2592838398112,636.9426751592357,0.06574267160404361,1m_gross_bank_exits,1.2452802676118608,-0.24528026761186084,0.6,1,2026-09-17T00:44:57+00:00
524,0x1ad100e8be129e5d4c0409eaae0d4c71c2798d7e,1,630.2592838398112,636.9426751592357,0.06574267160404361,quiet,0.5083362944315335,0.4916637055684665,0.02010278006243692,1,2026-09-17T00:44:57+00:00
524,0x1ad100e8be129e5d4c0409eaae0d4c71c2798d7e,1,630.2592838398112,636.9426751592357,0.06574267160404361,1m_gross_bank_exits,1.2452802676118608,-0.24528026761186084,0.6,1,2026-09-17T00:44:57+00:00
525,0x03fdef14113ffce886a4b61fa08a0c747e87aa96,1,630.2592838398112,636.9426751592357,0.06574267160404361,quiet,0.5083362944315335,0.4916637055684665,0.02010278006243692,1,2026-09-17T00:44:57+00:00
525,0x03fdef14113ffce886a4b61fa08a0c747e87aa96,1,630.2592838398112,636.9426751592357,0.06574267160404361,1m_gross_bank_exits,1.2452802676118608,-0.24528026761186084,0.6,1,2026-09-17T00:44:57+00:00
526,0x2f349213e8af54948491a98a1f863705709560c3,1,630.2592838398112,636.9426751592357,0.06574267160404361,quiet,0.5083362944315335,0.4916637055684665,0.02010278006243692,1,2026-09-17T00:44:57+00:00
526,0x2f349213e8af54948491a98a1f863705709560c3,1,630.2592838398112,636.9426751592357,0.06574267160404361,1m_gross_bank_exits,1.2452802676118608,-0.24528026761186084,0.6,1,2026-09-17T00:44:57+00:00
527,0x57f1d3ae3f15e79dd826024ec52b4d858e907e22,1,630.2592838398112,636.9426751592357,0.06574267160404361,quiet,0.5083362944315335,0.4916637055684665,0.02010278006243692,1,2026-09-17T00:44:57+00:00
527,0x57f1d3ae3f15e79dd826024ec52b4d858e907e22,1,630.2592838398112,636.9426751592357,0.06574267160404361,1m_gross_bank_exits,1.2452802676118608,-0.24528026761186084,0.6,1,2026-09-17T00:44:57+00:00
528,0x80309764a42938530161b5d1cb770d26c88ac25f,1,630.2592838398112,636.9426751592357,0.06574267160404361,quiet,0.5083362944315335,0.4916637055684665,0.02010278006243692,1,2026-09-17T00:44:57+00:00
528,0x80309764a42938530161b5d1cb770d26c88ac25f,1,630.2592838398112,636.9426751592357,0.06574267160404361,1m_gross_bank_exits,1.2452802676118608,-0.24528026761186084,0.6,1,2026-09-17T00:44:57+00:00
529,0x4ba3a02216257d8894eb05f951d1a5771c433209,1,630.2592838398112,636.9426751592357,0.06574267160404361,quiet,0.5083362944315335,0.4916637055684665,0.02010278006243692,1,2026-09-17T00:44:57+00:00
529,0x4ba3a02216257d8894eb05f951d1a5771c433209,1,630.2592838398112,636.9426751592357,0.06574267160404361,1m_gross_bank_exits,1.2452802676118608,-0.24528026761186084,0.6,1,2026-09-17T00:44:57+00:00
530,0xd278a8fb0d4e0e2fbee287e376d78363c3512797,1,630.2592838398112,636.9426751592357,0.06574267160404361,quiet,0.5083362944315335,0.4916637055684665,0.02010278006243692,1,2026-09-17T00:44:57+00:00
530,0xd278a8fb0d4e0e2fbee287e376d78363c3512797,1,630.2592838398112,636.9426751592357,0.06574267160404361,1m_gross_bank_exits,1.2452802676118608,-0.24528026761186084,0.6,1,2026-09-17T00:44:57+00:00
531,0x82cdfae1145e901e7957c1faedfe3d65630c1739,1,630.2592838398112,636.9426751592357,0.06574267160404361,quiet,0.5083362944315335,0.4916637055684665,0.02010278006243692,1,2026-09-17T00:44:57+00:00
531,0x82cdfae1145e901e7957c1faedfe3d65630c1739,1,630.2592838398112,636.9426751592357,0.06574267160404361,1m_gross_bank_exits,1.2452802676118608,-0.24528026761186084,0.6,1,2026-09-17T00:44:57+00:00
532,0x38569ee70e53e8c0ad541600167778ffa458a41c,1,630.2592838398112,636.9426751592357,0.06574267160404361,quiet,0.5083362944315335,0.4916637055684665,0.02010278006243692,1,2026-09-17T00:44:57+00:00
532,0x38569ee70e53e8c0ad541600167778ffa458a41c,1,630.2592838398112,636.9426751592357,0.06574267160404361,1m_gross_bank_exits,1.2452802676118608,-0.24528026761186084,0.6,1,2026-09-17T00:44:57+00:00
533,0x8784b8a05eb5148168c6adbda44cf2e530d25dce,1,630.2592838398112,636.9426751592357,0.06574267160404361,quiet,0.5083362944315335,0.4916637055684665,0.02010278006243692,1,2026-09-17T00:44:57+00:00
533,0x8784b8a05eb5148168c6adbda44cf2e530d25dce,1,630.2592838398112,636.9426751592357,0.06574267160404361,1m_gross_bank_exits,1.2452802676118608,-0.24528026761186084,0.6,1,2026-09-17T00:44:57+00:00
534,0x22a08747cc31ae9f6ba316f3dcaf96d9a4ff94a4,1,630.2592838398112,636.9426751592357,0.06574267160404361,quiet,0.5083362944315335,0.4916637055684665,0.02010278006243692,1,2026-09-17T00:44:57+00:00
534,0x22a08747cc31ae9f6ba316f3dcaf96d9a4ff94a4,1,630.2592838398112,636.9426751592357,0.06574267160404361,1m_gross_bank_exits,1.2452802676118608,-0.24528026761186084,0.6,1,2026-09-17T00:44:57+00:00
535,0x367f96e0d84dfcae22109c4c7bf84c225ecb7d85,1,630.2592838398112,636.9426751592357,0.06574267160404361,quiet,0.5083362944315335,0.4916637055684665,0.02010278006243692,1,2026-09-17T00:44:57+00:00
535,0x367f96e0d84dfcae22109c4c7bf84c225ecb7d85,1,630.2592838398112,636.9426751592357,0.06574267160404361,1m_gross_bank_exits,1.2452802676118608,-0.24528026761186084,0.6,1,2026-09-17T00:44:57+00:00
536,0xa0ca7867d1a314bcad3a06bda01de57ff1b9f763,1,630.2592838398112,636.9426751592357,0.06574267160404361,quiet,0.5083362944315335,0.4916637055684665,0.02010278006243692,1,2026-09-17T00:44:57+00:00
536,0xa0ca7867d1a314bcad3a06bda01de57ff1b9f763,1,630.2592838398112,636.9426751592357,0.06574267160404361,1m_gross_bank_exits,1.2452802676118608,-0.24528026761186084,0.6,1,2026-09-17T00:44:57+00:00
537,0x73e8894934f7c915126104979b957a62ba7151be,1,630.2592838398112,636.9426751592357,0.06574267160404361,quiet,0.5083362944315335,0.4916637055684665,0.02010278006243692,1,2026-09-17T00:44:57+00:00
537,0x73e8894934f7c915126104979b957a62ba7151be,1,630.2592838398112,636.9426751592357,0.06574267160404361,1m_gross_bank_exits,1.2452802676118608,-0.24528026761186084,0.6,1,2026-09-17T00:44:57+00:00
538,0x246aef5a65273cf57a2246998b5bcfe6eb4c4f06,1,630.2592838398112,636.9426751592357,0.06574267160404361,quiet,0.5083362944315335,0.4916637055684665,0.02010278006243692,1,2026-09-17T00:44:57+00:00
538,0x246aef5a65273cf57a2246998b5bcfe6eb4c4f06,1,630.2592838398112,636.9426751592357,0.06574267160404361,1m_gross_bank_exits,1.2452802676118608,-0.24528026761186084,0.6,1,2026-09-17T00:44:57+00:00
539,0x730aba725664974efb753ee72ca789541c733db4,1,630.2592838398112,636.9426751592357,0.06574267160404361,quiet,0.5083362944315335,0.4916637055684665,0.02010278006243692,1,2026-09-17T00:44:57+00:00
539,0x730aba725664974efb753ee72ca789541c733db4,1,630.2592838398112,636.9426751592357,0.06574267160404361,1m_gross_bank_exits,1.2452802676118608,-0.24528026761186084,0.6,1,2026-09-17T00:44:57+00:00
540,0x17e06ce6914e3969f7bd37d8b2a563890ca1c96e,1,630.2592838398112,636.9426751592357,0.06574267160404361,quiet,0.5083362944315335,0.4916637055684665,0.02010278006243692,1,2026-09-17T00:44:57+00:00
540,0x17e06ce6914e3969f7bd37d8b2a563890ca1c96e,1,630.2592838398112,636.9426751592357,0.06574267160404361,1m_gross_bank_exits,1.2452802676118608,-0.24528026761186084,0.6,1,2026-09-17T00:44:57+00:00
541,0x571ab376630ffa5ab4c840a29582a2093101da0e,1,630.2592838398112,636.9426751592357,0.06574267160404361,quiet,0.5083362944315335,0.4916637055684665,0.02010278006243692,1,2026-09-17T00:44:57+00:00
541,0x571ab376630ffa5ab4c840a29582a2093101da0e,1,630.2592838398112,636.9426751592357,0.06574267160404361,1m_gross_bank_exits,1.2452802676118608,-0.24528026761186084,0.6,1,2026-09-17T00:44:57+00:00
542,0xcb801f51d908dc4e4619b7041cea75b8fb507c2a,1,630.2592838398112,636.9426751592357,0.06574267160404361,quiet,0.5083362944315335,0.4916637055684665,0.02010278006243692,1,2026-09-17T00:44:57+00:00
542,0xcb801f51d908dc4e4619b7041cea75b8fb507c2a,1,630.2592838398112,636.9426751592357,0.06574267160404361,1m_gross_bank_exits,1.2452802676118608,-0.24528026761186084,0.6,1,2026-09-17T00:44:57+00:00
543,0x0f7bb3f834da82b16d1e68d38d15b69d72e63963,1,630.2592838398112,636.9426751592357,0.06574267160404361,quiet,0.5083362944315335,0.4916637055684665,0.02010278006243692,1,2026-09-17T00:44:57+00:00
543,0x0f7bb3f834da82b16d1e68d38d15b69d72e63963,1,630.2592838398112,636.9426751592357,0.06574267160404361,1m_gross_bank_exits,1.2452802676118608,-0.24528026761186084,0.6,1,2026-09-17T00:44:57+00:00
544,0x5e765c6a318502ff2f6ef0d951e84f8dae7fa3c9,1,630.2592838398112,636.9426751592357,0.06574267160404361,quiet,0.5083362944315335,0.4916637055684665,0.02010278006243692,1,2026-09-17T00:44:57+00:00
544,0x5e765c6a318502ff2f6ef0d951e84f8dae7fa3c9,1,630.2592838398112,636.9426751592357,0.06574267160404361,1m_gross_bank_exits,1.2452802676118608,-0.24528026761186084,0.6,1,2026-09-17T00:44:57+00:00
545,0x12c0515044c4bcbb9bf5ac43520ba17f6309a519,1,630.2592838398112,636.9426751592357,0.06574267160404361,quiet,0.5083362944315335,0.4916637055684665,0.02010278006243692,1,2026-09-17T00:44:57+00:00
545,0x12c0515044c4bcbb9bf5ac43520ba17f6309a519,1,630.2592838398112,636.9426751592357,0.06574267160404361,1m_gross_bank_exits,1.2452802676118608,-0.24528026761186084,0.6,1,2026-09-17T00:44:57+00:00
546,0xbd04b8b2f23fc0519d9ba4c9091c0ee9d19fbd96,1,630.2592838398112,636.9426751592357,0.06574267160404361,quiet,0.5083362944315335,0.4916637055684665,0.02010278006243692,1,2026-09-17T00:44:57+00:00
546,0xbd04b8b2f23fc0519d9ba4c9091c0ee9d19fbd96,1,630.2592838398112,636.9426751592357,0.06574267160404361,1m_gross_bank_exits,1.2452802676118608,-0.24528026761186084,0.6,1,2026-09-17T00:44:57+00:00
547,0x3c5ff1324749ad0eb866fce9f9085203a6b68dca,1,630.2592838398112,636.9426751592357,0.06574267160404361,quiet,0.5083362944315335,0.4916637055684665,0.02010278006243692,1,2026-09-17T00:44:57+00:00
547,0x3c5ff1324749ad0eb866fce9f9085203a6b68dca,1,630.2592838398112,636.9426751592357,0.06574267160404361,1m_gross_bank_exits,1.2452802676118608,-0.24528026761186084,0.6,1,2026-09-17T00:44:57+00:00
548,0x89636bd66c3082f6e48175d75b9a485df07de77a,1,630.2592838398112,636.9426751592357,0.06574267160404361,quiet,0.5083362944315335,0.4916637055684665,0.02010278006243692,1,2026-09-17T00:44:57+00:00
548,0x89636bd66c3082f6e48175d75b9a485df07de77a,1,630.2592838398112,636.9426751592357,0.06574267160404361,1m_gross_bank_exits,1.2452802676118608,-0.24528026761186084,0.6,1,2026-09-17T00:44:57+00:00
549,0xd4bb7351a9b0d1b236e7523da7a972db4a100f08,2,24315.87985595392,1273.8853503184714,2.5327986499294592,quiet,0.952323591064971,0.047676408935029,0.02082029238274409,1,2026-09-17T00:44:57+00:00
549,0xd4bb7351a9b0d1b236e7523da7a972db4a100f08,2,24315.87985595392,1273.8853503184714,2.5327986499294592,1m_gross_bank_exits,2.330594746853752,-1.3305947468537518,0.6,1,2026-09-17T00:44:57+00:00
550,0xd0d111dbbfed66dbd3543b340d55a45fdb2ad898,1,630.2592838398112,636.9426751592357,0.06574267160404361,quiet,0.5083362944315335,0.4916637055684665,0.02010278006243692,1,2026-09-17T00:44:57+00:00
550,0xd0d111dbbfed66dbd3543b340d55a45fdb2ad898,1,630.2592838398112,636.9426751592357,0.06574267160404361,1m_gross_bank_exits,1.2452802676118608,-0.24528026761186084,0.6,1,2026-09-17T00:44:57+00:00
551,0xca4a093f9ac2600419cd64c2f11b9fc69cb28fba,1,630.2592838398112,636.9426751592357,0.06574267160404361,quiet,0.5083362944315335,0.4916637055684665,0.02010278006243692,1,2026-09-17T00:44:57+00:00
551,0xca4a093f9ac2600419cd64c2f11b9fc69cb28fba,1,630.2592838398112,636.9426751592357,0.06574267160404361,1m_gross_bank_exits,1.2452802676118608,-0.24528026761186084,0.6,1,2026-09-17T00:44:57+00:00
552,0xcf28770b1fe56039c6885ea29b9a836f15e5e8a1,1,630.2592838398112,636.9426751592357,0.06574267160404361,quiet,0.5083362944315335,0.4916637055684665,0.02010278006243692,1,2026-09-17T00:44:57+00:00
552,0xcf28770b1fe56039c6885ea29b9a836f15e5e8a1,1,630.2592838398112,636.9426751592357,0.06574267160404361,1m_gross_bank_exits,1.2452802676118608,-0.24528026761186084,0.6,1,2026-09-17T00:44:57+00:00
553,0x2495b04056334175ff6c38724c79d25b260ddaed,1,630.2592838398112,636.9426751592357,0.06574267160404361,quiet,0.5083362944315335,0.4916637055684665,0.02010278006243692,1,2026-09-17T00:44:57+00:00
553,0x2495b04056334175ff6c38724c79d25b260ddaed,1,630.2592838398112,636.9426751592357,0.06574267160404361,1m_gross_bank_exits,1.2452802676118608,-0.24528026761186084,0.6,1,2026-09-17T00:44:57+00:00
554,0x7ad3c2303655f78594e4f976ddb873aef9322efc,1,630.2592838398112,636.9426751592357,0.06574267160404361,quiet,0.5083362944315335,0.4916637055684665,0.02010278006243692,1,2026-09-17T00:44:57+00:00
554,0x7ad3c2303655f78594e4f976ddb873aef9322efc,1,630.2592838398112,636.9426751592357,0.06574267160404361,1m_gross_bank_exits,1.2452802676118608,-0.24528026761186084,0.6,1,2026-09-17T00:44:57+00:00
555,0xc2b2c36cf33d6cffb562c2ede97e1dcd721a2c1e,1,630.2592838398112,636.9426751592357,0.06574267160404361,quiet,0.5083362944315335,0.4916637055684665,0.02010278006243692,1,2026-09-17T00:44:57+00:00
555,0xc2b2c36cf33d6cffb562c2ede97e1dcd721a2c1e,1,630.2592838398112,636.9426751592357,0.06574267160404361,1m_gross_bank_exits,1.2452802676118608,-0.24528026761186084,0.6,1,2026-09-17T00:44:57+00:00
556,0x02ff33e10a6f6590ce9e1efb56fdfa0ba6b82929,1,630.2592838398112,636.9426751592357,0.06574267160404361,quiet,0.5083362944315335,0.4916637055684665,0.02010278006243692,1,2026-09-17T00:44:57+00:00
556,0x02ff33e10a6f6590ce9e1efb56fdfa0ba6b82929,1,630.2592838398112,636.9426751592357,0.06574267160404361,1m_gross_bank_exits,1.2452802676118608,-0.24528026761186084,0.6,1,2026-09-17T00:44:57+00:00
557,0x64da3d8ecb282a346b4f1642e8bbc759f09729b1,1,630.2592838398112,636.9426751592357,0.06574267160404361,quiet,0.5083362944315335,0.4916637055684665,0.02010278006243692,1,2026-09-17T00:44:57+00:00
557,0x64da3d8ecb282a346b4f1642e8bbc759f09729b1,1,630.2592838398112,636.9426751592357,0.06574267160404361,1m_gross_bank_exits,1.2452802676118608,-0.24528026761186084,0.6,1,2026-09-17T00:44:57+00:00
558,0x38eed3cceed88f380e436eb21811250797c453c5,1,630.2592838398112,636.9426751592357,0.06574267160404361,quiet,0.5083362944315335,0.4916637055684665,0.02010278006243692,1,2026-09-17T00:44:57+00:00
558,0x38eed3cceed88f380e436eb21811250797c453c5,1,630.2592838398112,636.9426751592357,0.06574267160404361,1m_gross_bank_exits,1.2452802676118608,-0.24528026761186084,0.6,1,2026-09-17T00:44:57+00:00
559,0x49969137e321b2bd9d236052db05570c13bd7ea4,1,630.2592838398112,636.9426751592357,0.06574267160404361,quiet,0.5083362944315335,0.4916637055684665,0.02010278006243692,1,2026-09-17T00:44:57+00:00
559,0x49969137e321b2bd9d236052db05570c13bd7ea4,1,630.2592838398112,636.9426751592357,0.06574267160404361,1m_gross_bank_exits,1.2452802676118608,-0.24528026761186084,0.6,1,2026-09-17T00:44:57+00:00
560,0xde3696eb14affdde81e7819f8afab5cbbe0c6cc0,1,630.2592838398112,636.9426751592357,0.06574267160404361,quiet,0.5083362944315335,0.4916637055684665,0.02010278006243692,1,2026-09-17T00:44:57+00:00
560,0xde3696eb14affdde81e7819f8afab5cbbe0c6cc0,1,630.2592838398112,636.9426751592357,0.06574267160404361,1m_gross_bank_exits,1.2452802676118608,-0.24528026761186084,0.6,1,2026-09-17T00:44:57+00:00
561,0x620af09aaf17c1a0197869329741cfe13aeb54f3,1,630.2592838398112,636.9426751592357,0.06574267160404361,quiet,0.5083362944315335,0.4916637055684665,0.02010278006243692,1,2026-09-17T00:44:57+00:00
561,0x620af09aaf17c1a0197869329741cfe13aeb54f3,1,630.2592838398112,636.9426751592357,0.06574267160404361,1m_gross_bank_exits,1.2452802676118608,-0.24528026761186084,0.6,1,2026-09-17T00:44:57+00:00
562,0xa872665807c3c64a63a201ca58f45802784df6c3,1,630.2592838398112,636.9426751592357,0.06574267160404361,quiet,0.5083362944315335,0.4916637055684665,0.02010278006243692,1,2026-09-17T00:44:57+00:00
562,0xa872665807c3c64a63a201ca58f45802784df6c3,1,630.2592838398112,636.9426751592357,0.06574267160404361,1m_gross_bank_exits,1.2452802676118608,-0.24528026761186084,0.6,1,2026-09-17T00:44:57+00:00
563,0x60d2bcfbba4b564dfc62afbbe85a3477bb02b498,1,630.2592838398112,636.9426751592357,0.06574267160404361,quiet,0.5083362944315335,0.4916637055684665,0.02010278006243692,1,2026-09-17T00:44:57+00:00
563,0x60d2bcfbba4b564dfc62afbbe85a3477bb02b498,1,630.2592838398112,636.9426751592357,0.06574267160404361,1m_gross_bank_exits,1.2452802676118608,-0.24528026761186084,0.6,1,2026-09-17T00:44:57+00:00
564,0x81fff1465715ae2e7c5c0b7db373e376d74e60cd,1,630.2592838398112,636.9426751592357,0.06574267160404361,quiet,0.5083362944315335,0.4916637055684665,0.02010278006243692,1,2026-09-17T00:44:57+00:00
564,0x81fff1465715ae2e7c5c0b7db373e376d74e60cd,1,630.2592838398112,636.9426751592357,0.06574267160404361,1m_gross_bank_exits,1.2452802676118608,-0.24528026761186084,0.6,1,2026-09-17T00:44:57+00:00
565,0xc1ac9afb8b8a38d3a2e96ed32feb354165f900b4,1,630.2592838398112,636.9426751592357,0.06574267160404361,quiet,0.5083362944315335,0.4916637055684665,0.02010278006243692,1,2026-09-17T00:44:57+00:00
565,0xc1ac9afb8b8a38d3a2e96ed32feb354165f900b4,1,630.2592838398112,636.9426751592357,0.06574267160404361,1m_gross_bank_exits,1.2452802676118608,-0.24528026761186084,0.6,1,2026-09-17T00:44:57+00:00
566,0x1a3485cde0fd2325024d82a613c6b10cbeb86f3f,1,630.2592838398112,636.9426751592357,0.06574267160404361,quiet,0.5083362944315335,0.4916637055684665,0.02010278006243692,1,2026-09-17T00:44:57+00:00
566,0x1a3485cde0fd2325024d82a613c6b10cbeb86f3f,1,630.2592838398112,636.9426751592357,0.06574267160404361,1m_gross_bank_exits,1.2452802676118608,-0.24528026761186084,0.6,1,2026-09-17T00:44:57+00:00
567,0xa72d7c8f5569ccbdcea8fcdcc50bf6c34618011d,1,630.2592838398112,636.9426751592357,0.06574267160404361,quiet,0.5083362944315335,0.4916637055684665,0.02010278006243692,1,2026-09-17T00:44:57+00:00
567,0xa72d7c8f5569ccbdcea8fcdcc50bf6c34618011d,1,630.2592838398112,636.9426751592357,0.06574267160404361,1m_gross_bank_exits,1.2452802676118608,-0.24528026761186084,0.6,1,2026-09-17T00:44:57+00:00
568,0xb893ae8a1824604f6df4dfde52e2754921ba1a73,1,630.2592838398112,636.9426751592357,0.06574267160404361,quiet,0.5083362944315335,0.4916637055684665,0.02010278006243692,1,2026-09-17T00:44:57+00:00
568,0xb893ae8a1824604f6df4dfde52e2754921ba1a73,1,630.2592838398112,636.9426751592357,0.06574267160404361,1m_gross_bank_exits,1.2452802676118608,-0.24528026761186084,0.6,1,2026-09-17T00:44:57+00:00
569,0x8f2df56bcecb03e9118a8c78b454e7ecf1592872,1,630.2592838398112,636.9426751592357,0.06574267160404361,quiet,0.5083362944315335,0.4916637055684665,0.02010278006243692,1,2026-09-17T00:44:57+00:00
569,0x8f2df56bcecb03e9118a8c78b454e7ecf1592872,1,630.2592838398112,636.9426751592357,0.06574267160404361,1m_gross_bank_exits,1.2452802676118608,-0.24528026761186084,0.6,1,2026-09-17T00:44:57+00:00
570,0x253fac550bae1ee9b4680b3735dc38a3f6ecd600,1,630.2592838398112,636.9426751592357,0.06574267160404361,quiet,0.5083362944315335,0.4916637055684665,0.02010278006243692,1,2026-09-17T00:44:57+00:00
570,0x253fac550bae1ee9b4680b3735dc38a3f6ecd600,1,630.2592838398112,636.9426751592357,0.06574267160404361,1m_gross_bank_exits,1.2452802676118608,-0.24528026761186084,0.6,1,2026-09-17T00:44:57+00:00
571,0x0052830c57696794e3999ed44dd2bb20d286a19b,1,630.2592838398112,636.9426751592357,0.06574267160404361,quiet,0.5083362944315335,0.4916637055684665,0.02010278006243692,1,2026-09-17T00:44:57+00:00
571,0x0052830c57696794e3999ed44dd2bb20d286a19b,1,630.2592838398112,636.9426751592357,0.06574267160404361,1m_gross_bank_exits,1.2452802676118608,-0.24528026761186084,0.6,1,2026-09-17T00:44:57+00:00
572,0xf88eade6a90e32c869bd12bcc0071dc42ab77529,1,630.2592838398112,636.9426751592357,0.06574267160404361,quiet,0.5083362944315335,0.4916637055684665,0.02010278006243692,1,2026-09-17T00:44:57+00:00
572,0xf88eade6a90e32c869bd12bcc0071dc42ab77529,1,630.2592838398112,636.9426751592357,0.06574267160404361,1m_gross_bank_exits,1.2452802676118608,-0.24528026761186084,0.6,1,2026-09-17T00:44:57+00:00
573,0x1bb3ea2b525feee67271778336b8b9b813273d5e,1,630.2592838398112,636.9426751592357,0.06574267160404361,quiet,0.5083362944315335,0.4916637055684665,0.02010278006243692,1,2026-09-17T00:44:57+00:00
573,0x1bb3ea2b525feee67271778336b8b9b813273d5e,1,630.2592838398112,636.9426751592357,0.06574267160404361,1m_gross_bank_exits,1.2452802676118608,-0.24528026761186084,0.6,1,2026-09-17T00:44:57+00:00
574,0xfa4fc4ec2f81a4897743c5b4f45907c02ce06199,1,630.2592838398112,636.9426751592357,0.06574267160404361,quiet,0.5083362944315335,0.4916637055684665,0.02010278006243692,1,2026-09-17T00:44:57+00:00
574,0xfa4fc4ec2f81a4897743c5b4f45907c02ce06199,1,630.2592838398112,636.9426751592357,0.06574267160404361,1m_gross_bank_exits,1.2452802676118608,-0.24528026761186084,0.6,1,2026-09-17T00:44:57+00:00
575,0x3d280fde2ddb59323c891cf30995e1862510342f,1,630.2592838398112,636.9426751592357,0.06574267160404361,quiet,0.5083362944315335,0.4916637055684665,0.02010278006243692,1,2026-09-17T00:44:57+00:00
575,0x3d280fde2ddb59323c891cf30995e1862510342f,1,630.2592838398112,636.9426751592357,0.06574267160404361,1m_gross_bank_exits,1.2452802676118608,-0.24528026761186084,0.6,1,2026-09-17T00:44:57+00:00
576,0xe1630a14d63e023cfddd6e798cd9e5ae54030bd7,1,630.2592838398112,636.9426751592357,0.06574267160404361,quiet,0.5083362944315335,0.4916637055684665,0.02010278006243692,1,2026-09-17T00:44:57+00:00
576,0xe1630a14d63e023cfddd6e798cd9e5ae54030bd7,1,630.2592838398112,636.9426751592357,0.06574267160404361,1m_gross_bank_exits,1.2452802676118608,-0.24528026761186084,0.6,1,2026-09-17T00:44:57+00:00
577,0xd7cd8ab6b86af09a870e0eeaa46665e546c03a70,1,630.2592838398112,636.9426751592357,0.06574267160404361,quiet,0.5083362944315335,0.4916637055684665,0.02010278006243692,1,2026-09-17T00:44:57+00:00
577,0xd7cd8ab6b86af09a870e0eeaa46665e546c03a70,1,630.2592838398112,636.9426751592357,0.06574267160404361,1m_gross_bank_exits,1.2452802676118608,-0.24528026761186084,0.6,1,2026-09-17T00:44:57+00:00
578,0xba09a1033f821f034253ef89ec837361baa47508,1,630.2592838398112,636.9426751592357,0.06574267160404361,quiet,0.5083362944315335,0.4916637055684665,0.02010278006243692,1,2026-09-17T00:44:57+00:00
578,0xba09a1033f821f034253ef89ec837361baa47508,1,630.2592838398112,636.9426751592357,0.06574267160404361,1m_gross_bank_exits,1.2452802676118608,-0.24528026761186084,0.6,1,2026-09-17T00:44:57+00:00
579,0xf233070d385a411cd374539a118120e5c59bd76f,1,630.2592838398112,636.9426751592357,0.06574267160404361,quiet,0.5083362944315335,0.4916637055684665,0.02010278006243692,1,2026-09-17T00:44:57+00:00
579,0xf233070d385a411cd374539a118120e5c59bd76f,1,630.2592838398112,636.9426751592357,0.06574267160404361,1m_gross_bank_exits,1.2452802676118608,-0.24528026761186084,0.6,1,2026-09-17T00:44:57+00:00
580,0x73be99a9feb67c2789657f324bf807e9d37a39f8,1,630.2592838398112,636.9426751592357,0.06574267160404361,quiet,0.5083362944315335,0.4916637055684665,0.02010278006243692,1,2026-09-17T00:44:57+00:00
580,0x73be99a9feb67c2789657f324bf807e9d37a39f8,1,630.2592838398112,636.9426751592357,0.06574267160404361,1m_gross_bank_exits,1.2452802676118608,-0.24528026761186084,0.6,1,2026-09-17T00:44:57+00:00
581,0xf9e93ab726f1f45aba88d1fc7c90b96df3b1553b,1,630.2592838398112,636.9426751592357,0.06574267160404361,quiet,0.5083362944315335,0.4916637055684665,0.02010278006243692,1,2026-09-17T00:44:57+00:00
581,0xf9e93ab726f1f45aba88d1fc7c90b96df3b1553b,1,630.2592838398112,636.9426751592357,0.06574267160404361,1m_gross_bank_exits,1.2452802676118608,-0.24528026761186084,0.6,1,2026-09-17T00:44:57+00:00
582,0xfc4644b26895482ff1409b6c9854825a55510691,1,630.2592838398112,636.9426751592357,0.06574267160404361,quiet,0.5083362944315335,0.4916637055684665,0.02010278006243692,1,2026-09-17T00:44:57+00:00
582,0xfc4644b26895482ff1409b6c9854825a55510691,1,630.2592838398112,636.9426751592357,0.06574267160404361,1m_gross_bank_exits,1.2452802676118608,-0.24528026761186084,0.6,1,2026-09-17T00:44:57+00:00
583,0x020ca66c30bec2c4fe3861a94e4db4a498a35872,1,630.2592838398112,636.9426751592357,0.06574267160404361,quiet,0.5083362944315335,0.4916637055684665,0.02010278006243692,1,2026-09-17T00:44:57+00:00
583,0x020ca66c30bec2c4fe3861a94e4db4a498a35872,1,630.2592838398112,636.9426751592357,0.06574267160404361,1m_gross_bank_exits,1.2452802676118608,-0.24528026761186084,0.6,1,2026-09-17T00:44:57+00:00
584,0xd4e09a5954fd42776412aa5008579eb97bc8e85c,1,630.2592838398112,636.9426751592357,0.06574267160404361,quiet,0.5083362944315335,0.4916637055684665,0.02010278006243692,1,2026-09-17T00:44:57+00:00
584,0xd4e09a5954fd42776412aa5008579eb97bc8e85c,1,630.2592838398112,636.9426751592357,0.06574267160404361,1m_gross_bank_exits,1.2452802676118608,-0.24528026761186084,0.6,1,2026-09-17T00:44:57+00:00
585,0x402d3b1c719cf774bfea238842a7226521058ef9,1,630.2592838398112,636.9426751592357,0.06574267160404361,quiet,0.5083362944315335,0.4916637055684665,0.02010278006243692,1,2026-09-17T00:44:57+00:00
585,0x402d3b1c719cf774bfea238842a7226521058ef9,1,630.2592838398112,636.9426751592357,0.06574267160404361,1m_gross_bank_exits,1.2452802676118608,-0.24528026761186084,0.6,1,2026-09-17T00:44:57+00:00
586,0x22d1ae11a87f347359a5203582f03d8f071775f8,1,630.2592838398112,636.9426751592357,0.06574267160404361,quiet,0.5083362944315335,0.4916637055684665,0.02010278006243692,1,2026-09-17T00:44:57+00:00
586,0x22d1ae11a87f347359a5203582f03d8f071775f8,1,630.2592838398112,636.9426751592357,0.06574267160404361,1m_gross_bank_exits,1.2452802676118608,-0.24528026761186084,0.6,1,2026-09-17T00:44:57+00:00
587,0xf738c713454b901d9a12387b36b9b6f3128da675,1,630.2592838398112,636.9426751592357,0.06574267160404361,quiet,0.5083362944315335,0.4916637055684665,0.02010278006243692,1,2026-09-17T00:44:57+00:00
587,0xf738c713454b901d9a12387b36b9b6f3128da675,1,630.2592838398112,636.9426751592357,0.06574267160404361,1m_gross_bank_exits,1.2452802676118608,-0.24528026761186084,0.6,1,2026-09-17T00:44:57+00:00
588,0x122d6128e43bce5c0bbb49e672b7b4b170968fec,1,630.2592838398112,636.9426751592357,0.06574267160404361,quiet,0.5083362944315335,0.4916637055684665,0.02010278006243692,1,2026-09-17T00:44:57+00:00
588,0x122d6128e43bce5c0bbb49e672b7b4b170968fec,1,630.2592838398112,636.9426751592357,0.06574267160404361,1m_gross_bank_exits,1.2452802676118608,-0.24528026761186084,0.6,1,2026-09-17T00:44:57+00:00
589,0xcfb7698154899ae6c5913989f4833d4912b45fb6,1,630.2592838398112,636.9426751592357,0.06574267160404361,quiet,0.5083362944315335,0.4916637055684665,0.02010278006243692,1,2026-09-17T00:44:57+00:00
589,0xcfb7698154899ae6c5913989f4833d4912b45fb6,1,630.2592838398112,636.9426751592357,0.06574267160404361,1m_gross_bank_exits,1.2452802676118608,-0.24528026761186084,0.6,1,2026-09-17T00:44:57+00:00
590,0x297acf78b7fa38832ee65831a502db71ad7e7dac,1,630.2592838398112,636.9426751592357,0.06574267160404361,quiet,0.5083362944315335,0.4916637055684665,0.02010278006243692,1,2026-09-17T00:44:57+00:00
590,0x297acf78b7fa38832ee65831a502db71ad7e7dac,1,630.2592838398112,636.9426751592357,0.06574267160404361,1m_gross_bank_exits,1.2452802676118608,-0.24528026761186084,0.6,1,2026-09-17T00:44:57+00:00
591,0x3607d3ced00c72f71b1798dd624d68104d0168c1,1,630.2592838398112,636.9426751592357,0.06574267160404361,quiet,0.5083362944315335,0.4916637055684665,0.02010278006243692,1,2026-09-17T00:44:57+00:00
591,0x3607d3ced00c72f71b1798dd624d68104d0168c1,1,630.2592838398112,636.9426751592357,0.06574267160404361,1m_gross_bank_exits,1.2452802676118608,-0.24528026761186084,0.6,1,2026-09-17T00:44:57+00:00
592,0xa6a279ae513d06acd243eba5406e3cebed342fb8,1,15183.959283839811,636.9426751592357,1.5825879602293342,quiet,0.9614306133631187,0.03856938663688125,0.02045036555640885,1,2026-09-17T00:44:57+00:00
592,0xa6a279ae513d06acd243eba5406e3cebed342fb8,1,15183.959283839811,636.9426751592357,1.5825879602293342,1m_gross_bank_exits,2.3540180883972823,-1.3540180883972823,0.6,1,2026-09-17T00:44:57+00:00
593,0xd92dfb13788ca3aafd571304c1342b42220644f9,1,630.2592838398112,636.9426751592357,0.06574267160404361,quiet,0.5083362944315335,0.4916637055684665,0.02010278006243692,1,2026-09-17T00:44:57+00:00
593,0xd92dfb13788ca3aafd571304c1342b42220644f9,1,630.2592838398112,636.9426751592357,0.06574267160404361,1m_gross_bank_exits,1.2452802676118608,-0.24528026761186084,0.6,1,2026-09-17T00:44:57+00:00
594,0x4a69b81a2cbeb3581c61d5087484fbda2ed39605,1,630.2592838398112,636.9426751592357,0.06574267160404361,quiet,0.5083362944315335,0.4916637055684665,0.02010278006243692,1,2026-09-17T00:44:57+00:00
594,0x4a69b81a2cbeb3581c61d5087484fbda2ed39605,1,630.2592838398112,636.9426751592357,0.06574267160404361,1m_gross_bank_exits,1.2452802676118608,-0.24528026761186084,0.6,1,2026-09-17T00:44:57+00:00
595,0xa2fa4e9f762dfdd5d5bdd2689ebd42b95927eb83,1,630.2592838398112,636.9426751592357,0.06574267160404361,quiet,0.5083362944315335,0.4916637055684665,0.02010278006243692,1,2026-09-17T00:44:57+00:00
595,0xa2fa4e9f762dfdd5d5bdd2689ebd42b95927eb83,1,630.2592838398112,636.9426751592357,0.06574267160404361,1m_gross_bank_exits,1.2452802676118608,-0.24528026761186084,0.6,1,2026-09-17T00:44:57+00:00
596,0xcc6712a50951378507387239832b0c4d290b5754,1,630.2592838398112,636.9426751592357,0.06574267160404361,quiet,0.5083362944315335,0.4916637055684665,0.02010278006243692,1,2026-09-17T00:44:57+00:00
596,0xcc6712a50951378507387239832b0c4d290b5754,1,630.2592838398112,636.9426751592357,0.06574267160404361,1m_gross_bank_exits,1.2452802676118608,-0.24528026761186084,0.6,1,2026-09-17T00:44:57+00:00
597,0xcb06bede7cb0a4b333581b6bdcd05f7cc737b9cc,1,630.2592838398112,636.9426751592357,0.06574267160404361,quiet,0.5083362944315335,0.4916637055684665,0.02010278006243692,1,2026-09-17T00:44:57+00:00
597,0xcb06bede7cb0a4b333581b6bdcd05f7cc737b9cc,1,630.2592838398112,636.9426751592357,0.06574267160404361,1m_gross_bank_exits,1.2452802676118608,-0.24528026761186084,0.6,1,2026-09-17T00:44:57+00:00
598,0x6e697eff642e3c39623d31a7f5e46f2ca6a3487c,1,630.2592838398112,636.9426751592357,0.06574267160404361,quiet,0.5083362944315335,0.4916637055684665,0.02010278006243692,1,2026-09-17T00:44:57+00:00
598,0x6e697eff642e3c39623d31a7f5e46f2ca6a3487c,1,630.2592838398112,636.9426751592357,0.06574267160404361,1m_gross_bank_exits,1.2452802676118608,-0.24528026761186084,0.6,1,2026-09-17T00:44:57+00:00
599,0x2ec4836496ec2c1a5e680230fbffe5698ace5de5,1,630.2592838398112,636.9426751592357,0.06574267160404361,quiet,0.5083362944315335,0.4916637055684665,0.02010278006243692,1,2026-09-17T00:44:57+00:00
599,0x2ec4836496ec2c1a5e680230fbffe5698ace5de5,1,630.2592838398112,636.9426751592357,0.06574267160404361,1m_gross_bank_exits,1.2452802676118608,-0.24528026761186084,0.6,1,2026-09-17T00:44:57+00:00
600,0x04c88725ba0c60332ec5b0ef6de8db0a8ce9c428,1,630.2592838398112,636.9426751592357,0.06574267160404361,quiet,0.5083362944315335,0.4916637055684665,0.02010278006243692,1,2026-09-17T00:44:57+00:00
600,0x04c88725ba0c60332ec5b0ef6de8db0a8ce9c428,1,630.2592838398112,636.9426751592357,0.06574267160404361,1m_gross_bank_exits,1.2452802676118608,-0.24528026761186084,0.6,1,2026-09-17T00:44:57+00:00
601,0x5b17c7b98cc56c98fea2ede3a8e2a19f9f2047c1,1,630.2592838398112,636.9426751592357,0.06574267160404361,quiet,0.5083362944315335,0.4916637055684665,0.02010278006243692,1,2026-09-17T00:44:57+00:00
601,0x5b17c7b98cc56c98fea2ede3a8e2a19f9f2047c1,1,630.2592838398112,636.9426751592357,0.06574267160404361,1m_gross_bank_exits,1.2452802676118608,-0.24528026761186084,0.6,1,2026-09-17T00:44:57+00:00
602,0x20ef0b30580fe176d6171df59344cbc158ebf867,1,630.2592838398112,636.9426751592357,0.06574267160404361,quiet,0.5083362944315335,0.4916637055684665,0.02010278006243692,1,2026-09-17T00:44:57+00:00
602,0x20ef0b30580fe176d6171df59344cbc158ebf867,1,630.2592838398112,636.9426751592357,0.06574267160404361,1m_gross_bank_exits,1.2452802676118608,-0.24528026761186084,0.6,1,2026-09-17T00:44:57+00:00
603,0xd15536ba6d0084a6719dd20d4cbd878504c5b494,1,630.2592838398112,636.9426751592357,0.06574267160404361,quiet,0.5083362944315335,0.4916637055684665,0.02010278006243692,1,2026-09-17T00:44:57+00:00
603,0xd15536ba6d0084a6719dd20d4cbd878504c5b494,1,630.2592838398112,636.9426751592357,0.06574267160404361,1m_gross_bank_exits,1.2452802676118608,-0.24528026761186084,0.6,1,2026-09-17T00:44:57+00:00
604,0x331959facfcc1eaaabdadbd2503b26d5310a5e49,1,630.2592838398112,636.9426751592357,0.06574267160404361,quiet,0.5083362944315335,0.4916637055684665,0.02010278006243692,1,2026-09-17T00:44:57+00:00
604,0x331959facfcc1eaaabdadbd2503b26d5310a5e49,1,630.2592838398112,636.9426751592357,0.06574267160404361,1m_gross_bank_exits,1.2452802676118608,-0.24528026761186084,0.6,1,2026-09-17T00:44:57+00:00
605,0xfe88ef409092740d075230cdda4418ccc75389fb,1,630.2592838398112,636.9426751592357,0.06574267160404361,quiet,0.5083362944315335,0.4916637055684665,0.02010278006243692,1,2026-09-17T00:44:57+00:00
605,0xfe88ef409092740d075230cdda4418ccc75389fb,1,630.2592838398112,636.9426751592357,0.06574267160404361,1m_gross_bank_exits,1.2452802676118608,-0.24528026761186084,0.6,1,2026-09-17T00:44:57+00:00
606,0xc5aa90e8ffe852890c2db126e507ffe4c81f0afe,1,630.2592838398112,636.9426751592357,0.06574267160404361,quiet,0.5083362944315335,0.4916637055684665,0.02010278006243692,1,2026-09-17T00:44:57+00:00
606,0xc5aa90e8ffe852890c2db126e507ffe4c81f0afe,1,630.2592838398112,636.9426751592357,0.06574267160404361,1m_gross_bank_exits,1.2452802676118608,-0.24528026761186084,0.6,1,2026-09-17T00:44:57+00:00
607,0x5ed35a54d2cfeb531c9070ed4dfc27c305344ada,2,1261.4785466091664,1273.8853503184714,0.13158162531000925,quiet,0.5085365152607515,0.4914634847392485,0.02012283373018694,1,2026-09-17T00:44:57+00:00
607,0x5ed35a54d2cfeb531c9070ed4dfc27c305344ada,2,1261.4785466091664,1273.8853503184714,0.13158162531000925,1m_gross_bank_exits,1.2457322020081332,-0.24573220200813317,0.6,1,2026-09-17T00:44:57+00:00
608,0x1a009f1df31c0f9cb85d2828d1ed9f809f9f7353,1,630.2592838398112,636.9426751592357,0.06574267160404361,quiet,0.5083362944315335,0.4916637055684665,0.02010278006243692,1,2026-09-17T00:44:57+00:00
608,0x1a009f1df31c0f9cb85d2828d1ed9f809f9f7353,1,630.2592838398112,636.9426751592357,0.06574267160404361,1m_gross_bank_exits,1.2452802676118608,-0.24528026761186084,0.6,1,2026-09-17T00:44:57+00:00
609,0x47fda4ed7e88a5c6064d155f8c916785b82f7f2a,1,630.2592838398112,636.9426751592357,0.06574267160404361,quiet,0.5083362944315335,0.4916637055684665,0.02010278006243692,1,2026-09-17T00:44:57+00:00
609,0x47fda4ed7e88a5c6064d155f8c916785b82f7f2a,1,630.2592838398112,636.9426751592357,0.06574267160404361,1m_gross_bank_exits,1.2452802676118608,-0.24528026761186084,0.6,1,2026-09-17T00:44:57+00:00
610,0x050d7e468f589c26e6de046dc1f0753c2d9a2747,1,630.2592838398112,636.9426751592357,0.06574267160404361,quiet,0.5083362944315335,0.4916637055684665,0.02010278006243692,1,2026-09-17T00:44:57+00:00
610,0x050d7e468f589c26e6de046dc1f0753c2d9a2747,1,630.2592838398112,636.9426751592357,0.06574267160404361,1m_gross_bank_exits,1.2452802676118608,-0.24528026761186084,0.6,1,2026-09-17T00:44:57+00:00
611,0x146bfe22feb98f125a66937615852e540ec2d730,1,630.2592838398112,636.9426751592357,0.06574267160404361,quiet,0.5083362944315335,0.4916637055684665,0.02010278006243692,1,2026-09-17T00:44:57+00:00
611,0x146bfe22feb98f125a66937615852e540ec2d730,1,630.2592838398112,636.9426751592357,0.06574267160404361,1m_gross_bank_exits,1.2452802676118608,-0.24528026761186084,0.6,1,2026-09-17T00:44:57+00:00
612,0xac980b82b58c2a908f06649f1ef5a46dbf89da41,1,630.2592838398112,636.9426751592357,0.06574267160404361,quiet,0.5083362944315335,0.4916637055684665,0.02010278006243692,1,2026-09-17T00:44:57+00:00
612,0xac980b82b58c2a908f06649f1ef5a46dbf89da41,1,630.2592838398112,636.9426751592357,0.06574267160404361,1m_gross_bank_exits,1.2452802676118608,-0.24528026761186084,0.6,1,2026-09-17T00:44:57+00:00
613,0xaf469c4a0914938e6149cf621c54fb4b1ec0c202,1,630.2592838398112,636.9426751592357,0.06574267160404361,quiet,0.5083362944315335,0.4916637055684665,0.02010278006243692,1,2026-09-17T00:44:57+00:00
613,0xaf469c4a0914938e6149cf621c54fb4b1ec0c202,1,630.2592838398112,636.9426751592357,0.06574267160404361,1m_gross_bank_exits,1.2452802676118608,-0.24528026761186084,0.6,1,2026-09-17T00:44:57+00:00
614,0x015f316f30450c87c92492df4405bd1c238007d8,1,630.2592838398112,636.9426751592357,0.06574267160404361,quiet,0.5083362944315335,0.4916637055684665,0.02010278006243692,1,2026-09-17T00:44:57+00:00
614,0x015f316f30450c87c92492df4405bd1c238007d8,1,630.2592838398112,636.9426751592357,0.06574267160404361,1m_gross_bank_exits,1.2452802676118608,-0.24528026761186084,0.6,1,2026-09-17T00:44:57+00:00
615,0xa3e3376b2395d6e598dba44e3609310b0b6f90bc,1,630.2592838398112,636.9426751592357,0.06574267160404361,quiet,0.5083362944315335,0.4916637055684665,0.02010278006243692,1,2026-09-17T00:44:57+00:00
615,0xa3e3376b2395d6e598dba44e3609310b0b6f90bc,1,630.2592838398112,636.9426751592357,0.06574267160404361,1m_gross_bank_exits,1.2452802676118608,-0.24528026761186084,0.6,1,2026-09-17T00:44:57+00:00
616,0xe554c17bff2c274502f1cf92173d84195ec99aac,1,630.2592838398112,636.9426751592357,0.06574267160404361,quiet,0.5083362944315335,0.4916637055684665,0.02010278006243692,1,2026-09-17T00:44:57+00:00
616,0xe554c17bff2c274502f1cf92173d84195ec99aac,1,630.2592838398112,636.9426751592357,0.06574267160404361,1m_gross_bank_exits,1.2452802676118608,-0.24528026761186084,0.6,1,2026-09-17T00:44:57+00:00
617,0xe595ed0eee63fe6ceb3e6b6770b9d826223a3737,1,630.2592838398112,636.9426751592357,0.06574267160404361,quiet,0.5083362944315335,0.4916637055684665,0.02010278006243692,1,2026-09-17T00:44:57+00:00
617,0xe595ed0eee63fe6ceb3e6b6770b9d826223a3737,1,630.2592838398112,636.9426751592357,0.06574267160404361,1m_gross_bank_exits,1.2452802676118608,-0.24528026761186084,0.6,1,2026-09-17T00:44:57+00:00
618,0xc42dee9a2ca5f0d355657dc2e7da65d328aeef6b,1,630.2592838398112,636.9426751592357,0.06574267160404361,quiet,0.5083362944315335,0.4916637055684665,0.02010278006243692,1,2026-09-17T00:44:57+00:00
618,0xc42dee9a2ca5f0d355657dc2e7da65d328aeef6b,1,630.2592838398112,636.9426751592357,0.06574267160404361,1m_gross_bank_exits,1.2452802676118608,-0.24528026761186084,0.6,1,2026-09-17T00:44:57+00:00
619,0x62af492653ee258adef3054d5d89c89bef5f5753,1,630.2592838398112,636.9426751592357,0.06574267160404361,quiet,0.5083362944315335,0.4916637055684665,0.02010278006243692,1,2026-09-17T00:44:57+00:00
619,0x62af492653ee258adef3054d5d89c89bef5f5753,1,630.2592838398112,636.9426751592357,0.06574267160404361,1m_gross_bank_exits,1.2452802676118608,-0.24528026761186084,0.6,1,2026-09-17T00:44:57+00:00
620,0x28ab9b5f50bbff7a5fd84ef61d31f62655c3ee96,1,630.2592838398112,636.9426751592357,0.06574267160404361,quiet,0.5083362944315335,0.4916637055684665,0.02010278006243692,1,2026-09-17T00:44:57+00:00
620,0x28ab9b5f50bbff7a5fd84ef61d31f62655c3ee96,1,630.2592838398112,636.9426751592357,0.06574267160404361,1m_gross_bank_exits,1.2452802676118608,-0.24528026761186084,0.6,1,2026-09-17T00:44:57+00:00
621,0x9c58d138adf9cb3d048d96b102c6ab4fb1b98594,3,13773.020905465446,1910.8280254777071,1.4356555863618496,quiet,0.8828690108842769,0.11713098911572306,0.02044418977485165,1,2026-09-17T00:44:57+00:00
621,0x9c58d138adf9cb3d048d96b102c6ab4fb1b98594,3,13773.020905465446,1910.8280254777071,1.4356555863618496,1m_gross_bank_exits,2.161668245589933,-1.161668245589933,0.6,1,2026-09-17T00:44:57+00:00
622,0x11e8c97b1cfaa0b633803a503cdd034a6a970693,1,630.2592838398112,636.9426751592357,0.06574267160404361,quiet,0.5083362944315335,0.4916637055684665,0.02010278006243692,1,2026-09-17T00:44:57+00:00
622,0x11e8c97b1cfaa0b633803a503cdd034a6a970693,1,630.2592838398112,636.9426751592357,0.06574267160404361,1m_gross_bank_exits,1.2452802676118608,-0.24528026761186084,0.6,1,2026-09-17T00:44:57+00:00
623,0xa1ba5d056ace124a787b0aa7146c8fd0258ccc37,2,1262.1401577817,1273.8853503184714,0.13165063221921172,quiet,0.5086675668911549,0.4913324331088451,0.020122844899218426,1,2026-09-17T00:44:57+00:00
623,0xa1ba5d056ace124a787b0aa7146c8fd0258ccc37,2,1262.1401577817,1273.8853503184714,0.13165063221921172,1m_gross_bank_exits,1.2460532070007075,-0.24605320700070754,0.6,1,2026-09-17T00:44:57+00:00
624,0x0f29604869cdb8c9d3d1c0eb371440e736b5afe5,1,630.2592838398112,636.9426751592357,0.06574267160404361,quiet,0.5083362944315335,0.4916637055684665,0.02010278006243692,1,2026-09-17T00:44:57+00:00
624,0x0f29604869cdb8c9d3d1c0eb371440e736b5afe5,1,630.2592838398112,636.9426751592357,0.06574267160404361,1m_gross_bank_exits,1.2452802676118608,-0.24528026761186084,0.6,1,2026-09-17T00:44:57+00:00
625,0xde27ada15eede8d98202aee27eda256cec1f55e6,1,630.2592838398112,636.9426751592357,0.06574267160404361,quiet,0.5083362944315335,0.4916637055684665,0.02010278006243692,1,2026-09-17T00:44:57+00:00
625,0xde27ada15eede8d98202aee27eda256cec1f55e6,1,630.2592838398112,636.9426751592357,0.06574267160404361,1m_gross_bank_exits,1.2452802676118608,-0.24528026761186084,0.6,1,2026-09-17T00:44:57+00:00
626,0xc300101e8434803530c0a0056de368a1b23fc424,1,630.2592838398112,636.9426751592357,0.06574267160404361,quiet,0.5083362944315335,0.4916637055684665,0.02010278006243692,1,2026-09-17T00:44:57+00:00
626,0xc300101e8434803530c0a0056de368a1b23fc424,1,630.2592838398112,636.9426751592357,0.06574267160404361,1m_gross_bank_exits,1.2452802676118608,-0.24528026761186084,0.6,1,2026-09-17T00:44:57+00:00
627,0x3c99bbae81a32f18b8336b012a9caf73a7fde6e4,1,630.2592838398112,636.9426751592357,0.06574267160404361,quiet,0.5083362944315335,0.4916637055684665,0.02010278006243692,1,2026-09-17T00:44:57+00:00
627,0x3c99bbae81a32f18b8336b012a9caf73a7fde6e4,1,630.2592838398112,636.9426751592357,0.06574267160404361,1m_gross_bank_exits,1.2452802676118608,-0.24528026761186084,0.6,1,2026-09-17T00:44:57+00:00
628,0x8004ce0fc1d60da4ebc15c8e0557532f44cdba9b,1,630.2592838398112,636.9426751592357,0.06574267160404361,quiet,0.5083362944315335,0.4916637055684665,0.02010278006243692,1,2026-09-17T00:44:57+00:00
628,0x8004ce0fc1d60da4ebc15c8e0557532f44cdba9b,1,630.2592838398112,636.9426751592357,0.06574267160404361,1m_gross_bank_exits,1.2452802676118608,-0.24528026761186084,0.6,1,2026-09-17T00:44:57+00:00
629,0x47ec180932fb2d05be887b27cc8da4ca0ed4e3b5,1,630.2592838398112,636.9426751592357,0.06574267160404361,quiet,0.5083362944315335,0.4916637055684665,0.02010278006243692,1,2026-09-17T00:44:57+00:00
629,0x47ec180932fb2d05be887b27cc8da4ca0ed4e3b5,1,630.2592838398112,636.9426751592357,0.06574267160404361,1m_gross_bank_exits,1.2452802676118608,-0.24528026761186084,0.6,1,2026-09-17T00:44:57+00:00
630,0x9c8ff2cb10eb8306c98765ae3f9b2e8a4c6233ee,1,630.2592838398112,636.9426751592357,0.06574267160404361,quiet,0.5083362944315335,0.4916637055684665,0.02010278006243692,1,2026-09-17T00:44:57+00:00
630,0x9c8ff2cb10eb8306c98765ae3f9b2e8a4c6233ee,1,630.2592838398112,636.9426751592357,0.06574267160404361,1m_gross_bank_exits,1.2452802676118608,-0.24528026761186084,0.6,1,2026-09-17T00:44:57+00:00
631,0x90668f14f9dc9491a3d801692cc93a8be16dee35,1,630.2592838398112,636.9426751592357,0.06574267160404361,quiet,0.5083362944315335,0.4916637055684665,0.02010278006243692,1,2026-09-17T00:44:57+00:00
631,0x90668f14f9dc9491a3d801692cc93a8be16dee35,1,630.2592838398112,636.9426751592357,0.06574267160404361,1m_gross_bank_exits,1.2452802676118608,-0.24528026761186084,0.6,1,2026-09-17T00:44:57+00:00
632,0x0bd3e9685620b6ab0c8147f745db21f796d107d2,1,630.2592838398112,636.9426751592357,0.06574267160404361,quiet,0.5083362944315335,0.4916637055684665,0.02010278006243692,1,2026-09-17T00:44:57+00:00
632,0x0bd3e9685620b6ab0c8147f745db21f796d107d2,1,630.2592838398112,636.9426751592357,0.06574267160404361,1m_gross_bank_exits,1.2452802676118608,-0.24528026761186084,0.6,1,2026-09-17T00:44:57+00:00
633,0x8246ab2e55024c6c5d87224ed74a5d841f38ca7c,1,630.2592838398112,636.9426751592357,0.06574267160404361,quiet,0.5083362944315335,0.4916637055684665,0.02010278006243692,1,2026-09-17T00:44:57+00:00
633,0x8246ab2e55024c6c5d87224ed74a5d841f38ca7c,1,630.2592838398112,636.9426751592357,0.06574267160404361,1m_gross_bank_exits,1.2452802676118608,-0.24528026761186084,0.6,1,2026-09-17T00:44:57+00:00
634,0xe8e4eb3fe4a93b45ddc4589abdd8f8e006d0533d,2,13144.29672310416,1273.8853503184714,1.3701721004486125,quiet,0.9151793419158938,0.08482065808410622,0.02040532652164011,1,2026-09-17T00:44:57+00:00
634,0xe8e4eb3fe4a93b45ddc4589abdd8f8e006d0533d,2,13144.29672310416,1273.8853503184714,1.3701721004486125,1m_gross_bank_exits,2.240893910751904,-1.240893910751904,0.6,1,2026-09-17T00:44:57+00:00
635,0x566728378f45c29997a45eaa9c9d777bba3f9918,1,630.2592838398112,636.9426751592357,0.06574267160404361,quiet,0.5083362944315335,0.4916637055684665,0.02010278006243692,1,2026-09-17T00:44:57+00:00
635,0x566728378f45c29997a45eaa9c9d777bba3f9918,1,630.2592838398112,636.9426751592357,0.06574267160404361,1m_gross_bank_exits,1.2452802676118608,-0.24528026761186084,0.6,1,2026-09-17T00:44:57+00:00
636,0x8e723d261cccd5c0fbd90ed342ea600cc72fd65c,1,630.2592838398112,636.9426751592357,0.06574267160404361,quiet,0.5083362944315335,0.4916637055684665,0.02010278006243692,1,2026-09-17T00:44:57+00:00
636,0x8e723d261cccd5c0fbd90ed342ea600cc72fd65c,1,630.2592838398112,636.9426751592357,0.06574267160404361,1m_gross_bank_exits,1.2452802676118608,-0.24528026761186084,0.6,1,2026-09-17T00:44:57+00:00
637,0x7020ae2927743071336877c3c1f97ad79e4b74f3,2,1261.8180945433323,1273.8853503184714,0.13161704060370993,quiet,0.5086037814875968,0.4913962185124032,0.020122839462223763,1,2026-09-17T00:44:57+00:00
637,0x7020ae2927743071336877c3c1f97ad79e4b74f3,2,1261.8180945433323,1273.8853503184714,0.13161704060370993,1m_gross_bank_exits,1.245896967567118,-0.2458969675671181,0.6,1,2026-09-17T00:44:57+00:00
638,0x083b52e2a78ef8ca34d3387812c3ae29e0a3bde4,1,630.2592838398112,636.9426751592357,0.06574267160404361,quiet,0.5083362944315335,0.4916637055684665,0.02010278006243692,1,2026-09-17T00:44:57+00:00
638,0x083b52e2a78ef8ca34d3387812c3ae29e0a3bde4,1,630.2592838398112,636.9426751592357,0.06574267160404361,1m_gross_bank_exits,1.2452802676118608,-0.24528026761186084,0.6,1,2026-09-17T00:44:57+00:00
639,0x09bb1891aa97ebb1733db9561d600307dfaa0f10,1,630.2592838398112,636.9426751592357,0.06574267160404361,quiet,0.5083362944315335,0.4916637055684665,0.02010278006243692,1,2026-09-17T00:44:57+00:00
639,0x09bb1891aa97ebb1733db9561d600307dfaa0f10,1,630.2592838398112,636.9426751592357,0.06574267160404361,1m_gross_bank_exits,1.2452802676118608,-0.24528026761186084,0.6,1,2026-09-17T00:44:57+00:00
640,0x79c5146bd916944b4f4aee4c2447644be2b78e0f,1,630.2592838398112,636.9426751592357,0.06574267160404361,quiet,0.5083362944315335,0.4916637055684665,0.02010278006243692,1,2026-09-17T00:44:57+00:00
640,0x79c5146bd916944b4f4aee4c2447644be2b78e0f,1,630.2592838398112,636.9426751592357,0.06574267160404361,1m_gross_bank_exits,1.2452802676118608,-0.24528026761186084,0.6,1,2026-09-17T00:44:57+00:00
641,0x79dbd4ce7f56d85749a0cea75f5d37408707fb74,1,630.2592838398112,636.9426751592357,0.06574267160404361,quiet,0.5083362944315335,0.4916637055684665,0.02010278006243692,1,2026-09-17T00:44:57+00:00
641,0x79dbd4ce7f56d85749a0cea75f5d37408707fb74,1,630.2592838398112,636.9426751592357,0.06574267160404361,1m_gross_bank_exits,1.2452802676118608,-0.24528026761186084,0.6,1,2026-09-17T00:44:57+00:00
642,0x0b09cba314b3983b3a1b2f3f3224ff169e491b4a,1,630.2592838398112,636.9426751592357,0.06574267160404361,quiet,0.5083362944315335,0.4916637055684665,0.02010278006243692,1,2026-09-17T00:44:57+00:00
642,0x0b09cba314b3983b3a1b2f3f3224ff169e491b4a,1,630.2592838398112,636.9426751592357,0.06574267160404361,1m_gross_bank_exits,1.2452802676118608,-0.24528026761186084,0.6,1,2026-09-17T00:44:57+00:00
643,0x21d7e80a2bd6dd16c85352bbbe3dd1fa91f2e385,4,2515.621677012184,2547.770700636943,0.2623824765993368,quiet,0.507830661440863,0.492169338559137,0.020168135200131276,1,2026-09-17T00:44:57+00:00
643,0x21d7e80a2bd6dd16c85352bbbe3dd1fa91f2e385,4,2515.621677012184,2547.770700636943,0.2623824765993368,1m_gross_bank_exits,1.2439196609453198,-0.2439196609453198,0.6,1,2026-09-17T00:44:57+00:00
644,0x8e871ecf331a27c762bbcff795279def31c8a25a,1,630.2592838398112,636.9426751592357,0.06574267160404361,quiet,0.5083362944315335,0.4916637055684665,0.02010278006243692,1,2026-09-17T00:44:57+00:00
644,0x8e871ecf331a27c762bbcff795279def31c8a25a,1,630.2592838398112,636.9426751592357,0.06574267160404361,1m_gross_bank_exits,1.2452802676118608,-0.24528026761186084,0.6,1,2026-09-17T00:44:57+00:00
645,0x2afbdf31aae1f867a41fee55e3573e3f136abd80,1,630.2592838398112,636.9426751592357,0.06574267160404361,quiet,0.5083362944315335,0.4916637055684665,0.02010278006243692,1,2026-09-17T00:44:57+00:00
645,0x2afbdf31aae1f867a41fee55e3573e3f136abd80,1,630.2592838398112,636.9426751592357,0.06574267160404361,1m_gross_bank_exits,1.2452802676118608,-0.24528026761186084,0.6,1,2026-09-17T00:44:57+00:00
646,0xbdd5a4f161ea21009490c7ba026a39db233cfaae,1,630.2592838398112,636.9426751592357,0.06574267160404361,quiet,0.5083362944315335,0.4916637055684665,0.02010278006243692,1,2026-09-17T00:44:57+00:00
646,0xbdd5a4f161ea21009490c7ba026a39db233cfaae,1,630.2592838398112,636.9426751592357,0.06574267160404361,1m_gross_bank_exits,1.2452802676118608,-0.24528026761186084,0.6,1,2026-09-17T00:44:57+00:00
647,0x4b8ba912055c9691b3249a2315216cc88ccf3f87,1,630.2592838398112,636.9426751592357,0.06574267160404361,quiet,0.5083362944315335,0.4916637055684665,0.02010278006243692,1,2026-09-17T00:44:57+00:00
647,0x4b8ba912055c9691b3249a2315216cc88ccf3f87,1,630.2592838398112,636.9426751592357,0.06574267160404361,1m_gross_bank_exits,1.2452802676118608,-0.24528026761186084,0.6,1,2026-09-17T00:44:57+00:00
648,0xc099e1b212160486025de19d0352e32cc26d3a25,1,630.2592838398112,636.9426751592357,0.06574267160404361,quiet,0.5083362944315335,0.4916637055684665,0.02010278006243692,1,2026-09-17T00:44:57+00:00
648,0xc099e1b212160486025de19d0352e32cc26d3a25,1,630.2592838398112,636.9426751592357,0.06574267160404361,1m_gross_bank_exits,1.2452802676118608,-0.24528026761186084,0.6,1,2026-09-17T00:44:57+00:00
649,0x8a7c1422fe789c276e21d1792afda90f638ac5cc,1,630.2592838398112,636.9426751592357,0.06574267160404361,quiet,0.5083362944315335,0.4916637055684665,0.02010278006243692,1,2026-09-17T00:44:57+00:00
649,0x8a7c1422fe789c276e21d1792afda90f638ac5cc,1,630.2592838398112,636.9426751592357,0.06574267160404361,1m_gross_bank_exits,1.2452802676118608,-0.24528026761186084,0.6,1,2026-09-17T00:44:57+00:00
650,0x8134670e41ce5241472c979d4755067b1d21326e,1,630.2592838398112,636.9426751592357,0.06574267160404361,quiet,0.5083362944315335,0.4916637055684665,0.02010278006243692,1,2026-09-17T00:44:57+00:00
650,0x8134670e41ce5241472c979d4755067b1d21326e,1,630.2592838398112,636.9426751592357,0.06574267160404361,1m_gross_bank_exits,1.2452802676118608,-0.24528026761186084,0.6,1,2026-09-17T00:44:57+00:00
651,0x49951145a845742cb7edde79a606a51ed35c38a8,1,630.2592838398112,636.9426751592357,0.06574267160404361,quiet,0.5083362944315335,0.4916637055684665,0.02010278006243692,1,2026-09-17T00:44:57+00:00
651,0x49951145a845742cb7edde79a606a51ed35c38a8,1,630.2592838398112,636.9426751592357,0.06574267160404361,1m_gross_bank_exits,1.2452802676118608,-0.24528026761186084,0.6,1,2026-09-17T00:44:57+00:00
652,0x8d37f0563a8f07c1e479a2d562134576894edfad,1,630.2592838398112,636.9426751592357,0.06574267160404361,quiet,0.5083362944315335,0.4916637055684665,0.02010278006243692,1,2026-09-17T00:44:57+00:00
652,0x8d37f0563a8f07c1e479a2d562134576894edfad,1,630.2592838398112,636.9426751592357,0.06574267160404361,1m_gross_bank_exits,1.2452802676118608,-0.24528026761186084,0.6,1,2026-09-17T00:44:57+00:00
653,0xbfd599c986e855e54444f58feda2f2f50fc61fa7,1,630.2592838398112,636.9426751592357,0.06574267160404361,quiet,0.5083362944315335,0.4916637055684665,0.02010278006243692,1,2026-09-17T00:44:57+00:00
653,0xbfd599c986e855e54444f58feda2f2f50fc61fa7,1,630.2592838398112,636.9426751592357,0.06574267160404361,1m_gross_bank_exits,1.2452802676118608,-0.24528026761186084,0.6,1,2026-09-17T00:44:57+00:00
654,0x5140087842da3cbc55ff69ba74b4239af219c4b6,3,3086.3951005418435,1910.8280254777071,0.32190592800673584,quiet,0.627965462429251,0.372034537570749,0.020167369033603333,1,2026-09-17T00:44:57+00:00
654,0x5140087842da3cbc55ff69ba74b4239af219c4b6,3,3086.3951005418435,1910.8280254777071,0.32190592800673584,1m_gross_bank_exits,1.5381826196271495,-0.5381826196271495,0.6,1,2026-09-17T00:44:57+00:00
655,0x612dcbf9030c3055e29e8a8ab1ca99dd9f0d9782,1,630.2592838398112,636.9426751592357,0.06574267160404361,quiet,0.5083362944315335,0.4916637055684665,0.02010278006243692,1,2026-09-17T00:44:57+00:00
655,0x612dcbf9030c3055e29e8a8ab1ca99dd9f0d9782,1,630.2592838398112,636.9426751592357,0.06574267160404361,1m_gross_bank_exits,1.2452802676118608,-0.24528026761186084,0.6,1,2026-09-17T00:44:57+00:00
656,0xabe0cdd036456fcc1b64d1ddb7aa3bdf7d5b98b1,1,630.2592838398112,636.9426751592357,0.06574267160404361,quiet,0.5083362944315335,0.4916637055684665,0.02010278006243692,1,2026-09-17T00:44:57+00:00
656,0xabe0cdd036456fcc1b64d1ddb7aa3bdf7d5b98b1,1,630.2592838398112,636.9426751592357,0.06574267160404361,1m_gross_bank_exits,1.2452802676118608,-0.24528026761186084,0.6,1,2026-09-17T00:44:57+00:00
657,0x419b48a56e6df1f353a0fc05f760581618aec235,1,630.2592838398112,636.9426751592357,0.06574267160404361,quiet,0.5083362944315335,0.4916637055684665,0.02010278006243692,1,2026-09-17T00:44:57+00:00
657,0x419b48a56e6df1f353a0fc05f760581618aec235,1,630.2592838398112,636.9426751592357,0.06574267160404361,1m_gross_bank_exits,1.2452802676118608,-0.24528026761186084,0.6,1,2026-09-17T00:44:57+00:00
658,0xb0729b80ed1be67ea096c5fb4e155b3d918282da,1,630.2592838398112,636.9426751592357,0.06574267160404361,quiet,0.5083362944315335,0.4916637055684665,0.02010278006243692,1,2026-09-17T00:44:57+00:00
658,0xb0729b80ed1be67ea096c5fb4e155b3d918282da,1,630.2592838398112,636.9426751592357,0.06574267160404361,1m_gross_bank_exits,1.2452802676118608,-0.24528026761186084,0.6,1,2026-09-17T00:44:57+00:00
659,0x68b53aa18d1b8437b7cd9524040c776e2261e06d,1,630.2592838398112,636.9426751592357,0.06574267160404361,quiet,0.5083362944315335,0.4916637055684665,0.02010278006243692,1,2026-09-17T00:44:57+00:00
659,0x68b53aa18d1b8437b7cd9524040c776e2261e06d,1,630.2592838398112,636.9426751592357,0.06574267160404361,1m_gross_bank_exits,1.2452802676118608,-0.24528026761186084,0.6,1,2026-09-17T00:44:57+00:00
660,0xb415feaea73a5e716622ac58b41887a00be4e069,1,630.2592838398112,636.9426751592357,0.06574267160404361,quiet,0.5083362944315335,0.4916637055684665,0.02010278006243692,1,2026-09-17T00:44:57+00:00
660,0xb415feaea73a5e716622ac58b41887a00be4e069,1,630.2592838398112,636.9426751592357,0.06574267160404361,1m_gross_bank_exits,1.2452802676118608,-0.24528026761186084,0.6,1,2026-09-17T00:44:57+00:00
661,0xb1e0b72304673cdf4ba05a59925695cf45df3d30,1,630.2592838398112,636.9426751592357,0.06574267160404361,quiet,0.5083362944315335,0.4916637055684665,0.02010278006243692,1,2026-09-17T00:44:57+00:00
661,0xb1e0b72304673cdf4ba05a59925695cf45df3d30,1,630.2592838398112,636.9426751592357,0.06574267160404361,1m_gross_bank_exits,1.2452802676118608,-0.24528026761186084,0.6,1,2026-09-17T00:44:57+00:00
662,0x5a4177620576be32664da8051f4171bbd984ffd6,1,630.2592838398112,636.9426751592357,0.06574267160404361,quiet,0.5083362944315335,0.4916637055684665,0.02010278006243692,1,2026-09-17T00:44:57+00:00
662,0x5a4177620576be32664da8051f4171bbd984ffd6,1,630.2592838398112,636.9426751592357,0.06574267160404361,1m_gross_bank_exits,1.2452802676118608,-0.24528026761186084,0.6,1,2026-09-17T00:44:57+00:00
663,0x4949dedcb57df49b2e06c22979e0467f78fe2466,1,630.2592838398112,636.9426751592357,0.06574267160404361,quiet,0.5083362944315335,0.4916637055684665,0.02010278006243692,1,2026-09-17T00:44:57+00:00
663,0x4949dedcb57df49b2e06c22979e0467f78fe2466,1,630.2592838398112,636.9426751592357,0.06574267160404361,1m_gross_bank_exits,1.2452802676118608,-0.24528026761186084,0.6,1,2026-09-17T00:44:57+00:00
664,0x26d7b4fe67f4601643304b5023b3caf3a72e8504,1,630.2592838398112,636.9426751592357,0.06574267160404361,quiet,0.5083362944315335,0.4916637055684665,0.02010278006243692,1,2026-09-17T00:44:57+00:00
664,0x26d7b4fe67f4601643304b5023b3caf3a72e8504,1,630.2592838398112,636.9426751592357,0.06574267160404361,1m_gross_bank_exits,1.2452802676118608,-0.24528026761186084,0.6,1,2026-09-17T00:44:57+00:00
665,0x7e89d47919883bdedda999c39fe3d9513074a7a9,1,630.2592838398112,636.9426751592357,0.06574267160404361,quiet,0.5083362944315335,0.4916637055684665,0.02010278006243692,1,2026-09-17T00:44:57+00:00
665,0x7e89d47919883bdedda999c39fe3d9513074a7a9,1,630.2592838398112,636.9426751592357,0.06574267160404361,1m_gross_bank_exits,1.2452802676118608,-0.24528026761186084,0.6,1,2026-09-17T00:44:57+00:00
666,0xfe1656f708fb4995dac4f4454c1cbe18b64296fe,1,630.2592838398112,636.9426751592357,0.06574267160404361,quiet,0.5083362944315335,0.4916637055684665,0.02010278006243692,1,2026-09-17T00:44:57+00:00
666,0xfe1656f708fb4995dac4f4454c1cbe18b64296fe,1,630.2592838398112,636.9426751592357,0.06574267160404361,1m_gross_bank_exits,1.2452802676118608,-0.24528026761186084,0.6,1,2026-09-17T00:44:57+00:00
667,0xe2fb7d06bbf1e83e899f15b90eaacaf90b0e0a5f,1,630.2592838398112,636.9426751592357,0.06574267160404361,quiet,0.5083362944315335,0.4916637055684665,0.02010278006243692,1,2026-09-17T00:44:57+00:00
667,0xe2fb7d06bbf1e83e899f15b90eaacaf90b0e0a5f,1,630.2592838398112,636.9426751592357,0.06574267160404361,1m_gross_bank_exits,1.2452802676118608,-0.24528026761186084,0.6,1,2026-09-17T00:44:57+00:00
668,0xed1de1a32bea596e72a42e46a6466367c18a50c0,1,630.2592838398112,636.9426751592357,0.06574267160404361,quiet,0.5083362944315335,0.4916637055684665,0.02010278006243692,1,2026-09-17T00:44:57+00:00
668,0xed1de1a32bea596e72a42e46a6466367c18a50c0,1,630.2592838398112,636.9426751592357,0.06574267160404361,1m_gross_bank_exits,1.2452802676118608,-0.24528026761186084,0.6,1,2026-09-17T00:44:57+00:00
669,0x9fcd5fa9d5016f54ff5c87b1b5b541c96d80058f,1,630.2592838398112,636.9426751592357,0.06574267160404361,quiet,0.5083362944315335,0.4916637055684665,0.02010278006243692,1,2026-09-17T00:44:57+00:00
669,0x9fcd5fa9d5016f54ff5c87b1b5b541c96d80058f,1,630.2592838398112,636.9426751592357,0.06574267160404361,1m_gross_bank_exits,1.2452802676118608,-0.24528026761186084,0.6,1,2026-09-17T00:44:57+00:00
670,0x499e194d7a106ac1305ed4f96c6ceaaff650462d,1,630.2592838398112,636.9426751592357,0.06574267160404361,quiet,0.5083362944315335,0.4916637055684665,0.02010278006243692,1,2026-09-17T00:44:57+00:00
670,0x499e194d7a106ac1305ed4f96c6ceaaff650462d,1,630.2592838398112,636.9426751592357,0.06574267160404361,1m_gross_bank_exits,1.2452802676118608,-0.24528026761186084,0.6,1,2026-09-17T00:44:57+00:00
671,0x2941e410173175a02f25b4090806445224df9fb7,1,630.2592838398112,636.9426751592357,0.06574267160404361,quiet,0.5083362944315335,0.4916637055684665,0.02010278006243692,1,2026-09-17T00:44:57+00:00
671,0x2941e410173175a02f25b4090806445224df9fb7,1,630.2592838398112,636.9426751592357,0.06574267160404361,1m_gross_bank_exits,1.2452802676118608,-0.24528026761186084,0.6,1,2026-09-17T00:44:57+00:00
672,0x07482cb1c77b527f5e9d747a579302fa3a5104ae,1,630.2592838398112,636.9426751592357,0.06574267160404361,quiet,0.5083362944315335,0.4916637055684665,0.02010278006243692,1,2026-09-17T00:44:57+00:00
672,0x07482cb1c77b527f5e9d747a579302fa3a5104ae,1,630.2592838398112,636.9426751592357,0.06574267160404361,1m_gross_bank_exits,1.2452802676118608,-0.24528026761186084,0.6,1,2026-09-17T00:44:57+00:00
673,0xd8db9c8fa8eff37a6dd1bccc3d7f8fdd34a1fe64,1,630.2592838398112,636.9426751592357,0.06574267160404361,quiet,0.5083362944315335,0.4916637055684665,0.02010278006243692,1,2026-09-17T00:44:57+00:00
673,0xd8db9c8fa8eff37a6dd1bccc3d7f8fdd34a1fe64,1,630.2592838398112,636.9426751592357,0.06574267160404361,1m_gross_bank_exits,1.2452802676118608,-0.24528026761186084,0.6,1,2026-09-17T00:44:57+00:00
674,0x12d080d5670d91261ad0ed24a7273376651ae9e0,1,630.2592838398112,636.9426751592357,0.06574267160404361,quiet,0.5083362944315335,0.4916637055684665,0.02010278006243692,1,2026-09-17T00:44:57+00:00
674,0x12d080d5670d91261ad0ed24a7273376651ae9e0,1,630.2592838398112,636.9426751592357,0.06574267160404361,1m_gross_bank_exits,1.2452802676118608,-0.24528026761186084,0.6,1,2026-09-17T00:44:57+00:00
675,0xd1942d3982946c86b65ae0f34e4ca5475351fd22,1,630.2592838398112,636.9426751592357,0.06574267160404361,quiet,0.5083362944315335,0.4916637055684665,0.02010278006243692,1,2026-09-17T00:44:57+00:00
675,0xd1942d3982946c86b65ae0f34e4ca5475351fd22,1,630.2592838398112,636.9426751592357,0.06574267160404361,1m_gross_bank_exits,1.2452802676118608,-0.24528026761186084,0.6,1,2026-09-17T00:44:57+00:00
676,0xd03da4452bf9478c67a54c56d46678d55a8d9483,1,630.2592838398112,636.9426751592357,0.06574267160404361,quiet,0.5083362944315335,0.4916637055684665,0.02010278006243692,1,2026-09-17T00:44:57+00:00
676,0xd03da4452bf9478c67a54c56d46678d55a8d9483,1,630.2592838398112,636.9426751592357,0.06574267160404361,1m_gross_bank_exits,1.2452802676118608,-0.24528026761186084,0.6,1,2026-09-17T00:44:57+00:00
677,0xa1b1a631c0c1dd4899dec7c343ee59ad21867803,1,630.2592838398112,636.9426751592357,0.06574267160404361,quiet,0.5083362944315335,0.4916637055684665,0.02010278006243692,1,2026-09-17T00:44:57+00:00
677,0xa1b1a631c0c1dd4899dec7c343ee59ad21867803,1,630.2592838398112,636.9426751592357,0.06574267160404361,1m_gross_bank_exits,1.2452802676118608,-0.24528026761186084,0.6,1,2026-09-17T00:44:57+00:00
678,0xa3b3f26de89fe2670aca5c5a4477f9d37b5cc806,4,2519.0754505258374,2547.770700636943,0.2627426656911985,quiet,0.5081736096602343,0.4918263903397657,0.0201682034200529,1,2026-09-17T00:44:57+00:00
678,0xa3b3f26de89fe2670aca5c5a4477f9d37b5cc806,4,2519.0754505258374,2547.770700636943,0.2627426656911985,1m_gross_bank_exits,1.2447595643024876,-0.24475956430248758,0.6,1,2026-09-17T00:44:57+00:00
679,0x02b0c14d2c03852ccebd1b2e66ab3c075a57711d,1,630.2592838398112,636.9426751592357,0.06574267160404361,quiet,0.5083362944315335,0.4916637055684665,0.02010278006243692,1,2026-09-17T00:44:57+00:00
679,0x02b0c14d2c03852ccebd1b2e66ab3c075a57711d,1,630.2592838398112,636.9426751592357,0.06574267160404361,1m_gross_bank_exits,1.2452802676118608,-0.24528026761186084,0.6,1,2026-09-17T00:44:57+00:00
680,0xcf1b38b9c810bfc33e35847738b49c0a1bfe8242,2,1259.9846599385692,1273.8853503184714,0.1314258109663615,quiet,0.5082403496350207,0.49175965036497926,0.020122808512910838,1,2026-09-17T00:44:57+00:00
680,0xcf1b38b9c810bfc33e35847738b49c0a1bfe8242,2,1259.9846599385692,1273.8853503184714,0.1314258109663615,1m_gross_bank_exits,1.2450067577066095,-0.2450067577066095,0.6,1,2026-09-17T00:44:57+00:00
681,0x484cd7b4705df6c5b47fd525bdf202f890e4a06d,1,630.2592838398112,636.9426751592357,0.06574267160404361,quiet,0.5083362944315335,0.4916637055684665,0.02010278006243692,1,2026-09-17T00:44:57+00:00
681,0x484cd7b4705df6c5b47fd525bdf202f890e4a06d,1,630.2592838398112,636.9426751592357,0.06574267160404361,1m_gross_bank_exits,1.2452802676118608,-0.24528026761186084,0.6,1,2026-09-17T00:44:57+00:00
682,0x0fc5529117edb4f728d0b8ff82b63fceb10869d0,1,630.2592838398112,636.9426751592357,0.06574267160404361,quiet,0.5083362944315335,0.4916637055684665,0.02010278006243692,1,2026-09-17T00:44:57+00:00
682,0x0fc5529117edb4f728d0b8ff82b63fceb10869d0,1,630.2592838398112,636.9426751592357,0.06574267160404361,1m_gross_bank_exits,1.2452802676118608,-0.24528026761186084,0.6,1,2026-09-17T00:44:57+00:00
683,0x2cab49c1c4845dd214fd0d2a3463f5b5c387640a,1,630.2592838398112,636.9426751592357,0.06574267160404361,quiet,0.5083362944315335,0.4916637055684665,0.02010278006243692,1,2026-09-17T00:44:57+00:00
683,0x2cab49c1c4845dd214fd0d2a3463f5b5c387640a,1,630.2592838398112,636.9426751592357,0.06574267160404361,1m_gross_bank_exits,1.2452802676118608,-0.24528026761186084,0.6,1,2026-09-17T00:44:57+00:00
684,0x125703a847ae71bef09f279a94b205195ae7de2a,1,630.2592838398112,636.9426751592357,0.06574267160404361,quiet,0.5083362944315335,0.4916637055684665,0.02010278006243692,1,2026-09-17T00:44:57+00:00
684,0x125703a847ae71bef09f279a94b205195ae7de2a,1,630.2592838398112,636.9426751592357,0.06574267160404361,1m_gross_bank_exits,1.2452802676118608,-0.24528026761186084,0.6,1,2026-09-17T00:44:57+00:00
685,0x9a287fa3ef741310fbe13702293a8bf12a940c83,1,630.2592838398112,636.9426751592357,0.06574267160404361,quiet,0.5083362944315335,0.4916637055684665,0.02010278006243692,1,2026-09-17T00:44:57+00:00
685,0x9a287fa3ef741310fbe13702293a8bf12a940c83,1,630.2592838398112,636.9426751592357,0.06574267160404361,1m_gross_bank_exits,1.2452802676118608,-0.24528026761186084,0.6,1,2026-09-17T00:44:57+00:00
686,0xa9076b5ba0aa393915cc4143653e7a01b96b5e12,2,1266.017745907555,1273.8853503184714,0.13205506962999153,quiet,0.5094342348629182,0.49056576513708183,0.020122910369179993,1,2026-09-17T00:44:57+00:00
686,0xa9076b5ba0aa393915cc4143653e7a01b96b5e12,2,1266.017745907555,1273.8853503184714,0.13205506962999153,1m_gross_bank_exits,1.2479311247528475,-0.2479311247528475,0.6,1,2026-09-17T00:44:57+00:00
687,0x58b984535e1c42e18ceb4c320358350269f27d5b,1,630.2592838398112,636.9426751592357,0.06574267160404361,quiet,0.5083362944315335,0.4916637055684665,0.02010278006243692,1,2026-09-17T00:44:57+00:00
687,0x58b984535e1c42e18ceb4c320358350269f27d5b,1,630.2592838398112,636.9426751592357,0.06574267160404361,1m_gross_bank_exits,1.2452802676118608,-0.24528026761186084,0.6,1,2026-09-17T00:44:57+00:00
688,0x09f6ac34354fef95ebdd7824f3b36accb30f6b9c,1,630.2592838398112,636.9426751592357,0.06574267160404361,quiet,0.5083362944315335,0.4916637055684665,0.02010278006243692,1,2026-09-17T00:44:57+00:00
688,0x09f6ac34354fef95ebdd7824f3b36accb30f6b9c,1,630.2592838398112,636.9426751592357,0.06574267160404361,1m_gross_bank_exits,1.2452802676118608,-0.24528026761186084,0.6,1,2026-09-17T00:44:57+00:00
689,0xdcad83e05f9b5b1cf638ec4f7d221545f30144cc,1,630.2592838398112,636.9426751592357,0.06574267160404361,quiet,0.5083362944315335,0.4916637055684665,0.02010278006243692,1,2026-09-17T00:44:57+00:00
689,0xdcad83e05f9b5b1cf638ec4f7d221545f30144cc,1,630.2592838398112,636.9426751592357,0.06574267160404361,1m_gross_bank_exits,1.2452802676118608,-0.24528026761186084,0.6,1,2026-09-17T00:44:57+00:00
690,0xad128b4fd496ca73eb54b93529a0519c875125ce,4,2513.0361504934253,2547.770700636943,0.26211283566126437,quiet,0.5075736141344083,0.49242638586559173,0.02016808413912903,1,2026-09-17T00:44:57+00:00
690,0xad128b4fd496ca73eb54b93529a0519c875125ce,4,2513.0361504934253,2547.770700636943,0.26211283566126437,1m_gross_bank_exits,1.2432901344665424,-0.24329013446654235,0.6,1,2026-09-17T00:44:57+00:00
691,0x07bfeb5488ad97aa3920cf241e59d2a817054ea3,1,630.2592838398112,636.9426751592357,0.06574267160404361,quiet,0.5083362944315335,0.4916637055684665,0.02010278006243692,1,2026-09-17T00:44:57+00:00
691,0x07bfeb5488ad97aa3920cf241e59d2a817054ea3,1,630.2592838398112,636.9426751592357,0.06574267160404361,1m_gross_bank_exits,1.2452802676118608,-0.24528026761186084,0.6,1,2026-09-17T00:44:57+00:00
692,0x4b25971f3dde3cc86928f85fdac9f5f9b8a217a7,1,630.2592838398112,636.9426751592357,0.06574267160404361,quiet,0.5083362944315335,0.4916637055684665,0.02010278006243692,1,2026-09-17T00:44:57+00:00
692,0x4b25971f3dde3cc86928f85fdac9f5f9b8a217a7,1,630.2592838398112,636.9426751592357,0.06574267160404361,1m_gross_bank_exits,1.2452802676118608,-0.24528026761186084,0.6,1,2026-09-17T00:44:57+00:00
693,0xdb66768419c40e56e04ea62105a7b39307acd3fc,1,630.2592838398112,636.9426751592357,0.06574267160404361,quiet,0.5083362944315335,0.4916637055684665,0.02010278006243692,1,2026-09-17T00:44:57+00:00
693,0xdb66768419c40e56e04ea62105a7b39307acd3fc,1,630.2592838398112,636.9426751592357,0.06574267160404361,1m_gross_bank_exits,1.2452802676118608,-0.24528026761186084,0.6,1,2026-09-17T00:44:57+00:00
694,0xeed01348a613d5b64af8f747fb73a3acf13c8786,1,630.2592838398112,636.9426751592357,0.06574267160404361,quiet,0.5083362944315335,0.4916637055684665,0.02010278006243692,1,2026-09-17T00:44:57+00:00
694,0xeed01348a613d5b64af8f747fb73a3acf13c8786,1,630.2592838398112,636.9426751592357,0.06574267160404361,1m_gross_bank_exits,1.2452802676118608,-0.24528026761186084,0.6,1,2026-09-17T00:44:57+00:00
695,0xcd6f2b204a4ae2002a6b02722029177b41d92fe3,1,630.2592838398112,636.9426751592357,0.06574267160404361,quiet,0.5083362944315335,0.4916637055684665,0.02010278006243692,1,2026-09-17T00:44:57+00:00
695,0xcd6f2b204a4ae2002a6b02722029177b41d92fe3,1,630.2592838398112,636.9426751592357,0.06574267160404361,1m_gross_bank_exits,1.2452802676118608,-0.24528026761186084,0.6,1,2026-09-17T00:44:57+00:00
696,0xa6ebe798a17b351b0c04cd61654c7ca38860e253,1,630.2592838398112,636.9426751592357,0.06574267160404361,quiet,0.5083362944315335,0.4916637055684665,0.02010278006243692,1,2026-09-17T00:44:57+00:00
696,0xa6ebe798a17b351b0c04cd61654c7ca38860e253,1,630.2592838398112,636.9426751592357,0.06574267160404361,1m_gross_bank_exits,1.2452802676118608,-0.24528026761186084,0.6,1,2026-09-17T00:44:57+00:00
697,0x6b877df8b3772a96b0a6ca2a9f409777cc5c75fb,1,630.2592838398112,636.9426751592357,0.06574267160404361,quiet,0.5083362944315335,0.4916637055684665,0.02010278006243692,1,2026-09-17T00:44:57+00:00
697,0x6b877df8b3772a96b0a6ca2a9f409777cc5c75fb,1,630.2592838398112,636.9426751592357,0.06574267160404361,1m_gross_bank_exits,1.2452802676118608,-0.24528026761186084,0.6,1,2026-09-17T00:44:57+00:00
698,0x2f85fb2a2d54f30ac38148166b75ce22c3c15b43,1,630.2592838398112,636.9426751592357,0.06574267160404361,quiet,0.5083362944315335,0.4916637055684665,0.02010278006243692,1,2026-09-17T00:44:57+00:00
698,0x2f85fb2a2d54f30ac38148166b75ce22c3c15b43,1,630.2592838398112,636.9426751592357,0.06574267160404361,1m_gross_bank_exits,1.2452802676118608,-0.24528026761186084,0.6,1,2026-09-17T00:44:57+00:00
699,0x579b659288863879c1ce04f29457d1eb331bbaa3,1,630.2592838398112,636.9426751592357,0.06574267160404361,quiet,0.5083362944315335,0.4916637055684665,0.02010278006243692,1,2026-09-17T00:44:57+00:00
699,0x579b659288863879c1ce04f29457d1eb331bbaa3,1,630.2592838398112,636.9426751592357,0.06574267160404361,1m_gross_bank_exits,1.2452802676118608,-0.24528026761186084,0.6,1,2026-09-17T00:44:57+00:00
700,0xf955dab8bdb1158dc0df449997a057ab9eb4f774,4,2514.881654169189,2547.770700636943,0.26230530066060964,quiet,0.5077571174220135,0.49224288257798654,0.020168120584788597,1,2026-09-17T00:44:57+00:00
700,0xf955dab8bdb1158dc0df449997a057ab9eb4f774,4,2514.881654169189,2547.770700636943,0.26230530066060964,1m_gross_bank_exits,1.2437395466238343,-0.24373954662383435,0.6,1,2026-09-17T00:44:57+00:00
701,0x0369cfff192ab593feffb1be1c6820b06800eef2,1,630.2592838398112,636.9426751592357,0.06574267160404361,quiet,0.5083362944315335,0.4916637055684665,0.02010278006243692,1,2026-09-17T00:44:57+00:00
701,0x0369cfff192ab593feffb1be1c6820b06800eef2,1,630.2592838398112,636.9426751592357,0.06574267160404361,1m_gross_bank_exits,1.2452802676118608,-0.24528026761186084,0.6,1,2026-09-17T00:44:57+00:00
702,0xde64a183ff3abcd5f59a30d3ec6300f2496df6ab,2,1265.046408325931,1273.8853503184714,0.13195375788953242,quiet,0.5092424088579603,0.49075759114203965,0.02012289396728766,1,2026-09-17T00:44:57+00:00
702,0xde64a183ff3abcd5f59a30d3ec6300f2496df6ab,2,1265.046408325931,1273.8853503184714,0.13195375788953242,1m_gross_bank_exits,1.247461255905995,-0.247461255905995,0.6,1,2026-09-17T00:44:57+00:00
703,0x3d2fa04af6099a759fc3477fe601a9c7aadf0229,2,1265.4024408945231,1273.8853503184714,0.13199089253923374,quiet,0.5093127378790598,0.49068726212094016,0.02012289997908474,1,2026-09-17T00:44:57+00:00
703,0x3d2fa04af6099a759fc3477fe601a9c7aadf0229,2,1265.4024408945231,1273.8853503184714,0.13199089253923374,1m_gross_bank_exits,1.2476335235653728,-0.24763352356537283,0.6,1,2026-09-17T00:44:57+00:00
704,0xe676ca06283d7340611f70e90bcb0402a982ee5c,1,630.2592838398112,636.9426751592357,0.06574267160404361,quiet,0.5083362944315335,0.4916637055684665,0.02010278006243692,1,2026-09-17T00:44:57+00:00
704,0xe676ca06283d7340611f70e90bcb0402a982ee5c,1,630.2592838398112,636.9426751592357,0.06574267160404361,1m_gross_bank_exits,1.2452802676118608,-0.24528026761186084,0.6,1,2026-09-17T00:44:57+00:00
705,0xa9568370b7f9ef732fa2a5a0acdc70d80482a405,1,630.2592838398112,636.9426751592357,0.06574267160404361,quiet,0.5083362944315335,0.4916637055684665,0.02010278006243692,1,2026-09-17T00:44:57+00:00
705,0xa9568370b7f9ef732fa2a5a0acdc70d80482a405,1,630.2592838398112,636.9426751592357,0.06574267160404361,1m_gross_bank_exits,1.2452802676118608,-0.24528026761186084,0.6,1,2026-09-17T00:44:57+00:00
706,0x9cd844132916809cfe7248cdd70e0b8313ba3e1c,1,630.2592838398112,636.9426751592357,0.06574267160404361,quiet,0.5083362944315335,0.4916637055684665,0.02010278006243692,1,2026-09-17T00:44:57+00:00
706,0x9cd844132916809cfe7248cdd70e0b8313ba3e1c,1,630.2592838398112,636.9426751592357,0.06574267160404361,1m_gross_bank_exits,1.2452802676118608,-0.24528026761186084,0.6,1,2026-09-17T00:44:57+00:00
707,0xe31dfaafcae54d406057a61b1a03951ab55314c4,1,630.2592838398112,636.9426751592357,0.06574267160404361,quiet,0.5083362944315335,0.4916637055684665,0.02010278006243692,1,2026-09-17T00:44:57+00:00
707,0xe31dfaafcae54d406057a61b1a03951ab55314c4,1,630.2592838398112,636.9426751592357,0.06574267160404361,1m_gross_bank_exits,1.2452802676118608,-0.24528026761186084,0.6,1,2026-09-17T00:44:57+00:00
708,0x00ed29085d1bc49245e32c155af853dc531078a2,1,630.2592838398112,636.9426751592357,0.06574267160404361,quiet,0.5083362944315335,0.4916637055684665,0.02010278006243692,1,2026-09-17T00:44:57+00:00
708,0x00ed29085d1bc49245e32c155af853dc531078a2,1,630.2592838398112,636.9426751592357,0.06574267160404361,1m_gross_bank_exits,1.2452802676118608,-0.24528026761186084,0.6,1,2026-09-17T00:44:57+00:00
709,0x2e27296db73efa090c33823b0b637f031d1a1f97,2,1264.9728872892574,1273.8853503184714,0.13194608955159765,quiet,0.5092278833417314,0.4907721166582686,0.020122892725864622,1,2026-09-17T00:44:57+00:00
709,0x2e27296db73efa090c33823b0b637f031d1a1f97,2,1264.9728872892574,1273.8853503184714,0.13194608955159765,1m_gross_bank_exits,1.2474256763347626,-0.24742567633476265,0.6,1,2026-09-17T00:44:57+00:00
710,0xe8d12bc5f6dfad8e8b20e25267d3b0eed83cf025,1,630.2592838398112,636.9426751592357,0.06574267160404361,quiet,0.5083362944315335,0.4916637055684665,0.02010278006243692,1,2026-09-17T00:44:57+00:00
710,0xe8d12bc5f6dfad8e8b20e25267d3b0eed83cf025,1,630.2592838398112,636.9426751592357,0.06574267160404361,1m_gross_bank_exits,1.2452802676118608,-0.24528026761186084,0.6,1,2026-09-17T00:44:57+00:00
711,0x09dbe191065884cf36c18bfa5a9fde973edc86e3,1,630.2592838398112,636.9426751592357,0.06574267160404361,quiet,0.5083362944315335,0.4916637055684665,0.02010278006243692,1,2026-09-17T00:44:57+00:00
711,0x09dbe191065884cf36c18bfa5a9fde973edc86e3,1,630.2592838398112,636.9426751592357,0.06574267160404361,1m_gross_bank_exits,1.2452802676118608,-0.24528026761186084,0.6,1,2026-09-17T00:44:57+00:00
712,0x1482552c252240096d6bce6f45b6fbf61217c6df,1,630.2592838398112,636.9426751592357,0.06574267160404361,quiet,0.5083362944315335,0.4916637055684665,0.02010278006243692,1,2026-09-17T00:44:57+00:00
712,0x1482552c252240096d6bce6f45b6fbf61217c6df,1,630.2592838398112,636.9426751592357,0.06574267160404361,1m_gross_bank_exits,1.2452802676118608,-0.24528026761186084,0.6,1,2026-09-17T00:44:57+00:00
713,0x170e47b365fee43bd9107a351b4acfef080a4e3e,1,630.2592838398112,636.9426751592357,0.06574267160404361,quiet,0.5083362944315335,0.4916637055684665,0.02010278006243692,1,2026-09-17T00:44:57+00:00
713,0x170e47b365fee43bd9107a351b4acfef080a4e3e,1,630.2592838398112,636.9426751592357,0.06574267160404361,1m_gross_bank_exits,1.2452802676118608,-0.24528026761186084,0.6,1,2026-09-17T00:44:57+00:00
714,0x2de212a155d4a280b98c23067c3c4d7fe923ac0f,1,630.2592838398112,636.9426751592357,0.06574267160404361,quiet,0.5083362944315335,0.4916637055684665,0.02010278006243692,1,2026-09-17T00:44:57+00:00
714,0x2de212a155d4a280b98c23067c3c4d7fe923ac0f,1,630.2592838398112,636.9426751592357,0.06574267160404361,1m_gross_bank_exits,1.2452802676118608,-0.24528026761186084,0.6,1,2026-09-17T00:44:57+00:00
715,0x8293fdc6648dcd00b9194dfa0ab731b51e294f66,1,630.2592838398112,636.9426751592357,0.06574267160404361,quiet,0.5083362944315335,0.4916637055684665,0.02010278006243692,1,2026-09-17T00:44:57+00:00
715,0x8293fdc6648dcd00b9194dfa0ab731b51e294f66,1,630.2592838398112,636.9426751592357,0.06574267160404361,1m_gross_bank_exits,1.2452802676118608,-0.24528026761186084,0.6,1,2026-09-17T00:44:57+00:00
716,0x2a194d883362c456c47502febf07b84803041024,3,1886.717378704347,1910.8280254777071,0.19679290041799505,quiet,0.5078195108262566,0.49218048917374335,0.020144563857529253,1,2026-09-17T00:44:57+00:00
716,0x2a194d883362c456c47502febf07b84803041024,3,1886.717378704347,1910.8280254777071,0.19679290041799505,1m_gross_bank_exits,1.2439352692002137,-0.2439352692002137,0.6,1,2026-09-17T00:44:57+00:00
717,0xec9db389ba9b0f9e293d2e01f19277eff54f3572,1,630.2592838398112,636.9426751592357,0.06574267160404361,quiet,0.5083362944315335,0.4916637055684665,0.02010278006243692,1,2026-09-17T00:44:57+00:00
717,0xec9db389ba9b0f9e293d2e01f19277eff54f3572,1,630.2592838398112,636.9426751592357,0.06574267160404361,1m_gross_bank_exits,1.2452802676118608,-0.24528026761186084,0.6,1,2026-09-17T00:44:57+00:00
718,0x89cbb589e9dd140bced82c29097281e7520960cd,1,630.2592838398112,636.9426751592357,0.06574267160404361,quiet,0.5083362944315335,0.4916637055684665,0.02010278006243692,1,2026-09-17T00:44:57+00:00
718,0x89cbb589e9dd140bced82c29097281e7520960cd,1,630.2592838398112,636.9426751592357,0.06574267160404361,1m_gross_bank_exits,1.2452802676118608,-0.24528026761186084,0.6,1,2026-09-17T00:44:57+00:00
719,0x2c7390c482ce851448f20eda89e918f0022d6307,1,630.2592838398112,636.9426751592357,0.06574267160404361,quiet,0.5083362944315335,0.4916637055684665,0.02010278006243692,1,2026-09-17T00:44:57+00:00
719,0x2c7390c482ce851448f20eda89e918f0022d6307,1,630.2592838398112,636.9426751592357,0.06574267160404361,1m_gross_bank_exits,1.2452802676118608,-0.24528026761186084,0.6,1,2026-09-17T00:44:57+00:00
720,0x2d143e6b43c030b7a4c35eec667bbb3c16dc7245,1,630.2592838398112,636.9426751592357,0.06574267160404361,quiet,0.5083362944315335,0.4916637055684665,0.02010278006243692,1,2026-09-17T00:44:57+00:00
720,0x2d143e6b43c030b7a4c35eec667bbb3c16dc7245,1,630.2592838398112,636.9426751592357,0.06574267160404361,1m_gross_bank_exits,1.2452802676118608,-0.24528026761186084,0.6,1,2026-09-17T00:44:57+00:00
721,0x6f97b7de6be7b7771e975e46bae96c35e332e172,1,630.2592838398112,636.9426751592357,0.06574267160404361,quiet,0.5083362944315335,0.4916637055684665,0.02010278006243692,1,2026-09-17T00:44:57+00:00
721,0x6f97b7de6be7b7771e975e46bae96c35e332e172,1,630.2592838398112,636.9426751592357,0.06574267160404361,1m_gross_bank_exits,1.2452802676118608,-0.24528026761186084,0.6,1,2026-09-17T00:44:57+00:00
722,0x62ae025c2bfe6e5475c8dd37cc883b4369b31775,1,630.2592838398112,636.9426751592357,0.06574267160404361,quiet,0.5083362944315335,0.4916637055684665,0.02010278006243692,1,2026-09-17T00:44:57+00:00
722,0x62ae025c2bfe6e5475c8dd37cc883b4369b31775,1,630.2592838398112,636.9426751592357,0.06574267160404361,1m_gross_bank_exits,1.2452802676118608,-0.24528026761186084,0.6,1,2026-09-17T00:44:57+00:00
723,0x9fbd096ab9dddee2a2a858fcb9187637c234dacd,2,1273.663116417546,1273.8853503184714,0.13285249113689132,quiet,0.5109388723884714,0.48906112761152865,0.020123039506217785,1,2026-09-17T00:44:57+00:00
723,0x9fbd096ab9dddee2a2a858fcb9187637c234dacd,2,1273.663116417546,1273.8853503184714,0.13285249113689132,1m_gross_bank_exits,1.2516166640146333,-0.25161666401463334,0.6,1,2026-09-17T00:44:57+00:00
724,0x3e2379e68881beaa48de35645d41c5ff6513b73e,1,630.2592838398112,636.9426751592357,0.06574267160404361,quiet,0.5083362944315335,0.4916637055684665,0.02010278006243692,1,2026-09-17T00:44:57+00:00
724,0x3e2379e68881beaa48de35645d41c5ff6513b73e,1,630.2592838398112,636.9426751592357,0.06574267160404361,1m_gross_bank_exits,1.2452802676118608,-0.24528026761186084,0.6,1,2026-09-17T00:44:57+00:00
725,0x338188207e6256f0179b110d7f7bbce5a838f8ad,1,24153.959283839813,636.9426751592357,2.5159627409332326,quiet,0.9754180790221885,0.024581920977811533,0.020786980145605087,1,2026-09-17T00:44:57+00:00
725,0x338188207e6256f0179b110d7f7bbce5a838f8ad,1,24153.959283839813,636.9426751592357,2.5159627409332326,1m_gross_bank_exits,2.38721227483353,-1.38721227483353,0.6,1,2026-09-17T00:44:57+00:00
726,0xa2044facae9802b4e2805db710c8d04323bedb57,1,630.2592838398112,636.9426751592357,0.06574267160404361,quiet,0.5083362944315335,0.4916637055684665,0.02010278006243692,1,2026-09-17T00:44:57+00:00
726,0xa2044facae9802b4e2805db710c8d04323bedb57,1,630.2592838398112,636.9426751592357,0.06574267160404361,1m_gross_bank_exits,1.2452802676118608,-0.24528026761186084,0.6,1,2026-09-17T00:44:57+00:00
727,0xad279d438249815e181f4f27d00db1d9521a066d,1,630.2592838398112,636.9426751592357,0.06574267160404361,quiet,0.5083362944315335,0.4916637055684665,0.02010278006243692,1,2026-09-17T00:44:57+00:00
727,0xad279d438249815e181f4f27d00db1d9521a066d,1,630.2592838398112,636.9426751592357,0.06574267160404361,1m_gross_bank_exits,1.2452802676118608,-0.24528026761186084,0.6,1,2026-09-17T00:44:57+00:00
728,0x7b8a6e7777793614f27799199e32e80f03d18dbe,1,630.2592838398112,636.9426751592357,0.06574267160404361,quiet,0.5083362944315335,0.4916637055684665,0.02010278006243692,1,2026-09-17T00:44:57+00:00
728,0x7b8a6e7777793614f27799199e32e80f03d18dbe,1,630.2592838398112,636.9426751592357,0.06574267160404361,1m_gross_bank_exits,1.2452802676118608,-0.24528026761186084,0.6,1,2026-09-17T00:44:57+00:00
729,0x86b0f0dfb53ad14315d05956ae27cc608fef381f,1,630.2592838398112,636.9426751592357,0.06574267160404361,quiet,0.5083362944315335,0.4916637055684665,0.02010278006243692,1,2026-09-17T00:44:57+00:00
729,0x86b0f0dfb53ad14315d05956ae27cc608fef381f,1,630.2592838398112,636.9426751592357,0.06574267160404361,1m_gross_bank_exits,1.2452802676118608,-0.24528026761186084,0.6,1,2026-09-17T00:44:57+00:00
730,0x6719db7cff4f6292b8f83fd41e6dd71f647d2bf6,1,630.2592838398112,636.9426751592357,0.06574267160404361,quiet,0.5083362944315335,0.4916637055684665,0.02010278006243692,1,2026-09-17T00:44:57+00:00
730,0x6719db7cff4f6292b8f83fd41e6dd71f647d2bf6,1,630.2592838398112,636.9426751592357,0.06574267160404361,1m_gross_bank_exits,1.2452802676118608,-0.24528026761186084,0.6,1,2026-09-17T00:44:57+00:00
731,0xfc3c962fad2c1cc77f1a0d46e7b8a2de79a21774,1,630.2592838398112,636.9426751592357,0.06574267160404361,quiet,0.5083362944315335,0.4916637055684665,0.02010278006243692,1,2026-09-17T00:44:57+00:00
731,0xfc3c962fad2c1cc77f1a0d46e7b8a2de79a21774,1,630.2592838398112,636.9426751592357,0.06574267160404361,1m_gross_bank_exits,1.2452802676118608,-0.24528026761186084,0.6,1,2026-09-17T00:44:57+00:00
732,0xcf62e2ad936145816852aacb3fce67069f52672c,1,630.2592838398112,636.9426751592357,0.06574267160404361,quiet,0.5083362944315335,0.4916637055684665,0.02010278006243692,1,2026-09-17T00:44:57+00:00
732,0xcf62e2ad936145816852aacb3fce67069f52672c,1,630.2592838398112,636.9426751592357,0.06574267160404361,1m_gross_bank_exits,1.2452802676118608,-0.24528026761186084,0.6,1,2026-09-17T00:44:57+00:00
733,0x4d52625dcf3b7db15127842834e50dbd773ef669,1,12130.259283839812,636.9426751592357,1.2645452320875166,quiet,0.9521760340011498,0.04782396599885019,0.020357065970073116,1,2026-09-17T00:44:57+00:00
733,0x4d52625dcf3b7db15127842834e50dbd773ef669,1,12130.259283839812,636.9426751592357,1.2645452320875166,1m_gross_bank_exits,2.3316590114750655,-1.3316590114750655,0.6,1,2026-09-17T00:44:57+00:00
734,0x30d0952d9b73d335f2bc2de3ed56776dd38780dc,1,630.2592838398112,636.9426751592357,0.06574267160404361,quiet,0.5083362944315335,0.4916637055684665,0.02010278006243692,1,2026-09-17T00:44:57+00:00
734,0x30d0952d9b73d335f2bc2de3ed56776dd38780dc,1,630.2592838398112,636.9426751592357,0.06574267160404361,1m_gross_bank_exits,1.2452802676118608,-0.24528026761186084,0.6,1,2026-09-17T00:44:57+00:00
735,0x62ee30f8a0357d2196450cc2b0d6441f8a92d981,4,2516.3654178456154,2547.770700636943,0.26246004027547315,quiet,0.507904552821822,0.492095447178178,0.020168149889543775,1,2026-09-17T00:44:57+00:00
735,0x62ee30f8a0357d2196450cc2b0d6441f8a92d981,4,2516.3654178456154,2547.770700636943,0.26246004027547315,1m_gross_bank_exits,1.2441006259620098,-0.24410062596200977,0.6,1,2026-09-17T00:44:57+00:00
736,0xa61c3eeb92452964d5f690fe1ded2da252c358e4,4,2515.048962116237,2547.770700636943,0.26232274897106433,quiet,0.5077737465323524,0.4922262534676476,0.020168123889040452,1,2026-09-17T00:44:57+00:00
736,0xa61c3eeb92452964d5f690fe1ded2da252c358e4,4,2515.048962116237,2547.770700636943,0.26232274897106433,1m_gross_bank_exits,1.2437802724498002,-0.24378027244980016,0.6,1,2026-09-17T00:44:57+00:00
737,0x0252f92ee3f4430ac419fc3e9ae31df718990842,1,630.2592838398112,636.9426751592357,0.06574267160404361,quiet,0.5083362944315335,0.4916637055684665,0.02010278006243692,1,2026-09-17T00:44:57+00:00
737,0x0252f92ee3f4430ac419fc3e9ae31df718990842,1,630.2592838398112,636.9426751592357,0.06574267160404361,1m_gross_bank_exits,1.2452802676118608,-0.24528026761186084,0.6,1,2026-09-17T00:44:57+00:00
738,0x456408c79e4bed7c58d04098438971255bfa98f0,1,630.2592838398112,636.9426751592357,0.06574267160404361,quiet,0.5083362944315335,0.4916637055684665,0.02010278006243692,1,2026-09-17T00:44:57+00:00
738,0x456408c79e4bed7c58d04098438971255bfa98f0,1,630.2592838398112,636.9426751592357,0.06574267160404361,1m_gross_bank_exits,1.2452802676118608,-0.24528026761186084,0.6,1,2026-09-17T00:44:57+00:00
739,0xc637c20b5374c1a087a1d093df045b493935b59e,1,630.2592838398112,636.9426751592357,0.06574267160404361,quiet,0.5083362944315335,0.4916637055684665,0.02010278006243692,1,2026-09-17T00:44:57+00:00
739,0xc637c20b5374c1a087a1d093df045b493935b59e,1,630.2592838398112,636.9426751592357,0.06574267160404361,1m_gross_bank_exits,1.2452802676118608,-0.24528026761186084,0.6,1,2026-09-17T00:44:57+00:00
740,0xc7882a51b8e026e327bd3dcead50b8d268670ba6,1,630.2592838398112,636.9426751592357,0.06574267160404361,quiet,0.5083362944315335,0.4916637055684665,0.02010278006243692,1,2026-09-17T00:44:57+00:00
740,0xc7882a51b8e026e327bd3dcead50b8d268670ba6,1,630.2592838398112,636.9426751592357,0.06574267160404361,1m_gross_bank_exits,1.2452802676118608,-0.24528026761186084,0.6,1,2026-09-17T00:44:57+00:00
741,0x06ac3826c858c64b5755e292d17477090d3d2149,1,630.2592838398112,636.9426751592357,0.06574267160404361,quiet,0.5083362944315335,0.4916637055684665,0.02010278006243692,1,2026-09-17T00:44:57+00:00
741,0x06ac3826c858c64b5755e292d17477090d3d2149,1,630.2592838398112,636.9426751592357,0.06574267160404361,1m_gross_bank_exits,1.2452802676118608,-0.24528026761186084,0.6,1,2026-09-17T00:44:57+00:00
742,0x84b677971defe65f306b6f50307e52209632796d,1,630.2592838398112,636.9426751592357,0.06574267160404361,quiet,0.5083362944315335,0.4916637055684665,0.02010278006243692,1,2026-09-17T00:44:57+00:00
742,0x84b677971defe65f306b6f50307e52209632796d,1,630.2592838398112,636.9426751592357,0.06574267160404361,1m_gross_bank_exits,1.2452802676118608,-0.24528026761186084,0.6,1,2026-09-17T00:44:57+00:00
743,0xaccdbf111831a204e1919280945a39f3841c2396,1,630.2592838398112,636.9426751592357,0.06574267160404361,quiet,0.5083362944315335,0.4916637055684665,0.02010278006243692,1,2026-09-17T00:44:57+00:00
743,0xaccdbf111831a204e1919280945a39f3841c2396,1,630.2592838398112,636.9426751592357,0.06574267160404361,1m_gross_bank_exits,1.2452802676118608,-0.24528026761186084,0.6,1,2026-09-17T00:44:57+00:00
744,0x01b88308e0cc94d103cc255fd12569f0ef8ba8fb,1,630.2592838398112,636.9426751592357,0.06574267160404361,quiet,0.5083362944315335,0.4916637055684665,0.02010278006243692,1,2026-09-17T00:44:57+00:00
744,0x01b88308e0cc94d103cc255fd12569f0ef8ba8fb,1,630.2592838398112,636.9426751592357,0.06574267160404361,1m_gross_bank_exits,1.2452802676118608,-0.24528026761186084,0.6,1,2026-09-17T00:44:57+00:00
745,0xe0d209b7324d982bacb757f724ebe00a9792ac28,1,630.2592838398112,636.9426751592357,0.06574267160404361,quiet,0.5083362944315335,0.4916637055684665,0.02010278006243692,1,2026-09-17T00:44:57+00:00
745,0xe0d209b7324d982bacb757f724ebe00a9792ac28,1,630.2592838398112,636.9426751592357,0.06574267160404361,1m_gross_bank_exits,1.2452802676118608,-0.24528026761186084,0.6,1,2026-09-17T00:44:57+00:00
746,0x4558b8d3972ac177d3c5ff7c2addbb317bb3f93b,1,630.2592838398112,636.9426751592357,0.06574267160404361,quiet,0.5083362944315335,0.4916637055684665,0.02010278006243692,1,2026-09-17T00:44:57+00:00
746,0x4558b8d3972ac177d3c5ff7c2addbb317bb3f93b,1,630.2592838398112,636.9426751592357,0.06574267160404361,1m_gross_bank_exits,1.2452802676118608,-0.24528026761186084,0.6,1,2026-09-17T00:44:57+00:00
747,0x436d531dd1d50913b24a1fa7de91dbc27f5b8fe3,1,12516.749283839812,636.9426751592357,1.3048055416691478,quiet,0.9535852749028579,0.04641472509714206,0.020368276492154974,1,2026-09-17T00:44:57+00:00
747,0x436d531dd1d50913b24a1fa7de91dbc27f5b8fe3,1,12516.749283839812,636.9426751592357,1.3048055416691478,1m_gross_bank_exits,2.3350737496739775,-1.3350737496739775,0.6,1,2026-09-17T00:44:57+00:00
748,0xf10fc94e0710d19e434f0f809f4e6b0f413852c3,1,630.2592838398112,636.9426751592357,0.06574267160404361,quiet,0.5083362944315335,0.4916637055684665,0.02010278006243692,1,2026-09-17T00:44:57+00:00
748,0xf10fc94e0710d19e434f0f809f4e6b0f413852c3,1,630.2592838398112,636.9426751592357,0.06574267160404361,1m_gross_bank_exits,1.2452802676118608,-0.24528026761186084,0.6,1,2026-09-17T00:44:57+00:00
749,0x9d85e3ed73c56bbe23f8321690c1e453f1f2ae41,1,630.2592838398112,636.9426751592357,0.06574267160404361,quiet,0.5083362944315335,0.4916637055684665,0.02010278006243692,1,2026-09-17T00:44:57+00:00
749,0x9d85e3ed73c56bbe23f8321690c1e453f1f2ae41,1,630.2592838398112,636.9426751592357,0.06574267160404361,1m_gross_bank_exits,1.2452802676118608,-0.24528026761186084,0.6,1,2026-09-17T00:44:57+00:00
750,0x98ba4c6ee9bc6be805012e55c918b46f67221b49,1,630.2592838398112,636.9426751592357,0.06574267160404361,quiet,0.5083362944315335,0.4916637055684665,0.02010278006243692,1,2026-09-17T00:44:57+00:00
750,0x98ba4c6ee9bc6be805012e55c918b46f67221b49,1,630.2592838398112,636.9426751592357,0.06574267160404361,1m_gross_bank_exits,1.2452802676118608,-0.24528026761186084,0.6,1,2026-09-17T00:44:57+00:00
751,0x987efbd98a5432ab279a759eee62bf411d2e94cc,1,630.2592838398112,636.9426751592357,0.06574267160404361,quiet,0.5083362944315335,0.4916637055684665,0.02010278006243692,1,2026-09-17T00:44:57+00:00
751,0x987efbd98a5432ab279a759eee62bf411d2e94cc,1,630.2592838398112,636.9426751592357,0.06574267160404361,1m_gross_bank_exits,1.2452802676118608,-0.24528026761186084,0.6,1,2026-09-17T00:44:57+00:00
752,0xb183bb5f98c5373f4a4849881f5f384d33910a91,2,1263.866943611916,1273.8853503184714,0.1318307382122566,quiet,0.5090092788090903,0.4909907211909097,0.02012287405245635,1,2026-09-17T00:44:57+00:00
752,0xb183bb5f98c5373f4a4849881f5f384d33910a91,2,1263.866943611916,1273.8853503184714,0.1318307382122566,1m_gross_bank_exits,1.2468902146617293,-0.24689021466172933,0.6,1,2026-09-17T00:44:57+00:00
753,0xf05a54880faf92b6aaf42cffb96d8d809c42d001,1,630.2592838398112,636.9426751592357,0.06574267160404361,quiet,0.5083362944315335,0.4916637055684665,0.02010278006243692,1,2026-09-17T00:44:57+00:00
753,0xf05a54880faf92b6aaf42cffb96d8d809c42d001,1,630.2592838398112,636.9426751592357,0.06574267160404361,1m_gross_bank_exits,1.2452802676118608,-0.24528026761186084,0.6,1,2026-09-17T00:44:57+00:00
754,0x17521073ca88010a9a65a28cdda4f294c6ee122b,4,2514.9643780372435,2547.770700636943,0.2623139278164217,quiet,0.5077653396724178,0.49223466032758223,0.020168122218541328,1,2026-09-17T00:44:57+00:00
754,0x17521073ca88010a9a65a28cdda4f294c6ee122b,4,2514.9643780372435,2547.770700636943,0.2623139278164217,1m_gross_bank_exits,1.243759683474675,-0.24375968347467492,0.6,1,2026-09-17T00:44:57+00:00
755,0x4ff25ae1b4bf1cee786d5458b43f116d3203d374,4,2515.641487945561,2547.770700636943,0.26238454265322614,quiet,0.507832629962939,0.492167370037061,0.020168135591403038,1,2026-09-17T00:44:57+00:00
755,0x4ff25ae1b4bf1cee786d5458b43f116d3203d374,4,2515.641487945561,2547.770700636943,0.26238454265322614,1m_gross_bank_exits,1.2439244819913045,-0.24392448199130445,0.6,1,2026-09-17T00:44:57+00:00
756,0x8c3df439b443bfec30214138121fbc47f87bb165,1,630.2592838398112,636.9426751592357,0.06574267160404361,quiet,0.5083362944315335,0.4916637055684665,0.02010278006243692,1,2026-09-17T00:44:57+00:00
756,0x8c3df439b443bfec30214138121fbc47f87bb165,1,630.2592838398112,636.9426751592357,0.06574267160404361,1m_gross_bank_exits,1.2452802676118608,-0.24528026761186084,0.6,1,2026-09-17T00:44:57+00:00
757,0x9281abba4dacfbaf62961c3dd6d119c15179fc77,1,630.2592838398112,636.9426751592357,0.06574267160404361,quiet,0.5083362944315335,0.4916637055684665,0.02010278006243692,1,2026-09-17T00:44:57+00:00
757,0x9281abba4dacfbaf62961c3dd6d119c15179fc77,1,630.2592838398112,636.9426751592357,0.06574267160404361,1m_gross_bank_exits,1.2452802676118608,-0.24528026761186084,0.6,1,2026-09-17T00:44:57+00:00
758,0xdb81ba0cb2ba58152147e7953b90099c17b5e249,1,630.2592838398112,636.9426751592357,0.06574267160404361,quiet,0.5083362944315335,0.4916637055684665,0.02010278006243692,1,2026-09-17T00:44:57+00:00
758,0xdb81ba0cb2ba58152147e7953b90099c17b5e249,1,630.2592838398112,636.9426751592357,0.06574267160404361,1m_gross_bank_exits,1.2452802676118608,-0.24528026761186084,0.6,1,2026-09-17T00:44:57+00:00
759,0x642b15a995980eccb49e6475f44975ff1f50dab8,1,630.2592838398112,636.9426751592357,0.06574267160404361,quiet,0.5083362944315335,0.4916637055684665,0.02010278006243692,1,2026-09-17T00:44:57+00:00
759,0x642b15a995980eccb49e6475f44975ff1f50dab8,1,630.2592838398112,636.9426751592357,0.06574267160404361,1m_gross_bank_exits,1.2452802676118608,-0.24528026761186084,0.6,1,2026-09-17T00:44:57+00:00
760,0x0ca7229814c6044ee330dc9fe26efd940df7f25f,1,630.2592838398112,636.9426751592357,0.06574267160404361,quiet,0.5083362944315335,0.4916637055684665,0.02010278006243692,1,2026-09-17T00:44:57+00:00
760,0x0ca7229814c6044ee330dc9fe26efd940df7f25f,1,630.2592838398112,636.9426751592357,0.06574267160404361,1m_gross_bank_exits,1.2452802676118608,-0.24528026761186084,0.6,1,2026-09-17T00:44:57+00:00
761,0xb0439b8422ce630b3b897f8bf559e30df1a0c94d,1,630.2592838398112,636.9426751592357,0.06574267160404361,quiet,0.5083362944315335,0.4916637055684665,0.02010278006243692,1,2026-09-17T00:44:57+00:00
761,0xb0439b8422ce630b3b897f8bf559e30df1a0c94d,1,630.2592838398112,636.9426751592357,0.06574267160404361,1m_gross_bank_exits,1.2452802676118608,-0.24528026761186084,0.6,1,2026-09-17T00:44:57+00:00
762,0xbf1e5fe652c2fc9f4a9a16567d677b533814df00,1,630.2592838398112,636.9426751592357,0.06574267160404361,quiet,0.5083362944315335,0.4916637055684665,0.02010278006243692,1,2026-09-17T00:44:57+00:00
762,0xbf1e5fe652c2fc9f4a9a16567d677b533814df00,1,630.2592838398112,636.9426751592357,0.06574267160404361,1m_gross_bank_exits,1.2452802676118608,-0.24528026761186084,0.6,1,2026-09-17T00:44:57+00:00
763,0xdee8875fd00d14a2ef8e1a58da24f12561ebfda7,1,630.2592838398112,636.9426751592357,0.06574267160404361,quiet,0.5083362944315335,0.4916637055684665,0.02010278006243692,1,2026-09-17T00:44:57+00:00
763,0xdee8875fd00d14a2ef8e1a58da24f12561ebfda7,1,630.2592838398112,636.9426751592357,0.06574267160404361,1m_gross_bank_exits,1.2452802676118608,-0.24528026761186084,0.6,1,2026-09-17T00:44:57+00:00
764,0xb6e501acc140ff452ac34362d1f74293b71b8fc3,1,630.2592838398112,636.9426751592357,0.06574267160404361,quiet,0.5083362944315335,0.4916637055684665,0.02010278006243692,1,2026-09-17T00:44:57+00:00
764,0xb6e501acc140ff452ac34362d1f74293b71b8fc3,1,630.2592838398112,636.9426751592357,0.06574267160404361,1m_gross_bank_exits,1.2452802676118608,-0.24528026761186084,0.6,1,2026-09-17T00:44:57+00:00
765,0x602160f62d420e9154fc5167243440891d6efb4b,1,630.2592838398112,636.9426751592357,0.06574267160404361,quiet,0.5083362944315335,0.4916637055684665,0.02010278006243692,1,2026-09-17T00:44:57+00:00
765,0x602160f62d420e9154fc5167243440891d6efb4b,1,630.2592838398112,636.9426751592357,0.06574267160404361,1m_gross_bank_exits,1.2452802676118608,-0.24528026761186084,0.6,1,2026-09-17T00:44:57+00:00
766,0xe65a30d4270705e3a6e92917a9c944bc8eaa5ef2,2,1262.831068668052,1273.8853503184714,0.13172269512057483,quiet,0.5088043476137247,0.49119565238627527,0.02012285656341691,1,2026-09-17T00:44:57+00:00
766,0xe65a30d4270705e3a6e92917a9c944bc8eaa5ef2,2,1262.831068668052,1273.8853503184714,0.13172269512057483,1m_gross_bank_exits,1.2463882451242179,-0.24638824512421786,0.6,1,2026-09-17T00:44:57+00:00
767,0x55bdcfdf8f5e11cefac44e1a418fb93f53788f61,1,630.2592838398112,636.9426751592357,0.06574267160404361,quiet,0.5083362944315335,0.4916637055684665,0.02010278006243692,1,2026-09-17T00:44:57+00:00
767,0x55bdcfdf8f5e11cefac44e1a418fb93f53788f61,1,630.2592838398112,636.9426751592357,0.06574267160404361,1m_gross_bank_exits,1.2452802676118608,-0.24528026761186084,0.6,1,2026-09-17T00:44:57+00:00
768,0xcea5c73c5691ab5057a6833874f42055799dd474,1,630.2592838398112,636.9426751592357,0.06574267160404361,quiet,0.5083362944315335,0.4916637055684665,0.02010278006243692,1,2026-09-17T00:44:57+00:00
768,0xcea5c73c5691ab5057a6833874f42055799dd474,1,630.2592838398112,636.9426751592357,0.06574267160404361,1m_gross_bank_exits,1.2452802676118608,-0.24528026761186084,0.6,1,2026-09-17T00:44:57+00:00
769,0xfe4b04ade5478f3b649614221cdcc43ee31fa27e,1,630.2592838398112,636.9426751592357,0.06574267160404361,quiet,0.5083362944315335,0.4916637055684665,0.02010278006243692,1,2026-09-17T00:44:57+00:00
769,0xfe4b04ade5478f3b649614221cdcc43ee31fa27e,1,630.2592838398112,636.9426751592357,0.06574267160404361,1m_gross_bank_exits,1.2452802676118608,-0.24528026761186084,0.6,1,2026-09-17T00:44:57+00:00
770,0x9a8998e8cf03bb946064a970033ddfee56879898,1,630.2592838398112,636.9426751592357,0.06574267160404361,quiet,0.5083362944315335,0.4916637055684665,0.02010278006243692,1,2026-09-17T00:44:57+00:00
770,0x9a8998e8cf03bb946064a970033ddfee56879898,1,630.2592838398112,636.9426751592357,0.06574267160404361,1m_gross_bank_exits,1.2452802676118608,-0.24528026761186084,0.6,1,2026-09-17T00:44:57+00:00
771,0xd6cfb866589581e183f7d83a61e6359b2cf56a28,1,630.2592838398112,636.9426751592357,0.06574267160404361,quiet,0.5083362944315335,0.4916637055684665,0.02010278006243692,1,2026-09-17T00:44:57+00:00
771,0xd6cfb866589581e183f7d83a61e6359b2cf56a28,1,630.2592838398112,636.9426751592357,0.06574267160404361,1m_gross_bank_exits,1.2452802676118608,-0.24528026761186084,0.6,1,2026-09-17T00:44:57+00:00
772,0xcbbfece866a198f01ebd93b4ebe2d674542bec7c,1,630.2592838398112,636.9426751592357,0.06574267160404361,quiet,0.5083362944315335,0.4916637055684665,0.02010278006243692,1,2026-09-17T00:44:57+00:00
772,0xcbbfece866a198f01ebd93b4ebe2d674542bec7c,1,630.2592838398112,636.9426751592357,0.06574267160404361,1m_gross_bank_exits,1.2452802676118608,-0.24528026761186084,0.6,1,2026-09-17T00:44:57+00:00
773,0x6bd3e54de74121b77e37d568effa492331c01d58,1,630.2592838398112,636.9426751592357,0.06574267160404361,quiet,0.5083362944315335,0.4916637055684665,0.02010278006243692,1,2026-09-17T00:44:57+00:00
773,0x6bd3e54de74121b77e37d568effa492331c01d58,1,630.2592838398112,636.9426751592357,0.06574267160404361,1m_gross_bank_exits,1.2452802676118608,-0.24528026761186084,0.6,1,2026-09-17T00:44:57+00:00
774,0xbca2daed7171894f6d902729663964c016b958a4,1,630.2592838398112,636.9426751592357,0.06574267160404361,quiet,0.5083362944315335,0.4916637055684665,0.02010278006243692,1,2026-09-17T00:44:57+00:00
774,0xbca2daed7171894f6d902729663964c016b958a4,1,630.2592838398112,636.9426751592357,0.06574267160404361,1m_gross_bank_exits,1.2452802676118608,-0.24528026761186084,0.6,1,2026-09-17T00:44:57+00:00
775,0x2883876a70f3126da4ce30bf71a96e2923e5d192,1,630.2592838398112,636.9426751592357,0.06574267160404361,quiet,0.5083362944315335,0.4916637055684665,0.02010278006243692,1,2026-09-17T00:44:57+00:00
775,0x2883876a70f3126da4ce30bf71a96e2923e5d192,1,630.2592838398112,636.9426751592357,0.06574267160404361,1m_gross_bank_exits,1.2452802676118608,-0.24528026761186084,0.6,1,2026-09-17T00:44:57+00:00
776,0xb69619cee906ce93aef46e1fba6466d33b3b28b9,1,630.2592838398112,636.9426751592357,0.06574267160404361,quiet,0.5083362944315335,0.4916637055684665,0.02010278006243692,1,2026-09-17T00:44:57+00:00
776,0xb69619cee906ce93aef46e1fba6466d33b3b28b9,1,630.2592838398112,636.9426751592357,0.06574267160404361,1m_gross_bank_exits,1.2452802676118608,-0.24528026761186084,0.6,1,2026-09-17T00:44:57+00:00
777,0xf1505e4bb4da6a42128fec2228a07bf764f391ec,1,630.2592838398112,636.9426751592357,0.06574267160404361,quiet,0.5083362944315335,0.4916637055684665,0.02010278006243692,1,2026-09-17T00:44:57+00:00
777,0xf1505e4bb4da6a42128fec2228a07bf764f391ec,1,630.2592838398112,636.9426751592357,0.06574267160404361,1m_gross_bank_exits,1.2452802676118608,-0.24528026761186084,0.6,1,2026-09-17T00:44:57+00:00
778,0xe463e91b5ac588e24ac810d403795f08f86822d9,1,630.2592838398112,636.9426751592357,0.06574267160404361,quiet,0.5083362944315335,0.4916637055684665,0.02010278006243692,1,2026-09-17T00:44:57+00:00
778,0xe463e91b5ac588e24ac810d403795f08f86822d9,1,630.2592838398112,636.9426751592357,0.06574267160404361,1m_gross_bank_exits,1.2452802676118608,-0.24528026761186084,0.6,1,2026-09-17T00:44:57+00:00
779,0x4fd5696142fcfb346dd084a19fc28ff6e4a9fca3,1,630.2592838398112,636.9426751592357,0.06574267160404361,quiet,0.5083362944315335,0.4916637055684665,0.02010278006243692,1,2026-09-17T00:44:57+00:00
779,0x4fd5696142fcfb346dd084a19fc28ff6e4a9fca3,1,630.2592838398112,636.9426751592357,0.06574267160404361,1m_gross_bank_exits,1.2452802676118608,-0.24528026761186084,0.6,1,2026-09-17T00:44:57+00:00
780,0x2fbbbcd93cd7036c732d90ab8ffe7757e1310eb6,1,24410.25928383981,636.9426751592357,2.542611655287287,quiet,0.9756704492648614,0.02432955073513865,0.020797969767792465,1,2026-09-17T00:44:57+00:00
780,0x2fbbbcd93cd7036c732d90ab8ffe7757e1310eb6,1,24410.25928383981,636.9426751592357,2.542611655287287,1m_gross_bank_exits,2.387796398077838,-1.387796398077838,0.6,1,2026-09-17T00:44:57+00:00
781,0x82ddb71b6c38ae04ddcd1b88283fe51bc037cd50,1,630.2592838398112,636.9426751592357,0.06574267160404361,quiet,0.5083362944315335,0.4916637055684665,0.02010278006243692,1,2026-09-17T00:44:57+00:00
781,0x82ddb71b6c38ae04ddcd1b88283fe51bc037cd50,1,630.2592838398112,636.9426751592357,0.06574267160404361,1m_gross_bank_exits,1.2452802676118608,-0.24528026761186084,0.6,1,2026-09-17T00:44:57+00:00
782,0x74095c9d2ac6f7c9801ce0d6a314c54a2a9aba68,1,630.2592838398112,636.9426751592357,0.06574267160404361,quiet,0.5083362944315335,0.4916637055684665,0.02010278006243692,1,2026-09-17T00:44:57+00:00
782,0x74095c9d2ac6f7c9801ce0d6a314c54a2a9aba68,1,630.2592838398112,636.9426751592357,0.06574267160404361,1m_gross_bank_exits,1.2452802676118608,-0.24528026761186084,0.6,1,2026-09-17T00:44:57+00:00
783,0x43eca5f151aa0aa5ab8b5a24078454f0842e4859,2,1268.102889234429,1273.8853503184714,0.1322725526898921,quiet,0.5098455163986659,0.49015448360133407,0.020122945582361797,1,2026-09-17T00:44:57+00:00
783,0x43eca5f151aa0aa5ab8b5a24078454f0842e4859,2,1268.102889234429,1273.8853503184714,0.1322725526898921,1m_gross_bank_exits,1.2489385394905765,-0.24893853949057654,0.6,1,2026-09-17T00:44:57+00:00
784,0xe65a52b61436e4c60d2b3ef0b475b80800a8f0aa,1,630.2592838398112,636.9426751592357,0.06574267160404361,quiet,0.5083362944315335,0.4916637055684665,0.02010278006243692,1,2026-09-17T00:44:57+00:00
784,0xe65a52b61436e4c60d2b3ef0b475b80800a8f0aa,1,630.2592838398112,636.9426751592357,0.06574267160404361,1m_gross_bank_exits,1.2452802676118608,-0.24528026761186084,0.6,1,2026-09-17T00:44:57+00:00
785,0xd1d0eb297d7a71afc06645ed2761467ba1965983,1,630.2592838398112,636.9426751592357,0.06574267160404361,quiet,0.5083362944315335,0.4916637055684665,0.02010278006243692,1,2026-09-17T00:44:57+00:00
785,0xd1d0eb297d7a71afc06645ed2761467ba1965983,1,630.2592838398112,636.9426751592357,0.06574267160404361,1m_gross_bank_exits,1.2452802676118608,-0.24528026761186084,0.6,1,2026-09-17T00:44:57+00:00
786,0x735362a17532f349f2500425bad3cd891c3935d3,1,12522.60928383981,636.9426751592357,1.3054159563949952,quiet,0.9536060037135881,0.04639399628641194,0.02036844780073017,1,2026-09-17T00:44:57+00:00
786,0x735362a17532f349f2500425bad3cd891c3935d3,1,12522.60928383981,636.9426751592357,1.3054159563949952,1m_gross_bank_exits,2.3351239689385004,-1.3351239689385004,0.6,1,2026-09-17T00:44:57+00:00
787,0xd2f70a9e2b8914cd2830c6ca48d696258bb9422d,1,630.2592838398112,636.9426751592357,0.06574267160404361,quiet,0.5083362944315335,0.4916637055684665,0.02010278006243692,1,2026-09-17T00:44:57+00:00
787,0xd2f70a9e2b8914cd2830c6ca48d696258bb9422d,1,630.2592838398112,636.9426751592357,0.06574267160404361,1m_gross_bank_exits,1.2452802676118608,-0.24528026761186084,0.6,1,2026-09-17T00:44:57+00:00
788,0x1cbd934eaf49fe310ba4e27606029c9def0168e3,1,630.2592838398112,636.9426751592357,0.06574267160404361,quiet,0.5083362944315335,0.4916637055684665,0.02010278006243692,1,2026-09-17T00:44:57+00:00
788,0x1cbd934eaf49fe310ba4e27606029c9def0168e3,1,630.2592838398112,636.9426751592357,0.06574267160404361,1m_gross_bank_exits,1.2452802676118608,-0.24528026761186084,0.6,1,2026-09-17T00:44:57+00:00
789,0x2f2ac368b7768665ee6b942601f8b02ffaec1832,1,630.2592838398112,636.9426751592357,0.06574267160404361,quiet,0.5083362944315335,0.4916637055684665,0.02010278006243692,1,2026-09-17T00:44:57+00:00
789,0x2f2ac368b7768665ee6b942601f8b02ffaec1832,1,630.2592838398112,636.9426751592357,0.06574267160404361,1m_gross_bank_exits,1.2452802676118608,-0.24528026761186084,0.6,1,2026-09-17T00:44:57+00:00
790,0xf2369008053ca8e6fd7a0ccea3baf0915eff1149,1,630.2592838398112,636.9426751592357,0.06574267160404361,quiet,0.5083362944315335,0.4916637055684665,0.02010278006243692,1,2026-09-17T00:44:57+00:00
790,0xf2369008053ca8e6fd7a0ccea3baf0915eff1149,1,630.2592838398112,636.9426751592357,0.06574267160404361,1m_gross_bank_exits,1.2452802676118608,-0.24528026761186084,0.6,1,2026-09-17T00:44:57+00:00
791,0xd5d732707909d6a2380c001f4463e6d6d2f263de,1,12517.209283839811,636.9426751592357,1.304853458201228,quiet,0.9535869027480792,0.046413097251920776,0.020368289938145073,1,2026-09-17T00:44:57+00:00
791,0xd5d732707909d6a2380c001f4463e6d6d2f263de,1,12517.209283839811,636.9426751592357,1.304853458201228,1m_gross_bank_exits,2.3350776935309847,-1.3350776935309847,0.6,1,2026-09-17T00:44:57+00:00
792,0x4184b9a3f8665b0b1446a4991d1e694b0d6def70,1,630.2592838398112,636.9426751592357,0.06574267160404361,quiet,0.5083362944315335,0.4916637055684665,0.02010278006243692,1,2026-09-17T00:44:57+00:00
792,0x4184b9a3f8665b0b1446a4991d1e694b0d6def70,1,630.2592838398112,636.9426751592357,0.06574267160404361,1m_gross_bank_exits,1.2452802676118608,-0.24528026761186084,0.6,1,2026-09-17T00:44:57+00:00
793,0x9266f61d517f253b46d67489f88a8571cdedd839,1,630.2592838398112,636.9426751592357,0.06574267160404361,quiet,0.5083362944315335,0.4916637055684665,0.02010278006243692,1,2026-09-17T00:44:57+00:00
793,0x9266f61d517f253b46d67489f88a8571cdedd839,1,630.2592838398112,636.9426751592357,0.06574267160404361,1m_gross_bank_exits,1.2452802676118608,-0.24528026761186084,0.6,1,2026-09-17T00:44:57+00:00
794,0x8eaf29685196e468684ad634ab13d9965f1253ce,1,630.2592838398112,636.9426751592357,0.06574267160404361,quiet,0.5083362944315335,0.4916637055684665,0.02010278006243692,1,2026-09-17T00:44:57+00:00
794,0x8eaf29685196e468684ad634ab13d9965f1253ce,1,630.2592838398112,636.9426751592357,0.06574267160404361,1m_gross_bank_exits,1.2452802676118608,-0.24528026761186084,0.6,1,2026-09-17T00:44:57+00:00
795,0x9551c02dd7569ec9a2a643fc5691b6021bb8829d,1,630.2592838398112,636.9426751592357,0.06574267160404361,quiet,0.5083362944315335,0.4916637055684665,0.02010278006243692,1,2026-09-17T00:44:57+00:00
795,0x9551c02dd7569ec9a2a643fc5691b6021bb8829d,1,630.2592838398112,636.9426751592357,0.06574267160404361,1m_gross_bank_exits,1.2452802676118608,-0.24528026761186084,0.6,1,2026-09-17T00:44:57+00:00
796,0x98153cf43e104ed590078840c12628d4289bf3df,1,630.2592838398112,636.9426751592357,0.06574267160404361,quiet,0.5083362944315335,0.4916637055684665,0.02010278006243692,1,2026-09-17T00:44:57+00:00
796,0x98153cf43e104ed590078840c12628d4289bf3df,1,630.2592838398112,636.9426751592357,0.06574267160404361,1m_gross_bank_exits,1.2452802676118608,-0.24528026761186084,0.6,1,2026-09-17T00:44:57+00:00
797,0xa483f9b2f35870df7560ff1fa0761abaca14d1d5,1,630.2592838398112,636.9426751592357,0.06574267160404361,quiet,0.5083362944315335,0.4916637055684665,0.02010278006243692,1,2026-09-17T00:44:57+00:00
797,0xa483f9b2f35870df7560ff1fa0761abaca14d1d5,1,630.2592838398112,636.9426751592357,0.06574267160404361,1m_gross_bank_exits,1.2452802676118608,-0.24528026761186084,0.6,1,2026-09-17T00:44:57+00:00
798,0xf2435bc8eff1e06cdcb4aceea9a652ef9d01131c,1,630.2592838398112,636.9426751592357,0.06574267160404361,quiet,0.5083362944315335,0.4916637055684665,0.02010278006243692,1,2026-09-17T00:44:57+00:00
798,0xf2435bc8eff1e06cdcb4aceea9a652ef9d01131c,1,630.2592838398112,636.9426751592357,0.06574267160404361,1m_gross_bank_exits,1.2452802676118608,-0.24528026761186084,0.6,1,2026-09-17T00:44:57+00:00
799,0x0d6f280cae54c533e0627c6e6a1627378868cb79,1,630.2592838398112,636.9426751592357,0.06574267160404361,quiet,0.5083362944315335,0.4916637055684665,0.02010278006243692,1,2026-09-17T00:44:57+00:00
799,0x0d6f280cae54c533e0627c6e6a1627378868cb79,1,630.2592838398112,636.9426751592357,0.06574267160404361,1m_gross_bank_exits,1.2452802676118608,-0.24528026761186084,0.6,1,2026-09-17T00:44:57+00:00
800,0xfd28a8ceba8da6d2144431de28903ec835cfab95,1,630.2592838398112,636.9426751592357,0.06574267160404361,quiet,0.5083362944315335,0.4916637055684665,0.02010278006243692,1,2026-09-17T00:44:57+00:00
800,0xfd28a8ceba8da6d2144431de28903ec835cfab95,1,630.2592838398112,636.9426751592357,0.06574267160404361,1m_gross_bank_exits,1.2452802676118608,-0.24528026761186084,0.6,1,2026-09-17T00:44:57+00:00
801,0x057291bd078f28687009ec4f17672adf6fe88423,1,630.2592838398112,636.9426751592357,0.06574267160404361,quiet,0.5083362944315335,0.4916637055684665,0.02010278006243692,1,2026-09-17T00:44:57+00:00
801,0x057291bd078f28687009ec4f17672adf6fe88423,1,630.2592838398112,636.9426751592357,0.06574267160404361,1m_gross_bank_exits,1.2452802676118608,-0.24528026761186084,0.6,1,2026-09-17T00:44:57+00:00
802,0x4efa7dfbba2087ab22f37673c6e56d627adb2924,1,630.2592838398112,636.9426751592357,0.06574267160404361,quiet,0.5083362944315335,0.4916637055684665,0.02010278006243692,1,2026-09-17T00:44:57+00:00
802,0x4efa7dfbba2087ab22f37673c6e56d627adb2924,1,630.2592838398112,636.9426751592357,0.06574267160404361,1m_gross_bank_exits,1.2452802676118608,-0.24528026761186084,0.6,1,2026-09-17T00:44:57+00:00
803,0xf0a9b739e9a2977fbd67852ab083ed459ae052ab,1,630.2592838398112,636.9426751592357,0.06574267160404361,quiet,0.5083362944315335,0.4916637055684665,0.02010278006243692,1,2026-09-17T00:44:57+00:00
803,0xf0a9b739e9a2977fbd67852ab083ed459ae052ab,1,630.2592838398112,636.9426751592357,0.06574267160404361,1m_gross_bank_exits,1.2452802676118608,-0.24528026761186084,0.6,1,2026-09-17T00:44:57+00:00
804,0xefa988eabbb2b768ab95ce5a194a910b0050f377,4,2515.619153850707,2547.770700636943,0.2623822134621605,quiet,0.5078304107245009,0.49216958927549914,0.02016813515029813,1,2026-09-17T00:44:57+00:00
804,0xefa988eabbb2b768ab95ce5a194a910b0050f377,4,2515.619153850707,2547.770700636943,0.2623822134621605,1m_gross_bank_exits,1.243919046921306,-0.24391904692130595,0.6,1,2026-09-17T00:44:57+00:00
805,0xe05ccac337e32ab8028903a320e911e34f12405d,1,630.2592838398112,636.9426751592357,0.06574267160404361,quiet,0.5083362944315335,0.4916637055684665,0.02010278006243692,1,2026-09-17T00:44:57+00:00
805,0xe05ccac337e32ab8028903a320e911e34f12405d,1,630.2592838398112,636.9426751592357,0.06574267160404361,1m_gross_bank_exits,1.2452802676118608,-0.24528026761186084,0.6,1,2026-09-17T00:44:57+00:00
806,0x10e69180bffa16afe0c4c4fb3df97dbbe87db7d7,1,630.2592838398112,636.9426751592357,0.06574267160404361,quiet,0.5083362944315335,0.4916637055684665,0.02010278006243692,1,2026-09-17T00:44:57+00:00
806,0x10e69180bffa16afe0c4c4fb3df97dbbe87db7d7,1,630.2592838398112,636.9426751592357,0.06574267160404361,1m_gross_bank_exits,1.2452802676118608,-0.24528026761186084,0.6,1,2026-09-17T00:44:57+00:00
807,0xedb5f6d408dcdf6a981cbb1f3e401343a312c9d9,1,21880.25928383981,636.9426751592357,2.27950166225532,quiet,0.9729275720951307,0.0270724279048693,0.0206928249461125,1,2026-09-17T00:44:57+00:00
807,0xedb5f6d408dcdf6a981cbb1f3e401343a312c9d9,1,21880.25928383981,636.9426751592357,2.27950166225532,1m_gross_bank_exits,2.3814047293841885,-1.3814047293841885,0.6,1,2026-09-17T00:44:57+00:00
808,0xff9bfd415a0f1a775cc6b7a9ba7f802c22b19fde,1,630.2592838398112,636.9426751592357,0.06574267160404361,quiet,0.5083362944315335,0.4916637055684665,0.02010278006243692,1,2026-09-17T00:44:57+00:00
808,0xff9bfd415a0f1a775cc6b7a9ba7f802c22b19fde,1,630.2592838398112,636.9426751592357,0.06574267160404361,1m_gross_bank_exits,1.2452802676118608,-0.24528026761186084,0.6,1,2026-09-17T00:44:57+00:00
809,0x83168ce4c87919d4e52c311fc8570155bbb117f4,1,630.2592838398112,636.9426751592357,0.06574267160404361,quiet,0.5083362944315335,0.4916637055684665,0.02010278006243692,1,2026-09-17T00:44:57+00:00
809,0x83168ce4c87919d4e52c311fc8570155bbb117f4,1,630.2592838398112,636.9426751592357,0.06574267160404361,1m_gross_bank_exits,1.2452802676118608,-0.24528026761186084,0.6,1,2026-09-17T00:44:57+00:00
810,0x3462da7ea23d73a9fed95c1300af4bc5821ec7c8,1,630.2592838398112,636.9426751592357,0.06574267160404361,quiet,0.5083362944315335,0.4916637055684665,0.02010278006243692,1,2026-09-17T00:44:57+00:00
810,0x3462da7ea23d73a9fed95c1300af4bc5821ec7c8,1,630.2592838398112,636.9426751592357,0.06574267160404361,1m_gross_bank_exits,1.2452802676118608,-0.24528026761186084,0.6,1,2026-09-17T00:44:57+00:00
811,0xdb93342558502d4f522e774eac55d71bff8e6130,1,630.2592838398112,636.9426751592357,0.06574267160404361,quiet,0.5083362944315335,0.4916637055684665,0.02010278006243692,1,2026-09-17T00:44:57+00:00
811,0xdb93342558502d4f522e774eac55d71bff8e6130,1,630.2592838398112,636.9426751592357,0.06574267160404361,1m_gross_bank_exits,1.2452802676118608,-0.24528026761186084,0.6,1,2026-09-17T00:44:57+00:00
812,0x4b8af4e14a365e02bd110aa1dd64e988477b8aaf,1,655.2592838398112,636.9426751592357,0.06835035585148944,quiet,0.5180543758910445,0.4819456241089555,0.020103166470388303,1,2026-09-17T00:44:57+00:00
812,0x4b8af4e14a365e02bd110aa1dd64e988477b8aaf,1,655.2592838398112,636.9426751592357,0.06835035585148944,1m_gross_bank_exits,1.2690859260199248,-0.26908592601992476,0.6,1,2026-09-17T00:44:57+00:00
813,0x2a01a77c1d98baf53e059542574cd8ba0d0b035a,1,630.2592838398112,636.9426751592357,0.06574267160404361,quiet,0.5083362944315335,0.4916637055684665,0.02010278006243692,1,2026-09-17T00:44:57+00:00
813,0x2a01a77c1d98baf53e059542574cd8ba0d0b035a,1,630.2592838398112,636.9426751592357,0.06574267160404361,1m_gross_bank_exits,1.2452802676118608,-0.24528026761186084,0.6,1,2026-09-17T00:44:57+00:00
814,0x804958591b1ebec23cfa7c81a99a3f1ef5979ff8,1,12519.15928383981,636.9426751592357,1.305056582596053,quiet,0.9535938021314734,0.04640619786852662,0.02036834694017663,1,2026-09-17T00:44:57+00:00
814,0x804958591b1ebec23cfa7c81a99a3f1ef5979ff8,1,12519.15928383981,636.9426751592357,1.305056582596053,1m_gross_bank_exits,2.3350944087766354,-1.3350944087766354,0.6,1,2026-09-17T00:44:57+00:00
815,0xfb9185561e912a4bb20ae13f113847f6626c56b5,1,630.2592838398112,636.9426751592357,0.06574267160404361,quiet,0.5083362944315335,0.4916637055684665,0.02010278006243692,1,2026-09-17T00:44:57+00:00
815,0xfb9185561e912a4bb20ae13f113847f6626c56b5,1,630.2592838398112,636.9426751592357,0.06574267160404361,1m_gross_bank_exits,1.2452802676118608,-0.24528026761186084,0.6,1,2026-09-17T00:44:57+00:00
816,0x64bb5092df968e7509132acc126e73d7de3410ff,1,630.2592838398112,636.9426751592357,0.06574267160404361,quiet,0.5083362944315335,0.4916637055684665,0.02010278006243692,1,2026-09-17T00:44:57+00:00
816,0x64bb5092df968e7509132acc126e73d7de3410ff,1,630.2592838398112,636.9426751592357,0.06574267160404361,1m_gross_bank_exits,1.2452802676118608,-0.24528026761186084,0.6,1,2026-09-17T00:44:57+00:00
817,0x4761fd5aa1513d0eb8c3ce599e718c6b4ae50e22,1,630.2592838398112,636.9426751592357,0.06574267160404361,quiet,0.5083362944315335,0.4916637055684665,0.02010278006243692,1,2026-09-17T00:44:57+00:00
817,0x4761fd5aa1513d0eb8c3ce599e718c6b4ae50e22,1,630.2592838398112,636.9426751592357,0.06574267160404361,1m_gross_bank_exits,1.2452802676118608,-0.24528026761186084,0.6,1,2026-09-17T00:44:57+00:00
818,0xde78a646c581f4b253ab49859590fcd427db2aab,1,630.2592838398112,636.9426751592357,0.06574267160404361,quiet,0.5083362944315335,0.4916637055684665,0.02010278006243692,1,2026-09-17T00:44:57+00:00
818,0xde78a646c581f4b253ab49859590fcd427db2aab,1,630.2592838398112,636.9426751592357,0.06574267160404361,1m_gross_bank_exits,1.2452802676118608,-0.24528026761186084,0.6,1,2026-09-17T00:44:57+00:00
819,0xd453e91f692eb5437cf345e09545827576e3225d,1,630.2592838398112,636.9426751592357,0.06574267160404361,quiet,0.5083362944315335,0.4916637055684665,0.02010278006243692,1,2026-09-17T00:44:57+00:00
819,0xd453e91f692eb5437cf345e09545827576e3225d,1,630.2592838398112,636.9426751592357,0.06574267160404361,1m_gross_bank_exits,1.2452802676118608,-0.24528026761186084,0.6,1,2026-09-17T00:44:57+00:00
820,0x2874dc337f5821b5fa832bbc305107dc4a57608e,1,630.2592838398112,636.9426751592357,0.06574267160404361,quiet,0.5083362944315335,0.4916637055684665,0.02010278006243692,1,2026-09-17T00:44:57+00:00
820,0x2874dc337f5821b5fa832bbc305107dc4a57608e,1,630.2592838398112,636.9426751592357,0.06574267160404361,1m_gross_bank_exits,1.2452802676118608,-0.24528026761186084,0.6,1,2026-09-17T00:44:57+00:00
821,0xc02ad38d5df2724bf1cc7983244301e2185f9462,4,2517.474233287251,2547.770700636943,0.2625756770542557,quiet,0.5080146735455515,0.4919853264544485,0.020168171790631854,1,2026-09-17T00:44:57+00:00
821,0xc02ad38d5df2724bf1cc7983244301e2185f9462,4,2517.474233287251,2547.770700636943,0.2625756770542557,1m_gross_bank_exits,1.244370319070157,-0.24437031907015694,0.6,1,2026-09-17T00:44:57+00:00
822,0x534a8a849bf1299dc9773cd14cc0223ee377989c,1,630.2592838398112,636.9426751592357,0.06574267160404361,quiet,0.5083362944315335,0.4916637055684665,0.02010278006243692,1,2026-09-17T00:44:57+00:00
822,0x534a8a849bf1299dc9773cd14cc0223ee377989c,1,630.2592838398112,636.9426751592357,0.06574267160404361,1m_gross_bank_exits,1.2452802676118608,-0.24528026761186084,0.6,1,2026-09-17T00:44:57+00:00
823,0x153b93374f4e8edb54ba0569e6ea6b46e5e46a5d,2,1262.6527756043913,1273.8853503184714,0.13170409892320095,quiet,0.508769057942221,0.49123094205777895,0.02012285355335823,1,2026-09-17T00:44:57+00:00
823,0x153b93374f4e8edb54ba0569e6ea6b46e5e46a5d,2,1262.6527756043913,1273.8853503184714,0.13170409892320095,1m_gross_bank_exits,1.246301804694737,-0.24630180469473695,0.6,1,2026-09-17T00:44:57+00:00
824,0x9dd1be57df8ff363629d7301211dd9dd5d30c466,1,630.2592838398112,636.9426751592357,0.06574267160404361,quiet,0.5083362944315335,0.4916637055684665,0.02010278006243692,1,2026-09-17T00:44:57+00:00
824,0x9dd1be57df8ff363629d7301211dd9dd5d30c466,1,630.2592838398112,636.9426751592357,0.06574267160404361,1m_gross_bank_exits,1.2452802676118608,-0.24528026761186084,0.6,1,2026-09-17T00:44:57+00:00
825,0xc348f4b6dbf1b156d802810db2f6d59f36c837bf,1,630.2592838398112,636.9426751592357,0.06574267160404361,quiet,0.5083362944315335,0.4916637055684665,0.02010278006243692,1,2026-09-17T00:44:57+00:00
825,0xc348f4b6dbf1b156d802810db2f6d59f36c837bf,1,630.2592838398112,636.9426751592357,0.06574267160404361,1m_gross_bank_exits,1.2452802676118608,-0.24528026761186084,0.6,1,2026-09-17T00:44:57+00:00
826,0xcfb1495fc39a4bd101ada0f4c81754671f24843f,1,630.2592838398112,636.9426751592357,0.06574267160404361,quiet,0.5083362944315335,0.4916637055684665,0.02010278006243692,1,2026-09-17T00:44:57+00:00
826,0xcfb1495fc39a4bd101ada0f4c81754671f24843f,1,630.2592838398112,636.9426751592357,0.06574267160404361,1m_gross_bank_exits,1.2452802676118608,-0.24528026761186084,0.6,1,2026-09-17T00:44:57+00:00
827,0x28d262ee24e7ffa7b0958962cad78ade8c39be28,1,630.2592838398112,636.9426751592357,0.06574267160404361,quiet,0.5083362944315335,0.4916637055684665,0.02010278006243692,1,2026-09-17T00:44:57+00:00
827,0x28d262ee24e7ffa7b0958962cad78ade8c39be28,1,630.2592838398112,636.9426751592357,0.06574267160404361,1m_gross_bank_exits,1.2452802676118608,-0.24528026761186084,0.6,1,2026-09-17T00:44:57+00:00
828,0x9e0a2c8a7d60b9e6382cc13df3483330fac4535d,1,630.2592838398112,636.9426751592357,0.06574267160404361,quiet,0.5083362944315335,0.4916637055684665,0.02010278006243692,1,2026-09-17T00:44:57+00:00
828,0x9e0a2c8a7d60b9e6382cc13df3483330fac4535d,1,630.2592838398112,636.9426751592357,0.06574267160404361,1m_gross_bank_exits,1.2452802676118608,-0.24528026761186084,0.6,1,2026-09-17T00:44:57+00:00
829,0xaff726578eb3e36219ba17d8a12578a3160c1fcc,3,1898.563756731138,1910.8280254777071,0.1980284181482193,quiet,0.5093839723346485,0.4906160276653515,0.0201447808888193,1,2026-09-17T00:44:57+00:00
829,0xaff726578eb3e36219ba17d8a12578a3160c1fcc,3,1898.563756731138,1910.8280254777071,0.1980284181482193,1m_gross_bank_exits,1.247767052845838,-0.247767052845838,0.6,1,2026-09-17T00:44:57+00:00
831,0x8f7037074c7cd129588b5a8d731d116dc645eb6a,1,630.2592838398112,636.9426751592357,0.06574267160404361,quiet,0.5083362944315335,0.4916637055684665,0.02010278006243692,1,2026-09-17T00:44:57+00:00
831,0x8f7037074c7cd129588b5a8d731d116dc645eb6a,1,630.2592838398112,636.9426751592357,0.06574267160404361,1m_gross_bank_exits,1.2452802676118608,-0.24528026761186084,0.6,1,2026-09-17T00:44:57+00:00
832,0x60d24bc5f2e95b082fe62669e24c1dcf2513dc21,1,630.2592838398112,636.9426751592357,0.06574267160404361,quiet,0.5083362944315335,0.4916637055684665,0.02010278006243692,1,2026-09-17T00:44:57+00:00
832,0x60d24bc5f2e95b082fe62669e24c1dcf2513dc21,1,630.2592838398112,636.9426751592357,0.06574267160404361,1m_gross_bank_exits,1.2452802676118608,-0.24528026761186084,0.6,1,2026-09-17T00:44:57+00:00
833,0xf2439241881964006369c0e2377d45f3740f48a0,1,630.2592838398112,636.9426751592357,0.06574267160404361,quiet,0.5083362944315335,0.4916637055684665,0.02010278006243692,1,2026-09-17T00:44:57+00:00
833,0xf2439241881964006369c0e2377d45f3740f48a0,1,630.2592838398112,636.9426751592357,0.06574267160404361,1m_gross_bank_exits,1.2452802676118608,-0.24528026761186084,0.6,1,2026-09-17T00:44:57+00:00
834,0xd15031d0942634ccac10274e68945a23d2720922,1,630.2592838398112,636.9426751592357,0.06574267160404361,quiet,0.5083362944315335,0.4916637055684665,0.02010278006243692,1,2026-09-17T00:44:57+00:00
834,0xd15031d0942634ccac10274e68945a23d2720922,1,630.2592838398112,636.9426751592357,0.06574267160404361,1m_gross_bank_exits,1.2452802676118608,-0.24528026761186084,0.6,1,2026-09-17T00:44:57+00:00
835,0x9b35c3602c664773b99f0e2c1639ebe659be788a,4,2514.6446022260734,2547.770700636943,0.26228057884612554,quiet,0.5077335543757693,0.4922664456242307,0.020168115903181804,1,2026-09-17T00:44:57+00:00
835,0x9b35c3602c664773b99f0e2c1639ebe659be788a,4,2514.6446022260734,2547.770700636943,0.26228057884612554,1m_gross_bank_exits,1.2436818391094215,-0.24368183910942154,0.6,1,2026-09-17T00:44:57+00:00
836,0xabafb3447f8a4f351f7845df54026c290b399f8a,1,630.2592838398112,636.9426751592357,0.06574267160404361,quiet,0.5083362944315335,0.4916637055684665,0.02010278006243692,1,2026-09-17T00:44:57+00:00
836,0xabafb3447f8a4f351f7845df54026c290b399f8a,1,630.2592838398112,636.9426751592357,0.06574267160404361,1m_gross_bank_exits,1.2452802676118608,-0.24528026761186084,0.6,1,2026-09-17T00:44:57+00:00
837,0x102a618b36c32b338c03526255dcf2a39eb1897f,1,630.2592838398112,636.9426751592357,0.06574267160404361,quiet,0.5083362944315335,0.4916637055684665,0.02010278006243692,1,2026-09-17T00:44:57+00:00
837,0x102a618b36c32b338c03526255dcf2a39eb1897f,1,630.2592838398112,636.9426751592357,0.06574267160404361,1m_gross_bank_exits,1.2452802676118608,-0.24528026761186084,0.6,1,2026-09-17T00:44:57+00:00
838,0xe676ca06283d7340611f70e90bcb0402a982ee5c,1,630.2592838398112,636.9426751592357,0.06574267160404361,quiet,0.5083362944315335,0.4916637055684665,0.02010278006243692,1,2026-09-17T00:44:57+00:00
838,0xe676ca06283d7340611f70e90bcb0402a982ee5c,1,630.2592838398112,636.9426751592357,0.06574267160404361,1m_gross_bank_exits,1.2452802676118608,-0.24528026761186084,0.6,1,2026-09-17T00:44:57+00:00
839,0xe44436ac79b3d92631395de6d86568af927c627a,1,630.2592838398112,636.9426751592357,0.06574267160404361,quiet,0.5083362944315335,0.4916637055684665,0.02010278006243692,1,2026-09-17T00:44:57+00:00
839,0xe44436ac79b3d92631395de6d86568af927c627a,1,630.2592838398112,636.9426751592357,0.06574267160404361,1m_gross_bank_exits,1.2452802676118608,-0.24528026761186084,0.6,1,2026-09-17T00:44:57+00:00
840,0x6964f870aa07461521ba2f947837a00e0a4c008b,1,630.2592838398112,636.9426751592357,0.06574267160404361,quiet,0.5083362944315335,0.4916637055684665,0.02010278006243692,1,2026-09-17T00:44:57+00:00
840,0x6964f870aa07461521ba2f947837a00e0a4c008b,1,630.2592838398112,636.9426751592357,0.06574267160404361,1m_gross_bank_exits,1.2452802676118608,-0.24528026761186084,0.6,1,2026-09-17T00:44:57+00:00
841,0xeb456428815f395e6f02d4982f5521116c89c620,2,49263.611068668055,1273.8853503184714,5.120061073776842,quiet,0.9759553378714214,0.024044662128578587,0.022269605133664144,1,2026-09-17T00:44:57+00:00
841,0xeb456428815f395e6f02d4982f5521116c89c620,2,49263.611068668055,1273.8853503184714,5.120061073776842,1m_gross_bank_exits,2.3842473849027295,-1.3842473849027295,0.6,1,2026-09-17T00:44:57+00:00
842,0x5a4177620576be32664da8051f4171bbd984ffd6,1,630.2592838398112,636.9426751592357,0.06574267160404361,quiet,0.5083362944315335,0.4916637055684665,0.02010278006243692,1,2026-09-17T00:44:57+00:00
842,0x5a4177620576be32664da8051f4171bbd984ffd6,1,630.2592838398112,636.9426751592357,0.06574267160404361,1m_gross_bank_exits,1.2452802676118608,-0.24528026761186084,0.6,1,2026-09-17T00:44:57+00:00
843,0xce485e854ef129d13dc1e25d103412bd25e97904,1,630.2592838398112,636.9426751592357,0.06574267160404361,quiet,0.5083362944315335,0.4916637055684665,0.02010278006243692,1,2026-09-17T00:44:57+00:00
843,0xce485e854ef129d13dc1e25d103412bd25e97904,1,630.2592838398112,636.9426751592357,0.06574267160404361,1m_gross_bank_exits,1.2452802676118608,-0.24528026761186084,0.6,1,2026-09-17T00:44:57+00:00
844,0xd572cd5aa778bbe04375f132fe89a1af5ca4b1c5,1,630.2592838398112,636.9426751592357,0.06574267160404361,quiet,0.5083362944315335,0.4916637055684665,0.02010278006243692,1,2026-09-17T00:44:57+00:00
844,0xd572cd5aa778bbe04375f132fe89a1af5ca4b1c5,1,630.2592838398112,636.9426751592357,0.06574267160404361,1m_gross_bank_exits,1.2452802676118608,-0.24528026761186084,0.6,1,2026-09-17T00:44:57+00:00
845,0xe085327c5ad2f77147f10973fed45fb19d734f7e,1,630.2592838398112,636.9426751592357,0.06574267160404361,quiet,0.5083362944315335,0.4916637055684665,0.02010278006243692,1,2026-09-17T00:44:57+00:00
845,0xe085327c5ad2f77147f10973fed45fb19d734f7e,1,630.2592838398112,636.9426751592357,0.06574267160404361,1m_gross_bank_exits,1.2452802676118608,-0.24528026761186084,0.6,1,2026-09-17T00:44:57+00:00
846,0x28ab9b5f50bbff7a5fd84ef61d31f62655c3ee96,1,630.2592838398112,636.9426751592357,0.06574267160404361,quiet,0.5083362944315335,0.4916637055684665,0.02010278006243692,1,2026-09-17T00:44:57+00:00
846,0x28ab9b5f50bbff7a5fd84ef61d31f62655c3ee96,1,630.2592838398112,636.9426751592357,0.06574267160404361,1m_gross_bank_exits,1.2452802676118608,-0.24528026761186084,0.6,1,2026-09-17T00:44:57+00:00
847,0x40f526bfc696556b02d422dac853b61f4646c3c9,1,630.2592838398112,636.9426751592357,0.06574267160404361,quiet,0.5083362944315335,0.4916637055684665,0.02010278006243692,1,2026-09-17T00:44:57+00:00
847,0x40f526bfc696556b02d422dac853b61f4646c3c9,1,630.2592838398112,636.9426751592357,0.06574267160404361,1m_gross_bank_exits,1.2452802676118608,-0.24528026761186084,0.6,1,2026-09-17T00:44:57+00:00
848,0x651519c90a810c628b631a14cbfa53a36ab4d1ad,1,630.2592838398112,636.9426751592357,0.06574267160404361,quiet,0.5083362944315335,0.4916637055684665,0.02010278006243692,1,2026-09-17T00:44:57+00:00
848,0x651519c90a810c628b631a14cbfa53a36ab4d1ad,1,630.2592838398112,636.9426751592357,0.06574267160404361,1m_gross_bank_exits,1.2452802676118608,-0.24528026761186084,0.6,1,2026-09-17T00:44:57+00:00
849,0x3a9732edd0624b39d006c89a0e327020dc06eb99,1,630.2592838398112,636.9426751592357,0.06574267160404361,quiet,0.5083362944315335,0.4916637055684665,0.02010278006243692,1,2026-09-17T00:44:57+00:00
849,0x3a9732edd0624b39d006c89a0e327020dc06eb99,1,630.2592838398112,636.9426751592357,0.06574267160404361,1m_gross_bank_exits,1.2452802676118608,-0.24528026761186084,0.6,1,2026-09-17T00:44:57+00:00
850,0x6ff412f54e10588a2cf0442ccfb228f866ff1684,1,630.2592838398112,636.9426751592357,0.06574267160404361,quiet,0.5083362944315335,0.4916637055684665,0.02010278006243692,1,2026-09-17T00:44:57+00:00
850,0x6ff412f54e10588a2cf0442ccfb228f866ff1684,1,630.2592838398112,636.9426751592357,0.06574267160404361,1m_gross_bank_exits,1.2452802676118608,-0.24528026761186084,0.6,1,2026-09-17T00:44:57+00:00
851,0x03edd76c30398a47b61857138d1197cad32db02f,1,630.2592838398112,636.9426751592357,0.06574267160404361,quiet,0.5083362944315335,0.4916637055684665,0.02010278006243692,1,2026-09-17T00:44:57+00:00
851,0x03edd76c30398a47b61857138d1197cad32db02f,1,630.2592838398112,636.9426751592357,0.06574267160404361,1m_gross_bank_exits,1.2452802676118608,-0.24528026761186084,0.6,1,2026-09-17T00:44:57+00:00
852,0xa235f5d5ed149b053f58f1015dd3ab92d651df5b,1,630.2592838398112,636.9426751592357,0.06574267160404361,quiet,0.5083362944315335,0.4916637055684665,0.02010278006243692,1,2026-09-17T00:44:57+00:00
852,0xa235f5d5ed149b053f58f1015dd3ab92d651df5b,1,630.2592838398112,636.9426751592357,0.06574267160404361,1m_gross_bank_exits,1.2452802676118608,-0.24528026761186084,0.6,1,2026-09-17T00:44:57+00:00
853,0x127e8d8c3bbcde01987051a79debddb64ef77978,1,630.2592838398112,636.9426751592357,0.06574267160404361,quiet,0.5083362944315335,0.4916637055684665,0.02010278006243692,1,2026-09-17T00:44:57+00:00
853,0x127e8d8c3bbcde01987051a79debddb64ef77978,1,630.2592838398112,636.9426751592357,0.06574267160404361,1m_gross_bank_exits,1.2452802676118608,-0.24528026761186084,0.6,1,2026-09-17T00:44:57+00:00
854,0xe74c41ab9c6fce0e01ccb824c25a58b796019ef0,1,630.2592838398112,636.9426751592357,0.06574267160404361,quiet,0.5083362944315335,0.4916637055684665,0.02010278006243692,1,2026-09-17T00:44:57+00:00
854,0xe74c41ab9c6fce0e01ccb824c25a58b796019ef0,1,630.2592838398112,636.9426751592357,0.06574267160404361,1m_gross_bank_exits,1.2452802676118608,-0.24528026761186084,0.6,1,2026-09-17T00:44:57+00:00
855,0x751b3eef33e7f4e4e6c6937a7ea2a02b3d04fb34,1,630.2592838398112,636.9426751592357,0.06574267160404361,quiet,0.5083362944315335,0.4916637055684665,0.02010278006243692,1,2026-09-17T00:44:57+00:00
855,0x751b3eef33e7f4e4e6c6937a7ea2a02b3d04fb34,1,630.2592838398112,636.9426751592357,0.06574267160404361,1m_gross_bank_exits,1.2452802676118608,-0.24528026761186084,0.6,1,2026-09-17T00:44:57+00:00
856,0x6302a3e201974e6a299c1363d9db9e68050d004d,1,630.2592838398112,636.9426751592357,0.06574267160404361,quiet,0.5083362944315335,0.4916637055684665,0.02010278006243692,1,2026-09-17T00:44:57+00:00
856,0x6302a3e201974e6a299c1363d9db9e68050d004d,1,630.2592838398112,636.9426751592357,0.06574267160404361,1m_gross_bank_exits,1.2452802676118608,-0.24528026761186084,0.6,1,2026-09-17T00:44:57+00:00
857,0x7c6553933a471b43ce3a76a02245c5162c82522c,1,630.2592838398112,636.9426751592357,0.06574267160404361,quiet,0.5083362944315335,0.4916637055684665,0.02010278006243692,1,2026-09-17T00:44:57+00:00
857,0x7c6553933a471b43ce3a76a02245c5162c82522c,1,630.2592838398112,636.9426751592357,0.06574267160404361,1m_gross_bank_exits,1.2452802676118608,-0.24528026761186084,0.6,1,2026-09-17T00:44:57+00:00
858,0x2d9d906201be2dfec47b45b7e07f292cfde1c0aa,1,630.2592838398112,636.9426751592357,0.06574267160404361,quiet,0.5083362944315335,0.4916637055684665,0.02010278006243692,1,2026-09-17T00:44:57+00:00
858,0x2d9d906201be2dfec47b45b7e07f292cfde1c0aa,1,630.2592838398112,636.9426751592357,0.06574267160404361,1m_gross_bank_exits,1.2452802676118608,-0.24528026761186084,0.6,1,2026-09-17T00:44:57+00:00
859,0xe9908744df557482897cb17a707e4b55681936c9,1,630.2592838398112,636.9426751592357,0.06574267160404361,quiet,0.5083362944315335,0.4916637055684665,0.02010278006243692,1,2026-09-17T00:44:57+00:00
859,0xe9908744df557482897cb17a707e4b55681936c9,1,630.2592838398112,636.9426751592357,0.06574267160404361,1m_gross_bank_exits,1.2452802676118608,-0.24528026761186084,0.6,1,2026-09-17T00:44:57+00:00
860,0x8b3c0a57bc85644b0be7a4f889642602cc2c34f4,1,630.2592838398112,636.9426751592357,0.06574267160404361,quiet,0.5083362944315335,0.4916637055684665,0.02010278006243692,1,2026-09-17T00:44:57+00:00
860,0x8b3c0a57bc85644b0be7a4f889642602cc2c34f4,1,630.2592838398112,636.9426751592357,0.06574267160404361,1m_gross_bank_exits,1.2452802676118608,-0.24528026761186084,0.6,1,2026-09-17T00:44:57+00:00
861,0xf17017dd78887f7a6d03a81e36ffbdf67eac2b8a,1,630.2592838398112,636.9426751592357,0.06574267160404361,quiet,0.5083362944315335,0.4916637055684665,0.02010278006243692,1,2026-09-17T00:44:57+00:00
861,0xf17017dd78887f7a6d03a81e36ffbdf67eac2b8a,1,630.2592838398112,636.9426751592357,0.06574267160404361,1m_gross_bank_exits,1.2452802676118608,-0.24528026761186084,0.6,1,2026-09-17T00:44:57+00:00
862,0x1279854e002018ef6dd0194341363d7be7645c18,1,630.2592838398112,636.9426751592357,0.06574267160404361,quiet,0.5083362944315335,0.4916637055684665,0.02010278006243692,1,2026-09-17T00:44:57+00:00
862,0x1279854e002018ef6dd0194341363d7be7645c18,1,630.2592838398112,636.9426751592357,0.06574267160404361,1m_gross_bank_exits,1.2452802676118608,-0.24528026761186084,0.6,1,2026-09-17T00:44:57+00:00
863,0x35829b2eeba3006dfe8dfc9d2086201b64aad9b5,1,630.2592838398112,636.9426751592357,0.06574267160404361,quiet,0.5083362944315335,0.4916637055684665,0.02010278006243692,1,2026-09-17T00:44:57+00:00
863,0x35829b2eeba3006dfe8dfc9d2086201b64aad9b5,1,630.2592838398112,636.9426751592357,0.06574267160404361,1m_gross_bank_exits,1.2452802676118608,-0.24528026761186084,0.6,1,2026-09-17T00:44:57+00:00
864,0xb51ff2f65b935142aab32abefa1c0e29a4161d31,1,630.2592838398112,636.9426751592357,0.06574267160404361,quiet,0.5083362944315335,0.4916637055684665,0.02010278006243692,1,2026-09-17T00:44:57+00:00
864,0xb51ff2f65b935142aab32abefa1c0e29a4161d31,1,630.2592838398112,636.9426751592357,0.06574267160404361,1m_gross_bank_exits,1.2452802676118608,-0.24528026761186084,0.6,1,2026-09-17T00:44:57+00:00
865,0x3e6c0c60ca56a95729aaead4202f76563ff9be0f,1,630.2592838398112,636.9426751592357,0.06574267160404361,quiet,0.5083362944315335,0.4916637055684665,0.02010278006243692,1,2026-09-17T00:44:57+00:00
865,0x3e6c0c60ca56a95729aaead4202f76563ff9be0f,1,630.2592838398112,636.9426751592357,0.06574267160404361,1m_gross_bank_exits,1.2452802676118608,-0.24528026761186084,0.6,1,2026-09-17T00:44:57+00:00
866,0x68272e5d34a67515efe926cc12ecb82bbf49bb87,1,630.2592838398112,636.9426751592357,0.06574267160404361,quiet,0.5083362944315335,0.4916637055684665,0.02010278006243692,1,2026-09-17T00:44:57+00:00
866,0x68272e5d34a67515efe926cc12ecb82bbf49bb87,1,630.2592838398112,636.9426751592357,0.06574267160404361,1m_gross_bank_exits,1.2452802676118608,-0.24528026761186084,0.6,1,2026-09-17T00:44:57+00:00
867,0x365b94ab73ab228544a66e46b90be4deb946a6de,2,1258.2482896385422,1273.8853503184714,0.13124470523369383,quiet,0.5078956623770639,0.49210433762293615,0.020122779205688102,1,2026-09-17T00:44:57+00:00
867,0x365b94ab73ab228544a66e46b90be4deb946a6de,2,1258.2482896385422,1273.8853503184714,0.13124470523369383,1m_gross_bank_exits,1.2441624617036733,-0.24416246170367328,0.6,1,2026-09-17T00:44:57+00:00
868,0x7029bfa9a85ebf4653945be520dc3b7f1181f4af,1,630.2592838398112,636.9426751592357,0.06574267160404361,quiet,0.5083362944315335,0.4916637055684665,0.02010278006243692,1,2026-09-17T00:44:57+00:00
868,0x7029bfa9a85ebf4653945be520dc3b7f1181f4af,1,630.2592838398112,636.9426751592357,0.06574267160404361,1m_gross_bank_exits,1.2452802676118608,-0.24528026761186084,0.6,1,2026-09-17T00:44:57+00:00
869,0xac980b82b58c2a908f06649f1ef5a46dbf89da41,1,630.2592838398112,636.9426751592357,0.06574267160404361,quiet,0.5083362944315335,0.4916637055684665,0.02010278006243692,1,2026-09-17T00:44:57+00:00
869,0xac980b82b58c2a908f06649f1ef5a46dbf89da41,1,630.2592838398112,636.9426751592357,0.06574267160404361,1m_gross_bank_exits,1.2452802676118608,-0.24528026761186084,0.6,1,2026-09-17T00:44:57+00:00
870,0xaaa2cc267cd3747f33984a81a6f28de1d460897a,1,630.2592838398112,636.9426751592357,0.06574267160404361,quiet,0.5083362944315335,0.4916637055684665,0.02010278006243692,1,2026-09-17T00:44:57+00:00
870,0xaaa2cc267cd3747f33984a81a6f28de1d460897a,1,630.2592838398112,636.9426751592357,0.06574267160404361,1m_gross_bank_exits,1.2452802676118608,-0.24528026761186084,0.6,1,2026-09-17T00:44:57+00:00
871,0x834cd5a02813eb6d7ae06e85bef4552a1faf51de,1,630.2592838398112,636.9426751592357,0.06574267160404361,quiet,0.5083362944315335,0.4916637055684665,0.02010278006243692,1,2026-09-17T00:44:57+00:00
871,0x834cd5a02813eb6d7ae06e85bef4552a1faf51de,1,630.2592838398112,636.9426751592357,0.06574267160404361,1m_gross_bank_exits,1.2452802676118608,-0.24528026761186084,0.6,1,2026-09-17T00:44:57+00:00
872,0xdef05994b66704dd9c453be761e20076062760ef,1,630.2592838398112,636.9426751592357,0.06574267160404361,quiet,0.5083362944315335,0.4916637055684665,0.02010278006243692,1,2026-09-17T00:44:57+00:00
872,0xdef05994b66704dd9c453be761e20076062760ef,1,630.2592838398112,636.9426751592357,0.06574267160404361,1m_gross_bank_exits,1.2452802676118608,-0.24528026761186084,0.6,1,2026-09-17T00:44:57+00:00
873,0x2bc5dcbddf182324c4e03a5ff48addc19233dd27,2,1262.886073773185,1273.8853503184714,0.13172843222437222,quiet,0.5088152337902034,0.49118476620979656,0.020122857492056067,1,2026-09-17T00:44:57+00:00
873,0x2bc5dcbddf182324c4e03a5ff48addc19233dd27,2,1262.886073773185,1273.8853503184714,0.13172843222437222,1m_gross_bank_exits,1.2464149103126272,-0.2464149103126272,0.6,1,2026-09-17T00:44:57+00:00
874,0xdb17b2610344945b6499d611d02f18f3eda63ab9,1,630.2592838398112,636.9426751592357,0.06574267160404361,quiet,0.5083362944315335,0.4916637055684665,0.02010278006243692,1,2026-09-17T00:44:57+00:00
874,0xdb17b2610344945b6499d611d02f18f3eda63ab9,1,630.2592838398112,636.9426751592357,0.06574267160404361,1m_gross_bank_exits,1.2452802676118608,-0.24528026761186084,0.6,1,2026-09-17T00:44:57+00:00
875,0xdbf049b470e7cdb1bfc19d9ca15b1c8c1128aa20,1,630.2592838398112,636.9426751592357,0.06574267160404361,quiet,0.5083362944315335,0.4916637055684665,0.02010278006243692,1,2026-09-17T00:44:57+00:00
875,0xdbf049b470e7cdb1bfc19d9ca15b1c8c1128aa20,1,630.2592838398112,636.9426751592357,0.06574267160404361,1m_gross_bank_exits,1.2452802676118608,-0.24528026761186084,0.6,1,2026-09-17T00:44:57+00:00
876,0x1168c56199a5a6746a6e0d50c706d34b12728aa5,1,630.2592838398112,636.9426751592357,0.06574267160404361,quiet,0.5083362944315335,0.4916637055684665,0.02010278006243692,1,2026-09-17T00:44:57+00:00
876,0x1168c56199a5a6746a6e0d50c706d34b12728aa5,1,630.2592838398112,636.9426751592357,0.06574267160404361,1m_gross_bank_exits,1.2452802676118608,-0.24528026761186084,0.6,1,2026-09-17T00:44:57+00:00
877,0x9ec490c4b8c76daba0215cf0ef565a63459834ec,1,630.2592838398112,636.9426751592357,0.06574267160404361,quiet,0.5083362944315335,0.4916637055684665,0.02010278006243692,1,2026-09-17T00:44:57+00:00
877,0x9ec490c4b8c76daba0215cf0ef565a63459834ec,1,630.2592838398112,636.9426751592357,0.06574267160404361,1m_gross_bank_exits,1.2452802676118608,-0.24528026761186084,0.6,1,2026-09-17T00:44:57+00:00
878,0x640fa770ea86752e5207051c34ca12b6c9d1484d,4,2516.7137848352118,2547.770700636943,0.26249637097218054,quiet,0.5079391557951636,0.4920608442048364,0.02016815677026122,1,2026-09-17T00:44:57+00:00
878,0x640fa770ea86752e5207051c34ca12b6c9d1484d,4,2516.7137848352118,2547.770700636943,0.26249637097218054,1m_gross_bank_exits,1.2441853709920645,-0.2441853709920645,0.6,1,2026-09-17T00:44:57+00:00
879,0x22a08747cc31ae9f6ba316f3dcaf96d9a4ff94a4,1,630.2592838398112,636.9426751592357,0.06574267160404361,quiet,0.5083362944315335,0.4916637055684665,0.02010278006243692,1,2026-09-17T00:44:57+00:00
879,0x22a08747cc31ae9f6ba316f3dcaf96d9a4ff94a4,1,630.2592838398112,636.9426751592357,0.06574267160404361,1m_gross_bank_exits,1.2452802676118608,-0.24528026761186084,0.6,1,2026-09-17T00:44:57+00:00
880,0x3126b0605e601dabb87afa9948ba5688f3ff479c,1,630.2592838398112,636.9426751592357,0.06574267160404361,quiet,0.5083362944315335,0.4916637055684665,0.02010278006243692,1,2026-09-17T00:44:57+00:00
880,0x3126b0605e601dabb87afa9948ba5688f3ff479c,1,630.2592838398112,636.9426751592357,0.06574267160404361,1m_gross_bank_exits,1.2452802676118608,-0.24528026761186084,0.6,1,2026-09-17T00:44:57+00:00
881,0x10547c9d4fe35e1b3916547366aeb79684082cb3,1,630.2592838398112,636.9426751592357,0.06574267160404361,quiet,0.5083362944315335,0.4916637055684665,0.02010278006243692,1,2026-09-17T00:44:57+00:00
881,0x10547c9d4fe35e1b3916547366aeb79684082cb3,1,630.2592838398112,636.9426751592357,0.06574267160404361,1m_gross_bank_exits,1.2452802676118608,-0.24528026761186084,0.6,1,2026-09-17T00:44:57+00:00
882,0xa0ddc5c24169aca7d6c259c1b8ad3c9356e8df27,1,630.2592838398112,636.9426751592357,0.06574267160404361,quiet,0.5083362944315335,0.4916637055684665,0.02010278006243692,1,2026-09-17T00:44:57+00:00
882,0xa0ddc5c24169aca7d6c259c1b8ad3c9356e8df27,1,630.2592838398112,636.9426751592357,0.06574267160404361,1m_gross_bank_exits,1.2452802676118608,-0.24528026761186084,0.6,1,2026-09-17T00:44:57+00:00
883,0x26d49a8cd56875173eacd06d92a195bb341b7ae4,1,630.2592838398112,636.9426751592357,0.06574267160404361,quiet,0.5083362944315335,0.4916637055684665,0.02010278006243692,1,2026-09-17T00:44:57+00:00
883,0x26d49a8cd56875173eacd06d92a195bb341b7ae4,1,630.2592838398112,636.9426751592357,0.06574267160404361,1m_gross_bank_exits,1.2452802676118608,-0.24528026761186084,0.6,1,2026-09-17T00:44:57+00:00
884,0xc5aa90e8ffe852890c2db126e507ffe4c81f0afe,1,630.2592838398112,636.9426751592357,0.06574267160404361,quiet,0.5083362944315335,0.4916637055684665,0.02010278006243692,1,2026-09-17T00:44:57+00:00
884,0xc5aa90e8ffe852890c2db126e507ffe4c81f0afe,1,630.2592838398112,636.9426751592357,0.06574267160404361,1m_gross_bank_exits,1.2452802676118608,-0.24528026761186084,0.6,1,2026-09-17T00:44:57+00:00
885,0x5d55918f70b0b12db129f88f1a4ba1abd474fcf8,1,2630.259283839811,636.9426751592357,0.2743378021797207,quiet,0.8118595230462917,0.18814047695370828,0.020135983698547563,1,2026-09-17T00:44:57+00:00
885,0x5d55918f70b0b12db129f88f1a4ba1abd474fcf8,1,2630.259283839811,636.9426751592357,0.2743378021797207,1m_gross_bank_exits,1.9887095968787953,-0.9887095968787953,0.6,1,2026-09-17T00:44:57+00:00
886,0x5b6852b9717ad0b8dda64101102b51a230945009,1,630.2592838398112,636.9426751592357,0.06574267160404361,quiet,0.5083362944315335,0.4916637055684665,0.02010278006243692,1,2026-09-17T00:44:57+00:00
886,0x5b6852b9717ad0b8dda64101102b51a230945009,1,630.2592838398112,636.9426751592357,0.06574267160404361,1m_gross_bank_exits,1.2452802676118608,-0.24528026761186084,0.6,1,2026-09-17T00:44:57+00:00
887,0x36d817cc2fdf7d6be5b7bf5cd4369f35f84b128e,1,630.2592838398112,636.9426751592357,0.06574267160404361,quiet,0.5083362944315335,0.4916637055684665,0.02010278006243692,1,2026-09-17T00:44:57+00:00
887,0x36d817cc2fdf7d6be5b7bf5cd4369f35f84b128e,1,630.2592838398112,636.9426751592357,0.06574267160404361,1m_gross_bank_exits,1.2452802676118608,-0.24528026761186084,0.6,1,2026-09-17T00:44:57+00:00
888,0x187500818fd3ba83270d546921abf44ede7fdde6,4,2511.961447946655,2547.770700636943,0.2620007564175648,quiet,0.5074666905977558,0.49253330940224416,0.020168062917343133,1,2026-09-17T00:44:57+00:00
888,0x187500818fd3ba83270d546921abf44ede7fdde6,4,2511.961447946655,2547.770700636943,0.2620007564175648,1m_gross_bank_exits,1.2430282713309548,-0.24302827133095484,0.6,1,2026-09-17T00:44:57+00:00
889,0x7db339c1c71f2b250cf80a00da210a010be374d9,1,630.2592838398112,636.9426751592357,0.06574267160404361,quiet,0.5083362944315335,0.4916637055684665,0.02010278006243692,1,2026-09-17T00:44:57+00:00
889,0x7db339c1c71f2b250cf80a00da210a010be374d9,1,630.2592838398112,636.9426751592357,0.06574267160404361,1m_gross_bank_exits,1.2452802676118608,-0.24528026761186084,0.6,1,2026-09-17T00:44:57+00:00
890,0x2c6f5641f64f0d6b2d83969d69d45e60f3eb5060,1,630.2592838398112,636.9426751592357,0.06574267160404361,quiet,0.5083362944315335,0.4916637055684665,0.02010278006243692,1,2026-09-17T00:44:57+00:00
890,0x2c6f5641f64f0d6b2d83969d69d45e60f3eb5060,1,630.2592838398112,636.9426751592357,0.06574267160404361,1m_gross_bank_exits,1.2452802676118608,-0.24528026761186084,0.6,1,2026-09-17T00:44:57+00:00
891,0xe2c420a99ef7a86e1a65891ff00fa48516c6cfd4,1,630.2592838398112,636.9426751592357,0.06574267160404361,quiet,0.5083362944315335,0.4916637055684665,0.02010278006243692,1,2026-09-17T00:44:57+00:00
891,0xe2c420a99ef7a86e1a65891ff00fa48516c6cfd4,1,630.2592838398112,636.9426751592357,0.06574267160404361,1m_gross_bank_exits,1.2452802676118608,-0.24528026761186084,0.6,1,2026-09-17T00:44:57+00:00
892,0x7148e797ecdcee03a1dc5ea9050a2cc5de08b509,1,630.2592838398112,636.9426751592357,0.06574267160404361,quiet,0.5083362944315335,0.4916637055684665,0.02010278006243692,1,2026-09-17T00:44:57+00:00
892,0x7148e797ecdcee03a1dc5ea9050a2cc5de08b509,1,630.2592838398112,636.9426751592357,0.06574267160404361,1m_gross_bank_exits,1.2452802676118608,-0.24528026761186084,0.6,1,2026-09-17T00:44:57+00:00
893,0xa3e3376b2395d6e598dba44e3609310b0b6f90bc,1,630.2592838398112,636.9426751592357,0.06574267160404361,quiet,0.5083362944315335,0.4916637055684665,0.02010278006243692,1,2026-09-17T00:44:57+00:00
893,0xa3e3376b2395d6e598dba44e3609310b0b6f90bc,1,630.2592838398112,636.9426751592357,0.06574267160404361,1m_gross_bank_exits,1.2452802676118608,-0.24528026761186084,0.6,1,2026-09-17T00:44:57+00:00
894,0x8c25951a926873af92a24b122792d007091274ac,1,630.2592838398112,636.9426751592357,0.06574267160404361,quiet,0.5083362944315335,0.4916637055684665,0.02010278006243692,1,2026-09-17T00:44:57+00:00
894,0x8c25951a926873af92a24b122792d007091274ac,1,630.2592838398112,636.9426751592357,0.06574267160404361,1m_gross_bank_exits,1.2452802676118608,-0.24528026761186084,0.6,1,2026-09-17T00:44:57+00:00
895,0xae08e6bb57c01d001bea1bdf6c8c59086736743f,4,2514.15475227574,2547.770700636943,0.2622294930823091,quiet,0.5076848559779041,0.49231514402209586,0.020168106229201208,1,2026-09-17T00:44:57+00:00
895,0xae08e6bb57c01d001bea1bdf6c8c59086736743f,4,2514.15475227574,2547.770700636943,0.2622294930823091,1m_gross_bank_exits,1.243562573397118,-0.24356257339711807,0.6,1,2026-09-17T00:44:57+00:00
896,0x51b869479f460b21d68087397e68f6e725e83b04,1,630.2592838398112,636.9426751592357,0.06574267160404361,quiet,0.5083362944315335,0.4916637055684665,0.02010278006243692,1,2026-09-17T00:44:57+00:00
896,0x51b869479f460b21d68087397e68f6e725e83b04,1,630.2592838398112,636.9426751592357,0.06574267160404361,1m_gross_bank_exits,1.2452802676118608,-0.24528026761186084,0.6,1,2026-09-17T00:44:57+00:00
897,0x1b7a52a8902d07571d4eb862c0c9e6fa00f7459d,1,630.2592838398112,636.9426751592357,0.06574267160404361,quiet,0.5083362944315335,0.4916637055684665,0.02010278006243692,1,2026-09-17T00:44:57+00:00
897,0x1b7a52a8902d07571d4eb862c0c9e6fa00f7459d,1,630.2592838398112,636.9426751592357,0.06574267160404361,1m_gross_bank_exits,1.2452802676118608,-0.24528026761186084,0.6,1,2026-09-17T00:44:57+00:00
898,0x7992a58de5f4ef9d4401cb001dd611d2dac27ed7,1,630.2592838398112,636.9426751592357,0.06574267160404361,quiet,0.5083362944315335,0.4916637055684665,0.02010278006243692,1,2026-09-17T00:44:57+00:00
898,0x7992a58de5f4ef9d4401cb001dd611d2dac27ed7,1,630.2592838398112,636.9426751592357,0.06574267160404361,1m_gross_bank_exits,1.2452802676118608,-0.24528026761186084,0.6,1,2026-09-17T00:44:57+00:00
899,0x14b27e03a394cadec25b2b20573e1ce88f482e91,1,630.2592838398112,636.9426751592357,0.06574267160404361,quiet,0.5083362944315335,0.4916637055684665,0.02010278006243692,1,2026-09-17T00:44:57+00:00
899,0x14b27e03a394cadec25b2b20573e1ce88f482e91,1,630.2592838398112,636.9426751592357,0.06574267160404361,1m_gross_bank_exits,1.2452802676118608,-0.24528026761186084,0.6,1,2026-09-17T00:44:57+00:00
900,0x579b659288863879c1ce04f29457d1eb331bbaa3,1,630.2592838398112,636.9426751592357,0.06574267160404361,quiet,0.5083362944315335,0.4916637055684665,0.02010278006243692,1,2026-09-17T00:44:57+00:00
900,0x579b659288863879c1ce04f29457d1eb331bbaa3,1,630.2592838398112,636.9426751592357,0.06574267160404361,1m_gross_bank_exits,1.2452802676118608,-0.24528026761186084,0.6,1,2026-09-17T00:44:57+00:00
901,0xff530642b6b945f27ef486f7120e31ad017db890,1,630.2592838398112,636.9426751592357,0.06574267160404361,quiet,0.5083362944315335,0.4916637055684665,0.02010278006243692,1,2026-09-17T00:44:57+00:00
901,0xff530642b6b945f27ef486f7120e31ad017db890,1,630.2592838398112,636.9426751592357,0.06574267160404361,1m_gross_bank_exits,1.2452802676118608,-0.24528026761186084,0.6,1,2026-09-17T00:44:57+00:00
902,0x419b48a56e6df1f353a0fc05f760581618aec235,1,630.2592838398112,636.9426751592357,0.06574267160404361,quiet,0.5083362944315335,0.4916637055684665,0.02010278006243692,1,2026-09-17T00:44:57+00:00
902,0x419b48a56e6df1f353a0fc05f760581618aec235,1,630.2592838398112,636.9426751592357,0.06574267160404361,1m_gross_bank_exits,1.2452802676118608,-0.24528026761186084,0.6,1,2026-09-17T00:44:57+00:00
903,0x881ba90cf5c4d0afa9b39990b1790ea115496d5c,1,630.2592838398112,636.9426751592357,0.06574267160404361,quiet,0.5083362944315335,0.4916637055684665,0.02010278006243692,1,2026-09-17T00:44:57+00:00
903,0x881ba90cf5c4d0afa9b39990b1790ea115496d5c,1,630.2592838398112,636.9426751592357,0.06574267160404361,1m_gross_bank_exits,1.2452802676118608,-0.24528026761186084,0.6,1,2026-09-17T00:44:57+00:00
904,0x745ec6bfa1ad806844918e62b8b24191ffc1b235,1,630.2592838398112,636.9426751592357,0.06574267160404361,quiet,0.5083362944315335,0.4916637055684665,0.02010278006243692,1,2026-09-17T00:44:57+00:00
904,0x745ec6bfa1ad806844918e62b8b24191ffc1b235,1,630.2592838398112,636.9426751592357,0.06574267160404361,1m_gross_bank_exits,1.2452802676118608,-0.24528026761186084,0.6,1,2026-09-17T00:44:57+00:00
905,0x07482cb1c77b527f5e9d747a579302fa3a5104ae,1,630.2592838398112,636.9426751592357,0.06574267160404361,quiet,0.5083362944315335,0.4916637055684665,0.02010278006243692,1,2026-09-17T00:44:57+00:00
905,0x07482cb1c77b527f5e9d747a579302fa3a5104ae,1,630.2592838398112,636.9426751592357,0.06574267160404361,1m_gross_bank_exits,1.2452802676118608,-0.24528026761186084,0.6,1,2026-09-17T00:44:57+00:00
906,0xbc0c19235d263aa6ffe8a4dec7901a343539d7e1,1,630.2592838398112,636.9426751592357,0.06574267160404361,quiet,0.5083362944315335,0.4916637055684665,0.02010278006243692,1,2026-09-17T00:44:57+00:00
906,0xbc0c19235d263aa6ffe8a4dec7901a343539d7e1,1,630.2592838398112,636.9426751592357,0.06574267160404361,1m_gross_bank_exits,1.2452802676118608,-0.24528026761186084,0.6,1,2026-09-17T00:44:57+00:00
907,0x0fb577b206f32b379586b9edeb97be2766ad1b94,1,630.2592838398112,636.9426751592357,0.06574267160404361,quiet,0.5083362944315335,0.4916637055684665,0.02010278006243692,1,2026-09-17T00:44:57+00:00
907,0x0fb577b206f32b379586b9edeb97be2766ad1b94,1,630.2592838398112,636.9426751592357,0.06574267160404361,1m_gross_bank_exits,1.2452802676118608,-0.24528026761186084,0.6,1,2026-09-17T00:44:57+00:00
908,0x2cc5102265df27e13b514081d18b675b29ce6151,1,630.2592838398112,636.9426751592357,0.06574267160404361,quiet,0.5083362944315335,0.4916637055684665,0.02010278006243692,1,2026-09-17T00:44:57+00:00
908,0x2cc5102265df27e13b514081d18b675b29ce6151,1,630.2592838398112,636.9426751592357,0.06574267160404361,1m_gross_bank_exits,1.2452802676118608,-0.24528026761186084,0.6,1,2026-09-17T00:44:57+00:00
909,0x816db126482d4d4006e182d73ffd6254cf9bed7b,1,630.2592838398112,636.9426751592357,0.06574267160404361,quiet,0.5083362944315335,0.4916637055684665,0.02010278006243692,1,2026-09-17T00:44:57+00:00
909,0x816db126482d4d4006e182d73ffd6254cf9bed7b,1,630.2592838398112,636.9426751592357,0.06574267160404361,1m_gross_bank_exits,1.2452802676118608,-0.24528026761186084,0.6,1,2026-09-17T00:44:57+00:00
910,0xfc3c962fad2c1cc77f1a0d46e7b8a2de79a21774,1,630.2592838398112,636.9426751592357,0.06574267160404361,quiet,0.5083362944315335,0.4916637055684665,0.02010278006243692,1,2026-09-17T00:44:57+00:00
910,0xfc3c962fad2c1cc77f1a0d46e7b8a2de79a21774,1,630.2592838398112,636.9426751592357,0.06574267160404361,1m_gross_bank_exits,1.2452802676118608,-0.24528026761186084,0.6,1,2026-09-17T00:44:57+00:00
911,0xed6cb81a9c8c869baf9126a7819444409f6c7a54,1,630.2592838398112,636.9426751592357,0.06574267160404361,quiet,0.5083362944315335,0.4916637055684665,0.02010278006243692,1,2026-09-17T00:44:57+00:00
911,0xed6cb81a9c8c869baf9126a7819444409f6c7a54,1,630.2592838398112,636.9426751592357,0.06574267160404361,1m_gross_bank_exits,1.2452802676118608,-0.24528026761186084,0.6,1,2026-09-17T00:44:57+00:00
912,0x57f65d97c9121f58fe414add531cc20853af3c83,1,630.2592838398112,636.9426751592357,0.06574267160404361,quiet,0.5083362944315335,0.4916637055684665,0.02010278006243692,1,2026-09-17T00:44:57+00:00
912,0x57f65d97c9121f58fe414add531cc20853af3c83,1,630.2592838398112,636.9426751592357,0.06574267160404361,1m_gross_bank_exits,1.2452802676118608,-0.24528026761186084,0.6,1,2026-09-17T00:44:57+00:00
913,0xbda2f14b959b4c34d5d4ef24b40bb1a36bdc46de,1,630.2592838398112,636.9426751592357,0.06574267160404361,quiet,0.5083362944315335,0.4916637055684665,0.02010278006243692,1,2026-09-17T00:44:57+00:00
913,0xbda2f14b959b4c34d5d4ef24b40bb1a36bdc46de,1,630.2592838398112,636.9426751592357,0.06574267160404361,1m_gross_bank_exits,1.2452802676118608,-0.24528026761186084,0.6,1,2026-09-17T00:44:57+00:00
914,0x8889bc01df9b009612e25003eba5d07678dc18ad,1,630.2592838398112,636.9426751592357,0.06574267160404361,quiet,0.5083362944315335,0.4916637055684665,0.02010278006243692,1,2026-09-17T00:44:57+00:00
914,0x8889bc01df9b009612e25003eba5d07678dc18ad,1,630.2592838398112,636.9426751592357,0.06574267160404361,1m_gross_bank_exits,1.2452802676118608,-0.24528026761186084,0.6,1,2026-09-17T00:44:57+00:00
915,0x81dcab1513d88478a3536348d6d7560f2d8762a4,1,630.2592838398112,636.9426751592357,0.06574267160404361,quiet,0.5083362944315335,0.4916637055684665,0.02010278006243692,1,2026-09-17T00:44:57+00:00
915,0x81dcab1513d88478a3536348d6d7560f2d8762a4,1,630.2592838398112,636.9426751592357,0.06574267160404361,1m_gross_bank_exits,1.2452802676118608,-0.24528026761186084,0.6,1,2026-09-17T00:44:57+00:00
916,0xd69c6ea26974db7b121548f511d8008266466f9e,1,630.2592838398112,636.9426751592357,0.06574267160404361,quiet,0.5083362944315335,0.4916637055684665,0.02010278006243692,1,2026-09-17T00:44:57+00:00
916,0xd69c6ea26974db7b121548f511d8008266466f9e,1,630.2592838398112,636.9426751592357,0.06574267160404361,1m_gross_bank_exits,1.2452802676118608,-0.24528026761186084,0.6,1,2026-09-17T00:44:57+00:00
917,0xc9e05b1c25b6f9e5a38895685f5b432bdbbf760a,1,630.2592838398112,636.9426751592357,0.06574267160404361,quiet,0.5083362944315335,0.4916637055684665,0.02010278006243692,1,2026-09-17T00:44:57+00:00
917,0xc9e05b1c25b6f9e5a38895685f5b432bdbbf760a,1,630.2592838398112,636.9426751592357,0.06574267160404361,1m_gross_bank_exits,1.2452802676118608,-0.24528026761186084,0.6,1,2026-09-17T00:44:57+00:00
918,0xc6234427c69e3bd5fff0dd6945bd6d7a3471f542,1,630.2592838398112,636.9426751592357,0.06574267160404361,quiet,0.5083362944315335,0.4916637055684665,0.02010278006243692,1,2026-09-17T00:44:57+00:00
918,0xc6234427c69e3bd5fff0dd6945bd6d7a3471f542,1,630.2592838398112,636.9426751592357,0.06574267160404361,1m_gross_bank_exits,1.2452802676118608,-0.24528026761186084,0.6,1,2026-09-17T00:44:57+00:00
919,0xd92af972adab99f2ddadc5f11068ce2c69421b5b,1,630.2592838398112,636.9426751592357,0.06574267160404361,quiet,0.5083362944315335,0.4916637055684665,0.02010278006243692,1,2026-09-17T00:44:57+00:00
919,0xd92af972adab99f2ddadc5f11068ce2c69421b5b,1,630.2592838398112,636.9426751592357,0.06574267160404361,1m_gross_bank_exits,1.2452802676118608,-0.24528026761186084,0.6,1,2026-09-17T00:44:57+00:00
920,0x921979e2c824a96d64caa5edd62e3b77c1b81b50,3,13769.306384752992,1910.8280254777071,1.4352687247968696,quiet,0.8828410832908498,0.11715891670915024,0.020444070540359086,1,2026-09-17T00:44:57+00:00
920,0x921979e2c824a96d64caa5edd62e3b77c1b81b50,3,13769.306384752992,1910.8280254777071,1.4352687247968696,1m_gross_bank_exits,2.161600225619135,-1.161600225619135,0.6,1,2026-09-17T00:44:57+00:00
921,0x3310fd13c6c55f054cc128439e1e51cd0cb16fed,1,630.2592838398112,636.9426751592357,0.06574267160404361,quiet,0.5083362944315335,0.4916637055684665,0.02010278006243692,1,2026-09-17T00:44:57+00:00
921,0x3310fd13c6c55f054cc128439e1e51cd0cb16fed,1,630.2592838398112,636.9426751592357,0.06574267160404361,1m_gross_bank_exits,1.2452802676118608,-0.24528026761186084,0.6,1,2026-09-17T00:44:57+00:00
922,0xb96bc6f3caaa788b394590a0cdce04c798e49b4b,1,630.2592838398112,636.9426751592357,0.06574267160404361,quiet,0.5083362944315335,0.4916637055684665,0.02010278006243692,1,2026-09-17T00:44:57+00:00
922,0xb96bc6f3caaa788b394590a0cdce04c798e49b4b,1,630.2592838398112,636.9426751592357,0.06574267160404361,1m_gross_bank_exits,1.2452802676118608,-0.24528026761186084,0.6,1,2026-09-17T00:44:57+00:00
923,0x3208c5a25b4693f7166aed1eb1cb9e8a0b80fe4b,1,630.2592838398112,636.9426751592357,0.06574267160404361,quiet,0.5083362944315335,0.4916637055684665,0.02010278006243692,1,2026-09-17T00:44:57+00:00
923,0x3208c5a25b4693f7166aed1eb1cb9e8a0b80fe4b,1,630.2592838398112,636.9426751592357,0.06574267160404361,1m_gross_bank_exits,1.2452802676118608,-0.24528026761186084,0.6,1,2026-09-17T00:44:57+00:00
924,0xaccbe4a95776c87b7ec8249bac85e4b524be0c0b,1,630.2592838398112,636.9426751592357,0.06574267160404361,quiet,0.5083362944315335,0.4916637055684665,0.02010278006243692,1,2026-09-17T00:44:57+00:00
924,0xaccbe4a95776c87b7ec8249bac85e4b524be0c0b,1,630.2592838398112,636.9426751592357,0.06574267160404361,1m_gross_bank_exits,1.2452802676118608,-0.24528026761186084,0.6,1,2026-09-17T00:44:57+00:00
925,0x19845fb2f5ed29f7653ebf9824060f351be2f54b,1,630.2592838398112,636.9426751592357,0.06574267160404361,quiet,0.5083362944315335,0.4916637055684665,0.02010278006243692,1,2026-09-17T00:44:57+00:00
925,0x19845fb2f5ed29f7653ebf9824060f351be2f54b,1,630.2592838398112,636.9426751592357,0.06574267160404361,1m_gross_bank_exits,1.2452802676118608,-0.24528026761186084,0.6,1,2026-09-17T00:44:57+00:00
926,0x4ff25ae1b4bf1cee786d5458b43f116d3203d374,1,630.2592838398112,636.9426751592357,0.06574267160404361,quiet,0.5083362944315335,0.4916637055684665,0.02010278006243692,1,2026-09-17T00:44:57+00:00
926,0x4ff25ae1b4bf1cee786d5458b43f116d3203d374,1,630.2592838398112,636.9426751592357,0.06574267160404361,1m_gross_bank_exits,1.2452802676118608,-0.24528026761186084,0.6,1,2026-09-17T00:44:57+00:00
927,0x8d474ec5a9c36bd84c3e6382d0ffc6b60f901067,1,630.2592838398112,636.9426751592357,0.06574267160404361,quiet,0.5083362944315335,0.4916637055684665,0.02010278006243692,1,2026-09-17T00:44:57+00:00
927,0x8d474ec5a9c36bd84c3e6382d0ffc6b60f901067,1,630.2592838398112,636.9426751592357,0.06574267160404361,1m_gross_bank_exits,1.2452802676118608,-0.24528026761186084,0.6,1,2026-09-17T00:44:57+00:00
928,0xcc9ed2e1a9a7349f679f39609788e7d17a4c8583,1,630.2592838398112,636.9426751592357,0.06574267160404361,quiet,0.5083362944315335,0.4916637055684665,0.02010278006243692,1,2026-09-17T00:44:57+00:00
928,0xcc9ed2e1a9a7349f679f39609788e7d17a4c8583,1,630.2592838398112,636.9426751592357,0.06574267160404361,1m_gross_bank_exits,1.2452802676118608,-0.24528026761186084,0.6,1,2026-09-17T00:44:57+00:00
929,0x454c66152a110eb759b2fc09ddc52cd74dca3f54,1,630.2592838398112,636.9426751592357,0.06574267160404361,quiet,0.5083362944315335,0.4916637055684665,0.02010278006243692,1,2026-09-17T00:44:57+00:00
929,0x454c66152a110eb759b2fc09ddc52cd74dca3f54,1,630.2592838398112,636.9426751592357,0.06574267160404361,1m_gross_bank_exits,1.2452802676118608,-0.24528026761186084,0.6,1,2026-09-17T00:44:57+00:00
930,0xe4bd92d9c22c4b34c65cc22d753eedb5e956221a,1,630.2592838398112,636.9426751592357,0.06574267160404361,quiet,0.5083362944315335,0.4916637055684665,0.02010278006243692,1,2026-09-17T00:44:57+00:00
930,0xe4bd92d9c22c4b34c65cc22d753eedb5e956221a,1,630.2592838398112,636.9426751592357,0.06574267160404361,1m_gross_bank_exits,1.2452802676118608,-0.24528026761186084,0.6,1,2026-09-17T00:44:57+00:00
931,0x454f5710f506f6cfbae0f6794f5b128de127190c,1,630.2592838398112,636.9426751592357,0.06574267160404361,quiet,0.5083362944315335,0.4916637055684665,0.02010278006243692,1,2026-09-17T00:44:57+00:00
931,0x454f5710f506f6cfbae0f6794f5b128de127190c,1,630.2592838398112,636.9426751592357,0.06574267160404361,1m_gross_bank_exits,1.2452802676118608,-0.24528026761186084,0.6,1,2026-09-17T00:44:57+00:00
932,0xbde35d4b3d9ad9265dc3d4bf79c232c989214727,1,630.2592838398112,636.9426751592357,0.06574267160404361,quiet,0.5083362944315335,0.4916637055684665,0.02010278006243692,1,2026-09-17T00:44:57+00:00
932,0xbde35d4b3d9ad9265dc3d4bf79c232c989214727,1,630.2592838398112,636.9426751592357,0.06574267160404361,1m_gross_bank_exits,1.2452802676118608,-0.24528026761186084,0.6,1,2026-09-17T00:44:57+00:00
933,0xaccdbf111831a204e1919280945a39f3841c2396,1,630.2592838398112,636.9426751592357,0.06574267160404361,quiet,0.5083362944315335,0.4916637055684665,0.02010278006243692,1,2026-09-17T00:44:57+00:00
933,0xaccdbf111831a204e1919280945a39f3841c2396,1,630.2592838398112,636.9426751592357,0.06574267160404361,1m_gross_bank_exits,1.2452802676118608,-0.24528026761186084,0.6,1,2026-09-17T00:44:57+00:00
934,0x90668f14f9dc9491a3d801692cc93a8be16dee35,1,630.2592838398112,636.9426751592357,0.06574267160404361,quiet,0.5083362944315335,0.4916637055684665,0.02010278006243692,1,2026-09-17T00:44:57+00:00
934,0x90668f14f9dc9491a3d801692cc93a8be16dee35,1,630.2592838398112,636.9426751592357,0.06574267160404361,1m_gross_bank_exits,1.2452802676118608,-0.24528026761186084,0.6,1,2026-09-17T00:44:57+00:00
935,0x6fa8ac42a7022eb358dac2c5526f966bfc18ed11,1,630.2592838398112,636.9426751592357,0.06574267160404361,quiet,0.5083362944315335,0.4916637055684665,0.02010278006243692,1,2026-09-17T00:44:57+00:00
935,0x6fa8ac42a7022eb358dac2c5526f966bfc18ed11,1,630.2592838398112,636.9426751592357,0.06574267160404361,1m_gross_bank_exits,1.2452802676118608,-0.24528026761186084,0.6,1,2026-09-17T00:44:57+00:00
936,0x608028f2c5e61b93f0b93304d276bf992807feb4,1,630.2592838398112,636.9426751592357,0.06574267160404361,quiet,0.5083362944315335,0.4916637055684665,0.02010278006243692,1,2026-09-17T00:44:57+00:00
936,0x608028f2c5e61b93f0b93304d276bf992807feb4,1,630.2592838398112,636.9426751592357,0.06574267160404361,1m_gross_bank_exits,1.2452802676118608,-0.24528026761186084,0.6,1,2026-09-17T00:44:57+00:00
937,0xa5894f85b5bb5145a69c3f4a41bb4918a8463701,1,630.2592838398112,636.9426751592357,0.06574267160404361,quiet,0.5083362944315335,0.4916637055684665,0.02010278006243692,1,2026-09-17T00:44:57+00:00
937,0xa5894f85b5bb5145a69c3f4a41bb4918a8463701,1,630.2592838398112,636.9426751592357,0.06574267160404361,1m_gross_bank_exits,1.2452802676118608,-0.24528026761186084,0.6,1,2026-09-17T00:44:57+00:00
938,0xacc02714e11df5e00fdb2e8e9f210b348083854f,1,630.2592838398112,636.9426751592357,0.06574267160404361,quiet,0.5083362944315335,0.4916637055684665,0.02010278006243692,1,2026-09-17T00:44:57+00:00
938,0xacc02714e11df5e00fdb2e8e9f210b348083854f,1,630.2592838398112,636.9426751592357,0.06574267160404361,1m_gross_bank_exits,1.2452802676118608,-0.24528026761186084,0.6,1,2026-09-17T00:44:57+00:00
939,0x2f85fb2a2d54f30ac38148166b75ce22c3c15b43,1,630.2592838398112,636.9426751592357,0.06574267160404361,quiet,0.5083362944315335,0.4916637055684665,0.02010278006243692,1,2026-09-17T00:44:57+00:00
939,0x2f85fb2a2d54f30ac38148166b75ce22c3c15b43,1,630.2592838398112,636.9426751592357,0.06574267160404361,1m_gross_bank_exits,1.2452802676118608,-0.24528026761186084,0.6,1,2026-09-17T00:44:57+00:00
940,0x7b8a6e7777793614f27799199e32e80f03d18dbe,1,630.2592838398112,636.9426751592357,0.06574267160404361,quiet,0.5083362944315335,0.4916637055684665,0.02010278006243692,1,2026-09-17T00:44:57+00:00
940,0x7b8a6e7777793614f27799199e32e80f03d18dbe,1,630.2592838398112,636.9426751592357,0.06574267160404361,1m_gross_bank_exits,1.2452802676118608,-0.24528026761186084,0.6,1,2026-09-17T00:44:57+00:00
941,0xbb73c02cd7a3f8417ef31a40bbf7b517dedc13d1,1,630.2592838398112,636.9426751592357,0.06574267160404361,quiet,0.5083362944315335,0.4916637055684665,0.02010278006243692,1,2026-09-17T00:44:57+00:00
941,0xbb73c02cd7a3f8417ef31a40bbf7b517dedc13d1,1,630.2592838398112,636.9426751592357,0.06574267160404361,1m_gross_bank_exits,1.2452802676118608,-0.24528026761186084,0.6,1,2026-09-17T00:44:57+00:00
942,0x2e27296db73efa090c33823b0b637f031d1a1f97,1,630.2592838398112,636.9426751592357,0.06574267160404361,quiet,0.5083362944315335,0.4916637055684665,0.02010278006243692,1,2026-09-17T00:44:57+00:00
942,0x2e27296db73efa090c33823b0b637f031d1a1f97,1,630.2592838398112,636.9426751592357,0.06574267160404361,1m_gross_bank_exits,1.2452802676118608,-0.24528026761186084,0.6,1,2026-09-17T00:44:57+00:00
943,0x127e8d8c3bbcde01987051a79debddb64ef77978,1,630.2592838398112,636.9426751592357,0.06574267160404361,quiet,0.5083362944315335,0.4916637055684665,0.02010278006243692,1,2026-09-17T00:44:57+00:00
943,0x127e8d8c3bbcde01987051a79debddb64ef77978,1,630.2592838398112,636.9426751592357,0.06574267160404361,1m_gross_bank_exits,1.2452802676118608,-0.24528026761186084,0.6,1,2026-09-17T00:44:57+00:00
944,0x196ae96369336545288b74a70d72477b3a6fdf99,2,1287.6816820021668,1273.8853503184714,0.13431464318826783,quiet,0.5136739385768345,0.4863260614231655,0.020123276468274862,1,2026-09-17T00:44:57+00:00
944,0x196ae96369336545288b74a70d72477b3a6fdf99,2,1287.6816820021668,1273.8853503184714,0.13431464318826783,1m_gross_bank_exits,1.258316071393378,-0.2583160713933781,0.6,1,2026-09-17T00:44:57+00:00
945,0x6f97b7de6be7b7771e975e46bae96c35e332e172,1,630.2592838398112,636.9426751592357,0.06574267160404361,quiet,0.5083362944315335,0.4916637055684665,0.02010278006243692,1,2026-09-17T00:44:57+00:00
945,0x6f97b7de6be7b7771e975e46bae96c35e332e172,1,630.2592838398112,636.9426751592357,0.06574267160404361,1m_gross_bank_exits,1.2452802676118608,-0.24528026761186084,0.6,1,2026-09-17T00:44:57+00:00
946,0x01b88308e0cc94d103cc255fd12569f0ef8ba8fb,1,630.2592838398112,636.9426751592357,0.06574267160404361,quiet,0.5083362944315335,0.4916637055684665,0.02010278006243692,1,2026-09-17T00:44:57+00:00
946,0x01b88308e0cc94d103cc255fd12569f0ef8ba8fb,1,630.2592838398112,636.9426751592357,0.06574267160404361,1m_gross_bank_exits,1.2452802676118608,-0.24528026761186084,0.6,1,2026-09-17T00:44:57+00:00
947,0xaaf6822f7d79b0001388a87e254719a79a1d0928,1,630.2592838398112,636.9426751592357,0.06574267160404361,quiet,0.5083362944315335,0.4916637055684665,0.02010278006243692,1,2026-09-17T00:44:57+00:00
947,0xaaf6822f7d79b0001388a87e254719a79a1d0928,1,630.2592838398112,636.9426751592357,0.06574267160404361,1m_gross_bank_exits,1.2452802676118608,-0.24528026761186084,0.6,1,2026-09-17T00:44:57+00:00
948,0xdf6b43dca3ab880c976e2453cd7e9ecedbcfe905,1,630.2592838398112,636.9426751592357,0.06574267160404361,quiet,0.5083362944315335,0.4916637055684665,0.02010278006243692,1,2026-09-17T00:44:57+00:00
948,0xdf6b43dca3ab880c976e2453cd7e9ecedbcfe905,1,630.2592838398112,636.9426751592357,0.06574267160404361,1m_gross_bank_exits,1.2452802676118608,-0.24528026761186084,0.6,1,2026-09-17T00:44:57+00:00
949,0xd4681a1176830427366d2fec84aaf5f04beab2e8,1,630.2592838398112,636.9426751592357,0.06574267160404361,quiet,0.5083362944315335,0.4916637055684665,0.02010278006243692,1,2026-09-17T00:44:57+00:00
949,0xd4681a1176830427366d2fec84aaf5f04beab2e8,1,630.2592838398112,636.9426751592357,0.06574267160404361,1m_gross_bank_exits,1.2452802676118608,-0.24528026761186084,0.6,1,2026-09-17T00:44:57+00:00
950,0xa3b3f26de89fe2670aca5c5a4477f9d37b5cc806,4,22624.094404262683,2547.770700636943,2.3568694676988207,quiet,0.9028532507356986,0.09714674926430145,0.02079980661167014,1,2026-09-17T00:44:57+00:00
950,0xa3b3f26de89fe2670aca5c5a4477f9d37b5cc806,4,22624.094404262683,2547.770700636943,2.3568694676988207,1m_gross_bank_exits,2.209554050549542,-1.2095540505495421,0.6,1,2026-09-17T00:44:57+00:00
951,0xf2369008053ca8e6fd7a0ccea3baf0915eff1149,1,630.2592838398112,636.9426751592357,0.06574267160404361,quiet,0.5083362944315335,0.4916637055684665,0.02010278006243692,1,2026-09-17T00:44:57+00:00
951,0xf2369008053ca8e6fd7a0ccea3baf0915eff1149,1,630.2592838398112,636.9426751592357,0.06574267160404361,1m_gross_bank_exits,1.2452802676118608,-0.24528026761186084,0.6,1,2026-09-17T00:44:57+00:00
952,0xdb93342558502d4f522e774eac55d71bff8e6130,1,630.2592838398112,636.9426751592357,0.06574267160404361,quiet,0.5083362944315335,0.4916637055684665,0.02010278006243692,1,2026-09-17T00:44:57+00:00
952,0xdb93342558502d4f522e774eac55d71bff8e6130,1,630.2592838398112,636.9426751592357,0.06574267160404361,1m_gross_bank_exits,1.2452802676118608,-0.24528026761186084,0.6,1,2026-09-17T00:44:57+00:00
953,0x083b52e2a78ef8ca34d3387812c3ae29e0a3bde4,1,630.2592838398112,636.9426751592357,0.06574267160404361,quiet,0.5083362944315335,0.4916637055684665,0.02010278006243692,1,2026-09-17T00:44:57+00:00
953,0x083b52e2a78ef8ca34d3387812c3ae29e0a3bde4,1,630.2592838398112,636.9426751592357,0.06574267160404361,1m_gross_bank_exits,1.2452802676118608,-0.24528026761186084,0.6,1,2026-09-17T00:44:57+00:00
954,0xe06ad0acb3956f98c9df77bd02cdfd4426b2208d,1,630.2592838398112,636.9426751592357,0.06574267160404361,quiet,0.5083362944315335,0.4916637055684665,0.02010278006243692,1,2026-09-17T00:44:57+00:00
954,0xe06ad0acb3956f98c9df77bd02cdfd4426b2208d,1,630.2592838398112,636.9426751592357,0.06574267160404361,1m_gross_bank_exits,1.2452802676118608,-0.24528026761186084,0.6,1,2026-09-17T00:44:57+00:00
955,0x26474f395c327415f42167c7ae53ab7413078dc9,1,630.2592838398112,636.9426751592357,0.06574267160404361,quiet,0.5083362944315335,0.4916637055684665,0.02010278006243692,1,2026-09-17T00:44:57+00:00
955,0x26474f395c327415f42167c7ae53ab7413078dc9,1,630.2592838398112,636.9426751592357,0.06574267160404361,1m_gross_bank_exits,1.2452802676118608,-0.24528026761186084,0.6,1,2026-09-17T00:44:57+00:00
956,0x824932206b216977e3a94094a9d6ecfc6851f0c8,1,630.2592838398112,636.9426751592357,0.06574267160404361,quiet,0.5083362944315335,0.4916637055684665,0.02010278006243692,1,2026-09-17T00:44:57+00:00
956,0x824932206b216977e3a94094a9d6ecfc6851f0c8,1,630.2592838398112,636.9426751592357,0.06574267160404361,1m_gross_bank_exits,1.2452802676118608,-0.24528026761186084,0.6,1,2026-09-17T00:44:57+00:00
957,0x436d531dd1d50913b24a1fa7de91dbc27f5b8fe3,1,630.2592838398112,636.9426751592357,0.06574267160404361,quiet,0.5083362944315335,0.4916637055684665,0.02010278006243692,1,2026-09-17T00:44:57+00:00
957,0x436d531dd1d50913b24a1fa7de91dbc27f5b8fe3,1,630.2592838398112,636.9426751592357,0.06574267160404361,1m_gross_bank_exits,1.2452802676118608,-0.24528026761186084,0.6,1,2026-09-17T00:44:57+00:00
958,0xd4627fd6840d8cbe44e39521d39a637191cfaf02,1,630.2592838398112,636.9426751592357,0.06574267160404361,quiet,0.5083362944315335,0.4916637055684665,0.02010278006243692,1,2026-09-17T00:44:57+00:00
958,0xd4627fd6840d8cbe44e39521d39a637191cfaf02,1,630.2592838398112,636.9426751592357,0.06574267160404361,1m_gross_bank_exits,1.2452802676118608,-0.24528026761186084,0.6,1,2026-09-17T00:44:57+00:00
959,0xa0025526a98c638fc7c6f59dedb071f2691d0acf,1,630.2592838398112,636.9426751592357,0.06574267160404361,quiet,0.5083362944315335,0.4916637055684665,0.02010278006243692,1,2026-09-17T00:44:57+00:00
959,0xa0025526a98c638fc7c6f59dedb071f2691d0acf,1,630.2592838398112,636.9426751592357,0.06574267160404361,1m_gross_bank_exits,1.2452802676118608,-0.24528026761186084,0.6,1,2026-09-17T00:44:57+00:00
960,0x94b062d2b0732aa31d1181747bf475f4eb0ab339,1,630.2592838398112,636.9426751592357,0.06574267160404361,quiet,0.5083362944315335,0.4916637055684665,0.02010278006243692,1,2026-09-17T00:44:57+00:00
960,0x94b062d2b0732aa31d1181747bf475f4eb0ab339,1,630.2592838398112,636.9426751592357,0.06574267160404361,1m_gross_bank_exits,1.2452802676118608,-0.24528026761186084,0.6,1,2026-09-17T00:44:57+00:00
961,0x862ff706242e5bb49e36b5d10b7a813cae458914,1,630.2592838398112,636.9426751592357,0.06574267160404361,quiet,0.5083362944315335,0.4916637055684665,0.02010278006243692,1,2026-09-17T00:44:57+00:00
961,0x862ff706242e5bb49e36b5d10b7a813cae458914,1,630.2592838398112,636.9426751592357,0.06574267160404361,1m_gross_bank_exits,1.2452802676118608,-0.24528026761186084,0.6,1,2026-09-17T00:44:57+00:00
962,0x7b00f9ad649b870640faf1d16d7281c2ad294e25,1,630.2592838398112,636.9426751592357,0.06574267160404361,quiet,0.5083362944315335,0.4916637055684665,0.02010278006243692,1,2026-09-17T00:44:57+00:00
962,0x7b00f9ad649b870640faf1d16d7281c2ad294e25,1,630.2592838398112,636.9426751592357,0.06574267160404361,1m_gross_bank_exits,1.2452802676118608,-0.24528026761186084,0.6,1,2026-09-17T00:44:57+00:00
963,0x68e085c50a4cc7a74c3ef6cbd13d919c68b234e8,1,680.2592838398112,636.9426751592357,0.07095803404344679,quiet,0.5273957520167238,0.47260424798327616,0.020103553603339687,1,2026-09-17T00:44:57+00:00
963,0x68e085c50a4cc7a74c3ef6cbd13d919c68b234e8,1,680.2592838398112,636.9426751592357,0.07095803404344679,1m_gross_bank_exits,1.2919687605161312,-0.2919687605161312,0.6,1,2026-09-17T00:44:57+00:00
964,0x7902dc17644cb68fc421d3889e77bdd8125fddb0,1,630.2592838398112,636.9426751592357,0.06574267160404361,quiet,0.5083362944315335,0.4916637055684665,0.02010278006243692,1,2026-09-17T00:44:57+00:00
964,0x7902dc17644cb68fc421d3889e77bdd8125fddb0,1,630.2592838398112,636.9426751592357,0.06574267160404361,1m_gross_bank_exits,1.2452802676118608,-0.24528026761186084,0.6,1,2026-09-17T00:44:57+00:00
965,0x9332e35e87eac40a0810813a7a12c458e8043184,1,630.2592838398112,636.9426751592357,0.06574267160404361,quiet,0.5083362944315335,0.4916637055684665,0.02010278006243692,1,2026-09-17T00:44:57+00:00
965,0x9332e35e87eac40a0810813a7a12c458e8043184,1,630.2592838398112,636.9426751592357,0.06574267160404361,1m_gross_bank_exits,1.2452802676118608,-0.24528026761186084,0.6,1,2026-09-17T00:44:57+00:00
966,0x29e3fe685fa832e597f31f7ae18e868e9f130fee,1,630.2592838398112,636.9426751592357,0.06574267160404361,quiet,0.5083362944315335,0.4916637055684665,0.02010278006243692,1,2026-09-17T00:44:57+00:00
966,0x29e3fe685fa832e597f31f7ae18e868e9f130fee,1,630.2592838398112,636.9426751592357,0.06574267160404361,1m_gross_bank_exits,1.2452802676118608,-0.24528026761186084,0.6,1,2026-09-17T00:44:57+00:00
967,0x46622e91f95f274f4f76460b38d1f5e00905f767,1,630.2592838398112,636.9426751592357,0.06574267160404361,quiet,0.5083362944315335,0.4916637055684665,0.02010278006243692,1,2026-09-17T00:44:57+00:00
967,0x46622e91f95f274f4f76460b38d1f5e00905f767,1,630.2592838398112,636.9426751592357,0.06574267160404361,1m_gross_bank_exits,1.2452802676118608,-0.24528026761186084,0.6,1,2026-09-17T00:44:57+00:00
968,0x2c4109e0f6aa46986c66ddcd66c6c7c80cebb4d7,1,630.2592838398112,636.9426751592357,0.06574267160404361,quiet,0.5083362944315335,0.4916637055684665,0.02010278006243692,1,2026-09-17T00:44:57+00:00
968,0x2c4109e0f6aa46986c66ddcd66c6c7c80cebb4d7,1,630.2592838398112,636.9426751592357,0.06574267160404361,1m_gross_bank_exits,1.2452802676118608,-0.24528026761186084,0.6,1,2026-09-17T00:44:57+00:00
969,0xbe99e01d0bbfb80e12a88ecc9619d8223c6925b9,1,630.2592838398112,636.9426751592357,0.06574267160404361,quiet,0.5083362944315335,0.4916637055684665,0.02010278006243692,1,2026-09-17T00:44:57+00:00
969,0xbe99e01d0bbfb80e12a88ecc9619d8223c6925b9,1,630.2592838398112,636.9426751592357,0.06574267160404361,1m_gross_bank_exits,1.2452802676118608,-0.24528026761186084,0.6,1,2026-09-17T00:44:57+00:00
970,0xce24321d0544f2873d028342a66e9998fb487e1b,1,630.2592838398112,636.9426751592357,0.06574267160404361,quiet,0.5083362944315335,0.4916637055684665,0.02010278006243692,1,2026-09-17T00:44:57+00:00
970,0xce24321d0544f2873d028342a66e9998fb487e1b,1,630.2592838398112,636.9426751592357,0.06574267160404361,1m_gross_bank_exits,1.2452802676118608,-0.24528026761186084,0.6,1,2026-09-17T00:44:57+00:00
971,0x1e3a56c1a7be6587bdbfa285d48797c4e121f173,1,8931.25928383981,636.9426751592357,0.9312304804627638,quiet,0.9361291187987297,0.06387088120127027,0.020270928422694144,1,2026-09-17T00:44:57+00:00
971,0x1e3a56c1a7be6587bdbfa285d48797c4e121f173,1,8931.25928383981,636.9426751592357,0.9312304804627638,1m_gross_bank_exits,2.292646912876073,-1.292646912876073,0.6,1,2026-09-17T00:44:57+00:00
972,0x26d7b4fe67f4601643304b5023b3caf3a72e8504,1,630.2592838398112,636.9426751592357,0.06574267160404361,quiet,0.5083362944315335,0.4916637055684665,0.02010278006243692,1,2026-09-17T00:44:57+00:00
972,0x26d7b4fe67f4601643304b5023b3caf3a72e8504,1,630.2592838398112,636.9426751592357,0.06574267160404361,1m_gross_bank_exits,1.2452802676118608,-0.24528026761186084,0.6,1,2026-09-17T00:44:57+00:00
973,0xa9076b5ba0aa393915cc4143653e7a01b96b5e12,1,630.2592838398112,636.9426751592357,0.06574267160404361,quiet,0.5083362944315335,0.4916637055684665,0.02010278006243692,1,2026-09-17T00:44:57+00:00
973,0xa9076b5ba0aa393915cc4143653e7a01b96b5e12,1,630.2592838398112,636.9426751592357,0.06574267160404361,1m_gross_bank_exits,1.2452802676118608,-0.24528026761186084,0.6,1,2026-09-17T00:44:57+00:00
974,0x5c131c1967db214a77e2bf0977e481e22665bf51,1,630.2592838398112,636.9426751592357,0.06574267160404361,quiet,0.5083362944315335,0.4916637055684665,0.02010278006243692,1,2026-09-17T00:44:57+00:00
974,0x5c131c1967db214a77e2bf0977e481e22665bf51,1,630.2592838398112,636.9426751592357,0.06574267160404361,1m_gross_bank_exits,1.2452802676118608,-0.24528026761186084,0.6,1,2026-09-17T00:44:57+00:00
975,0x259f7c14adc88c758d96431c6749294aa29461a2,1,630.2592838398112,636.9426751592357,0.06574267160404361,quiet,0.5083362944315335,0.4916637055684665,0.02010278006243692,1,2026-09-17T00:44:57+00:00
975,0x259f7c14adc88c758d96431c6749294aa29461a2,1,630.2592838398112,636.9426751592357,0.06574267160404361,1m_gross_bank_exits,1.2452802676118608,-0.24528026761186084,0.6,1,2026-09-17T00:44:57+00:00
976,0x329a7fb9cee4fbae221b215c7dfbabb64ce641ee,1,630.2592838398112,636.9426751592357,0.06574267160404361,quiet,0.5083362944315335,0.4916637055684665,0.02010278006243692,1,2026-09-17T00:44:57+00:00
976,0x329a7fb9cee4fbae221b215c7dfbabb64ce641ee,1,630.2592838398112,636.9426751592357,0.06574267160404361,1m_gross_bank_exits,1.2452802676118608,-0.24528026761186084,0.6,1,2026-09-17T00:44:57+00:00
977,0x7020ae2927743071336877c3c1f97ad79e4b74f3,1,630.2592838398112,636.9426751592357,0.06574267160404361,quiet,0.5083362944315335,0.4916637055684665,0.02010278006243692,1,2026-09-17T00:44:57+00:00
977,0x7020ae2927743071336877c3c1f97ad79e4b74f3,1,630.2592838398112,636.9426751592357,0.06574267160404361,1m_gross_bank_exits,1.2452802676118608,-0.24528026761186084,0.6,1,2026-09-17T00:44:57+00:00
978,0x4761fd5aa1513d0eb8c3ce599e718c6b4ae50e22,1,630.2592838398112,636.9426751592357,0.06574267160404361,quiet,0.5083362944315335,0.4916637055684665,0.02010278006243692,1,2026-09-17T00:44:57+00:00
978,0x4761fd5aa1513d0eb8c3ce599e718c6b4ae50e22,1,630.2592838398112,636.9426751592357,0.06574267160404361,1m_gross_bank_exits,1.2452802676118608,-0.24528026761186084,0.6,1,2026-09-17T00:44:57+00:00
979,0xfefbc45f6bd1b8baeb2549267f5e906f8a3b42f1,3,1892.915037419416,1910.8280254777071,0.19743928527211665,quiet,0.5086392309362247,0.49136076906377535,0.020144677381284868,1,2026-09-17T00:44:57+00:00
979,0xfefbc45f6bd1b8baeb2549267f5e906f8a3b42f1,3,1892.915037419416,1910.8280254777071,0.19743928527211665,1m_gross_bank_exits,1.2459429831900946,-0.24594298319009456,0.6,1,2026-09-17T00:44:57+00:00
980,0x02b0c14d2c03852ccebd1b2e66ab3c075a57711d,1,630.2592838398112,636.9426751592357,0.06574267160404361,quiet,0.5083362944315335,0.4916637055684665,0.02010278006243692,1,2026-09-17T00:44:57+00:00
980,0x02b0c14d2c03852ccebd1b2e66ab3c075a57711d,1,630.2592838398112,636.9426751592357,0.06574267160404361,1m_gross_bank_exits,1.2452802676118608,-0.24528026761186084,0.6,1,2026-09-17T00:44:57+00:00
981,0x5f658e1a604a479a726ddfaa53382f84f5c6caba,1,630.2592838398112,636.9426751592357,0.06574267160404361,quiet,0.5083362944315335,0.4916637055684665,0.02010278006243692,1,2026-09-17T00:44:57+00:00
981,0x5f658e1a604a479a726ddfaa53382f84f5c6caba,1,630.2592838398112,636.9426751592357,0.06574267160404361,1m_gross_bank_exits,1.2452802676118608,-0.24528026761186084,0.6,1,2026-09-17T00:44:57+00:00
982,0x07e9ddcbeb02b121df864ede32e79e6d11fcd4cc,1,630.2592838398112,636.9426751592357,0.06574267160404361,quiet,0.5083362944315335,0.4916637055684665,0.02010278006243692,1,2026-09-17T00:44:57+00:00
982,0x07e9ddcbeb02b121df864ede32e79e6d11fcd4cc,1,630.2592838398112,636.9426751592357,0.06574267160404361,1m_gross_bank_exits,1.2452802676118608,-0.24528026761186084,0.6,1,2026-09-17T00:44:57+00:00
983,0xc2f094439cd1fc45af3e8a679984927abab0d3d9,1,630.2592838398112,636.9426751592357,0.06574267160404361,quiet,0.5083362944315335,0.4916637055684665,0.02010278006243692,1,2026-09-17T00:44:57+00:00
983,0xc2f094439cd1fc45af3e8a679984927abab0d3d9,1,630.2592838398112,636.9426751592357,0.06574267160404361,1m_gross_bank_exits,1.2452802676118608,-0.24528026761186084,0.6,1,2026-09-17T00:44:57+00:00
984,0x816cd00584aae4d8ecc59e09296c1548de84aad9,1,630.2592838398112,636.9426751592357,0.06574267160404361,quiet,0.5083362944315335,0.4916637055684665,0.02010278006243692,1,2026-09-17T00:44:57+00:00
984,0x816cd00584aae4d8ecc59e09296c1548de84aad9,1,630.2592838398112,636.9426751592357,0.06574267160404361,1m_gross_bank_exits,1.2452802676118608,-0.24528026761186084,0.6,1,2026-09-17T00:44:57+00:00
985,0x59b4046045117887044cf92ffc0a09481118ab47,1,630.2592838398112,636.9426751592357,0.06574267160404361,quiet,0.5083362944315335,0.4916637055684665,0.02010278006243692,1,2026-09-17T00:44:57+00:00
985,0x59b4046045117887044cf92ffc0a09481118ab47,1,630.2592838398112,636.9426751592357,0.06574267160404361,1m_gross_bank_exits,1.2452802676118608,-0.24528026761186084,0.6,1,2026-09-17T00:44:57+00:00
986,0xf0ff80bccbcd478da7bec057ac4fb037d466c850,1,630.2592838398112,636.9426751592357,0.06574267160404361,quiet,0.5083362944315335,0.4916637055684665,0.02010278006243692,1,2026-09-17T00:44:57+00:00
986,0xf0ff80bccbcd478da7bec057ac4fb037d466c850,1,630.2592838398112,636.9426751592357,0.06574267160404361,1m_gross_bank_exits,1.2452802676118608,-0.24528026761186084,0.6,1,2026-09-17T00:44:57+00:00
987,0xca16b6208efa84e543d48904f853265bc2705cc1,1,630.2592838398112,636.9426751592357,0.06574267160404361,quiet,0.5083362944315335,0.4916637055684665,0.02010278006243692,1,2026-09-17T00:44:57+00:00
987,0xca16b6208efa84e543d48904f853265bc2705cc1,1,630.2592838398112,636.9426751592357,0.06574267160404361,1m_gross_bank_exits,1.2452802676118608,-0.24528026761186084,0.6,1,2026-09-17T00:44:57+00:00
988,0x071c152e0254724043457c18fce1cf4b9ad469ee,1,630.2592838398112,636.9426751592357,0.06574267160404361,quiet,0.5083362944315335,0.4916637055684665,0.02010278006243692,1,2026-09-17T00:44:57+00:00
988,0x071c152e0254724043457c18fce1cf4b9ad469ee,1,630.2592838398112,636.9426751592357,0.06574267160404361,1m_gross_bank_exits,1.2452802676118608,-0.24528026761186084,0.6,1,2026-09-17T00:44:57+00:00
989,0xe8d12bc5f6dfad8e8b20e25267d3b0eed83cf025,1,630.2592838398112,636.9426751592357,0.06574267160404361,quiet,0.5083362944315335,0.4916637055684665,0.02010278006243692,1,2026-09-17T00:44:57+00:00
989,0xe8d12bc5f6dfad8e8b20e25267d3b0eed83cf025,1,630.2592838398112,636.9426751592357,0.06574267160404361,1m_gross_bank_exits,1.2452802676118608,-0.24528026761186084,0.6,1,2026-09-17T00:44:57+00:00
990,0x5066ddc9a4ec820027b1b615b7cb4e331c318c4d,1,630.2592838398112,636.9426751592357,0.06574267160404361,quiet,0.5083362944315335,0.4916637055684665,0.02010278006243692,1,2026-09-17T00:44:57+00:00
990,0x5066ddc9a4ec820027b1b615b7cb4e331c318c4d,1,630.2592838398112,636.9426751592357,0.06574267160404361,1m_gross_bank_exits,1.2452802676118608,-0.24528026761186084,0.6,1,2026-09-17T00:44:57+00:00
991,0xcbb8be2e4ef71b77f58b98334491e9bbd9888e34,1,630.2592838398112,636.9426751592357,0.06574267160404361,quiet,0.5083362944315335,0.4916637055684665,0.02010278006243692,1,2026-09-17T00:44:57+00:00
991,0xcbb8be2e4ef71b77f58b98334491e9bbd9888e34,1,630.2592838398112,636.9426751592357,0.06574267160404361,1m_gross_bank_exits,1.2452802676118608,-0.24528026761186084,0.6,1,2026-09-17T00:44:57+00:00
992,0xdfdd5e3deae2dcc5d538be65bc6798858e7de523,1,630.2592838398112,636.9426751592357,0.06574267160404361,quiet,0.5083362944315335,0.4916637055684665,0.02010278006243692,1,2026-09-17T00:44:57+00:00
992,0xdfdd5e3deae2dcc5d538be65bc6798858e7de523,1,630.2592838398112,636.9426751592357,0.06574267160404361,1m_gross_bank_exits,1.2452802676118608,-0.24528026761186084,0.6,1,2026-09-17T00:44:57+00:00
993,0x9a8998e8cf03bb946064a970033ddfee56879898,1,630.2592838398112,636.9426751592357,0.06574267160404361,quiet,0.5083362944315335,0.4916637055684665,0.02010278006243692,1,2026-09-17T00:44:57+00:00
993,0x9a8998e8cf03bb946064a970033ddfee56879898,1,630.2592838398112,636.9426751592357,0.06574267160404361,1m_gross_bank_exits,1.2452802676118608,-0.24528026761186084,0.6,1,2026-09-17T00:44:57+00:00
994,0xc2de8595ba1dfcaeaae261b590a76b369abf518a,1,630.2592838398112,636.9426751592357,0.06574267160404361,quiet,0.5083362944315335,0.4916637055684665,0.02010278006243692,1,2026-09-17T00:44:57+00:00
994,0xc2de8595ba1dfcaeaae261b590a76b369abf518a,1,630.2592838398112,636.9426751592357,0.06574267160404361,1m_gross_bank_exits,1.2452802676118608,-0.24528026761186084,0.6,1,2026-09-17T00:44:57+00:00
995,0x77619274c699437e043fc6df6d3e45007fed16ac,1,630.2592838398112,636.9426751592357,0.06574267160404361,quiet,0.5083362944315335,0.4916637055684665,0.02010278006243692,1,2026-09-17T00:44:57+00:00
995,0x77619274c699437e043fc6df6d3e45007fed16ac,1,630.2592838398112,636.9426751592357,0.06574267160404361,1m_gross_bank_exits,1.2452802676118608,-0.24528026761186084,0.6,1,2026-09-17T00:44:57+00:00
996,0xc11f42d7b2ff88bc32da5d06bc4b7467ac2b80aa,1,630.2592838398112,636.9426751592357,0.06574267160404361,quiet,0.5083362944315335,0.4916637055684665,0.02010278006243692,1,2026-09-17T00:44:57+00:00
996,0xc11f42d7b2ff88bc32da5d06bc4b7467ac2b80aa,1,630.2592838398112,636.9426751592357,0.06574267160404361,1m_gross_bank_exits,1.2452802676118608,-0.24528026761186084,0.6,1,2026-09-17T00:44:57+00:00
997,0x731ce67f432533c5b2749ad77320cc4fde312cab,1,630.2592838398112,636.9426751592357,0.06574267160404361,quiet,0.5083362944315335,0.4916637055684665,0.02010278006243692,1,2026-09-17T00:44:57+00:00
997,0x731ce67f432533c5b2749ad77320cc4fde312cab,1,630.2592838398112,636.9426751592357,0.06574267160404361,1m_gross_bank_exits,1.2452802676118608,-0.24528026761186084,0.6,1,2026-09-17T00:44:57+00:00
998,0x12ada1c908233ab4f4691cddd33acc2381d123f6,1,630.2592838398112,636.9426751592357,0.06574267160404361,quiet,0.5083362944315335,0.4916637055684665,0.02010278006243692,1,2026-09-17T00:44:57+00:00
998,0x12ada1c908233ab4f4691cddd33acc2381d123f6,1,630.2592838398112,636.9426751592357,0.06574267160404361,1m_gross_bank_exits,1.2452802676118608,-0.24528026761186084,0.6,1,2026-09-17T00:44:57+00:00
999,0xcaee24e114a75467863dd6bd939ad0eedd8f8387,1,630.2592838398112,636.9426751592357,0.06574267160404361,quiet,0.5083362944315335,0.4916637055684665,0.02010278006243692,1,2026-09-17T00:44:57+00:00
999,0xcaee24e114a75467863dd6bd939ad0eedd8f8387,1,630.2592838398112,636.9426751592357,0.06574267160404361,1m_gross_bank_exits,1.2452802676118608,-0.24528026761186084,0.6,1,2026-09-17T00:44:57+00:00
1000,0xedb5f6d408dcdf6a981cbb1f3e401343a312c9d9,1,21880.25928383981,636.9426751592357,2.27950166225532,quiet,0.9729275720951307,0.0270724279048693,0.0206928249461125,1,2026-09-17T00:44:57+00:00
1000,0xedb5f6d408dcdf6a981cbb1f3e401343a312c9d9,1,21880.25928383981,636.9426751592357,2.27950166225532,1m_gross_bank_exits,2.3814047293841885,-1.3814047293841885,0.6,1,2026-09-17T00:44:57+00:00
