address,remaining_tokens,first_observed_receipt_utc,first_canonical_buy_utc,entry_phase,canonical_buy_tokens_lifetime,canonical_buy_pool_ETH_lifetime,canonical_entry_pool_VWAP_ETH,sold_tokens_6h,sell_ETH_6h,sold_tokens_20m,bought_tokens_20m,net_sale_pace_tokens_hour_20m,constant_net_sale_pace_hours_to_empty,last_sell_utc,current_own_canonical_purchase_tokens,current_transferred_market_purchase_tokens,current_own_other_pool_purchase_tokens,current_branch_withdrawal_tokens,current_other_tokens
0xa65ce1d604fa901c13aa29f2126a57d9032e412b,600000.0,2026-09-15T06:02:49.675126791+00:00,2026-09-15T06:02:49.675126791+00:00,hours_1_to_6,660689.7894996721,105.84095037570974,0.00016019764806091689,30000.0,3.8238941677088616,0.0,0.0,0.0,,2026-09-16T00:12:23.910112381+00:00,600000.0,0.0,0.0,0.0,0.0
0xd026f7a62fad79952d2f136ebd598a71b0053da1,337804.86535601655,2026-09-15T01:08:07.117894650+00:00,2026-09-15T01:08:07.117894650+00:00,first_hour,415500.60835066374,36.695763688327425,8.831699148165352e-05,79353.9720964937,8.59903743425798,0.0,0.0,0.0,,2026-09-16T01:45:24.802270889+00:00,245348.9542249834,53879.53246622101,0.0,0.0,38576.3786648121
0xaae01d26a2100224f724df95fafacd1d07c13593,150000.0,2026-09-15T01:12:38.745393991+00:00,,first_hour,0.0,0.0,,49999.99999999999,5.897215846031573,0.0,0.0,0.0,,2026-09-15T22:12:13.095174313+00:00,0.0,150000.00000000006,0.0,0.0,0.0
0x681d22c5e615c7a876026ceba3dc36c6dde5b97d,100125.43498426022,2026-09-15T01:21:36.612134695+00:00,2026-09-15T01:34:47+00:00,first_hour,302363.42777330795,41.0815866175951,0.0001358682394895832,91000.0,9.055677411348185,91000.0,0.0,273000.0,0.3667598351071803,2026-09-16T02:35:08.671648264+00:00,87580.76548399925,6307.696314703542,0.0,0.0,6236.973185557417
0xf955dab8bdb1158dc0df449997a057ab9eb4f774,99488.33097153532,2026-09-15T01:02:20.439354897+00:00,2026-09-15T01:02:20.439354897+00:00,first_hour,452504.8420851462,31.67089299,6.999017478809784e-05,99488.33097153532,11.39550816025471,0.0,0.0,0.0,,2026-09-16T01:10:12.052500010+00:00,99488.33097153532,0.0,0.0,0.0,0.0
0xb9e98a981adc50aacc93625990b86a6524c3d3e7,92761.31294261571,2026-09-15T01:28:56.981166124+00:00,2026-09-15T01:29:56.172510624+00:00,first_hour,124698.8544611873,15.34277451594382,0.0001230386163709249,103520.10014129551,12.123810162644926,0.0,0.0,0.0,,2026-09-16T00:39:04.774798870+00:00,0.0,0.0,11533.192100181192,0.0,81228.12084243451
0x669e5517086ffef7bdc404e42854922a12ee4910,89897.24818603485,2026-09-15T01:07:33.003039598+00:00,2026-09-15T01:07:33.003039598+00:00,first_hour,91722.52646264138,5.392777499999999,5.879447184870643e-05,1825.2782766065643,0.2090077118369713,0.0,0.0,0.0,,2026-09-15T22:37:53.288322926+00:00,89897.24818603482,0.0,0.0,0.0,0.0
0xa91392aea58fc1543b0d9b314b0cfab7e1dc7da6,85196.40176164394,2026-09-15T01:20:39.775176525+00:00,2026-09-15T01:25:05.846198559+00:00,first_hour,95703.1026884398,10.534245128561926,0.00011007213802520095,9939.379864268,1.2361543338285912,0.0,0.0,0.0,,2026-09-15T21:20:42.523662089+00:00,47025.74832154127,4076.138005601806,5200.844364417071,0.0,28893.671070083798
0x5140087842da3cbc55ff69ba74b4239af219c4b6,56467.25179369697,2026-09-15T01:02:19.618709564+00:00,2026-09-15T01:02:19.618709564+00:00,first_hour,143634.05735689602,9.496417194000003,6.61153584933112e-05,19750.77,2.3963945997468628,0.0,0.0,0.0,,2026-09-16T00:29:13.901815891+00:00,54237.10260656031,135.25923528928396,956.5884352567848,0.0,1138.3015165905892
0x8cba145d686845b50475ab396bc0cd182a6c7e63,42794.859030363215,2026-09-15T01:45:16.604619980+00:00,2026-09-15T01:48:53.385083675+00:00,first_hour,31520.899530427945,4.731333860151987,0.00015010148601833864,3733.5722819593,0.4123031660680652,0.0,0.0,0.0,,2026-09-16T01:33:23.354500055+00:00,28720.99060129516,0.0,0.0,0.0,14073.868429068052
0xb814b53358501bdaed5e7286c797e176d43c6920,40831.36241716535,2026-09-15T01:30:00.481065989+00:00,2026-09-15T01:30:00.481065989+00:00,first_hour,42291.00735647803,5.444042974231564,0.00012872814611254843,4536.818046351706,0.4565012075328609,4536.818046351706,0.0,13610.454139055117,3.0,2026-09-16T02:32:06.744154453+00:00,38061.90662083023,0.0,0.0,0.0,2769.4557963351317
0x368564edf8ec2d3cbe8ec3ad265a3207e663b93c,40000.17885991887,2026-09-16T01:07:52.985800028+00:00,2026-09-16T01:07:52.985800028+00:00,after_hour_18,41000.17885991888,4.825738122923025,0.00011770041636673418,1000.0,0.1169346388450833,0.0,0.0,0.0,,2026-09-16T01:08:50.586199999+00:00,40000.17885991887,0.0,0.0,0.0,0.0
0xf85157c010bb517daccc79ea8a17cefb1645bd2a,35609.59723925981,2026-09-15T04:40:58.540297270+00:00,2026-09-15T05:46:56.185715914+00:00,hours_1_to_6,8222.767117441379,1.320916820074534,0.0001606413998120811,659.1303268807903,0.0771050247112547,0.0,0.0,0.0,,2026-09-15T22:22:47.693717718+00:00,6856.854465155937,6386.810913658369,2807.7359488485613,0.0,19558.195911596944
0xfd9b4e8bcb71c6660c39d4c73ee20b4dddb3afd3,30979.330987245867,2026-09-15T01:23:59.246082306+00:00,2026-09-15T01:23:59.246082306+00:00,first_hour,38667.36405413691,3.9659796000000003,0.00010256658805206794,16532.432969618476,2.028154807457959,0.0,0.0,0.0,,2026-09-15T21:25:48.577174187+00:00,0.0,15969.715738504785,0.0,0.0,15009.615248741085
0x3590cb319069d2c5d696150c8e7d1d2901423abc,25628.41095289854,2026-09-15T06:16:55.563451767+00:00,2026-09-15T06:16:55.563451767+00:00,hours_1_to_6,34998.48747066137,5.669839498995008,0.00016200241521145553,25073.34632973929,2.9916715962150167,0.0,0.0,0.0,,2026-09-15T22:07:08.671581507+00:00,0.0,0.0,25628.41095289854,0.0,0.0
0x2f85fb2a2d54f30ac38148166b75ce22c3c15b43,24787.44450138905,2026-09-15T01:31:51.477659702+00:00,2026-09-15T01:31:51.477659702+00:00,first_hour,20738.63043537521,1.8466727763813744,8.904506891792558e-05,16000.0,1.945491232342707,0.0,0.0,0.0,,2026-09-16T00:27:10.031086445+00:00,0.0,7373.689554827953,0.0,0.0,17413.754946561097
0x96477abe876a3e5474e4913249da69e26e5e2728,23344.202031172583,2026-09-15T01:53:03.539797544+00:00,2026-09-15T01:53:03.539797544+00:00,first_hour,31125.602708230108,5.19057,0.00016676207200407175,7781.400677057527,0.9795320814439794,0.0,0.0,0.0,,2026-09-15T21:01:43.559048891+00:00,23344.20203117258,0.0,0.0,0.0,0.0
0x9f01a503120cc32c472751583f5bfffc371288b9,21945.11441521388,2026-09-15T01:48:27.010296345+00:00,2026-09-15T01:48:27.010296345+00:00,first_hour,21681.216479942115,2.9927844460042996,0.0001380358177214367,14615.82097819539,1.6581098418371345,0.0,0.0,0.0,,2026-09-16T01:11:25.865600109+00:00,8825.239325958224,570.0762267536837,1226.4648846779803,0.0,11323.333977823992
0x07e9ddcbeb02b121df864ede32e79e6d11fcd4cc,20180.235378380377,2026-09-15T01:29:04.675014973+00:00,,first_hour,0.0,0.0,,4402.309751591326,0.499979277635557,0.0,0.0,0.0,,2026-09-15T22:39:00.636401653+00:00,0.0,0.0,2520.60089876373,0.0,17659.634479616645
0xece2cddc345e8a3c021c5d2b2807284c31b3e3d1,18966.24604471356,2026-09-15T01:01:46.507072926+00:00,2026-09-15T01:01:46.507072926+00:00,first_hour,90346.39555539427,1.4446741905269735,1.5990391001721785e-05,2107.36067163484,0.2672522259166669,0.0,0.0,0.0,,2026-09-16T00:13:09.617977619+00:00,18966.246044713564,0.0,0.0,0.0,0.0
0xcb610336e847dde55c319ed8513ed8601a67f719,18782.173776585285,2026-09-15T02:06:31.835708618+00:00,2026-09-15T02:10:52.229252577+00:00,hours_1_to_6,7976.704246143456,1.274,0.0001597150854146245,15000.0,1.7014683596468507,0.0,0.0,0.0,,2026-09-15T22:40:49.237656832+00:00,3421.9371125792704,0.0,0.0,0.0,15360.236664006014
0xbd70e6ec12da7731b700b969a2f7e13d47d0b53c,17614.256163035912,2026-09-15T01:01:46.507072926+00:00,2026-09-15T01:01:46.507072926+00:00,first_hour,83906.14310116727,1.3657887536513653,1.6277577578611942e-05,1957.1395736706563,0.2481677323929202,0.0,0.0,0.0,,2026-09-16T00:13:09.617977619+00:00,17614.256163035912,0.0,0.0,0.0,0.0
0x7d483c2146c81e36e1fba54622513e3a6d9d56f4,17320.813933228837,2026-09-15T01:01:46.507072926+00:00,2026-09-15T01:01:46.507072926+00:00,first_hour,82508.32047963714,1.3459530558216612,1.631293726496153e-05,1924.534881469871,0.2446318200150433,0.0,0.0,0.0,,2026-09-16T00:13:09.617977619+00:00,17320.813933228834,0.0,0.0,0.0,0.0
0x3d2fa04af6099a759fc3477fe601a9c7aadf0229,16653.64386723,2026-09-15T01:02:53.059999943+00:00,2026-09-15T01:02:53.059999943+00:00,first_hour,18589.584770405643,0.3971726210825117,2.1365330424959515e-05,10250.0,1.0490681803010593,0.0,0.0,0.0,,2026-09-16T02:18:00.314342737+00:00,4094.789793242199,0.0,6647.833967163567,0.0,5911.020106824235
0xee1338f0f9324b97580f1351ea0a30f474e4a67a,16549.49766767148,2026-09-15T01:11:29.097243309+00:00,2026-09-15T01:11:29.097243309+00:00,first_hour,84941.00575103727,8.8698357,0.00010442348335264071,17050.951007956417,2.059129677505717,0.0,0.0,0.0,,2026-09-15T21:59:54.491902113+00:00,16549.49766767148,0.0,0.0,0.0,0.0
0x5f1d998a2681d13e41b16276640535ae1f422bbe,11267.645487093734,2026-09-15T02:16:27.630444765+00:00,2026-09-15T02:18:59.928931713+00:00,hours_1_to_6,15065.667214562036,2.1761938170675528,0.00014444722467811495,776.6988007276835,0.0854828579989455,0.0,0.0,0.0,,2026-09-16T01:39:13.458598614+00:00,28.497733838926408,7449.869197729554,952.5789522992411,0.0,2836.6996032260095
0x0ee9a9e0172f224bf5731a430bf1f8c2ea3cab95,10892.750473330936,2026-09-15T01:01:51.930359125+00:00,2026-09-15T01:01:51.930359125+00:00,first_hour,21823.003746430302,2.0024840087999998,9.176023759458668e-05,11550.635013227595,1.3794774787614996,0.0,0.0,0.0,,2026-09-15T22:12:47.579088449+00:00,10892.750473330936,0.0,0.0,0.0,0.0
0x030da1759db64b75fecf70efb737de28996ef222,9862.224535249003,2026-09-15T01:52:15.557972908+00:00,2026-09-15T01:52:15.557972908+00:00,first_hour,19205.195969725504,3.241706521525067,0.00016879320193530938,7514.9479327155,0.9277719966495941,0.0,0.0,0.0,,2026-09-15T22:41:44.395397425+00:00,9862.224535249006,0.0,0.0,0.0,0.0
0x42ba09cb0276dab9cce4afea93ea339b3553e67c,9559.824137888625,2026-09-15T02:40:47.379153490+00:00,2026-09-15T02:43:04.384953022+00:00,hours_1_to_6,47429.00503522651,7.2254029061898475,0.00015234143960691121,1059.5283355411652,0.11933450578509991,0.0,0.0,0.0,,2026-09-16T01:46:48.641096592+00:00,43.5936913466713,3982.053617946439,2969.16935537263,0.0,2565.0074732228827
0xb69b196d919e120fcdfcb1d26d8b70320a378f1f,9003.998402788497,2026-09-15T02:09:00.040602207+00:00,2026-09-15T02:09:00.040602207+00:00,hours_1_to_6,7814.784282862264,1.2185445017508796,0.000155928104685261,10627.699327906228,1.234523559288337,0.0,0.0,0.0,,2026-09-15T22:24:37.414800406+00:00,0.0,281.74400090858404,8617.76996743918,0.0,104.48443444073143
0xa0e72dc252da0f93de7350aa5bacf3e23c7f8626,8779.37203250664,2026-09-15T01:01:57.063112020+00:00,2026-09-15T01:01:57.063112020+00:00,first_hour,19513.71155895099,1.3672260459065566,7.006488959192423e-05,15219.361810711343,1.741995122208716,0.0,0.0,0.0,,2026-09-16T01:10:01.781100035+00:00,7658.1164614398895,0.0,1121.2555710667502,0.0,0.0
0xbcd6f5f8c4e6f7561723485455393bfb001dc5a8,8708.99568843159,2026-09-15T01:01:57.063112020+00:00,2026-09-15T01:01:57.063112020+00:00,first_hour,19304.509980889576,1.3154180312738608,6.814045176883815e-05,15013.59115386818,1.7153412125246368,0.0,0.0,0.0,,2026-09-16T01:10:01.781100035+00:00,7604.47647307904,0.0,1104.5192153525495,0.0,0.0
0x725c287504f613c2c9601611800eb8dc5822c86f,8704.628124717146,2026-09-15T01:01:57.063112020+00:00,2026-09-15T01:01:57.063112020+00:00,first_hour,19303.182345146568,1.3154180312738608,6.814513833801081e-05,15000.490884268796,1.7108037294441876,0.0,0.0,0.0,,2026-09-16T01:10:01.781100035+00:00,7604.143958757304,0.0,1100.4841659598435,0.0,0.0
0x78bb77e0c8c9bf71d0d101bae9a55128348577e6,8313.702655178207,2026-09-15T02:04:21.674912691+00:00,,hours_1_to_6,0.0,0.0,,3084.9198927715,0.3624413369774415,0.0,0.0,0.0,,2026-09-15T22:17:42.831926107+00:00,0.0,0.0,0.0,0.0,8313.702655178207
0x5fd9571ff8160999f7d5b2c2596de3eebada7a94,8140.878624065956,2026-09-15T01:01:57.063112020+00:00,2026-09-15T01:01:57.063112020+00:00,first_hour,16430.401566770488,1.0062988656715972,6.124615162825825e-05,13304.55330584338,1.5253533060979336,0.0,0.0,0.0,,2026-09-16T01:10:01.781100035+00:00,6887.1210332812425,0.0,1253.7575907847113,0.0,0.0
0x62703263b64699da4c9c84bd96649aa7feb9738e,8004.141838005099,2026-09-15T01:01:57.063112020+00:00,2026-09-15T01:01:57.063112020+00:00,first_hour,16430.100254743724,1.0062988656715972,6.124727482299184e-05,12893.002536602602,1.4743844658581844,0.0,0.0,0.0,,2026-09-16T01:10:01.781100035+00:00,6887.380808039104,0.0,1116.7610299659946,0.0,0.0
0x1e3a56c1a7be6587bdbfa285d48797c4e121f173,8000.000000000005,2026-09-15T01:12:44.642609835+00:00,2026-09-15T01:12:44.642609835+00:00,first_hour,131128.0299573856,17.889264999999998,0.00013642594192724247,50000.0,5.5784646381661815,0.0,0.0,0.0,,2026-09-16T01:15:44.161099911+00:00,0.0,5908.286817161075,0.0,0.0,2091.7131828389283
0x56311f46963d93eba214a95a5c55193d6bdaf4da,7932.8032817774565,2026-09-15T01:01:47.572361231+00:00,2026-09-15T01:01:47.572361231+00:00,first_hour,51453.599277763584,1.948187717712154,3.786300171529675e-05,12676.304348356369,1.4545451771286944,0.0,0.0,0.0,,2026-09-16T01:10:01.781100035+00:00,6665.533693684895,0.0,1267.2695880925603,0.0,0.0
0xb19933d0833ba135673b437b05623fa20ef8b124,7887.691668525616,2026-09-15T01:01:57.063112020+00:00,2026-09-15T01:01:57.063112020+00:00,first_hour,15488.612820294495,0.9942399894782232,6.41916742973577e-05,12551.020836707054,1.4327129705488384,0.0,0.0,0.0,,2026-09-16T01:10:01.781100035+00:00,6650.166747291071,0.0,1237.5249212345443,0.0,0.0
0xf7f6d446980ae9b34f5be1822ad09885213dfc1b,7708.548949693649,2026-09-15T01:01:57.063112020+00:00,2026-09-15T01:01:57.063112020+00:00,first_hour,15348.201749336118,0.9748359894782234,6.351467132104838e-05,12010.244377824793,1.368575782068423,0.0,0.0,0.0,,2026-09-16T01:10:01.781100035+00:00,6615.901055148068,0.0,1092.6478945455806,0.0,0.0
0xab34e3836988273c0ffe6bf73cc5264a5098ee7a,7508.881951863079,2026-09-15T01:01:57.063112020+00:00,2026-09-15T01:01:57.063112020+00:00,first_hour,13918.470437433012,0.9523399965958322,6.842274809411261e-05,11408.559653852668,1.3069364678570756,0.0,0.0,0.0,,2026-09-16T01:10:01.781100035+00:00,6259.139159792396,0.0,1249.742792070684,0.0,0.0
0xca8ab66188924815df38cac43165ae8c220f1a4b,7366.979295999061,2026-09-15T01:53:46.043781996+00:00,2026-09-15T01:53:46.043781996+00:00,first_hour,160050.74739886058,22.41081135132189,0.00014002315962619139,174950.64704130922,18.885343198899747,50038.49132534543,0.0,150115.4739760363,0.049075415750777895,2026-09-16T02:42:49.782838821+00:00,4806.326665032682,52.25474580963626,128.2053864528495,0.0,2380.192498703891
0x47b6acc9d98d5e711486bf859913f4c0115af871,7000.000000000001,2026-09-15T02:00:13.988118887+00:00,2026-09-15T02:00:13.988118887+00:00,first_hour,1986.6206112329,0.311690715,0.00015689493667669352,1248.484036841474,0.1343835647897487,0.0,0.0,0.0,,2026-09-16T01:44:39.163389683+00:00,1685.9272827004636,1095.7912858240602,3910.038423906012,0.0,308.24300756946496
0xc6c3c017832d82e9eeaf3b1380e002a915c5974e,6892.610727410858,2026-09-15T14:25:18.490839958+00:00,,hours_6_to_18,0.0,0.0,,288.746119974,0.0327998605203652,0.0,0.0,0.0,,2026-09-15T22:38:24.839330435+00:00,0.0,62.01933131855995,6791.295982753948,0.0,39.29541333835088
0xb458f0c3c03f8878a2b22bd629a5147c51e07427,6382.676451602681,2026-09-15T01:21:13.023272038+00:00,2026-09-15T01:24:53.282066107+00:00,first_hour,5773.264105007338,0.6738228239142562,0.00011671435978995451,1045.25842924692,0.1273570388686904,0.0,0.0,0.0,,2026-09-16T00:21:39.862135887+00:00,3756.584186788262,1289.744167358774,0.0,0.0,1336.3480974556453
0x7a5453e935423e571ec5c51ae151eb794a58b584,6209.5465136125,2026-09-15T21:55:58.901485682+00:00,,after_hour_18,0.0,0.0,,300.0,0.0340656788059203,0.0,0.0,0.0,,2026-09-15T22:39:14.451045990+00:00,0.0,6209.5465136125,0.0,0.0,0.0
0xf2f0ac184e4e379d6e8ec15846242d755ad1ddfd,5452.170900318964,2026-09-15T06:34:16.318853617+00:00,,hours_1_to_6,0.0,0.0,,1363.041543776046,0.1568268725789631,0.0,0.0,0.0,,2026-09-15T22:34:23.384430647+00:00,0.0,0.0,0.0,0.0,5452.170900318964
0xc103ad60e8a746a95a5854bd0c4a5439466f4504,4392.011798715419,2026-09-15T02:56:36.244584799+00:00,2026-09-15T17:15:53.337185144+00:00,hours_1_to_6,3032.2005688788718,0.3706769050001148,0.00012224682918556709,8629.193590695186,0.9178831622683888,0.0,377.9056289516551,-1133.7168868549652,,2026-09-16T01:46:49.143727541+00:00,377.9056289516551,0.0,0.0,0.0,4014.1061697637642
0xaee989fda15dfa276bebf116b81d26ba233235ce,3180.3017110237397,2026-09-15T01:14:07.305305481+00:00,2026-09-15T01:14:07.305305481+00:00,first_hour,31803.01711023739,2.7789151499999996,8.737897855312184e-05,28622.715399213652,3.0229417905375837,0.0,0.0,0.0,,2026-09-16T01:53:42.754042149+00:00,3180.301711023738,0.0,0.0,0.0,0.0
0x5a5c8e28afff836db854d7817f5937b18946104c,2618.6403653193884,2026-09-15T01:02:38.390967846+00:00,2026-09-15T01:02:38.390967846+00:00,first_hour,5237.280730638777,0.0925155,1.7664796820757046e-05,2618.6403653193884,0.2642513529667192,2618.6403653193884,0.0,7855.921095958165,0.3333333333333333,2026-09-16T02:31:50.836825132+00:00,2618.6403653193884,0.0,0.0,0.0,0.0
0x2002fb73bf0777d8026d2b1fa804f6316dac9e4c,2606.052866063537,2026-09-15T17:36:47.620951414+00:00,2026-09-15T19:05:03.948204994+00:00,hours_6_to_18,13541.00551725117,1.7922067766927483,0.00013235403932222657,18242.370062444756,2.1466453655211764,0.0,0.0,0.0,,2026-09-16T00:27:36.985841751+00:00,1692.6256896563964,61.98879177362372,190.21312759088156,0.0,661.2252570426349
0x802ca05d5d4372a15a4b50c684ae535f71148e05,2604.990676100196,2026-09-15T01:07:46.048421144+00:00,2026-09-15T01:07:46.048421144+00:00,first_hour,1772.0635164231046,0.1529216842267766,8.629582563465205e-05,949.82679629,0.10491293027249,0.0,0.0,0.0,,2026-09-16T01:33:13.806999922+00:00,729.2223856748012,303.01071214187266,282.0625337396598,0.0,1290.6950445438629
0x53426fb8d9f01b8419bdcd92b8266b3d733c490d,2274.7675960612532,2026-09-16T00:56:58.173199892+00:00,2026-09-16T02:44:30.562817335+00:00,after_hour_18,381.4428859400634,0.035331083878417414,9.262483370569148e-05,338.6581992286352,0.0374084973306374,0.0,381.4428859400634,-1144.32865782019,,2026-09-16T01:33:09.987999916+00:00,381.4428859400634,285.4177575327638,560.985528026634,0.0,1046.9214245617918
0x22addbee1cd55b6081b0f8aaa94198d6c1f6b2f5,2225.749481008034,2026-09-15T01:38:13.390724421+00:00,2026-09-15T01:38:13.390724421+00:00,first_hour,1426.2095599353345,0.1323220570143504,9.27788318992547e-05,1426.2095599353345,0.1721454678966752,0.0,0.0,0.0,,2026-09-15T22:03:33.423592567+00:00,0.0,40.60185421712339,336.848865913348,0.0,1848.298760877563
0xb19e4456e26181897aaf08e76f09691a27d8cf47,1823.3189180934655,2026-09-15T03:43:40.065382957+00:00,2026-09-15T03:43:40.065382957+00:00,hours_1_to_6,15541.718918093467,2.3762839829184874,0.00015289711488425186,2782.69,0.31379507325330275,0.0,653.8144197866349,-1961.4432593599045,,2026-09-16T02:09:47.175290108+00:00,1823.318918093465,0.0,0.0,0.0,0.0
0x116cda031c0f1c23954052e595ffac12f804307d,1812.7972370111406,2026-09-15T22:39:11.325104713+00:00,,after_hour_18,0.0,0.0,,901.24963689045,0.1023886327937624,0.0,0.0,0.0,,2026-09-16T01:31:42.653500080+00:00,0.0,0.0,90.83132212907375,0.0,1721.965914882067
0x728aab1e0d9805298bb0ebd294d2ed42e2b00beb,1652.7837609308378,2026-09-15T01:01:50.961915255+00:00,2026-09-15T01:01:50.961915016+00:00,first_hour,1177.2323737002657,0.10246399608097001,8.703803800341146e-05,373.3050638679,0.0412348224844653,0.0,0.0,0.0,,2026-09-16T01:33:12.400000095+00:00,797.6263158256417,26.2936083456288,0.0,0.0,828.8638367595672
0x42d69fdf6672a14f9d65f333d7c211ffd13b6e77,1351.2171792199179,2026-09-15T01:50:04.292685032+00:00,2026-09-15T01:50:04.292685032+00:00,first_hour,7931.636770556697,1.160393598904136,0.00014629938718470735,4097.1126813163,0.4120038318823395,4097.1126813163,0.0,12291.338043948901,0.10993247231412126,2026-09-16T02:33:22.454987526+00:00,847.6173984886032,41.54086454402173,79.86977769071521,0.0,382.18913849657747
0x699df9a4b9ecec3b17d2b62fe9b4cf9f8d7eda42,955.2400684331501,2026-09-15T01:08:51.988070250+00:00,2026-09-15T01:08:51.988070250+00:00,first_hour,1474.1359080758489,0.0776655,5.268544072125259e-05,238.81001710828752,0.0274981421700543,0.0,0.0,0.0,,2026-09-15T22:24:50.221031904+00:00,955.2400684331502,0.0,0.0,0.0,0.0
0x55535c44a11bf074c042d98dcd9e97ea28e023a3,869.4653160337995,2026-09-15T01:08:36.966315746+00:00,2026-09-15T01:08:36.966315508+00:00,first_hour,1472.4471473416986,0.0778536,5.2873612571122835e-05,107.34139704120982,0.012705351641849,0.0,0.0,0.0,,2026-09-16T00:35:37.844161510+00:00,869.4653160337996,0.0,0.0,0.0,0.0
0x3b592bf2afbda5098537332b9a301c4550e1eb41,793.4758245400744,2026-09-15T07:22:55.008470774+00:00,2026-09-15T07:22:55.008470774+00:00,hours_6_to_18,1057.9677660534326,0.1952401048001902,0.00018454258349335153,264.49194151335814,0.02544954813214927,264.49194151335814,0.0,793.4758245400744,1.0,2026-09-16T02:40:27.724347591+00:00,793.4758245400744,0.0,0.0,0.0,0.0
0x46c0e9b2d3eb29acf4f90bd7ff564274bcc72b12,775.6713228933621,2026-09-15T22:05:34.770777225+00:00,,after_hour_18,0.0,0.0,,775.6713228933621,0.07613859810120636,775.6713228933621,0.0,2327.0139686800862,0.33333333333333337,2026-09-16T02:39:45.942438364+00:00,0.0,66.54897874932661,181.7179042249224,0.0,527.4044399191131
0x0e4acdbaa7674767d0d9b1d9fc8756b766d02289,691.4394809161724,2026-09-15T01:48:26.604530334+00:00,,first_hour,0.0,0.0,,722.965020848506,0.0861885262491286,0.0,0.0,0.0,,2026-09-15T22:07:08.772118092+00:00,0.0,0.0,0.0,0.0,691.4394809161724
0x788159b2fc582750cc665bd88482215d3fff1250,646.5085238502046,2026-09-15T01:04:52.081356049+00:00,2026-09-15T01:04:52.081356049+00:00,first_hour,5671.622246063272,0.30584168999999967,5.392490485632878e-05,1567.4313368320913,0.1825123469094112,0.0,0.0,0.0,,2026-09-15T22:23:28.502780914+00:00,646.5085238502047,0.0,0.0,0.0,0.0
0xcabcb6269f25e6f388230b6ec5916b38e76357e7,593.7489403623717,2026-09-15T01:01:55.126224041+00:00,2026-09-15T01:01:55.126224041+00:00,first_hour,562.7477631050637,0.010409469207814801,1.8497575450817703e-05,94.01024889070884,0.0107983121234572,0.0,0.0,0.0,,2026-09-15T22:30:24.683787823+00:00,359.452980004962,234.2959603574097,0.0,0.0,0.0
0x5ce35ecead5863401b161713e0358096ab87bd70,502.20325808593503,2026-09-15T01:25:38.329077244+00:00,2026-09-15T22:49:10.868996620+00:00,first_hour,356.34607562563184,0.0413815448763024,0.00011612740452844723,349.3389958216,0.0421680957868638,0.0,0.0,0.0,,2026-09-15T22:03:13.215817690+00:00,75.83428844872452,24.626284061838852,0.0,0.0,401.7426855753717
0x9e6589a52bc79ceed5946ba659723782f82672fd,501.59894396226275,2026-09-15T03:45:05.979176044+00:00,,hours_1_to_6,0.0,0.0,,500.0,0.060355799953792,0.0,0.0,0.0,,2026-09-15T22:03:07.786863089+00:00,0.0,206.31520710991776,250.969860471312,0.0,44.313876381033005
0x300407454da9ba04f66d284d737aa4db2f06dab3,430.2429067909562,2026-09-15T01:49:30.918434858+00:00,,first_hour,0.0,0.0,,143.4143022636521,0.0154516907656449,0.0,0.0,0.0,,2026-09-16T01:44:25.994461298+00:00,0.0,194.6374141490624,0.0,0.0,235.6054926418939
0x2a412e58427027637aec6ae8e3faa44c55cd2ea5,429.03128352064005,2026-09-15T01:02:01.256774187+00:00,2026-09-15T01:02:01.256774187+00:00,first_hour,672.0417113608535,0.00996237,1.4824035222198724e-05,143.01042784021334,0.0158762617788414,0.0,0.0,0.0,,2026-09-16T00:40:02.260053635+00:00,429.0312835206401,0.0,0.0,0.0,0.0
0x6d366faf50a0e0dab5708d744aafcff097f516b7,382.62266941459325,2026-09-15T21:10:16.841660023+00:00,,after_hour_18,0.0,0.0,,317.12272429324645,0.0360239788201827,0.0,0.0,0.0,,2026-09-15T22:38:22.923430920+00:00,0.0,0.0,0.0,0.0,382.6226694145933
0xb64e6db5defa8668512ae1e54f955fb1c67c8bb1,365.77326947863685,2026-09-15T01:07:37.381458998+00:00,2026-09-15T01:07:37.381458998+00:00,first_hour,20192.941474231262,1.4443604999999997,7.152798921559723e-05,1097.3198084359105,0.11932895939096369,0.0,0.0,0.0,,2026-09-16T01:47:16.486845493+00:00,365.77326947863673,0.0,0.0,0.0,0.0
0x5a2ec8fc323180c33638bc02cbaaf139ecf37d94,348.8372855995113,2026-09-15T04:56:47.835532904+00:00,2026-09-15T04:56:47.835532904+00:00,hours_1_to_6,915.1461966608554,0.1281638575920508,0.00014004741325450442,271.31788879961994,0.026795105818963744,116.27909519983712,0.0,348.83728559951135,0.9999999999999999,2026-09-16T02:44:42.644333124+00:00,348.83728559951135,0.0,0.0,0.0,0.0
0xce9df13a38fca853b6c3ef850d5a172e80363864,325.3062882849711,2026-09-15T01:09:15.008420944+00:00,2026-09-15T01:09:15.008420944+00:00,first_hour,11739.352755422882,1.3949044,0.00011882293931031565,1504.5415833179914,0.1648101699986613,0.0,0.0,0.0,,2026-09-16T01:09:45.064899921+00:00,266.7619155588003,0.0,58.54437272617075,0.0,0.0
0x3ef655dc725cabb11aa63b373147681151b41db1,301.3408139503875,2026-09-15T01:07:10.194528818+00:00,2026-09-15T01:07:10.194528818+00:00,first_hour,639.3407348320079,0.040978596571542805,6.40950816035682e-05,237.58845892644067,0.024526416994971663,0.0,0.0,0.0,,2026-09-16T02:14:06.939509153+00:00,301.34081395038754,0.0,0.0,0.0,0.0
0x0b7576a64a0f4b4924d55ed328ede4979446521b,213.935695507179,2026-09-15T01:03:10.601290226+00:00,2026-09-15T01:03:10.601290226+00:00,first_hour,2051.6947426890333,0.040382518844792,1.9682518068874637e-05,213.9356955071789,0.0235426275887294,0.0,0.0,0.0,,2026-09-16T01:40:14.377458096+00:00,192.34638212709697,19.8504195263426,0.0,0.0,1.7388938537394167
0xe80a9aa3ca442e7ca1e24d76a660c0ee5f683e52,202.43354921979625,2026-09-15T01:52:24.789148569+00:00,2026-09-15T01:52:24.789148569+00:00,first_hour,434.00548625090516,0.06500330100000001,0.0001497752979150605,231.5719370311089,0.0283664248852185,0.0,0.0,0.0,,2026-09-15T21:30:53.188495398+00:00,202.43354921979625,0.0,0.0,0.0,0.0
0x9948ed6f180e064a6d7668b0af3304d3044bf4ef,129.72599020503984,2026-09-16T01:09:02.972300053+00:00,,after_hour_18,0.0,0.0,,132.89806551122774,0.013662895930217325,0.0,0.0,0.0,,2026-09-16T02:16:19.591496944+00:00,0.0,0.0,0.0,0.0,129.72599020503984
0xc7389bb44f734881bc0a6ef34604df22c333ba72,120.32297795102001,2026-09-15T01:04:10.610967636+00:00,2026-09-15T01:04:10.610967636+00:00,first_hour,12032.297795102,0.81151785,6.74449605403172e-05,11911.97481715098,1.3520014633535593,0.0,0.0,0.0,,2026-09-16T01:10:14.771399975+00:00,120.32297795102022,0.0,0.0,0.0,0.0
0xbb9f2e959902f1a897770680db87b768f14f5e5a,70.06683028303723,2026-09-15T01:31:01.929272652+00:00,2026-09-15T06:41:08.797698498+00:00,first_hour,157.28775020668715,0.0292491234477631,0.00018595932238415068,157.28775020668715,0.015134333813445654,157.28775020668715,0.0,471.8632506200614,0.14848969524743558,2026-09-16T02:40:25.509402990+00:00,48.473420133406094,21.560257763887677,0.0,0.0,0.03315238574345773
0x1b36374d5a26c45726632162188f7162dcf39639,65.4630716622283,2026-09-15T01:14:36.486355543+00:00,2026-09-15T18:01:39.222809315+00:00,first_hour,245.43249149804828,0.030758445098892896,0.0001253234439790442,69.02649678741469,0.00787935769891657,0.0,13.66667686108718,-41.000030583261534,,2026-09-16T01:50:02.271733046+00:00,65.4617728341033,0.0012940786704946,0.0,0.0,4.749454505354314e-06
0x4b0648a448bc679a8bd2556cdc694b766133eac9,29.222202469765133,2026-09-15T06:47:41.641060352+00:00,2026-09-15T06:47:41.641060352+00:00,hours_1_to_6,54.23705075780663,0.0098,0.00018068829080993926,25.01484828804149,0.0030927835051546,0.0,0.0,0.0,,2026-09-15T23:35:10.055500031+00:00,29.222202469765136,0.0,0.0,0.0,0.0
0xc577382a3bd8eb4a66caa1b247d70d7f9c46d6f1,12.407723988974617,2026-09-15T02:00:17.968856812+00:00,,first_hour,0.0,0.0,,1705.4007554144,0.2032674410663493,0.0,0.0,0.0,,2026-09-15T22:21:10.897837162+00:00,0.0,2.266487165324225,1.8435414645645205,0.0,8.297695359085878
0xdf284da4119b295f9a3f31ec58724134ea5268a4,4.158798619058813,2026-09-16T01:13:17.844000101+00:00,,after_hour_18,0.0,0.0,,123.28556017872,0.0131981341259483,0.0,0.0,0.0,,2026-09-16T01:45:57.171697617+00:00,0.0,0.0,1.769559212484609,0.0,2.389239406574191
0x6d35d4292160ec19702096bb2101f9388acbb840,1.8113611218431027,2026-09-15T22:26:12.060856819+00:00,,after_hour_18,0.0,0.0,,60.3984080291246,0.0074918205876046,0.0,0.0,0.0,,2026-09-16T00:15:11.932038784+00:00,0.0,0.0,1.811361121843106,0.0,0.0
0x1e26d603e9577b90ae45810c6ccd5fbb752bf69c,0.9053348889359718,2026-09-15T02:29:32.288401365+00:00,,hours_1_to_6,0.0,0.0,,187.73930295945,0.0219972146226084,0.0,0.0,0.0,,2026-09-15T22:20:54.312873363+00:00,0.0,0.0,0.0,0.0,0.905334888935954
0x545322d21d3e186639a1571aab35833855db1ce2,0.7353324440563778,2026-09-15T01:06:43.109422445+00:00,2026-09-15T01:35:25.302175760+00:00,first_hour,10.890852045498763,0.0014559,0.00013368100070753692,2.08671638979918,0.000226740299731,0.0,0.0,0.0,,2026-09-16T00:49:50.569600105+00:00,0.0,0.6249253289347233,0.0,0.0,0.1104071151216544
0x3ea5d7708b69dcefbffeaed973fe1dcb73394f6a,0.19705682297871374,2026-09-15T01:22:28.670314550+00:00,2026-09-15T01:22:28.670314550+00:00,first_hour,98.52841148935686,0.0094897555991347,9.631491521772675e-05,98.33135466637816,0.011131457443927,0.0,0.0,0.0,,2026-09-16T01:22:28.999000072+00:00,0.197056822978709,0.0,0.0,0.0,0.0
0xbb00bbb48887f38806fbcd22c05478e20cf7d043,0.009718803834889704,2026-09-15T20:41:57.055201530+00:00,,after_hour_18,0.0,0.0,,1644.84,0.1854493726777971,0.0,0.0,0.0,,2026-09-16T01:19:20.059000015+00:00,0.0,0.0,0.0097188038348576,0.0,0.0
0x881475210e75b814d5b711090a064942b6f30605,0.009292928760752696,2026-09-15T01:32:07.480865479+00:00,,first_hour,0.0,0.0,,8382.119999999999,0.8898271779300586,0.0,0.0,0.0,,2026-09-16T01:47:14.978953123+00:00,0.0,0.0092870636362931,0.0,0.0,5.865125031867535e-06
0x00c47676ef9512e8e181edf9e7bb6a796201b76a,0.007383827704074016,2026-09-15T23:08:52.164761543+00:00,,after_hour_18,0.0,0.0,,863.8125440450625,0.1056245460868335,0.0,0.0,0.0,,2026-09-16T00:19:23.046602011+00:00,0.0,0.004102844673230401,0.0,0.0,0.0032809830307769
0x5349bca810cdccd4e1be37f22c7c85d3dd673b75,0.005670923204598459,2026-09-15T06:35:45.679115534+00:00,2026-09-15T06:35:45.679115534+00:00,hours_1_to_6,4055.8266003555254,0.7804951937721964,0.00019243800849468758,2909.7189,0.3653987738949666,0.0,0.0,0.0,,2026-09-15T20:52:06.817806721+00:00,0.0047332930680568,0.0006312770157703999,0.000177292113932,0.0,0.0001290610071151
0xab9ea52e96bf3f654a51fd5c02e48b0f30731fed,0.002740082835164391,2026-09-16T00:07:36.794899940+00:00,2026-09-16T00:07:36.794899940+00:00,after_hour_18,22.702740082835167,0.00294,0.00012949978677784547,22.7,0.0028835505327327,0.0,0.0,0.0,,2026-09-16T00:08:43.156199932+00:00,0.0027400828351638,0.0,0.0,0.0,0.0
0xa3f9c5a5cd542c55515e98c4cae4a334569cd0d9,7.7916444435857e-05,2026-09-15T23:45:44.019719839+00:00,2026-09-15T23:45:44.019719839+00:00,after_hour_18,950.4263779164444,0.1225455790202754,0.00012893747676587407,950.4263,0.1178948599181024,0.0,0.0,0.0,,2026-09-16T00:14:25.889320374+00:00,7.791644441113021e-05,0.0,0.0,0.0,0.0
0x1cda6af915399fd20d6b253b8cfdbd9feda73baf,3.869460081748e-06,2026-09-15T23:54:44.828700066+00:00,,after_hour_18,0.0,0.0,,20689.69356560005,2.337117653998,9000.0,0.0,27000.0,1.4331333636103702e-10,2026-09-16T02:30:31.098820210+00:00,0.0,0.0,0.0,0.0,3.8694597606081516e-06
0x432fcd67815d5cc72808a7815a02373fdee7d740,3.043921417452e-06,2026-09-15T05:05:48.590678930+00:00,,hours_1_to_6,0.0,0.0,,1377.7117917357757,0.1517094418955203,0.0,0.0,0.0,,2026-09-16T01:38:11.031847239+00:00,0.0,1.9576448551106296e-07,0.0,0.0,2.8481570097937947e-06
0xd008a97c5e28514d6ad6f13d55aefc8ceabcacad,2.8048487583e-06,2026-09-15T11:27:18.174477577+00:00,,hours_6_to_18,0.0,0.0,,439.16790000000003,0.04662250250428161,0.0,0.0,0.0,,2026-09-16T01:49:03.751759529+00:00,0.0,0.0,2.8048487479281903e-06,0.0,0.0
0xffdac5e7a7b5e65a05373a95247672ab48d51271,9.34347688837e-07,2026-09-15T20:50:32.558611155+00:00,,after_hour_18,0.0,0.0,,155.846293,0.0195729839530506,0.0,0.0,0.0,,2026-09-15T20:51:20.306978226+00:00,0.0,0.0,0.0,0.0,9.343476961021224e-07
0x8c07088fd67d5803967f9ec7884f0ad8b3172d98,1.136986e-12,2026-09-15T01:25:05.131166458+00:00,2026-09-15T14:54:35.845195532+00:00,first_hour,2929.916827695611,0.407509317213547,0.00013908562637733794,18033.67065936551,1.942104818719224,0.0,0.0,0.0,,2026-09-16T01:44:35.846025944+00:00,0.0,0.0,0.0,0.0,3.637978807091713e-12
0xcb801f51d908dc4e4619b7041cea75b8fb507c2a,9.04761e-13,2026-09-15T09:20:38.651340961+00:00,2026-09-15T09:20:56.825670481+00:00,hours_6_to_18,11233.940139694078,1.3308320938742955,0.00011846530044894263,6522.5342,0.8119832592444893,0.0,0.0,0.0,,2026-09-16T00:22:58.821359158+00:00,6.821210263296962e-13,5.329070518200752e-15,1.1368683772161605e-13,0.0,1.1368683772161605e-13
0x7dcfbaac68e29dec7a3481babab2d57b0bb771cf,8.55775e-13,2026-09-15T02:09:23.356009722+00:00,,hours_1_to_6,0.0,0.0,,5284.518809372603,0.6437375769384772,0.0,0.0,0.0,,2026-09-16T00:22:25.702912569+00:00,0.0,0.0,0.0,0.0,9.094947017729282e-13
0x600b0eee49eaf8d25e27cb25bb880a29dab801c0,6.86405e-13,2026-09-15T02:14:16.307198524+00:00,,hours_1_to_6,0.0,0.0,,2186.717737348263,0.2674604381724525,0.0,0.0,0.0,,2026-09-16T00:18:41.547572851+00:00,0.0,0.0,0.0,0.0,9.094947017729282e-13
0x1ac005e581133718a34de1fcd3c30f083bef8c50,3.71374e-13,2026-09-15T02:21:01.929848671+00:00,2026-09-15T02:21:01.929848909+00:00,hours_1_to_6,5097.577331604975,0.7186954874953747,0.00014098765761520933,4069.156759915274,0.4321163945465185,0.0,0.0,0.0,,2026-09-16T01:47:12.666851282+00:00,0.0,1.7763568394002505e-14,0.0,0.0,4.547473508864641e-13
0x9d51f3ce90ff357f6a6974d44d28ccce3ce262a4,9.4184e-14,2026-09-15T01:20:17.508103608+00:00,,first_hour,0.0,0.0,,485.8973736628246,0.055130885579877,0.0,0.0,0.0,,2026-09-15T22:40:28.767782450+00:00,0.0,1.734723475976807e-18,6.938893903907228e-18,0.0,1.1368683772161605e-13
0x0d5937d7d7805393cbeab126838941a55509d46b,8.9434e-14,2026-09-15T03:30:40.352941275+00:00,,hours_1_to_6,0.0,0.0,,336.97249445671395,0.033881810278944824,336.97249445671395,0.0,1010.9174833701418,8.846815043879723e-17,2026-09-16T02:33:59.202931643+00:00,0.0,0.0,2.842170943040401e-14,0.0,5.684341886080802e-14
0x38e6d89b7d7fddc5590342116bbbd07d8aace600,3.4594e-14,2026-09-15T21:51:29.899698496+00:00,,after_hour_18,0.0,0.0,,1612.2098386576831,0.1893863385514065,0.0,0.0,0.0,,2026-09-15T22:18:04.442636490+00:00,0.0,0.0,0.0,0.0,0.0
0xb05e21d3c98870cc15fee82315ab078039735aea,0.0,2026-09-15T23:55:39.710200071+00:00,,after_hour_18,0.0,0.0,,32.9680223848648,0.0035187267029539,0.0,0.0,0.0,,2026-09-16T00:55:37.552000046+00:00,0.0,0.0,0.0,0.0,0.0
0x01158abb9968d46b0f148831b0416492cd4be805,0.0,2026-09-15T01:03:35.733548403+00:00,2026-09-15T01:03:35.733548403+00:00,first_hour,877.6698967522752,0.01976436,2.251912714921171e-05,877.6698967522752,0.1046305561247734,0.0,0.0,0.0,,2026-09-15T22:08:37.947721243+00:00,0.0,0.0,0.0,0.0,0.0
0xbb310c960f95f2b6b6bd0852fb2acdad109936eb,0.0,2026-09-15T19:29:24.456290007+00:00,,after_hour_18,0.0,0.0,,493.9585299545947,0.0568986395550105,0.0,0.0,0.0,,2026-09-15T22:24:20.606621265+00:00,0.0,0.0,0.0,0.0,0.0
0xafbe9b3a9d32bc7848b7fb83d57a6e09432a413d,0.0,2026-09-15T23:56:00.454400063+00:00,,after_hour_18,0.0,0.0,,2593.2152235176923,0.285349493141815,0.0,0.0,0.0,,2026-09-16T01:40:31.969537497+00:00,0.0,0.0,0.0,0.0,0.0
0xafa7a7bcd846698be2990a78aee7c979880b5d81,0.0,2026-09-15T14:08:09.449126482+00:00,2026-09-15T14:08:09.449126482+00:00,hours_6_to_18,1616.780532158393,0.2512940210443435,0.00015542865345419973,17427.768612365173,1.7806993138955414,0.0,0.0,0.0,,2026-09-16T02:20:18.203918695+00:00,0.0,0.0,0.0,0.0,0.0
0xaee6fc9ae27c90a6b64db74bf84f508e0d298f1d,0.0,2026-09-15T01:22:34.974234581+00:00,2026-09-15T01:22:34.974234581+00:00,first_hour,49.82455535244067,0.00475596,9.545413835322923e-05,49.82455535244067,0.0060694594058684,0.0,0.0,0.0,,2026-09-15T23:14:25.387789249+00:00,0.0,0.0,0.0,0.0,0.0
0xbdedc063f61566c3085dd858a1078df09a26aee0,0.0,2026-09-15T13:06:14.520396471+00:00,2026-09-15T13:06:14.520396471+00:00,hours_6_to_18,95.02872219869461,0.012113467347514797,0.0001274716429648172,35.330480801670085,0.0040749965250527,0.0,0.0,0.0,,2026-09-16T01:35:48.385211945+00:00,0.0,0.0,0.0,0.0,0.0
0xa09f46e3b7165bf38af1ac13d89be34bdf662e7f,0.0,2026-09-15T01:19:07.148220062+00:00,2026-09-15T01:19:07.148220062+00:00,first_hour,3.367494233926656,0.000280665,8.33453542911435e-05,3.367494233926656,0.0003792782094876,0.0,0.0,0.0,,2026-09-16T01:17:42.584300041+00:00,0.0,0.0,0.0,0.0,0.0
0xa00c4ee85797d8eafb5a3b71bd0c1ccc7b30f1bb,0.0,2026-09-15T02:37:00.624921560+00:00,,hours_1_to_6,0.0,0.0,,3726.4088044949926,0.4125446399437335,0.0,0.0,0.0,,2026-09-16T01:12:18.229599953+00:00,0.0,0.0,0.0,0.0,0.0
0xae5f5ba3afbc4b2472f3e99f5e253b396fc80f1a,0.0,2026-09-15T23:49:57.279544353+00:00,,after_hour_18,0.0,0.0,,519.0151011516957,0.052430876729203144,519.0151011516957,0.0,1557.0453034550872,,2026-09-16T02:27:00.981122732+00:00,0.0,0.0,0.0,0.0,0.0
0xad8c7a19bc29ba104cedab894c01d1722ce185e8,0.0,2026-09-15T01:54:54.508370876+00:00,2026-09-15T01:54:54.508370876+00:00,first_hour,569.2257467206995,0.0893160562434348,0.00015690796974308205,469.6106718188304,0.0539399708628558,0.0,0.0,0.0,,2026-09-15T22:30:27.885345697+00:00,0.0,0.0,0.0,0.0,0.0
0xac5e433869eeae2170d6020f7728454f9cfea7c3,0.0,2026-09-15T09:42:57.777378082+00:00,2026-09-15T09:42:57.777378082+00:00,hours_6_to_18,539.364638064331,0.0904375534536745,0.00016767423570487736,859.8839585139891,0.1007312429258642,0.0,0.0,0.0,,2026-09-15T22:21:24.869412899+00:00,0.0,0.0,0.0,0.0,0.0
0xac0dc208a5dee6e46ab26a4bed0c0881b6dca78e,0.0,2026-09-15T05:59:59.814284086+00:00,2026-09-15T06:22:43.786802053+00:00,hours_1_to_6,1325.9020542005217,0.2338334272648253,0.00017635799456229044,1356.668363937719,0.1694310249938301,0.0,0.0,0.0,,2026-09-15T21:17:21.750085831+00:00,0.0,0.0,0.0,0.0,0.0
0xab485325288184530b16773a958feb2d56f378ed,0.0,2026-09-15T05:05:51.528875351+00:00,,hours_1_to_6,0.0,0.0,,1260.722149365998,0.1563655089664484,0.0,0.0,0.0,,2026-09-15T21:24:26.475306511+00:00,0.0,0.0,0.0,0.0,0.0
0xaa36809ab63025d40fecd6fd0031e63628e8f772,0.0,2026-09-16T01:07:44.124200106+00:00,,after_hour_18,0.0,0.0,,2055.2698218145,0.2269526474315503,0.0,0.0,0.0,,2026-09-16T01:11:57.384700060+00:00,0.0,0.0,0.0,0.0,0.0
0xa9df22a4574583057e28131dc73e66c68f5dfb1d,0.0,2026-09-15T01:02:05.975483894+00:00,2026-09-15T01:02:05.975483894+00:00,first_hour,11192.013804167893,0.27223946023848195,2.4324439283402266e-05,11192.013804167893,1.2415840208991102,0.0,0.0,0.0,,2026-09-16T01:12:33.636699915+00:00,0.0,0.0,0.0,0.0,0.0
0xa9a6b03c59bf388a2005afadcfa48ffebf587cdb,0.0,2026-09-15T01:48:35.734264374+00:00,2026-09-15T01:54:00.615301609+00:00,first_hour,2535.2095482766135,0.43865880251044637,0.00017302664500007037,2932.529448754859,0.32308731206484353,0.0,0.0,0.0,,2026-09-16T01:40:31.969537497+00:00,0.0,0.0,0.0,0.0,0.0
0xa97a91ed70b8bc8fd202d5e4704ade94e0acb8e0,0.0,2026-09-15T01:05:14.843441486+00:00,2026-09-15T01:05:14.843441486+00:00,first_hour,2192.898610738098,0.22342815,0.00010188713190200678,535.7086828318648,0.0646566239317503,0.0,0.0,0.0,,2026-09-15T22:03:48.705094099+00:00,0.0,0.0,0.0,0.0,0.0
0xa9076b5ba0aa393915cc4143653e7a01b96b5e12,0.0,2026-09-15T01:03:43.529677391+00:00,2026-09-15T01:03:43.529677391+00:00,first_hour,65577.62246861753,4.4877096,6.843355143208513e-05,31182.241901200945,3.153615958408285,31182.241901200945,0.0,93546.72570360283,,2026-09-16T02:26:09.332642078+00:00,0.0,0.0,0.0,0.0,0.0
0xa82f4ba49b5e61ba8c1c3a1fababaa459761e324,0.0,2026-09-15T18:52:58.190155745+00:00,,hours_6_to_18,0.0,0.0,,6811.155552672537,0.7530478780446779,0.0,0.0,0.0,,2026-09-16T00:42:41.612407207+00:00,0.0,0.0,0.0,0.0,0.0
0xb6d9daabd5dbb55a3e946b5a49a04488cad945a3,0.0,2026-09-15T05:36:13.120779037+00:00,2026-09-15T05:36:13.120779037+00:00,hours_1_to_6,281.3241320144705,0.037259405940594,0.00013244297840285342,96.52956476025136,0.0115870826896996,0.0,0.0,0.0,,2026-09-15T22:05:43.316353798+00:00,0.0,0.0,0.0,0.0,0.0
0xadae6f8b6c6bbd88c428d7e9bdddfdc1b11fdf8e,0.0,2026-09-15T19:44:46.743545532+00:00,2026-09-15T19:44:46.743545532+00:00,after_hour_18,896.1384404998635,0.11072724001199,0.00012356041768527045,896.1384404998635,0.1075115332778386,0.0,0.0,0.0,,2026-09-15T23:01:53.335410833+00:00,0.0,0.0,0.0,0.0,0.0
0xc66cf03579ace4c4e2ace0897fb4c1818352c216,0.0,2026-09-15T01:54:53.487668753+00:00,2026-09-15T01:54:53.487668753+00:00,first_hour,491.2463634904356,0.0764364594057014,0.00015559699793521136,173.08694791421698,0.018229241949795513,0.0,0.0,0.0,,2026-09-16T02:01:33.834791660+00:00,0.0,0.0,0.0,0.0,0.0
0xc595e2bd44a38731145803ef49457c0402c2da83,0.0,2026-09-15T01:10:07.660130739+00:00,,first_hour,0.0,0.0,,1063.729816469517,0.1300923331624129,0.0,0.0,0.0,,2026-09-16T00:18:43.264077663+00:00,0.0,0.0,0.0,0.0,0.0
0xc5639b1e83a610c0c8098e8b65649108e446b332,0.0,2026-09-15T01:12:54.810223103+00:00,2026-09-15T01:12:54.810223103+00:00,first_hour,232.3145051430611,0.0173844,7.483131537264343e-05,232.3145051430611,0.023686509210878875,0.0,0.0,0.0,,2026-09-16T02:20:34.118128300+00:00,0.0,0.0,0.0,0.0,0.0
0xc5403e14799018dff883968c05791e7ca0c53681,0.0,2026-09-15T02:21:26.350297928+00:00,2026-09-15T02:21:26.350297928+00:00,hours_1_to_6,13261.106371007454,1.96,0.00014780063934070515,13261.106371007454,1.3067574724169164,13261.106371007454,0.0,39783.319113022364,,2026-09-16T02:38:49.562030792+00:00,0.0,0.0,0.0,0.0,0.0
0xc4ff0d92538eb133174cac869190b50ee0a9599c,0.0,2026-09-15T01:54:11.945094585+00:00,2026-09-15T01:54:11.945094585+00:00,first_hour,49244.47315709268,7.8751376177792105,0.00015991921758726246,29430.908780126665,3.4838898324047944,0.0,0.0,0.0,,2026-09-15T22:41:43.387029171+00:00,0.0,0.0,0.0,0.0,0.0
0xba82abd865ac471edf8790a5e9269e00deee9eae,0.0,2026-09-15T07:29:49.072396755+00:00,,hours_6_to_18,0.0,0.0,,570.6241182916224,0.0654398580540969,0.0,0.0,0.0,,2026-09-15T22:31:45.102835178+00:00,0.0,0.0,0.0,0.0,0.0
0xba185949348bd2e8ccaaa1402ae81ffb88d40919,0.0,2026-09-15T01:11:05+00:00,2026-09-15T01:11:05+00:00,first_hour,125311.87731244876,8.729325,6.96607950277097e-05,62188.52535384895,7.887935895084107,0.0,0.0,0.0,,2026-09-15T23:47:45.471286297+00:00,0.0,0.0,0.0,0.0,0.0
0xb9012a7a62aea07e345e173d10bea681b160864b,0.0,2026-09-15T01:22:17.485939980+00:00,2026-09-15T01:22:17.485939980+00:00,first_hour,1761.1940717220175,0.17202339,9.767429538971997e-05,657.9013513929589,0.07011129404144671,0.0,0.0,0.0,,2026-09-16T01:48:01.001426697+00:00,0.0,0.0,0.0,0.0,0.0
0xb8fc95e3229d489ffb51b54fcc19c64a770c9fa9,0.0,2026-09-15T03:18:27.594320536+00:00,2026-09-15T03:18:27.594320297+00:00,hours_1_to_6,413.18024002248353,0.058212,0.00014088766683719518,256.3012769817501,0.0313409477565725,0.0,0.0,0.0,,2026-09-16T00:18:47.908737898+00:00,0.0,0.0,0.0,0.0,0.0
0xb8e1c263c06f3b0b32390447b58fe2ec2c4d025e,0.0,2026-09-15T02:14:02.729023457+00:00,,hours_1_to_6,0.0,0.0,,657.2161573726368,0.06607982881878442,657.2161573726368,0.0,1971.6484721179104,,2026-09-16T02:34:21.352377653+00:00,0.0,0.0,0.0,0.0,0.0
0xb85f0e5f8b72cf5c81d82f7fc6c35703f5d229ad,0.0,2026-09-15T01:03:24.859999895+00:00,2026-09-15T01:03:24.859999895+00:00,first_hour,580.1527334883846,0.05297193000000001,9.130686962635949e-05,88.85979642113045,0.009223807586953256,0.0,0.0,0.0,,2026-09-16T02:12:24.806543589+00:00,0.0,0.0,0.0,0.0,0.0
0xb772e7e643c5041b4e23c42c4ae4cbcfc4449717,0.0,2026-09-15T01:01:53.092491865+00:00,2026-09-15T01:01:53.092492104+00:00,first_hour,131285.35482481506,2.7151971390000003,2.0681645280413135e-05,12760.611447269866,1.573730217231922,0.0,0.0,0.0,,2026-09-15T23:23:03.202899933+00:00,0.0,0.0,0.0,0.0,0.0
0xc12511bcd405805301b8da8f321e7d8283575336,0.0,2026-09-15T23:55:54.513100146+00:00,,after_hour_18,0.0,0.0,,1746.6598556947804,0.1915911685046023,0.0,0.0,0.0,,2026-09-16T01:42:03.649404287+00:00,0.0,0.0,0.0,0.0,0.0
0xc3c570056e06370b9b4022c98174226d576570a5,0.0,2026-09-15T09:44:30.367888451+00:00,2026-09-15T09:44:30.367888451+00:00,hours_6_to_18,22898.72314243142,3.902083386053144,0.00017040615591454392,15456.63812114121,1.7961324918471364,0.0,0.0,0.0,,2026-09-16T01:09:49.092900038+00:00,0.0,0.0,0.0,0.0,0.0
0xc37bdacda6a2b853e4bdc01332aa656af4ec02e6,0.0,2026-09-15T05:58:02.630486250+00:00,2026-09-15T05:58:02.630486250+00:00,hours_1_to_6,1350.620238174623,0.203615146911621,0.0001507567717086847,536.2874938204583,0.0588532630446344,0.0,0.0,0.0,,2026-09-16T00:45:04.931600094+00:00,0.0,0.0,0.0,0.0,0.0
0xc2efeef229bf820292bd373a99d7640366ee2988,0.0,2026-09-15T22:31:17.483901978+00:00,,after_hour_18,0.0,0.0,,1902.5844367238424,0.2249498765318379,0.0,0.0,0.0,,2026-09-16T00:37:08.217734814+00:00,0.0,0.0,0.0,0.0,0.0
0xc2cfe8bdacd50943258a326e498b202ce0f4bb45,0.0,2026-09-15T01:08:19.310877085+00:00,2026-09-15T01:08:19.310877085+00:00,first_hour,4088.179771367122,0.2036864212179287,4.982325450669069e-05,4114.460130923278,0.4996051329004488,0.0,0.0,0.0,,2026-09-16T00:28:01.517697811+00:00,0.0,0.0,0.0,0.0,0.0
0xc15add28fa8cba4a09ec79f745e471b8528fca2a,0.0,2026-09-15T03:48:50.811367512+00:00,2026-09-15T18:04:30.530722380+00:00,hours_1_to_6,2299.8416629725,0.2923210802155156,0.0001271048720100567,5066.961412706272,0.5183779881582614,0.0,0.0,0.0,,2026-09-16T02:18:17.840117931+00:00,0.0,0.0,0.0,0.0,0.0
0xc151a66574ef8af5d301b3b2956566812d2b9719,0.0,2026-09-15T06:00:41.854225397+00:00,2026-09-15T06:25:43.482233524+00:00,hours_1_to_6,1072.8967072175367,0.1958325857237332,0.00018252697058937555,431.4230704517499,0.0504660458967373,0.0,0.0,0.0,,2026-09-15T22:22:57.343151093+00:00,0.0,0.0,0.0,0.0,0.0
0xc0fdfeb9c4bf4c95c90063757b2bd3e5ecbd3698,0.0,2026-09-15T01:18:27.087823868+00:00,2026-09-15T01:18:27.087824106+00:00,first_hour,206343.22691253998,23.033637,0.00011162778320687486,53291.68865165327,5.880759393909583,0.0,0.0,0.0,,2026-09-16T00:42:45.821315050+00:00,0.0,0.0,0.0,0.0,0.0
0xb6b4f962540fefeaf5eede4f3edc40c1836614e2,0.0,2026-09-15T02:28:21.300940514+00:00,2026-09-15T02:28:21.300940514+00:00,hours_1_to_6,3244.791299736304,0.4850999999999999,0.000149501140501524,3244.791299736304,0.3671673436022556,0.0,0.0,0.0,,2026-09-16T01:32:00.039999962+00:00,0.0,0.0,0.0,0.0,0.0
0xb56c0e3743f4800d5b1a3df3de280a8250c213af,0.0,2026-09-15T01:25:20.453279257+00:00,2026-09-15T01:42:16.850299835+00:00,first_hour,1553.6500296414433,0.1940004,0.0001248675031691481,1292.780695927886,0.1483884607348854,0.0,0.0,0.0,,2026-09-15T22:27:09.688899755+00:00,0.0,0.0,0.0,0.0,0.0
0xb4196f47be3490eaa1049ec26ff8e3c9fa0c32b7,0.0,2026-09-15T01:04:59.332203150+00:00,2026-09-15T01:04:59.332203388+00:00,first_hour,330.85059565623163,0.0314844749999999,9.516221343821808e-05,395.3187680183276,0.0458194406160918,0.0,0.0,0.0,,2026-09-15T22:23:18.752832174+00:00,0.0,0.0,0.0,0.0,0.0
0xb3a267eedfaef313f3d4d85c092a3677f5fa3936,0.0,2026-09-15T01:00:46.560391665+00:00,2026-09-15T01:00:46.560391665+00:00,first_hour,1369.6837020940477,0.0143153999999999,1.0451610089332107e-05,1369.6837020940477,0.1698865924605904,0.0,0.0,0.0,,2026-09-16T00:16:03.528155088+00:00,0.0,0.0,0.0,0.0,0.0
0xb14c56182cefaf3b78d984d08de3a68334fbb5bc,0.0,2026-09-15T04:04:46.676095963+00:00,2026-09-15T04:04:46.676095963+00:00,hours_1_to_6,1128.638132608644,0.164934,0.0001461354133222353,1128.6381326086437,0.1356393886986102,0.0,0.0,0.0,,2026-09-15T23:02:45.528853892+00:00,0.0,0.0,0.0,0.0,0.0
0xb7604e92d0c92c7373d3f96666bba8807084b56e,0.0,2026-09-15T01:53:56.838703871+00:00,2026-09-15T01:53:56.838704109+00:00,first_hour,14684.940198790828,2.174739871981247,0.00014809320586544282,26695.692565833353,2.861470628341836,0.0,0.0,0.0,,2026-09-16T01:45:53.854334116+00:00,0.0,0.0,0.0,0.0,0.0
0xa1b460590b144b817a475250d1491b4bc4d51a05,0.0,2026-09-15T10:51:45.484454393+00:00,2026-09-15T10:51:45.484454393+00:00,hours_6_to_18,103309.44008954776,18.13,0.00017549219107455298,103309.44008954776,10.927551562436738,0.0,0.0,0.0,,2026-09-16T00:58:45.099200010+00:00,0.0,0.0,0.0,0.0,0.0
0xa101f4c5d1d258b1782f5012139a136e7474a955,0.0,2026-09-15T01:20:09.068984509+00:00,2026-09-15T01:24:35.610563040+00:00,first_hour,2637.941557237645,0.2539086491219455,9.625256800147963e-05,878.4646759076933,0.1084092564685849,0.0,0.0,0.0,,2026-09-15T21:25:17.982124329+00:00,0.0,0.0,0.0,0.0,0.0
0x94e4a5ea172f20f4268794ad513fc66b1b949cc3,0.0,2026-09-15T02:24:41.949686527+00:00,,hours_1_to_6,0.0,0.0,,404.03019698969626,0.0427657839875524,0.0,0.0,0.0,,2026-09-16T01:01:37.486000061+00:00,0.0,0.0,0.0,0.0,0.0
0x94949bac02738d56e3ba37b2cb842d8a660454c0,0.0,2026-09-16T01:21:27.894999981+00:00,,after_hour_18,0.0,0.0,,17.397564340385944,0.001770223786250667,0.0,0.0,0.0,,2026-09-16T02:24:23.216660738+00:00,0.0,0.0,0.0,0.0,0.0
0x9489422a2babe681e25fed33c710f89f52f067ad,0.0,2026-09-15T06:36:17.666027308+00:00,2026-09-15T06:36:17.666027308+00:00,hours_1_to_6,81169.79451180133,15.61728,0.0001924026060917204,36274.78116732402,4.480923819004622,0.0,0.0,0.0,,2026-09-15T23:20:39.503999949+00:00,0.0,0.0,0.0,0.0,0.0
0x93b59976cbf5668665a1e44b1b695bdb4fb0b00d,0.0,2026-09-15T18:16:43.205128193+00:00,2026-09-15T18:16:43.205128193+00:00,hours_6_to_18,915.4302505994402,0.1315125757733318,0.0001436620383554236,1557.8022701474583,0.179025115408314,0.0,0.0,0.0,,2026-09-16T00:39:52.544235945+00:00,0.0,0.0,0.0,0.0,0.0
0x93a692fe5477902c3cf5f6997c1cf59a3712ced4,0.0,2026-09-15T01:29:29.910839558+00:00,2026-09-15T01:37:43.059718847+00:00,first_hour,2520.154422701736,0.244675,9.70873045698905e-05,2000.670573710888,0.2270399531881957,0.0,0.0,0.0,,2026-09-15T22:39:38.651882887+00:00,0.0,0.0,0.0,0.0,0.0
0xa007ccf234d7e5306615035bba0d32b0f5d25bde,0.0,2026-09-15T01:48:51.762019873+00:00,2026-09-15T01:48:51.762020111+00:00,first_hour,5984.483748636681,0.8660134084912763,0.00014470979367076764,5984.483748636681,0.6710921781024469,0.0,0.0,0.0,,2026-09-16T01:11:44.998600006+00:00,0.0,0.0,0.0,0.0,0.0
0x9ff195ea970f3f59c827198e33e25de764399835,0.0,2026-09-15T01:46:45.467365026+00:00,2026-09-15T01:46:45.467365026+00:00,first_hour,11337.196935321012,1.518825,0.00013396829998322637,11337.196935321012,1.117895808723241,11337.196935321012,0.0,34011.59080596303,,2026-09-16T02:38:14.827672482+00:00,0.0,0.0,0.0,0.0,0.0
0x9fc9a4f84bbf073d91fe6b9be6623f4ca0b221c9,0.0,2026-09-15T01:22:23.586507797+00:00,2026-09-15T01:22:23.586507797+00:00,first_hour,8148.629403115859,0.766557,9.407189382141803e-05,8148.6294031158595,0.8652674173866794,0.0,0.0,0.0,,2026-09-16T01:48:57.003328800+00:00,0.0,0.0,0.0,0.0,0.0
0x9f8d29fe6a21fb1b0d690a9a3cfb817e37f24885,0.0,2026-09-15T01:02:19.721290350+00:00,2026-09-15T01:02:19.721290350+00:00,first_hour,1051.9021039923105,0.0168993,1.606546838898949e-05,131.4877629990388,0.0154522529534426,0.0,0.0,0.0,,2026-09-15T22:59:42.010675907+00:00,0.0,0.0,0.0,0.0,0.0
0x9eebb18e285eada13f1b991a9feae686f1895e59,0.0,2026-09-15T23:20:10.905200243+00:00,,after_hour_18,0.0,0.0,,2662.7125724215034,0.2824581776196784,0.0,0.0,0.0,,2026-09-16T00:56:34.478800058+00:00,0.0,0.0,0.0,0.0,0.0
0x9d7170f5a87cd8eddb352414879ae999184e896b,0.0,2026-09-15T06:19:02.568527937+00:00,2026-09-15T06:19:02.568527937+00:00,hours_1_to_6,56.111594432450005,0.0097229432196952,0.00017327868363106622,56.111594432450005,0.0068328883176587,0.0,0.0,0.0,,2026-09-15T21:53:44.954093695+00:00,0.0,0.0,0.0,0.0,0.0
0x15f578d55bcb1f200222a8e0970bc7f642f70ffc,0.0,2026-09-15T06:54:38.233502626+00:00,,hours_1_to_6,0.0,0.0,,25350.826524835593,2.599229884113163,0.0,0.0,0.0,,2026-09-16T02:17:14.989062309+00:00,0.0,0.0,0.0,0.0,0.0
0x9d4a93e569769e549be5bb27ba3c77c45ac30531,0.0,2026-09-15T01:09:49.636491299+00:00,2026-09-15T01:09:49.636491299+00:00,first_hour,2028.5985309041578,0.120145113,5.922567288188395e-05,1042.948310620789,0.1225618882328059,0.0,0.0,0.0,,2026-09-15T22:17:30.569103956+00:00,0.0,0.0,0.0,0.0,0.0
0x9c8ff2cb10eb8306c98765ae3f9b2e8a4c6233ee,0.0,2026-09-15T01:05:09+00:00,2026-09-15T01:05:09+00:00,first_hour,546757.6855812003,19.34658,3.5384193967817196e-05,204204.30106266768,25.124397971638867,0.0,0.0,0.0,,2026-09-16T00:37:14.048288107+00:00,0.0,0.0,0.0,0.0,0.0
0x8e8b1ba245ef5072a2ac51401ef0beacb7dec85e,0.0,2026-09-15T01:40:47.277464390+00:00,2026-09-15T01:40:47.277464390+00:00,first_hour,1863.1639620224018,0.25014643938625303,0.00013425895116322853,383.87884889136535,0.046482174559241,0.0,0.0,0.0,,2026-09-15T21:58:22.811906576+00:00,0.0,0.0,0.0,0.0,0.0
0x8d867c57520dd10558231354495c804f38317485,0.0,2026-09-15T20:48:25.504640818+00:00,2026-09-15T20:48:25.504640818+00:00,after_hour_18,3030.64734978849,0.38808,0.00012805185005344954,2796.3405777115036,0.29166939135001596,0.0,0.0,0.0,,2026-09-16T02:10:27.464428425+00:00,0.0,0.0,0.0,0.0,0.0
0x8d29f723789c78b844d9531c8a2fbae1a906c1ef,0.0,2026-09-15T02:23:31.624746561+00:00,2026-09-15T02:23:31.624746561+00:00,hours_1_to_6,375.5085477739512,0.058212,0.00015502177072955072,375.50854777395114,0.03575993614707029,375.50854777395114,0.0,1126.5256433218533,,2026-09-16T02:41:12.627315044+00:00,0.0,0.0,0.0,0.0,0.0
0x8d1356eaaf3d5266ade221def12d2125bdaae5fd,0.0,2026-09-15T01:01:55.126224041+00:00,2026-09-15T01:01:55.126224041+00:00,first_hour,2313.1180664630256,0.0288684,1.2480296798745985e-05,2313.1180664630256,0.23365535905484758,2313.1180664630256,0.0,6939.354199389077,,2026-09-16T02:29:51.028459072+00:00,0.0,0.0,0.0,0.0,0.0
0x8ccbeb5087b50dc8bf06ce5ec518b64910e5ab5b,0.0,2026-09-15T02:00:57.265886544+00:00,2026-09-15T02:00:57.265886307+00:00,hours_1_to_6,72.89995382969394,0.0116733597653024,0.00016012849325766726,72.89995382969394,0.009282462717198,0.0,0.0,0.0,,2026-09-16T00:12:44.943820238+00:00,0.0,0.0,0.0,0.0,0.0
0x8c855e11881791823c2ca99c1eaf8855e3dfb42c,0.0,2026-09-15T17:42:22.252239943+00:00,2026-09-15T17:42:22.252239943+00:00,hours_6_to_18,16.38571940261981,0.0020290960957288,0.00012383320169661764,9.718145179732996,0.0011081175999746841,3.4373460798375297,0.0,10.312038239512589,,2026-09-16T02:37:54.490453959+00:00,0.0,0.0,0.0,0.0,0.0
0x98f96f178f1896dbcb2ce4b0d33533edd5bef4ce,0.0,2026-09-15T01:56:31.066786766+00:00,,first_hour,0.0,0.0,,1996.2671349563489,0.2339674540431928,0.0,0.0,0.0,,2026-09-15T22:20:25.565602303+00:00,0.0,0.0,0.0,0.0,0.0
0x98dbcefa188211be1808ae16853b0874c74beed8,0.0,2026-09-15T03:53:36.474507570+00:00,2026-09-15T03:53:36.474507570+00:00,hours_1_to_6,1337.5458718629031,0.1946808438521259,0.00014555077919008408,601.8949735653705,0.060743432075900994,601.8949735653705,0.0,1805.6849206961115,,2026-09-16T02:31:32.714551210+00:00,0.0,0.0,0.0,0.0,0.0
0x98ab8cf3a98d5cffdf3d9a2cfa48660095566913,0.0,2026-09-15T03:58:28.729094028+00:00,2026-09-15T03:58:28.729094028+00:00,hours_1_to_6,18208.936011601527,2.5931719011175893,0.00014241204974664045,16208.936011601529,1.763883515079017,0.0,0.0,0.0,,2026-09-16T01:43:42.868734360+00:00,0.0,0.0,0.0,0.0,0.0
0x98153cf43e104ed590078840c12628d4289bf3df,0.0,2026-09-16T01:06:36.151700020+00:00,2026-09-16T01:06:36.151700020+00:00,after_hour_18,23430.46117108317,2.71656,0.00011594137990560156,23430.461171083167,2.604893646758108,0.0,0.0,0.0,,2026-09-16T01:11:49.227999926+00:00,0.0,0.0,0.0,0.0,0.0
0x97af0c4597ab98853a8545e7eb0ec5211316621e,0.0,2026-09-15T09:38:04.928266287+00:00,2026-09-15T09:38:04.928266287+00:00,hours_6_to_18,247.5360251998891,0.0394999148777251,0.00015957238889098392,570.6118157122554,0.0654360315140201,0.0,0.0,0.0,,2026-09-15T22:31:54.844786167+00:00,0.0,0.0,0.0,0.0,0.0
0x9d5f06ec0756bb9570212e060ecb77da40f11b24,0.0,2026-09-15T01:55:58.404320478+00:00,2026-09-15T01:55:58.404320478+00:00,first_hour,40178.414983834846,6.195522171500457,0.0001542002633501876,42164.77814018934,4.644410169008872,0.0,0.0,0.0,,2026-09-16T00:44:35.485561609+00:00,0.0,0.0,0.0,0.0,0.0
0x0b3d2fde374357ddd27de3b48900a22438932ee1,0.0,2026-09-16T01:12:25.983500004+00:00,2026-09-16T01:12:25.983500004+00:00,after_hour_18,17.12354594119271,0.0019404,0.00011331765083376444,17.12354594119271,0.0019012946151064,0.0,0.0,0.0,,2026-09-16T01:14:31.657099962+00:00,0.0,0.0,0.0,0.0,0.0
0x09a71d6a42da1c135c6f54eea7900d923d909aa8,0.0,2026-09-15T01:15:53.963568449+00:00,2026-09-15T01:15:53.963568449+00:00,first_hour,18641.6375807893,1.7758280845898902,9.526137802506836e-05,7800.705343769086,0.8937936462043977,0.0,0.0,0.0,,2026-09-15T22:36:30.130225897+00:00,0.0,0.0,0.0,0.0,0.0
0xc7a226701dc89e56dbedb048a1ca354c6f8795ee,0.0,2026-09-15T05:17:46.014084578+00:00,,hours_1_to_6,0.0,0.0,,21115.704230351574,2.2271258209251132,0.0,0.0,0.0,,2026-09-16T01:54:21.532337904+00:00,0.0,0.0,0.0,0.0,0.0
0x15470ac9dd7502323ba5cad584ff2aa0db6ba748,0.0,2026-09-15T01:01:59.102580547+00:00,2026-09-15T01:01:59.102580309+00:00,first_hour,19207.44052216629,1.349856402090979,7.027778638872686e-05,6947.239468886863,0.7327751275432726,0.0,0.0,0.0,,2026-09-16T01:55:22.771827936+00:00,0.0,0.0,0.0,0.0,0.0
0x153b93374f4e8edb54ba0569e6ea6b46e5e46a5d,0.0,2026-09-15T01:03:22.295483828+00:00,2026-09-15T01:03:22.295483828+00:00,first_hour,146191.35159549923,15.442427802605481,0.00010563160976398623,155254.0767007064,14.99905963797892,155254.0767007064,0.0,465762.23010211927,,2026-09-16T02:40:25.006006479+00:00,0.0,0.0,0.0,0.0,0.0
0x1504f42d4d3ce2abfe1405c403db3bd6e13f5e02,0.0,2026-09-15T01:04:30.819354773+00:00,2026-09-15T01:04:30.819354773+00:00,first_hour,3983.5959003852427,0.5118943499999998,0.00012850057154404037,4614.938634526615,0.5770917543808598,0.0,0.0,0.0,,2026-09-15T21:13:50.477649689+00:00,0.0,0.0,0.0,0.0,0.0
0x14b33822c8bc5689e4130b0d3fca676674fb6718,0.0,2026-09-15T02:21:53+00:00,2026-09-15T02:21:53+00:00,hours_1_to_6,988797.5418197432,139.7088,0.000141291613390225,988797.5418197432,114.50991916883511,0.0,0.0,0.0,,2026-09-16T01:32:11.296000004+00:00,0.0,0.0,0.0,0.0,0.0
0x1482552c252240096d6bce6f45b6fbf61217c6df,0.0,2026-09-15T01:26:38.902224064+00:00,2026-09-15T01:27:43.325385809+00:00,first_hour,9143.22927721824,0.7672965045961816,8.391963947661453e-05,6637.849903944479,0.7003950516660731,0.0,0.0,0.0,,2026-09-16T01:54:54.367985487+00:00,0.0,0.0,0.0,0.0,0.0
0x147072f7d75d7e055e1c666a854fa5a07817daed,0.0,2026-09-15T02:11:01.348922253+00:00,2026-09-15T02:11:01.348922491+00:00,hours_1_to_6,31.330053656017984,0.0049,0.0001563993491297067,31.330053656017984,0.0036735627895848,0.0,0.0,0.0,,2026-09-15T22:19:24.553037882+00:00,0.0,0.0,0.0,0.0,0.0
0x1387078be4d40daeaad1c4bce8200afcae93b835,0.0,2026-09-15T23:57:36.824300051+00:00,,after_hour_18,0.0,0.0,,16705.530572281015,1.7080707132615658,0.0,0.0,0.0,,2026-09-16T02:18:17.840117931+00:00,0.0,0.0,0.0,0.0,0.0
0x137ebadabab9d5a6d1b7594759ecf1970bfc2c01,0.0,2026-09-15T10:25:25.559837580+00:00,,hours_6_to_18,0.0,0.0,,10031.527435253776,1.0189330057529753,0.0,0.0,0.0,,2026-09-16T02:25:25.939864159+00:00,0.0,0.0,0.0,0.0,0.0
0x135413bb6883d648c4faf261e7d3a9e6ede740a1,0.0,2026-09-15T01:26:11.118398190+00:00,2026-09-15T01:54:44.199280024+00:00,first_hour,11709.83268431295,1.8263291336609901,0.0001559654337425015,15127.780288179303,1.7896139348276523,0.0,0.0,0.0,,2026-09-16T00:36:37.858647823+00:00,0.0,0.0,0.0,0.0,0.0
0x12a8ced406cc8ae3cff19e6ae2fa6f88bd840332,0.0,2026-09-15T01:48:38.473184824+00:00,2026-09-15T01:48:38.473184824+00:00,first_hour,923.1859581853056,0.1322601578794383,0.000143264915055056,152.53463034897484,0.0173263939988946,0.0,0.0,0.0,,2026-09-15T22:38:45.611715555+00:00,0.0,0.0,0.0,0.0,0.0
0xa1ba5d056ace124a787b0aa7146c8fd0258ccc37,0.0,2026-09-15T01:04:46.722033978+00:00,2026-09-15T01:04:46.722033978+00:00,first_hour,98200.8445773539,6.899805000000001,7.026217574498504e-05,7091.171971521534,0.8115848910471101,0.0,0.0,0.0,,2026-09-15T22:36:23.401249409+00:00,0.0,0.0,0.0,0.0,0.0
0x11e1fdcfb680ed1e71ad336adac324d37202263c,0.0,2026-09-15T02:30:32.222100258+00:00,,hours_1_to_6,0.0,0.0,,31731.02385888044,3.484033408880186,0.0,0.0,0.0,,2026-09-16T01:41:31.782608747+00:00,0.0,0.0,0.0,0.0,0.0
0x11bc74e240c13f7067529b21dfb9933ff7fcb136,0.0,2026-09-15T01:41:41.447220087+00:00,2026-09-15T01:41:41.447220087+00:00,first_hour,276330.81778110313,36.191994443316325,0.00013097342791489148,59953.1391972115,6.797823803490324,0.0,0.0,0.0,,2026-09-16T01:31:44.060499907+00:00,0.0,0.0,0.0,0.0,0.0
0x9c590a19326575509977353192005628d2ea5ffc,0.0,2026-09-15T22:01:46.553619385+00:00,,after_hour_18,0.0,0.0,,1379.8444298512513,0.14101651550489058,0.0,0.0,0.0,,2026-09-16T02:18:42.013600826+00:00,0.0,0.0,0.0,0.0,0.0
0x9b8916c133c1c5ab2f358a26cbd9fc581d2b26e5,0.0,2026-09-15T01:02:31.620645046+00:00,2026-09-15T01:02:31.620645046+00:00,first_hour,4331.010773548287,0.33234464999999996,7.673604785972823e-05,4331.010773548286,0.445420437601598,0.0,0.0,0.0,,2026-09-16T02:15:51.187654495+00:00,0.0,0.0,0.0,0.0,0.0
0x9ad301e74733ad7abe541e40936a1f4630e04d84,0.0,2026-09-15T02:27:34.753448248+00:00,2026-09-15T23:31:15.122400045+00:00,hours_1_to_6,27879.519357648915,3.514245080643293,0.00012605113580192116,3782.137092426736,0.4182014081325539,0.0,0.0,0.0,,2026-09-16T00:41:36.474549294+00:00,0.0,0.0,0.0,0.0,0.0
0x9a89cc324321151241235220850d3d8fb5c1117c,0.0,2026-09-15T02:37:26.991692781+00:00,2026-09-15T03:37:46.174170017+00:00,hours_1_to_6,3415.104923588101,0.3892003425848869,0.00011396438800362571,4450.261055051406,0.44911005848250607,4450.261055051406,0.0,13350.783165154218,,2026-09-16T02:27:29.674722910+00:00,0.0,0.0,0.0,0.0,0.0
0xa78463464b6edabaa2d49310520d57a7d71d6589,0.0,2026-09-16T01:30:43.860999823+00:00,,after_hour_18,0.0,0.0,,97.26636314440582,0.0107400810400075,0.0,0.0,0.0,,2026-09-16T01:33:56.720499992+00:00,0.0,0.0,0.0,0.0,0.0
0xa750477ae87082726cab101cb94478869c2bb621,0.0,2026-09-15T01:02:31.620645046+00:00,2026-09-15T01:02:31.620645046+00:00,first_hour,4331.0094145063895,0.33234464999999996,7.673607193898877e-05,4331.0094145063895,0.44552399860039954,0.0,0.0,0.0,,2026-09-16T02:15:51.187654495+00:00,0.0,0.0,0.0,0.0,0.0
0xa661070247f053b6c41945ba258de1f33b53eaa5,0.0,2026-09-15T17:08:32.131274939+00:00,,hours_6_to_18,0.0,0.0,,43133.95016008028,4.488028445851198,0.0,0.0,0.0,,2026-09-16T02:02:08.181282043+00:00,0.0,0.0,0.0,0.0,0.0
0xa5baaa52358a8ab92417b5bb81a6c06999aab7e2,0.0,2026-09-15T02:03:17.608227730+00:00,2026-09-15T02:03:17.608227968+00:00,hours_1_to_6,392.6319630813307,0.0676791518507005,0.00017237300631248222,392.6319630813307,0.0460390978249643,0.0,0.0,0.0,,2026-09-15T22:18:41.834191561+00:00,0.0,0.0,0.0,0.0,0.0
0xa3c534bc278cba31e185824dbd9d6b5016e6b4d4,0.0,2026-09-15T01:19:30.940434933+00:00,2026-09-15T01:49:36.802041292+00:00,first_hour,131.07100747058433,0.0180789304989722,0.00013793233795833583,734.5243321738025,0.0897140685924525,0.0,0.0,0.0,,2026-09-15T21:43:31.597766638+00:00,0.0,0.0,0.0,0.0,0.0
0xa335fd7f2700898757ec4e763d5f46ac83cf4161,0.0,2026-09-15T01:03:51.120645046+00:00,2026-09-15T01:03:51.120645046+00:00,first_hour,57656.456444139265,1.85922,3.22465186843613e-05,57656.45644413926,6.731500400316506,0.0,0.0,0.0,,2026-09-15T22:23:09.203913689+00:00,0.0,0.0,0.0,0.0,0.0
0xa219bad2e0bd736db1f4c293092b99932bfe7d1b,0.0,2026-09-15T02:40:01.237303972+00:00,2026-09-15T13:54:38.650051594+00:00,hours_1_to_6,6957.8659356689295,1.0014674314194492,0.00014393313131911732,10232.503106104876,1.0928570796513828,0.0,0.0,0.0,,2026-09-16T01:46:29.038493395+00:00,0.0,0.0,0.0,0.0,0.0
0xa1e1a2d159166a85a5e1f7142146013b93968c5b,0.0,2026-09-15T01:01:59+00:00,2026-09-15T01:01:59+00:00,first_hour,837319.0436031967,17.08641,2.040609267224215e-05,381398.56481393974,43.07109085118131,0.0,0.0,0.0,,2026-09-16T00:37:43+00:00,0.0,0.0,0.0,0.0,0.0
0x129f47a69ac472a34ba6642a3c180cba69743559,0.0,2026-09-15T01:21:06.007618666+00:00,,first_hour,0.0,0.0,,674.6500252993001,0.0822717835906462,0.0,0.0,0.0,,2026-09-16T00:20:11.310679674+00:00,0.0,0.0,0.0,0.0,0.0
0x00fbfab3a2941a0a6450a731c5f90e3ac8d48265,0.0,2026-09-15T01:06:24+00:00,2026-09-15T01:06:24+00:00,first_hour,741812.8425736766,97.60678276000003,0.00013157871791671732,83989.27541178885,10.000234400942716,0.0,0.0,0.0,,2026-09-16T00:33:55.910008907+00:00,0.0,0.0,0.0,0.0,0.0
0xd7015406b53fe64b5ef34db5d116b8f36132f1d9,0.0,2026-09-15T01:13:15.958858490+00:00,2026-09-15T22:56:28.540985584+00:00,first_hour,1551.5547460111693,0.1844063192543993,0.00011885260235159745,1184.22645438141,0.1298699523648373,0.0,0.0,0.0,,2026-09-16T00:45:21.698400021+00:00,0.0,0.0,0.0,0.0,0.0
0xd6cbcba99bc931d40f1490f93a4bd8a7abf29ea5,0.0,2026-09-16T01:01:35.076400042+00:00,2026-09-16T01:01:35.076400042+00:00,after_hour_18,14597.870609772572,1.575824533503353,0.00010794893143171267,14597.870609772572,1.6186951371543592,0.0,0.0,0.0,,2026-09-16T01:32:26.873500109+00:00,0.0,0.0,0.0,0.0,0.0
0xd5c0d910717604d5a822652036e41dba86c9bd42,0.0,2026-09-15T01:23:33.198491096+00:00,2026-09-15T01:23:33.198491096+00:00,first_hour,3787.040501333364,0.376933095,9.953236435345414e-05,3787.040501333364,0.4014652105062184,0.0,0.0,0.0,,2026-09-16T00:56:43.414400101+00:00,0.0,0.0,0.0,0.0,0.0
0xe83aa34b709841555c9276e9b12937e8fe538506,0.0,2026-09-15T06:26:47.441624403+00:00,2026-09-15T06:26:47.441624403+00:00,hours_1_to_6,10899.430138039668,2.0736180790488588,0.0001902501371894487,10988.428369032299,1.1093829014572,10988.428369032299,0.0,32965.2851070969,,2026-09-16T02:27:25.848909616+00:00,0.0,0.0,0.0,0.0,0.0
0xe779e7e592b16ddded41cf3f95965e00d16cb559,0.0,2026-09-15T01:01:34.207834721+00:00,2026-09-15T01:01:34.207834721+00:00,first_hour,201967.82279728536,19.22198608522032,9.517350743793174e-05,122552.28976613971,13.397570967863508,0.0,0.0,0.0,,2026-09-16T01:42:05.659928083+00:00,0.0,0.0,0.0,0.0,0.0
0xe739b7b2ec8771bc4c7eac4de82fde63d1393fc0,0.0,2026-09-15T01:02:18.695483923+00:00,2026-09-15T01:02:18.695483923+00:00,first_hour,10685.831612415706,0.690211898403275,6.459131337998329e-05,9779.3409444568,1.1930048062690937,0.0,0.0,0.0,,2026-09-16T00:20:10.300970793+00:00,0.0,0.0,0.0,0.0,0.0
0xe716919cad884217d4311169f304090dd2c70de4,0.0,2026-09-15T01:53:59.696669579+00:00,2026-09-15T01:53:59.696669579+00:00,first_hour,12495.97209174925,2.090807890865576,0.00016731854676964902,11871.173487161788,1.3619411536297497,0.0,0.0,0.0,,2026-09-15T22:31:31.544449806+00:00,0.0,0.0,0.0,0.0,0.0
0xe69c04afac1e0eea166cb0de8c00294efdbb5e6c,0.0,2026-09-15T01:48:42.835168839+00:00,2026-09-15T01:48:42.835168839+00:00,first_hour,1366.084445359856,0.1933939055418879,0.00014156804595702997,2380.5679113055567,0.2554040911187682,0.0,0.0,0.0,,2026-09-16T01:45:43.902243137+00:00,0.0,0.0,0.0,0.0,0.0
0xe66879002a9c7a4535c78fb33517caf2b0151383,0.0,2026-09-15T01:21:13.328300238+00:00,2026-09-15T08:11:08.931859255+00:00,first_hour,78.64550025184856,0.0123754195409272,0.00015735699437726338,7.070370482593152,0.000807776786306,0.0,0.0,0.0,,2026-09-16T01:26:52.108000040+00:00,0.0,0.0,0.0,0.0,0.0
0xe4f3c2e834de80ecf959a5ed19685c381c47b89f,0.0,2026-09-15T01:03:31.938064575+00:00,2026-09-15T01:03:31.938064575+00:00,first_hour,181788.0712812305,20.541183299999997,0.00011299522105728429,12231.424566854606,1.2886289655170302,0.0,0.0,0.0,,2026-09-16T02:01:18.524919271+00:00,0.0,0.0,0.0,0.0,0.0
0xe349d5798e1b7849dbf6343c0e0702fb618908b4,0.0,2026-09-15T14:44:38.294049501+00:00,,hours_6_to_18,0.0,0.0,,595.0874484904936,0.0748967126740024,0.0,0.0,0.0,,2026-09-15T20:53:36.229975939+00:00,0.0,0.0,0.0,0.0,0.0
0xe2ecec4e03d31d9b5348e17b18763e1dc3ef5f09,0.0,2026-09-15T02:37:45.651253939+00:00,2026-09-15T02:37:45.651253939+00:00,hours_1_to_6,311.29386802558446,0.038807999999999995,0.00012466676663483285,200.82542513372064,0.023933334614389,0.0,0.0,0.0,,2026-09-15T22:07:40.038873911+00:00,0.0,0.0,0.0,0.0,0.0
0xbf56d3dc8e68f39d31a3817a5aa9cbc71458d078,0.0,2026-09-16T01:56:51.710100889+00:00,,after_hour_18,0.0,0.0,,5382.891527463678,0.5624626675636183,0.0,0.0,0.0,,2026-09-16T02:09:30.052406311+00:00,0.0,0.0,0.0,0.0,0.0
0xe0f2ad6b24c4cdece39d49db0e6b943b71ec6208,0.0,2026-09-15T01:21:02.550630331+00:00,2026-09-15T01:21:02.550630331+00:00,first_hour,362.79645217040894,0.03816549,0.00010519807945110034,362.79645217040894,0.0415796767650258,0.0,0.0,0.0,,2026-09-15T22:36:30.130225897+00:00,0.0,0.0,0.0,0.0,0.0
0xe0d4c69839ee6d8d6be2133a6af51d2bae27dc2d,0.0,2026-09-15T02:37:45.651253939+00:00,2026-09-15T02:37:45.651253939+00:00,hours_1_to_6,311.29084747485706,0.038807999999999995,0.00012466797631476947,200.82269418742916,0.0239333259702377,0.0,0.0,0.0,,2026-09-15T22:07:40.038873911+00:00,0.0,0.0,0.0,0.0,0.0
0xd169335ec70ab4f3d3738935bce4d3a61c83382b,0.0,2026-09-15T09:44:30.367888451+00:00,2026-09-15T09:44:30.367888451+00:00,hours_6_to_18,22257.30759472311,3.7916779145168538,0.00017035654013317436,15023.682626438098,1.740600313700943,0.0,0.0,0.0,,2026-09-16T01:09:49.092900038+00:00,0.0,0.0,0.0,0.0,0.0
0xd028b1f8a2e842a1e403d29e7a5f6dab368e3733,0.0,2026-09-15T01:12:22.273860693+00:00,2026-09-15T01:12:22.273860693+00:00,first_hour,2297.806167822435,0.19823364,8.627082770339168e-05,268.6365190801209,0.0295938969417797,0.0,0.0,0.0,,2026-09-16T00:43:11.275185585+00:00,0.0,0.0,0.0,0.0,0.0
0x04212f4f389a4c1b08ebe9e918bc41d5e7ab3035,0.0,2026-09-15T17:42:08.192970276+00:00,,hours_6_to_18,0.0,0.0,,402.72258384595216,0.0457449673582366,0.0,0.0,0.0,,2026-09-15T22:38:05.276987553+00:00,0.0,0.0,0.0,0.0,0.0
0x028facc04c63d3b558a90b94aa8d4fbaba909df0,0.0,2026-09-15T02:04:17.518687725+00:00,2026-09-15T02:04:17.518687487+00:00,hours_1_to_6,1004.1793042597492,0.1800090802838405,0.00017925989862591101,1190.5198781019603,0.1310872823053698,0.0,0.0,0.0,,2026-09-16T01:38:21.084464073+00:00,0.0,0.0,0.0,0.0,0.0
0x021e56485784dab1ed2a0504d56fe3a0904595c9,0.0,2026-09-15T17:11:58.642167091+00:00,2026-09-15T17:16:47.388361692+00:00,hours_6_to_18,14761.90122636134,1.8695337211056948,0.00012664586305232418,33016.73661749718,3.3624593022785394,0.0,0.0,0.0,,2026-09-16T02:24:05.295745373+00:00,0.0,0.0,0.0,0.0,0.0
0x01f3bedb04d4090372f7b1ca0a4f0bb581faaf8f,0.0,2026-09-15T15:55:53.745887756+00:00,,hours_6_to_18,0.0,0.0,,57345.109063713404,5.728358887166389,21320.7300046939,0.0,63962.1900140817,,2026-09-16T02:42:07.598212481+00:00,0.0,0.0,0.0,0.0,0.0
0x01b88308e0cc94d103cc255fd12569f0ef8ba8fb,0.0,2026-09-15T01:01:44.085963011+00:00,2026-09-15T01:01:44.085963011+00:00,first_hour,425411.3895809349,24.86426283,5.844757201844864e-05,26399.507059031053,2.9935764070003383,0.0,0.0,0.0,,2026-09-16T01:06:37.259399891+00:00,0.0,0.0,0.0,0.0,0.0
0x016be7a3ef30cec10f87ecb8c794fe8533c9dddf,0.0,2026-09-15T03:38:24+00:00,2026-09-15T03:38:24+00:00,hours_1_to_6,95277.43122057954,11.674880336813686,0.00012253563291168956,123594.98824178772,14.095358988506073,0.0,0.0,0.0,,2026-09-15T22:37:56+00:00,0.0,0.0,0.0,0.0,0.0
0x17984f1fa4400b6d0ea3596d6464b850d1b34631,0.0,2026-09-15T01:11:48.924089193+00:00,2026-09-15T01:11:48.924089193+00:00,first_hour,2464.077359200742,0.1710636228,6.942299200195844e-05,1032.0386802007422,0.1250976348684528,0.0,0.0,0.0,,2026-09-15T21:56:18.223723888+00:00,0.0,0.0,0.0,0.0,0.0
0x16070de6bc86d011f88fdc5883aa29498bd8a911,0.0,2026-09-15T03:05:07.483957767+00:00,,hours_1_to_6,0.0,0.0,,1405.8892880490198,0.133629230254028,1405.8892880490198,0.0,4217.667864147059,,2026-09-16T02:40:49.370396852+00:00,0.0,0.0,0.0,0.0,0.0
0x255b7879959b462d7e9f19c5488cd49019663be2,0.0,2026-09-15T23:52:40.580920458+00:00,,after_hour_18,0.0,0.0,,660.7949971096604,0.0674046081508387,0.0,0.0,0.0,,2026-09-16T02:20:23.139338017+00:00,0.0,0.0,0.0,0.0,0.0
0xe130bd204787f6d8392deca59cb7b4f4468dd75f,0.0,2026-09-15T01:12:12.919656515+00:00,2026-09-15T01:12:12.919656515+00:00,first_hour,62168.36668384661,5.425051500000001,8.726385763983097e-05,19124.270574270147,2.0155773396174808,0.0,0.0,0.0,,2026-09-16T01:58:54.591972589+00:00,0.0,0.0,0.0,0.0,0.0
0xdfdd5e3deae2dcc5d538be65bc6798858e7de523,0.0,2026-09-15T01:03:19.730967760+00:00,2026-09-15T01:03:19.730967760+00:00,first_hour,2167.0876254072823,0.0437085,2.016923519268651e-05,2167.0876254072823,0.2548424294916685,0.0,0.0,0.0,,2026-09-15T22:14:09.315013409+00:00,0.0,0.0,0.0,0.0,0.0
0xde9e6b2fc62041fff0a66e4230f4e64a46e2fde3,0.0,2026-09-16T01:15:52.720599890+00:00,2026-09-16T01:15:52.720599890+00:00,after_hour_18,17870.45990905486,2.038327745759473,0.00011406129199431873,17870.45990905486,2.031442271635657,0.0,0.0,0.0,,2026-09-16T01:31:31.900000095+00:00,0.0,0.0,0.0,0.0,0.0
0xf12ed46adc77882e12165b513b0d1f7ca6d09321,0.0,2026-09-15T21:46:04.541383028+00:00,,after_hour_18,0.0,0.0,,65084.797375,7.736376302370122,0.0,0.0,0.0,,2026-09-15T22:18:12.483831167+00:00,0.0,0.0,0.0,0.0,0.0
0xefd41b6120cc080c36ede31a0e0b901d51b4bb3a,0.0,2026-09-15T18:13:36.013896942+00:00,2026-09-15T18:13:36.013896942+00:00,hours_6_to_18,13779.2017544571,1.9279066351506016,0.00013991424681237356,2669.720339926063,0.3236463542500216,0.0,0.0,0.0,,2026-09-15T21:56:16.714174032+00:00,0.0,0.0,0.0,0.0,0.0
0xefb2bc68d19e40e079a1bc328cd392b8847641f9,0.0,2026-09-15T01:18:17.835295677+00:00,2026-09-15T01:18:17.835295677+00:00,first_hour,368.95384235169115,0.028444261653720004,7.709436354536348e-05,368.9538423516912,0.0404941887502338,0.0,0.0,0.0,,2026-09-16T00:46:59.186800003+00:00,0.0,0.0,0.0,0.0,0.0
0xeea2bfba9b06d76e5561102f2966129582496c0d,0.0,2026-09-15T02:19:40.359468222+00:00,2026-09-15T02:19:40.359468222+00:00,hours_1_to_6,279.16496218012657,0.0387502412028479,0.00013880768166688823,615.6666374102841,0.0667921976016708,0.0,0.0,0.0,,2026-09-16T00:50:30.829999924+00:00,0.0,0.0,0.0,0.0,0.0
0xee26bb996576ac9f77d6b0bea42f69502cd04938,0.0,2026-09-15T20:49:26.969061613+00:00,,after_hour_18,0.0,0.0,,150.54414362043315,0.0189072722348995,0.0,0.0,0.0,,2026-09-15T20:50:39.983843088+00:00,0.0,0.0,0.0,0.0,0.0
0xed5e9479a8782284c92ca43c13bf854d9fc4904a,0.0,2026-09-15T01:54:48.690369129+00:00,2026-09-15T01:54:48.690369129+00:00,first_hour,1664.6136062378862,0.261954,0.000157366249451745,1664.6136062378862,0.2029922984960115,0.0,0.0,0.0,,2026-09-15T21:53:26.034401894+00:00,0.0,0.0,0.0,0.0,0.0
0xed3ad83572cce1e7db2ea644f19abf98fc096684,0.0,2026-09-16T00:49:46.352799892+00:00,,after_hour_18,0.0,0.0,,77224.0671100746,8.24781431851627,0.0,0.0,0.0,,2026-09-16T01:46:37.281639099+00:00,0.0,0.0,0.0,0.0,0.0
0xed258fce86f9f6413fef091c06f0e2700ea1e250,0.0,2026-09-15T01:08:16.579649210+00:00,2026-09-15T01:08:16.579649210+00:00,first_hour,4846.136014568627,0.3240667304967224,6.687115869684662e-05,4225.243766134894,0.4635738672579752,0.0,0.0,0.0,,2026-09-16T00:48:03.844399929+00:00,0.0,0.0,0.0,0.0,0.0
0xed23f41d79b615d6888cf5325ab80fb3463236af,0.0,2026-09-16T01:00:16.563600063+00:00,2026-09-16T01:00:37.145600080+00:00,after_hour_18,606.7163452904889,0.065292696,0.00010761651059316459,22268.8858877607,2.1902319346290113,22268.8858877607,0.0,66806.65766328211,,2026-09-16T02:39:04.361887693+00:00,0.0,0.0,0.0,0.0,0.0
0xecdbde77e3556beaf2b79cb07527cdaa3dec6cdc,0.0,2026-09-15T03:46:05.822397232+00:00,2026-09-15T03:46:05.822397232+00:00,hours_1_to_6,435107.68979162024,58.39836422568372,0.0001342158863100112,424455.0787302841,40.964926327889906,424455.0787302842,0.0,1273365.2361908525,,2026-09-16T02:40:38.094315290+00:00,0.0,0.0,0.0,0.0,0.0
0xec113fd561e8ef00d16fa907f50643e431ef7a3a,0.0,2026-09-15T01:28:20.973953009+00:00,2026-09-15T01:28:20.973953009+00:00,first_hour,27079.4600027614,3.077742121524345,0.00011365596364220318,19226.4200027614,2.0536898989383157,0.0,0.0,0.0,,2026-09-16T02:02:10.397184610+00:00,0.0,0.0,0.0,0.0,0.0
0xe9b56d44713cd01a609d76de8b9351b0dcf505fc,0.0,2026-09-15T13:05:28.217866898+00:00,,hours_6_to_18,0.0,0.0,,3336.508398997973,0.3554100826061361,0.0,0.0,0.0,,2026-09-16T01:46:48.238991976+00:00,0.0,0.0,0.0,0.0,0.0
0xf18eae010b44026c6b5f15f569f2761b730a0a80,0.0,2026-09-15T03:49:19.205289841+00:00,2026-09-15T03:49:19.205289841+00:00,hours_1_to_6,171789.49987713856,23.748136471958748,0.00013823974392464662,150315.81239249624,16.972194212241117,0.0,0.0,0.0,,2026-09-16T01:11:21.837599993+00:00,0.0,0.0,0.0,0.0,0.0
0x00f87ac521be4d7d60a5aa32d993667dd182a6bf,0.0,2026-09-15T01:21:54.812162399+00:00,,first_hour,0.0,0.0,,326.86012840886053,0.0399142294067252,0.0,0.0,0.0,,2026-09-16T00:19:41.928155422+00:00,0.0,0.0,0.0,0.0,0.0
0x0e2038030eb8d0f489f1835bb01b8e64fdc6e977,0.0,2026-09-15T01:03:29.886451721+00:00,2026-09-15T01:03:29.886451483+00:00,first_hour,20604.292556414417,0.5767353899999998,2.7991030918479833e-05,18543.863300772977,2.191044833121363,0.0,0.0,0.0,,2026-09-16T00:37:10.429323912+00:00,0.0,0.0,0.0,0.0,0.0
0x0db93f422176464a304796f6b2089e0b3d802a5c,0.0,2026-09-15T03:06:47.439084530+00:00,,hours_1_to_6,0.0,0.0,,3063.688218111092,0.3361770037179595,0.0,0.0,0.0,,2026-09-16T00:45:06.036000013+00:00,0.0,0.0,0.0,0.0,0.0
0x0da492cd26580d9bf9efb2a57e511ad9c8704895,0.0,2026-09-15T01:55:07.573357344+00:00,2026-09-15T01:55:07.573357105+00:00,first_hour,2276.5473913196233,0.37737438540690127,0.00016576610126624794,1085.0640060742885,0.11467265224701133,0.0,0.0,0.0,,2026-09-16T01:51:12.576279163+00:00,0.0,0.0,0.0,0.0,0.0
0x0d74eeb0b00c6a90142e51865f7c05473264841c,0.0,2026-09-15T01:01:42.633296967+00:00,2026-09-15T01:01:42.633296967+00:00,first_hour,1450.7987802181274,0.118593699,8.174372670906813e-05,407.55729124251474,0.041156457340802075,407.55729124251474,0.0,1222.6718737275442,,2026-09-16T02:30:32.105613232+00:00,0.0,0.0,0.0,0.0,0.0
0x0ce86c68da81e719949be022b3d9934615f9fdd2,0.0,2026-09-15T01:10:36.735294104+00:00,2026-09-15T01:10:36.735294104+00:00,first_hour,32554.379510391744,3.963128712871287,0.0001217387267850155,31096.59833556578,3.202380398383271,0.0,0.0,0.0,,2026-09-16T02:15:32.050313950+00:00,0.0,0.0,0.0,0.0,0.0
0x0c1a43d61dd08bd240cfc17b91b5badd285d26d5,0.0,2026-09-15T06:27:29.878172636+00:00,,hours_1_to_6,0.0,0.0,,1461.4264894062933,0.1662526082495151,0.0,0.0,0.0,,2026-09-16T01:31:18.131500006+00:00,0.0,0.0,0.0,0.0,0.0
0x0bf17af03bfc7a44a5bb80419b323271bd0155cf,0.0,2026-09-15T01:02:31.107742071+00:00,2026-09-15T01:02:31.107741833+00:00,first_hour,14633.320476595194,0.2565882,1.7534516544648355e-05,14633.320476595194,1.5270709395268272,0.0,0.0,0.0,,2026-09-16T02:09:41.736256361+00:00,0.0,0.0,0.0,0.0,0.0
0x0beaa74ea66dbb2f68dab1be749d393e24b10bd7,0.0,2026-09-15T01:15:43.897631168+00:00,2026-09-15T01:15:43.897631168+00:00,first_hour,1139564.363349712,107.03614996353613,9.392725273446328e-05,1139564.363349712,105.90018538188363,1139564.363349712,0.0,3418693.090049136,,2026-09-16T02:43:54.116910934+00:00,0.0,0.0,0.0,0.0,0.0
0x0bbe8959e5047c52e53c8296425937cfa38482ad,0.0,2026-09-15T02:05:02.122075796+00:00,2026-09-15T02:05:02.122075796+00:00,hours_1_to_6,1885.547648334933,0.3368756808116566,0.00017866198242677173,1649.8541922930665,0.16667457997288673,1649.8541922930665,0.0,4949.5625768792,,2026-09-16T02:29:35.322488308+00:00,0.0,0.0,0.0,0.0,0.0
0x0bb28deb686acc95b0fcd92ca55de88c00f55e29,0.0,2026-09-15T01:04:21.279354811+00:00,2026-09-15T01:04:21.279354811+00:00,first_hour,2994.2971156160816,0.2337121392148438,7.805242104932434e-05,2320.577270305347,0.2544105197438055,0.0,0.0,0.0,,2026-09-16T00:45:32.140000105+00:00,0.0,0.0,0.0,0.0,0.0
0x0b65bca644e2d8eb83db69e8439d731e3a24b968,0.0,2026-09-15T01:56:36.170297146+00:00,,first_hour,0.0,0.0,,657.1033402438925,0.0682923266661887,0.0,0.0,0.0,,2026-09-16T02:11:00.904413223+00:00,0.0,0.0,0.0,0.0,0.0
0xe9d0360e6b0438cd61cdd17b0af74f0385498863,0.0,2026-09-15T01:26:01.210098743+00:00,,first_hour,0.0,0.0,,5401.208520406401,0.6604580998507974,0.0,0.0,0.0,,2026-09-15T21:41:03.142205954+00:00,0.0,0.0,0.0,0.0,0.0
0xd373a3f763152a90f16a76c98f6749faedd1e73d,0.0,2026-09-15T21:38:55.938582420+00:00,,after_hour_18,0.0,0.0,,87.53617532652486,0.0107019599560612,0.0,0.0,0.0,,2026-09-15T21:41:25.523473023+00:00,0.0,0.0,0.0,0.0,0.0
0xd31081829132c25ca4e8625b5b264c4948bc4248,0.0,2026-09-15T07:11:27.923120499+00:00,2026-09-15T07:11:27.923120499+00:00,hours_6_to_18,50845.21859830532,9.34397464915924,0.00018377292706674833,17795.775664188262,1.8642860695269765,0.0,0.0,0.0,,2026-09-16T02:08:43.115560293+00:00,0.0,0.0,0.0,0.0,0.0
0xd2fef56768a5c5075f1be7a5a3d6ba5c0f7b769d,0.0,2026-09-15T03:04:32.954005003+00:00,,hours_1_to_6,0.0,0.0,,7097.780905016391,0.752697267848738,0.0,0.0,0.0,,2026-09-16T00:56:37.289999962+00:00,0.0,0.0,0.0,0.0,0.0
0xd26a2bd8a59ea00bd836142cc6be9717361a3b51,0.0,2026-09-15T01:19:52.394098997+00:00,2026-09-15T01:22:56.326222420+00:00,first_hour,20041.95088712578,1.9309882039842967,9.634731742730162e-05,5065.629900000001,0.5272829581097707,0.0,0.0,0.0,,2026-09-16T02:03:49.004850626+00:00,0.0,0.0,0.0,0.0,0.0
0xd207ed863f03fe0f1194a1b30ca81fedad5facbb,0.0,2026-09-15T01:23:43.413232803+00:00,2026-09-15T01:23:43.413232803+00:00,first_hour,55228.97699907536,7.9440174,0.0001438378516432234,50000.97699907536,5.067908350106818,0.0,0.0,0.0,,2026-09-16T02:25:55.338219404+00:00,0.0,0.0,0.0,0.0,0.0
0xd1cf6d8d922ac54e9b0b9e31c91f63aaa0ec295f,0.0,2026-09-15T01:02:58.496774197+00:00,2026-09-15T01:02:58.496774197+00:00,first_hour,30491.55213771378,2.10825747,6.91423467220739e-05,30491.552137713777,3.3738193384507644,0.0,0.0,0.0,,2026-09-16T02:09:35.894331455+00:00,0.0,0.0,0.0,0.0,0.0
0xc4e4ce31ffd4ac334bfca4febc7bbea6dbbdee29,0.0,2026-09-15T23:47:12.368296146+00:00,,after_hour_18,0.0,0.0,,1622.396711403538,0.1976944081630854,0.0,0.0,0.0,,2026-09-16T00:20:50.184465885+00:00,0.0,0.0,0.0,0.0,0.0
0xc49a9757caf616f827883954b67a8296346f66ee,0.0,2026-09-15T02:27:43.271943569+00:00,,hours_1_to_6,0.0,0.0,,2674.3233979986057,0.30934666331800476,0.0,0.0,0.0,,2026-09-16T01:30:34.112499952+00:00,0.0,0.0,0.0,0.0,0.0
0xc48f28432f74c5d8f89c6404cd0ff4185cda7dcf,0.0,2026-09-15T10:06:09+00:00,2026-09-15T10:06:09+00:00,hours_6_to_18,93416.82907967106,16.579502211768418,0.00017747875168861165,16959.940904876647,2.136707175736198,0.0,0.0,0.0,,2026-09-15T21:00:58.648108006+00:00,0.0,0.0,0.0,0.0,0.0
0xc44b50465baf60b318e57debf5e469a95d794f24,0.0,2026-09-15T03:32:37.280127287+00:00,,hours_1_to_6,0.0,0.0,,204.87235696735434,0.02162067341466192,0.0,0.0,0.0,,2026-09-16T01:54:16.395472765+00:00,0.0,0.0,0.0,0.0,0.0
0xc3ea51fa7e72882d1947597c6e05f928d4742807,0.0,2026-09-15T01:21:38.645657301+00:00,2026-09-15T01:50:38.377025604+00:00,first_hour,84199.66112436535,10.938696348427554,0.00012991378115252485,78320.83882385792,8.11266886662395,0.0,0.0,0.0,,2026-09-16T02:12:51.699543476+00:00,0.0,0.0,0.0,0.0,0.0
0xc3d16ee7192c083776b60cd03c7a180363033c8d,0.0,2026-09-16T01:48:20.743104458+00:00,,after_hour_18,0.0,0.0,,47.37248162599257,0.005029175318837925,0.0,0.0,0.0,,2026-09-16T01:49:03.449590921+00:00,0.0,0.0,0.0,0.0,0.0
0xcf486ce2ee2ec4356ab9aac3049f0d18d2e58043,0.0,2026-09-15T01:20:39.063443661+00:00,2026-09-15T01:20:39.063443661+00:00,first_hour,18.8295887055332,0.001887534,0.00010024297553803368,18.8295887055332,0.0023295134643171,0.0,0.0,0.0,,2026-09-15T23:32:52.700700045+00:00,0.0,0.0,0.0,0.0,0.0
0x24e7a8963c07dc0ad58098172ab2b9826bc90fb2,0.0,2026-09-15T01:10:20.222222328+00:00,2026-09-15T01:10:20.222222328+00:00,first_hour,792001.6457580861,78.39302166486048,9.898088228064785e-05,352658.9589379757,40.29781009648674,0.0,0.0,0.0,,2026-09-16T00:49:27.578000069+00:00,0.0,0.0,0.0,0.0,0.0
0xce338539a47fa89d1f3cb1f45fc5ca36a984108a,0.0,2026-09-15T23:43:41.599377155+00:00,,after_hour_18,0.0,0.0,,29752.2354527746,3.6790236182161022,0.0,0.0,0.0,,2026-09-16T00:16:14.332038879+00:00,0.0,0.0,0.0,0.0,0.0
0xcd09548e3f48f727b80f530ded525d067bc32814,0.0,2026-09-15T23:01:54.532011271+00:00,,after_hour_18,0.0,0.0,,1889.6374775742063,0.2149429364830389,0.0,0.0,0.0,,2026-09-16T01:31:31.900000095+00:00,0.0,0.0,0.0,0.0,0.0
0xcac22a6c1da709ee467c06eb5f0f0e2686116377,0.0,2026-09-15T01:58:02.113411427+00:00,2026-09-15T02:23:56.944557190+00:00,first_hour,27027.636898122008,4.324253186153019,0.0001599937575916408,29451.6877960404,3.236855688305321,0.0,0.0,0.0,,2026-09-16T00:44:41.014973164+00:00,0.0,0.0,0.0,0.0,0.0
0xca076193bd67ba2af014ce9f67138ef386184d6f,0.0,2026-09-15T02:29:12.006269693+00:00,2026-09-15T02:29:12.006269693+00:00,hours_1_to_6,14549.388491527294,2.1679536410180025,0.00014900651269848838,14549.388491527294,1.4704695741624723,14549.388491527294,0.0,43648.16547458188,,2026-09-16T02:29:21.831462383+00:00,0.0,0.0,0.0,0.0,0.0
0xc9c28217d103c6962b1fc1953f78a17906cfc716,0.0,2026-09-15T02:32:08.156583071+00:00,2026-09-15T02:32:08.156583071+00:00,hours_1_to_6,68.19098993589863,0.009702,0.00014227686105041358,82.61578234170979,0.0094819066514176,0.0,0.0,0.0,,2026-09-15T22:31:13.064872742+00:00,0.0,0.0,0.0,0.0,0.0
0xc0f754ee95e856a82f63674f943038cd00324ed3,0.0,2026-09-15T01:02:00.538709879+00:00,2026-09-15T01:02:00.538709641+00:00,first_hour,77965.85921980522,6.597018741443236,8.461419918229329e-05,45143.91593643109,5.630132812008986,0.0,0.0,0.0,,2026-09-15T21:19:08.575226307+00:00,0.0,0.0,0.0,0.0,0.0
0xc017df7046e875727885ea58d74edaff1dea11fd,0.0,2026-09-16T01:31:51.598000050+00:00,2026-09-16T01:31:51.598000050+00:00,after_hour_18,21.05196202990106,0.0024307728448733,0.00011546538234397169,21.05196202990106,0.0023161777017471,0.0,0.0,0.0,,2026-09-16T01:40:42.926889896+00:00,0.0,0.0,0.0,0.0,0.0
0xbfd9efa0b2a8dd476000d8965334c34b9f3a660d,0.0,2026-09-15T03:07:25.805698872+00:00,2026-09-15T03:07:25.805698872+00:00,hours_1_to_6,327.46335517719217,0.0453763618474878,0.00013856928150917652,2878.2736748821944,0.307091874539252,1632.8315226740563,0.0,4898.494568022169,,2026-09-16T02:31:21.438469887+00:00,0.0,0.0,0.0,0.0,0.0
0xbf97584b9d63acf16a2b9ff46cfcd8ca9bf74cfc,0.0,2026-09-15T01:06:33.700000048+00:00,2026-09-15T01:06:33.700000048+00:00,first_hour,1371.960955714568,0.0488843730075161,3.56310234660106e-05,919.2138403287604,0.1121764948355715,0.0,0.0,0.0,,2026-09-16T00:20:09.998058319+00:00,0.0,0.0,0.0,0.0,0.0
0x9676042f03b5d0da073a4ba37304d4939c73d948,0.0,2026-09-15T01:02:05.975483894+00:00,2026-09-15T01:02:05.975483894+00:00,first_hour,13787.112653834363,0.34232021329771817,2.4828999507921968e-05,13787.112653834363,1.5258556394479832,0.0,0.0,0.0,,2026-09-16T01:12:33.636699915+00:00,0.0,0.0,0.0,0.0,0.0
0xbebbad0b95ed88e6c56c8d79daa82257e97c3f44,0.0,2026-09-15T12:30:47.074778080+00:00,2026-09-15T12:30:47.074778080+00:00,hours_6_to_18,296861.8691926828,49.293247419689976,0.00016604775666791827,271177.9196980002,33.083213423257014,0.0,0.0,0.0,,2026-09-15T22:05:52.967828512+00:00,0.0,0.0,0.0,0.0,0.0
0xbdf46069c9e68508e6dbfa7e0d7733ba13ec829c,0.0,2026-09-15T01:25:56.817759752+00:00,2026-09-15T01:29:03.341414452+00:00,first_hour,22751.467458161933,1.9388335838358461,8.5217957364781e-05,16571.83192501993,1.8407819006012311,0.0,0.0,0.0,,2026-09-16T00:39:05.786863089+00:00,0.0,0.0,0.0,0.0,0.0
0xc7c5b0d05153d9e44c87ea41b9b5f33ad71010cf,0.0,2026-09-15T17:13:51.171433926+00:00,2026-09-15T17:13:51.171433926+00:00,hours_6_to_18,192.0203480213072,0.024255,0.0001263147382552842,192.0203480213072,0.022132526802889,0.0,0.0,0.0,,2026-09-15T22:24:14.103456736+00:00,0.0,0.0,0.0,0.0,0.0
0xce5756db336fb2bec16f9f040287c2bca51d43d7,0.0,2026-09-15T03:03:13.393762589+00:00,2026-09-15T03:03:13.393762589+00:00,hours_1_to_6,8542.6413912172,1.16424,0.00013628571617169488,8472.173144360331,0.9617627628808872,0.0,0.0,0.0,,2026-09-15T22:39:31.996652603+00:00,0.0,0.0,0.0,0.0,0.0
0x2453303a863443ea994ec1eb77fd870b2df69a67,0.0,2026-09-15T01:23:20.021474123+00:00,2026-09-15T01:23:20.021473885+00:00,first_hour,996.2572614316987,0.09569340000000001,9.605290089678363e-05,996.2572614316986,0.1130427297004521,0.0,0.0,0.0,,2026-09-15T22:40:01.743514299+00:00,0.0,0.0,0.0,0.0,0.0
0x2444429b617062858c0b789608bf0e9fae313db3,0.0,2026-09-15T01:26:15+00:00,2026-09-15T01:26:15+00:00,first_hour,507286.6296055871,63.10661106926089,0.00012440030425861208,366023.04194185307,45.47144899155034,0.0,0.0,0.0,,2026-09-16T00:13:35+00:00,0.0,0.0,0.0,0.0,0.0
0x24278276a6482a0a980170ffd19ab5b82e25df89,0.0,2026-09-16T01:04:26.047300100+00:00,2026-09-16T01:04:42.662800074+00:00,after_hour_18,55344.47146925098,6.050924118582699,0.00010933204271260505,39415.97406553673,4.358779710421916,0.0,0.0,0.0,,2026-09-16T01:32:52.903000116+00:00,0.0,0.0,0.0,0.0,0.0
0x23fc56800a4425cfe6cab4ba863f4305d08529d6,0.0,2026-09-15T21:43:21.639129400+00:00,,after_hour_18,0.0,0.0,,387.132689185549,0.040908108309662995,0.0,0.0,0.0,,2026-09-16T01:53:17.875499249+00:00,0.0,0.0,0.0,0.0,0.0
0xf17b0cd3805003f15b6f90bec33e16b4f635da26,0.0,2026-09-15T03:23:22.929006100+00:00,,hours_1_to_6,0.0,0.0,,497.09110061711135,0.05236229860890196,0.0,0.0,0.0,,2026-09-16T01:59:47.370743752+00:00,0.0,0.0,0.0,0.0,0.0
0xde8772e0189307618cd87b621eabaddf7be80c65,0.0,2026-09-15T01:11:46.382185936+00:00,2026-09-15T09:22:33.281609297+00:00,first_hour,3014.174946224767,0.487660931456536,0.00016178919278302936,1782.2504455066078,0.1955480277138907,0.0,0.0,0.0,,2026-09-16T00:49:11.012000084+00:00,0.0,0.0,0.0,0.0,0.0
0xde6399df71bf774e24a815c73588fd0ab915001a,0.0,2026-09-16T01:05:48.218499899+00:00,2026-09-16T01:05:48.218499899+00:00,after_hour_18,43183.62418273148,4.851,0.00011233424919300419,32387.718137048603,3.783184828186754,0.0,0.0,0.0,,2026-09-16T01:08:58.038000107+00:00,0.0,0.0,0.0,0.0,0.0
0xdd3c15c343da8e050e8e4562d0bb2bf89e392deb,0.0,2026-09-15T01:02:05.975483894+00:00,2026-09-15T01:02:05.975483894+00:00,first_hour,18751.868319931324,0.494921648391523,2.639319133152571e-05,18751.868319931324,2.074949152453218,0.0,0.0,0.0,,2026-09-16T01:12:38.873100042+00:00,0.0,0.0,0.0,0.0,0.0
0xdc688a9d5a258266e898c9119ec2f97f68655fdf,0.0,2026-09-15T01:53:56.736633778+00:00,2026-09-15T01:53:56.736633778+00:00,first_hour,658.1813118012739,0.1121206678052729,0.00017034921197994413,658.1813118012739,0.0770030640273844,0.0,0.0,0.0,,2026-09-15T22:21:47.384757996+00:00,0.0,0.0,0.0,0.0,0.0
0xda8777232d8ca7471cce4c07e49f989f5674718f,0.0,2026-09-15T01:17:07.983792782+00:00,2026-09-15T01:17:07.983792782+00:00,first_hour,6761.13454448071,0.4653,6.881981077862686e-05,19057.93786281256,2.2310922641913966,0.0,0.0,0.0,,2026-09-15T22:21:29.191555023+00:00,0.0,0.0,0.0,0.0,0.0
0xda04672a845dd7a2d48aeb5e2482efccb0578931,0.0,2026-09-15T01:54:27.868046761+00:00,2026-09-15T01:54:27.868046761+00:00,first_hour,1248.4379444846134,0.17824485920055388,0.0001427743044722482,910.8114839735886,0.0980114468796524,0.0,0.0,0.0,,2026-09-16T01:44:41.978122473+00:00,0.0,0.0,0.0,0.0,0.0
0xd969c48687901f971a0d16de061b06c80283cd4f,0.0,2026-09-15T05:09:39.289767027+00:00,2026-09-15T05:36:19.611548901+00:00,hours_1_to_6,18057.58850687371,2.68191696624275,0.0001485202171498074,3834.8209016787714,0.45614352224882515,0.0,0.0,0.0,,2026-09-15T22:20:55.318022728+00:00,0.0,0.0,0.0,0.0,0.0
0xd8ed4164a7e08c5b58a61598a7534e58e62d1070,0.0,2026-09-15T03:04:35.478124380+00:00,,hours_1_to_6,0.0,0.0,,5358.795172492708,0.5538262550605073,0.0,0.0,0.0,,2026-09-16T02:12:54.922674417+00:00,0.0,0.0,0.0,0.0,0.0
0xd3dec1c9389a247f8a78fc5248382faf820a272e,0.0,2026-09-15T12:53:01.417971849+00:00,2026-09-15T12:53:01.417971849+00:00,hours_6_to_18,136.52819452908673,0.0234481111474879,0.00017174555943089384,136.52819452908673,0.0144840529735002,0.0,0.0,0.0,,2026-09-16T00:56:33.976799965+00:00,0.0,0.0,0.0,0.0,0.0
0xd8573dcd65f99e78bd2d82046fb64f679ee1dae4,0.0,2026-09-15T03:36:55.063665390+00:00,2026-09-15T03:37:57.025011301+00:00,hours_1_to_6,6060.860035030048,0.7304858945999999,0.00012052512190976184,6928.7547963293455,0.7928758303431983,0.0,0.0,0.0,,2026-09-16T01:27:26.177500010+00:00,0.0,0.0,0.0,0.0,0.0
0xd7e3d3b24001cffd752bc05e943a8d14db6d73b3,0.0,2026-09-15T01:12:34.780025005+00:00,2026-09-15T01:12:34.780025005+00:00,first_hour,24418.282036425604,2.3161975004784,9.48550556105154e-05,2523.1652895421703,0.2693735334537857,0.0,0.0,0.0,,2026-09-16T00:52:27.494800091+00:00,0.0,0.0,0.0,0.0,0.0
0xd79df36587505d3ad97b4ece1225980b00d56a01,0.0,2026-09-16T01:58:39.987159967+00:00,,after_hour_18,0.0,0.0,,5531.616187124227,0.5588936659103044,5531.616187124227,0.0,16594.84856137268,,2026-09-16T02:26:49.503682612+00:00,0.0,0.0,0.0,0.0,0.0
0xd78902a4d9394e3d159352ff6e8d969bf4c0742d,0.0,2026-09-15T02:24:10.217038631+00:00,,hours_1_to_6,0.0,0.0,,1089.12246345931,0.127979105614625,0.0,0.0,0.0,,2026-09-15T22:17:32.277857780+00:00,0.0,0.0,0.0,0.0,0.0
0xc921d2e7f77193c42520aa4248f2769080f3d126,0.0,2026-09-15T01:46:41.612588406+00:00,2026-09-15T01:46:41.612588406+00:00,first_hour,993.1123276722903,0.11640024,0.0001172075270405968,75.38682351209374,0.0091783699822581,0.0,0.0,0.0,,2026-09-16T00:24:48.778640747+00:00,0.0,0.0,0.0,0.0,0.0
0xc8dd1663fbc8adf7662e62a511328c166cba6570,0.0,2026-09-15T23:33:14.149799824+00:00,2026-09-15T23:33:14.149800062+00:00,after_hour_18,1345.1517923855101,0.169785,0.00012621995596415257,1345.1517923855101,0.13886684504214453,0.0,0.0,0.0,,2026-09-16T02:14:06.335172176+00:00,0.0,0.0,0.0,0.0,0.0
0xc8d7b228fbc3edfc1061084cc17b559522c0fefe,0.0,2026-09-16T01:20:50.609499931+00:00,,after_hour_18,0.0,0.0,,109.28031747762415,0.011263320036485247,0.0,0.0,0.0,,2026-09-16T02:15:09.689842224+00:00,0.0,0.0,0.0,0.0,0.0
0xc8757d2bc5cc17d031b3c40a632e9d8ed8480dde,0.0,2026-09-15T01:42:41.196257591+00:00,,first_hour,0.0,0.0,,872.1685389667589,0.1004687606100313,0.0,0.0,0.0,,2026-09-15T22:24:19.305988312+00:00,0.0,0.0,0.0,0.0,0.0
0xd53ba81faaea2b1c68757eaa09799e375cb9ee2c,0.0,2026-09-15T01:03:40.862580538+00:00,2026-09-15T01:03:40.862580299+00:00,first_hour,3079.741119891079,0.0654601851495814,2.125509339950513e-05,2309.805839918309,0.2557638276751676,0.0,0.0,0.0,,2026-09-16T01:12:14.805799961+00:00,0.0,0.0,0.0,0.0,0.0
0xd50cac9a1b0d5bdaf4358544c10aa0274d0e1c54,0.0,2026-09-15T01:48:21.836780310+00:00,2026-09-15T01:48:21.836780310+00:00,first_hour,1877.8877804888416,0.2598954284519927,0.00013839774194831714,1820.0111523630744,0.2093826296971681,0.0,0.0,0.0,,2026-09-15T22:34:27.602594852+00:00,0.0,0.0,0.0,0.0,0.0
0xd46557055bc1761e83f62470372cf3aaffdd7304,0.0,2026-09-15T01:49:43.902945757+00:00,2026-09-15T01:51:57.602829218+00:00,first_hour,653.9616300659014,0.0999299437750548,0.0001528070442985846,1398.9336697122546,0.1501026894398702,0.0,0.0,0.0,,2026-09-16T01:45:38.473829985+00:00,0.0,0.0,0.0,0.0,0.0
0xd441fb8229592d30267f4abb7b27ef602885f011,0.0,2026-09-16T01:08:19.268499851+00:00,2026-09-16T01:08:19.268500090+00:00,after_hour_18,81.339765492866,0.009702,0.0001192774523163695,81.339765492866,0.0089815213942866,0.0,0.0,0.0,,2026-09-16T01:33:24.661000013+00:00,0.0,0.0,0.0,0.0,0.0
0xd3f932610d57dc33265e4bc80ce393c2d73fbdd1,0.0,2026-09-15T01:02:05.975483894+00:00,2026-09-15T01:02:05.975483894+00:00,first_hour,12891.644652580659,0.3165866666689647,2.4557507998453103e-05,12891.64465258066,1.431227064544191,0.0,0.0,0.0,,2026-09-16T01:12:33.636699915+00:00,0.0,0.0,0.0,0.0,0.0
0xd86c13937c939fe18d1399a007a9668c7e451fe0,0.0,2026-09-15T01:07:03.575987816+00:00,2026-09-15T01:07:03.575987816+00:00,first_hour,5028.809227408345,0.5654583,0.00011244377633538018,6521.626437717979,0.7130783682509423,0.0,0.0,0.0,,2026-09-16T01:42:26.971476078+00:00,0.0,0.0,0.0,0.0,0.0
0x38ee3df0e26f4fce54c269b913ee06ba68a2cf55,0.0,2026-09-15T01:36:10.747963190+00:00,2026-09-15T01:36:10.747963190+00:00,first_hour,996.2202698654866,0.09693962,9.730741577170394e-05,996.2202698654866,0.115147637010488,0.0,0.0,0.0,,2026-09-15T22:52:04.049283266+00:00,0.0,0.0,0.0,0.0,0.0
0x38e55907e48e119032ce8cf5a7c5d12b8eae690e,0.0,2026-09-15T04:24:16.586447477+00:00,,hours_1_to_6,0.0,0.0,,1604.0832395362145,0.188024674703286,0.0,0.0,0.0,,2026-09-15T22:20:23.052729130+00:00,0.0,0.0,0.0,0.0,0.0
0x4aa0ef835b790fa45bf8af500245e482f59e6537,0.0,2026-09-15T14:48:58.020763636+00:00,2026-09-15T14:48:58.020763636+00:00,hours_6_to_18,217.525924626062,0.029106,0.00013380474097528686,217.525924626062,0.022178478676069556,0.0,0.0,0.0,,2026-09-16T02:21:54.494959116+00:00,0.0,0.0,0.0,0.0,0.0
0x49224d70a64e7e7dd5dadfad610f039ea6d08c8e,0.0,2026-09-15T01:12:34.780025005+00:00,2026-09-15T01:12:34.780025005+00:00,first_hour,40017.86898819734,4.363197566309363,0.00010903123221269533,60324.74578863033,6.512488948338545,0.0,0.0,0.0,,2026-09-16T01:50:59.079417944+00:00,0.0,0.0,0.0,0.0,0.0
0x48046632ef49622f372a76925c30ebcfd6670770,0.0,2026-09-15T01:48:53.283642292+00:00,2026-09-15T01:48:53.283642292+00:00,first_hour,2665.596334423842,0.3870550636650878,0.0001452039300424489,2665.596334423842,0.3272897797067576,0.0,0.0,0.0,,2026-09-16T00:17:40.662135839+00:00,0.0,0.0,0.0,0.0,0.0
0x47b3b02910bd24bb8945ae8d9234484b0b5bec74,0.0,2026-09-15T07:33:11.314720869+00:00,2026-09-15T07:33:11.314720869+00:00,hours_6_to_18,323.7073900600436,0.0589435258214745,0.0001820889100200685,323.7073900600436,0.0380360044312594,0.0,0.0,0.0,,2026-09-15T22:17:41.223686934+00:00,0.0,0.0,0.0,0.0,0.0
0x479a1ba2346c58bd2a48af7283b1af2f2f0da209,0.0,2026-09-15T03:52:43.742937565+00:00,2026-09-15T03:52:43.742937565+00:00,hours_1_to_6,2733.997207200601,0.5142059999999999,0.00018807846571522528,683.4993018001502,0.0832218120077408,0.0,0.0,0.0,,2026-09-16T00:24:25.757281542+00:00,0.0,0.0,0.0,0.0,0.0
0x45f498e2545ab7df017f073d0f824f130ed9412c,0.0,2026-09-15T01:03:45.683871031+00:00,2026-09-15T01:03:45.683871031+00:00,first_hour,110.65319414910138,0.00237798,2.1490387315848772e-05,110.65319414910138,0.011322000742027943,0.0,0.0,0.0,,2026-09-16T02:18:17.135057926+00:00,0.0,0.0,0.0,0.0,0.0
0x45a953fbb55b93070cc995c45a0205482bb766c0,0.0,2026-09-15T10:03:00.741872549+00:00,2026-09-15T10:03:00.741872311+00:00,hours_6_to_18,1322.9115267915206,0.24330284678944003,0.0001839146774837819,494.1335288806387,0.0600507701987744,0.0,0.0,0.0,,2026-09-16T00:27:24.063711882+00:00,0.0,0.0,0.0,0.0,0.0
0x4459c75b9ac5186ab152019b7ae905669be082d8,0.0,2026-09-15T01:02:05.975483894+00:00,2026-09-15T01:02:05.975483894+00:00,first_hour,19226.24122502151,0.47510580991442986,2.4711320551627913e-05,19226.24122502151,2.1248757945802104,0.0,0.0,0.0,,2026-09-16T01:12:38.873100042+00:00,0.0,0.0,0.0,0.0,0.0
0x4392a7d582c23eeb18900679146573bd432e10ff,0.0,2026-09-15T01:45:38.515981673+00:00,,first_hour,0.0,0.0,,7624.997369490777,0.7480077672796654,7624.997369490777,0.0,22874.992108472332,,2026-09-16T02:39:49.466213703+00:00,0.0,0.0,0.0,0.0,0.0
0x3579ed4bd0bd903ac8b259ee96a2de515c8ac956,0.0,2026-09-15T23:45:44.422418356+00:00,2026-09-15T23:45:44.422418356+00:00,after_hour_18,86.06723218768464,0.0111261735914093,0.00012927304978446077,86.06723218768464,0.0106757305912813,0.0,0.0,0.0,,2026-09-16T00:15:15.466019392+00:00,0.0,0.0,0.0,0.0,0.0
0x34568cb6bb15afc4d314a88304b93b616dbde77c,0.0,2026-09-15T02:51:55.299187660+00:00,,hours_1_to_6,0.0,0.0,,62443.17527536544,6.650402651625011,0.0,0.0,0.0,,2026-09-16T00:56:05.161999941+00:00,0.0,0.0,0.0,0.0,0.0
0x8832e2ac20bb587bd16cc38b30017461d7d752e3,0.0,2026-09-15T01:02:13.874193430+00:00,2026-09-15T01:02:13.874193430+00:00,first_hour,632.6363825450536,0.00980694,1.550170093055246e-05,632.6363825450536,0.06570701404782713,0.0,0.0,0.0,,2026-09-16T02:02:51.290660143+00:00,0.0,0.0,0.0,0.0,0.0
0x341587bde6e6c6effbf5df6f729b496923b724a0,0.0,2026-09-15T18:18:25.546351194+00:00,2026-09-15T18:18:25.546351194+00:00,hours_6_to_18,4093.90554607947,0.5885844597025021,0.00014377089385126635,4310.342929544113,0.5263734744973088,0.0,0.0,0.0,,2026-09-15T21:44:08.762989998+00:00,0.0,0.0,0.0,0.0,0.0
0x339c717aa591bc1a9625c3daf297c4b16799539e,0.0,2026-09-15T01:27:17.268883944+00:00,2026-09-15T01:27:17.268883944+00:00,first_hour,7268.75707485586,0.9647670847280927,0.00013272793062041134,4267.3161683505205,0.4309999346456325,4267.3161683505205,0.0,12801.948505051561,,2026-09-16T02:27:24.842116594+00:00,0.0,0.0,0.0,0.0,0.0
0x333411b580fda17c663059038c3dc6f6796b1da8,0.0,2026-09-15T23:55:34.473799944+00:00,,after_hour_18,0.0,0.0,,857.7226960430631,0.09073837281923691,0.0,0.0,0.0,,2026-09-16T01:49:28.126688242+00:00,0.0,0.0,0.0,0.0,0.0
0x327facc561234ebd02c933a4d4486fab6585c566,0.0,2026-09-15T01:01:50.187160015+00:00,2026-09-15T01:01:50.187160015+00:00,first_hour,63003.554982309004,5.005243483518385,7.944382638287357e-05,10893.107529669596,1.1345847779055187,0.0,0.0,0.0,,2026-09-16T02:03:45.177382469+00:00,0.0,0.0,0.0,0.0,0.0
0x4230d47051cf81f931116d1aca42e656fff35255,0.0,2026-09-16T00:27:52.330871105+00:00,2026-09-16T00:30:10.133271694+00:00,after_hour_18,8692.383702857307,1.0672199999999998,0.000122776448495847,65731.91832715503,6.9784894492587135,0.0,0.0,0.0,,2026-09-16T01:49:19.263077736+00:00,0.0,0.0,0.0,0.0,0.0
0x3f286db4a34a3f3318ed621de086ea5c6e186db6,0.0,2026-09-15T01:58:57.639603853+00:00,2026-09-15T01:58:57.639604092+00:00,first_hour,1895.4985247822094,0.2997718396324103,0.00015814933945509333,1895.4985247822096,0.2373897836684388,0.0,0.0,0.0,,2026-09-15T23:51:27.331751108+00:00,0.0,0.0,0.0,0.0,0.0
0xfaecd4cb2026aa1c34f34ad3bd0a79ececae065e,0.0,2026-09-15T01:02:05.975483894+00:00,2026-09-15T01:02:05.975483894+00:00,first_hour,14443.87323608476,0.3783295448455767,2.619308122286795e-05,14443.873236084764,1.6010243716959631,0.0,0.0,0.0,,2026-09-16T01:12:33.636699915+00:00,0.0,0.0,0.0,0.0,0.0
0x3e36ffb5c16385c7d52ea472c92945045776091a,0.0,2026-09-15T19:29:58.537313461+00:00,,after_hour_18,0.0,0.0,,9228.525974123446,1.1487500713833507,0.0,0.0,0.0,,2026-09-15T21:19:53.695198774+00:00,0.0,0.0,0.0,0.0,0.0
0x3d957c9ea42c8743b462abd451e3c93f249d4ace,0.0,2026-09-15T01:20:04.798587084+00:00,2026-09-15T01:22:00.912730217+00:00,first_hour,12670.10836743857,1.2551797200938135,9.906621819585626e-05,22754.122478938996,2.466938244754216,0.0,0.0,0.0,,2026-09-16T01:44:15.640265942+00:00,0.0,0.0,0.0,0.0,0.0
0x3d54a330df6f1594d217c8e06b329b814b7e7cc0,0.0,2026-09-15T01:56:02.997479677+00:00,,first_hour,0.0,0.0,,551.1051053347823,0.0673753520141213,0.0,0.0,0.0,,2026-09-15T21:41:27.576800346+00:00,0.0,0.0,0.0,0.0,0.0
0x3d21402780fbf386ca154851aa0e61a74324c701,0.0,2026-09-15T01:28:30.616910219+00:00,2026-09-15T01:28:30.616910458+00:00,first_hour,217.0722186607017,0.01927134,8.877847252357238e-05,217.0722186607017,0.024928210787512,0.0,0.0,0.0,,2026-09-15T22:29:51.467624187+00:00,0.0,0.0,0.0,0.0,0.0
0x3c53f304dcd45ca7e77472f2b818c1d28b7afe0b,0.0,2026-09-15T06:13:34.751269102+00:00,,hours_1_to_6,0.0,0.0,,3716.10198629548,0.4610094604522932,0.0,0.0,0.0,,2026-09-15T21:23:38.058897495+00:00,0.0,0.0,0.0,0.0,0.0
0x2f58e6e787a47121d98a191184564e42b602c296,0.0,2026-09-15T01:58:17.730152845+00:00,2026-09-15T01:58:17.730153084+00:00,first_hour,1404.7791638544354,0.2218718820366388,0.00015794075520586905,1404.7791638544352,0.1717881291652738,0.0,0.0,0.0,,2026-09-16T00:18:45.586407661+00:00,0.0,0.0,0.0,0.0,0.0
0x344ecf72b8ee652ec00fb0b3d3586409eb205016,0.0,2026-09-15T01:01:32.658324242+00:00,2026-09-15T01:01:32.658324242+00:00,first_hour,213.7659111234678,0.00239778,1.121684925065101e-05,213.7659111234678,0.0232140888412758,0.0,0.0,0.0,,2026-09-16T01:44:08.402381659+00:00,0.0,0.0,0.0,0.0,0.0
0xfaabefe6e5c4e064d6bc5c7857fa3357f96ac103,0.0,2026-09-15T01:39:10.299400091+00:00,2026-09-15T01:39:10.299400091+00:00,first_hour,8129.556511458159,0.7545043506404299,9.281002593154963e-05,24512.546611638398,2.701227703840189,0.0,0.0,0.0,,2026-09-16T01:37:39.969260693+00:00,0.0,0.0,0.0,0.0,0.0
0x4ba5f32b3c29b2f609b6542c7f81fcc653479873,0.0,2026-09-15T20:48:34.579924107+00:00,2026-09-15T20:48:34.579924345+00:00,after_hour_18,3029.4075605543503,0.38808,0.00012810425545019282,604.366823826558,0.06273554354916311,0.0,0.0,0.0,,2026-09-16T02:12:22.590641022+00:00,0.0,0.0,0.0,0.0,0.0
0xfab55b975646bd4f96becef3b766827205ed4386,0.0,2026-09-15T02:21:06.489683628+00:00,2026-09-15T02:21:06.489683628+00:00,hours_1_to_6,2171.493492123673,0.3184139355865144,0.0001466336126456048,2171.493492123673,0.239079722335171,0.0,0.0,0.0,,2026-09-16T01:38:37.872334480+00:00,0.0,0.0,0.0,0.0,0.0
0x1dad9c3f3e5ac6c75b39f6799ff7a63971f8b2f5,0.0,2026-09-15T01:10:31.062091589+00:00,2026-09-15T01:10:31.062091589+00:00,first_hour,3564.1991201945466,0.34193015999999987,9.593464014472237e-05,3564.1991201945466,0.3758371374187766,0.0,0.0,0.0,,2026-09-16T01:57:03.998287916+00:00,0.0,0.0,0.0,0.0,0.0
0x1d7e5f97d7ca2697177d57d8f3a9b7b458b8e9c4,0.0,2026-09-15T18:03:41.438267946+00:00,2026-09-15T18:03:41.438267946+00:00,hours_6_to_18,689.5968154693352,0.0873097129863694,0.0001266097972435487,474.99496010839727,0.058159778933775,0.0,0.0,0.0,,2026-09-16T00:18:29.431067944+00:00,0.0,0.0,0.0,0.0,0.0
0x1cd6ea4a854b15083ee993211681f713217f4062,0.0,2026-09-15T22:24:14.703748703+00:00,2026-09-15T22:24:14.703748703+00:00,after_hour_18,1037.997393715436,0.1220738066397085,0.000117605118643655,1037.9973937154361,0.10481630740757208,1037.9973937154361,0.0,3113.992181146308,,2026-09-16T02:30:48.415659666+00:00,0.0,0.0,0.0,0.0,0.0
0x1c43925835ea30480e36a8288dc7ec19cd822791,0.0,2026-09-15T03:03:24.802782059+00:00,,hours_1_to_6,0.0,0.0,,71.13884407674027,0.007270487623804234,0.0,0.0,0.0,,2026-09-16T02:18:34.257941723+00:00,0.0,0.0,0.0,0.0,0.0
0x1c3becc3000ec36300b260cdb19a67e02d35059a,0.0,2026-09-15T23:53:11.882600307+00:00,,after_hour_18,0.0,0.0,,29357.299436011504,3.419986864936442,0.0,0.0,0.0,,2026-09-16T00:44:33.173261881+00:00,0.0,0.0,0.0,0.0,0.0
0x1c0429fafd0cfb360c6e8a36cfb8e1fc7c2bc362,0.0,2026-09-15T02:03:35.246840477+00:00,2026-09-15T02:03:35.246840477+00:00,hours_1_to_6,78643.5385624874,14.09802284446467,0.00017926485890843878,82056.62518118919,7.976709716921126,82056.62518118919,0.0,246169.87554356756,,2026-09-16T02:40:13.629245520+00:00,0.0,0.0,0.0,0.0,0.0
0x1aa2a5faf6a74c2455072a1a17eca0ca5f217e04,0.0,2026-09-15T12:55:40.312907219+00:00,,hours_6_to_18,0.0,0.0,,1939.9273904400127,0.2090932394160245,0.0,0.0,0.0,,2026-09-16T01:44:23.280254841+00:00,0.0,0.0,0.0,0.0,0.0
0x1a03830b15b77d3afb96c17d3e04fa2aa7e10c42,0.0,2026-09-15T17:38:02.879393578+00:00,,hours_6_to_18,0.0,0.0,,1541.490709668464,0.1691012480026043,0.0,0.0,0.0,,2026-09-16T01:41:57.919412851+00:00,0.0,0.0,0.0,0.0,0.0
0x1967b8beb660879c63089ba2933783bfa5ae6c6a,0.0,2026-09-15T01:01:55.416757345+00:00,2026-09-15T01:01:55.416757107+00:00,first_hour,465.967011685072,0.0220572,4.733639817169623e-05,57.548017302630285,0.007025739096301,0.0,0.0,0.0,,2026-09-15T21:45:52.866681814+00:00,0.0,0.0,0.0,0.0,0.0
0x4b81449e67b8d001bbd539f3ea0f6087d97ac14a,0.0,2026-09-15T01:46:10.774375439+00:00,2026-09-15T01:56:37.190999031+00:00,first_hour,7380.041961579083,1.0695604609521434,0.00014492606769993122,6893.448528378752,0.7387315679215003,0.0,0.0,0.0,,2026-09-16T01:45:51.441705942+00:00,0.0,0.0,0.0,0.0,0.0
0x3b36357773ff80857f7eb2a8dc182a1223a71018,0.0,2026-09-15T01:57:58.540954113+00:00,2026-09-15T02:08:17.768754959+00:00,first_hour,64.15157866538273,0.0095309812604674,0.00014856970722702538,1041.0830153119682,0.10473974468513328,1041.0830153119682,0.0,3123.2490459359046,,2026-09-16T02:32:33.625527382+00:00,0.0,0.0,0.0,0.0,0.0
0x431f15623676d6617859794f18dc3d0681c9ec00,0.0,2026-09-15T01:26:27.823081493+00:00,2026-09-15T01:34:57+00:00,first_hour,148351.85923374078,19.622032939746543,0.00013226684883558073,120530.62612893558,13.461745135909814,0.0,0.0,0.0,,2026-09-16T01:11:45.502099991+00:00,0.0,0.0,0.0,0.0,0.0
0x520d62d4942193102353b381d5afe25ecc502d52,0.0,2026-09-15T06:47:03.815115690+00:00,2026-09-15T06:47:03.815115690+00:00,hours_1_to_6,9302.33603122621,1.5038099999999996,0.00016165939339881825,12209.959124465342,1.258559459132907,0.0,0.0,0.0,,2026-09-16T02:14:44.912022114+00:00,0.0,0.0,0.0,0.0,0.0
0x52045d495ff3fe90340d6e9f692c85f78ee7f7e4,0.0,2026-09-15T01:13:12.705222368+00:00,,first_hour,0.0,0.0,,494.12236216750136,0.0563821024979946,0.0,0.0,0.0,,2026-09-16T01:29:53.611000061+00:00,0.0,0.0,0.0,0.0,0.0
0x51a32231e753efb33d99d6b6cac13c4583efdb74,0.0,2026-09-15T06:19:34.040609121+00:00,2026-09-15T06:19:34.040609121+00:00,hours_1_to_6,257.19203419372445,0.044629199999999904,0.0001735248144053478,257.19203419372445,0.0293682225874924,0.0,0.0,0.0,,2026-09-16T01:29:43.058500051+00:00,0.0,0.0,0.0,0.0,0.0
0x50106adc5754bab54512c31bbeb49eb71ac6616e,0.0,2026-09-15T17:55:39.612597227+00:00,2026-09-15T17:59:32.175240040+00:00,hours_6_to_18,156.00171364066736,0.0193153274561097,0.0001238148415510384,606.2392354095182,0.0738178724055873,0.0,0.0,0.0,,2026-09-16T00:23:59.908737898+00:00,0.0,0.0,0.0,0.0,0.0
0x4ff25ae1b4bf1cee786d5458b43f116d3203d374,0.0,2026-09-15T01:01:09.415669203+00:00,2026-09-15T01:01:09.415669203+00:00,first_hour,757560.0908679762,71.33652681829888,9.416616276151095e-05,122554.50789060214,14.222234043748692,0.0,0.0,0.0,,2026-09-16T01:09:49.092900038+00:00,0.0,0.0,0.0,0.0,0.0
0x4f6bb175ed99b9e7377b3ecab0f980c426be025d,0.0,2026-09-15T18:07:19.879062891+00:00,2026-09-15T18:07:19.879062891+00:00,hours_6_to_18,301.71444366824267,0.038935731634692,0.00012904828539632234,120.68592564801008,0.0147607803260742,0.0,0.0,0.0,,2026-09-15T21:40:37.988947153+00:00,0.0,0.0,0.0,0.0,0.0
0x4e820111df86e8ec7b8f54843084f49c01df3d0d,0.0,2026-09-15T08:36:05.336864710+00:00,2026-09-15T09:19:49.814176321+00:00,hours_6_to_18,20096.214175184887,2.8810571299973633,0.0001433631780036927,9543.083506479994,1.1632829250382866,0.0,0.0,0.0,,2026-09-16T00:20:29.990291357+00:00,0.0,0.0,0.0,0.0,0.0
0x4e770fb65b1db450e546c48751f4d00b4bd63d6f,0.0,2026-09-15T21:21:51.954852819+00:00,2026-09-15T21:21:51.954852819+00:00,after_hour_18,968.318228695143,0.1225802913604974,0.00012659091580428104,968.318228695143,0.1120965961538729,0.0,0.0,0.0,,2026-09-15T22:24:06.497425318+00:00,0.0,0.0,0.0,0.0,0.0
0x4dbce0a7ba56d954283fbf91035f8fcac45acd9b,0.0,2026-09-16T00:47:59.226000071+00:00,,after_hour_18,0.0,0.0,,3095.11268538053,0.3145643015691543,0.0,0.0,0.0,,2026-09-16T02:24:55.937433004+00:00,0.0,0.0,0.0,0.0,0.0
0x4c71b6d4cc7fe1597ef7b4994ac3aa4d751e51eb,0.0,2026-09-15T18:10:38.311588287+00:00,2026-09-15T18:10:38.311588287+00:00,hours_6_to_18,20.45610497087148,0.002786907206499,0.0001362384095343382,20.45610497087148,0.0021818009662732,0.0,0.0,0.0,,2026-09-16T00:50:41.773600101+00:00,0.0,0.0,0.0,0.0,0.0
0x4c01c06c874aafeaea1c2f96cc94f495cc7e6c8d,0.0,2026-09-15T02:04:23.499596596+00:00,2026-09-15T02:04:23.499596596+00:00,hours_1_to_6,45784.86619743661,6.516862799999999,0.00014233661341058726,7513.375356082711,0.7962146174386048,0.0,0.0,0.0,,2026-09-16T00:57:05.502399921+00:00,0.0,0.0,0.0,0.0,0.0
0x3bab49622197b0e0bb1b6fafbcb57e6e6d6b28f3,0.0,2026-09-15T05:48:26.967618227+00:00,2026-09-15T05:48:26.967618227+00:00,hours_1_to_6,16275.000685354518,2.3960464646716995,0.00014722251083085016,7323.734033408848,0.7818528812961937,0.0,0.0,0.0,,2026-09-16T00:53:50.324800014+00:00,0.0,0.0,0.0,0.0,0.0
0x43445f836842027499c7125f224df2017f0624d2,0.0,2026-09-15T01:30:35.667601585+00:00,,first_hour,0.0,0.0,,169.10038554718454,0.0194088285256537,0.0,0.0,0.0,,2026-09-15T22:27:19.893865585+00:00,0.0,0.0,0.0,0.0,0.0
0x35fb327a5087bf230b6b1c44369d0e5d93dd842b,0.0,2026-09-15T06:30:21.147208214+00:00,2026-09-15T06:30:21.147208214+00:00,hours_1_to_6,1205.2545408671663,0.232848,0.00019319404499606253,1205.2545408671663,0.1473359517401861,0.0,0.0,0.0,,2026-09-16T00:17:56.211650372+00:00,0.0,0.0,0.0,0.0,0.0
0x29e4487442b21bc98b4770a2e2de50701314ed1b,0.0,2026-09-15T01:01:31.786724806+00:00,2026-09-15T01:01:31.786724806+00:00,first_hour,2934.253103339349,0.0328032922589111,1.1179435141971586e-05,899.110647808615,0.1057399438978553,0.0,0.0,0.0,,2026-09-15T22:13:22.565683603+00:00,0.0,0.0,0.0,0.0,0.0
0x294d96d9ea087da094a435bd9aaf843f1560e7ae,0.0,2026-09-15T01:19:33.990718603+00:00,2026-09-15T01:53:21.089175701+00:00,first_hour,3255.0119612589615,0.4745353753266802,0.00014578606191761618,1464.8019122859228,0.1787714832173303,0.0,0.0,0.0,,2026-09-16T00:20:08.887378693+00:00,0.0,0.0,0.0,0.0,0.0
0xf8c50a7dff1f13e89d15a43ff2908fe3f0d18d75,0.0,2026-09-15T02:43:33.286990643+00:00,2026-09-15T02:43:33.286990643+00:00,hours_1_to_6,60925.46689360828,7.773808416833977,0.0001275953852008893,51537.14274113821,5.553847619394366,0.0,0.0,0.0,,2026-09-16T01:47:56.771067142+00:00,0.0,0.0,0.0,0.0,0.0
0xf7c29429ede629fa253c66f51ab63f35371c5911,0.0,2026-09-15T08:44:34.014876604+00:00,,hours_6_to_18,0.0,0.0,,165.20758707037078,0.0187657219026342,0.0,0.0,0.0,,2026-09-15T22:38:46.620083570+00:00,0.0,0.0,0.0,0.0,0.0
0xf79c56056fd4226f7688ff3aac968b42cbc9ea01,0.0,2026-09-15T04:25:42.487730742+00:00,2026-09-15T04:25:42.487730742+00:00,hours_1_to_6,355.1631696887866,0.04851,0.0001365851083109409,355.1631696887866,0.0403436099515144,0.0,0.0,0.0,,2026-09-15T22:38:42.586610794+00:00,0.0,0.0,0.0,0.0,0.0
0xf7867a5065b8dafdae0e85f9ac4bb5f6018c5ad1,0.0,2026-09-15T01:19:31.753844023+00:00,2026-09-15T01:19:31.753844023+00:00,first_hour,25.52940815756965,0.002344815,9.184760514335486e-05,25.52940815756965,0.002651789333001988,0.0,0.0,0.0,,2026-09-16T02:12:03.251854658+00:00,0.0,0.0,0.0,0.0,0.0
0xf74bbbe5926ec19d480b9ded94883143199e494a,0.0,2026-09-15T01:53:09.321962595+00:00,2026-09-15T01:53:09.321962595+00:00,first_hour,59.25100527012683,0.009702,0.00016374405726566726,59.25100527012683,0.0062789996254833,0.0,0.0,0.0,,2026-09-16T00:57:30.100399971+00:00,0.0,0.0,0.0,0.0,0.0
0xf73ad907483a5bf960e43f2dc46cf160c9744efa,0.0,2026-09-15T06:37:15.242468596+00:00,2026-09-15T06:37:15.242468596+00:00,hours_1_to_6,2239.9733068388723,0.389648,0.0001739520729154959,2902.1628871756448,0.309720908461775,0.0,0.0,0.0,,2026-09-16T00:56:04.760400057+00:00,0.0,0.0,0.0,0.0,0.0
0xf5f45d2e053a7fe063b99cee408b44b8f86956a4,0.0,2026-09-15T09:21:46.475095749+00:00,2026-09-15T09:21:46.475095510+00:00,hours_6_to_18,312.1483554838213,0.04851,0.00015540687351951876,156.07,0.0196733296418775,0.0,0.0,0.0,,2026-09-15T20:59:29.856651783+00:00,0.0,0.0,0.0,0.0,0.0
0xf399dc4e3fce4e92c9de101ce347ed5906291aac,0.0,2026-09-15T23:57:32.292799950+00:00,,after_hour_18,0.0,0.0,,253.15849270882163,0.0323018581842429,0.0,0.0,0.0,,2026-09-16T00:11:30.213483095+00:00,0.0,0.0,0.0,0.0,0.0
0xf2b1c0000e03ce8c7975cf6604206050396d4bcb,0.0,2026-09-15T01:00:46.560391665+00:00,2026-09-15T01:00:46.560391665+00:00,first_hour,4246.577119842909,0.1319333399999999,3.106816060952178e-05,1458.6570067301352,0.1476409987737242,0.0,0.0,0.0,,2026-09-16T02:25:58.761315584+00:00,0.0,0.0,0.0,0.0,0.0
0xf9aa91a1a7fcda4bbd182212b195907d3ed78599,0.0,2026-09-15T05:29:25.732394457+00:00,2026-09-15T05:29:25.732394457+00:00,hours_1_to_6,2904.848972876,0.4295214066608722,0.00014786359314082221,2904.848972876,0.3085324479847163,0.0,0.0,0.0,,2026-09-16T01:47:07.137912035+00:00,0.0,0.0,0.0,0.0,0.0
0x285c6c5bb53508a72dcf8e63e44bf0ae69baabe9,0.0,2026-09-15T01:25:40.780615091+00:00,2026-09-15T01:25:40.780615091+00:00,first_hour,103996.13843964959,13.560723,0.00013039640897694944,52655.55913633529,5.480351232083095,0.0,0.0,0.0,,2026-09-16T02:10:39.349724293+00:00,0.0,0.0,0.0,0.0,0.0
0x0940f4875ee0c1fdafe8702cb9804fcdc3427ff6,0.0,2026-09-15T07:23:18.260221480+00:00,,hours_6_to_18,0.0,0.0,,326.2151091977124,0.0394990096933884,0.0,0.0,0.0,,2026-09-15T21:58:29.152016163+00:00,0.0,0.0,0.0,0.0,0.0
0x07fb753a79177927fa871eaa6eb1ef60a00d3473,0.0,2026-09-15T01:02:11.514838696+00:00,2026-09-15T01:02:11.514838696+00:00,first_hour,90.75936584440227,0.001909215,2.103601079885414e-05,3.943579159267691,0.0004780011230047,0.0,0.0,0.0,,2026-09-15T21:56:38.954875708+00:00,0.0,0.0,0.0,0.0,0.0
0x06cd569591c76173f2fddd17ec4f54842ecb2cbf,0.0,2026-09-15T18:16:07.558185101+00:00,2026-09-15T18:16:07.558185101+00:00,hours_6_to_18,4115.721373724242,0.528423696349429,0.00012839151350793894,2319.616059468608,0.272746335330391,0.0,0.0,0.0,,2026-09-16T00:37:14.953028917+00:00,0.0,0.0,0.0,0.0,0.0
0xe8c6cee0408d8fcb1e09dc13149b6d516c32ff70,0.0,2026-09-15T01:24:18.654091597+00:00,2026-09-15T01:51:23.822813034+00:00,first_hour,2798.0118421844986,0.43658009999999997,0.00015603225598185736,650.378401132649,0.0769794442456078,0.0,0.0,0.0,,2026-09-16T00:36:06.494293213+00:00,0.0,0.0,0.0,0.0,0.0
0xf94eea1d315d32cae8c0b2d7e95b2cc74b54d509,0.0,2026-09-15T09:26:34.522988558+00:00,2026-09-15T09:26:34.522988558+00:00,hours_6_to_18,7649.318608956475,1.1884238397169518,0.00015536335985867337,7649.318608956474,0.7954670342890539,0.0,0.0,0.0,,2026-09-16T02:03:48.199067831+00:00,0.0,0.0,0.0,0.0,0.0
0xf8dd21037cb62242ceb8e388adfd9d95d7a6e0f1,0.0,2026-09-15T01:50:20.726206541+00:00,2026-09-15T01:50:20.726206303+00:00,first_hour,32289.4956580006,4.497674444244624,0.00013929218628505282,28253.276411254865,3.509381218332073,0.0,0.0,0.0,,2026-09-15T21:21:24.038157701+00:00,0.0,0.0,0.0,0.0,0.0
0xff5e06600acb2dc49a48a27e0c256a7a2af35a51,0.0,2026-09-15T02:32:09.779153585+00:00,2026-09-15T02:32:09.779153585+00:00,hours_1_to_6,102.68865703723093,0.0145750499999999,0.00014193437153156606,156.64384592088953,0.016015982024512748,0.0,0.0,0.0,,2026-09-16T02:18:43.322997808+00:00,0.0,0.0,0.0,0.0,0.0
0xff00ee4bce74c07569f5b8704a0f26642b066300,0.0,2026-09-15T09:44:30.367888451+00:00,2026-09-15T09:44:30.367888451+00:00,hours_6_to_18,22812.835989685685,3.890328059940197,0.00017053241699975933,15398.664293037837,1.7858074465653997,0.0,0.0,0.0,,2026-09-16T01:09:49.092900038+00:00,0.0,0.0,0.0,0.0,0.0
0xfdc0d5bac28f67baff2d06885eb961512ce1ec28,0.0,2026-09-15T06:17:04.903553247+00:00,2026-09-15T06:17:04.903553247+00:00,hours_1_to_6,11461.476368589805,1.8620000000000003,0.00016245725595201804,387.9734828294792,0.0481374956387586,0.0,0.0,0.0,,2026-09-15T21:22:08.952102900+00:00,0.0,0.0,0.0,0.0,0.0
0xfd6d4817b6c3c35c2e857d965d6895f4d0a756b3,0.0,2026-09-15T21:07:11.841545582+00:00,,after_hour_18,0.0,0.0,,386.6770138531245,0.0466819321211762,0.0,0.0,0.0,,2026-09-15T22:00:46.017871141+00:00,0.0,0.0,0.0,0.0,0.0
0xfd3bd73b200e11e680242c29458403065723b23b,0.0,2026-09-15T23:52:59.798766136+00:00,,after_hour_18,0.0,0.0,,352.3974837574476,0.037119842878643235,0.0,0.0,0.0,,2026-09-16T02:00:40.451683521+00:00,0.0,0.0,0.0,0.0,0.0
0xfbcde59cfddb74fe367876400f1b74ce459a2d78,0.0,2026-09-15T02:03:44.268889427+00:00,2026-09-15T02:03:44.268889427+00:00,hours_1_to_6,19015.434254403437,3.43,0.00018037978802433656,19015.434254403437,2.063925432016289,0.0,0.0,0.0,,2026-09-16T01:44:14.433952093+00:00,0.0,0.0,0.0,0.0,0.0
0xfb0d8b94027c5109ae89c5f08b025cc598cf6f49,0.0,2026-09-15T01:00:42.105549574+00:00,2026-09-15T01:00:42.105549574+00:00,first_hour,1009353.1042492278,37.841265,3.749061140317878e-05,215786.98528662074,25.00851536050868,0.0,0.0,0.0,,2026-09-15T22:24:13.503164291+00:00,0.0,0.0,0.0,0.0,0.0
0x096b42670e796c77ea62927c0ee19de211189630,0.0,2026-09-15T07:10:26.159387589+00:00,,hours_6_to_18,0.0,0.0,,4445.6627881577015,0.472279559953155,0.0,0.0,0.0,,2026-09-16T01:47:01.407920361+00:00,0.0,0.0,0.0,0.0,0.0
0x2755e6d91aa574a106fdb76e4dee3a0e11cfbfa4,0.0,2026-09-15T01:12:46.676132441+00:00,2026-09-15T01:12:46.676132441+00:00,first_hour,2.4431334157692244,0.0001753587,7.177614569394608e-05,2.443133415769225,0.0003042102583879,0.0,0.0,0.0,,2026-09-15T21:19:16.301249027+00:00,0.0,0.0,0.0,0.0,0.0
0x2722551ab124eff6b6455dc1ff601365d061b098,0.0,2026-09-15T11:02:47.252767085+00:00,,hours_6_to_18,0.0,0.0,,61.0300365700327,0.00620095460818076,0.0,0.0,0.0,,2026-09-16T02:25:13.455631018+00:00,0.0,0.0,0.0,0.0,0.0
0x26f7e591bf4eb57e1ea0f77805aa03ef66b63449,0.0,2026-09-15T02:08:46.659585953+00:00,2026-09-15T02:08:46.659585953+00:00,hours_1_to_6,641.6191309815193,0.1020395764586704,0.00015903449808701148,1259.3745656341985,0.1316178532217857,0.0,0.0,0.0,,2026-09-16T02:09:21.088073015+00:00,0.0,0.0,0.0,0.0,0.0
0x268f0d612ea8ef92fbb4d7b6cce4a9f5fe9a7174,0.0,2026-09-15T02:04:41.138209105+00:00,2026-09-15T02:04:41.138209105+00:00,hours_1_to_6,163.6798429002393,0.029106,0.0001778227513191085,163.6798429002393,0.0191062537725378,0.0,0.0,0.0,,2026-09-15T22:58:40.837063074+00:00,0.0,0.0,0.0,0.0,0.0
0x266311a44e70363b3d168bcb38cf38cbf2ccc51f,0.0,2026-09-15T21:35:45.697812319+00:00,,after_hour_18,0.0,0.0,,684.9535550302002,0.083616686626859,0.0,0.0,0.0,,2026-09-15T21:50:22.674410820+00:00,0.0,0.0,0.0,0.0,0.0
0x25c289a0a073163a873dd7402fce63424a0d0680,0.0,2026-09-15T07:08:37.743246317+00:00,,hours_6_to_18,0.0,0.0,,23930.45442629494,2.4948550780606893,0.0,0.0,0.0,,2026-09-16T02:03:36.313772202+00:00,0.0,0.0,0.0,0.0,0.0
0x25ae85c65fef6089ce0d4d4618fb2fd5d8f40bb4,0.0,2026-09-16T01:34:46.769500017+00:00,2026-09-16T01:34:46.769500017+00:00,after_hour_18,18.016613028858316,0.0020298422073098,0.00011266502777511384,18.016613028858313,0.001710666985084079,18.016613028858313,0.0,54.049839086574934,,2026-09-16T02:40:38.194994688+00:00,0.0,0.0,0.0,0.0,0.0
0x31b88334ed07e93e8ee6106a1acfc75168c78e9b,0.0,2026-09-15T01:01:58.031556129+00:00,2026-09-15T01:01:58.031555891+00:00,first_hour,202359.9071146783,12.368310699490255,6.112036161630118e-05,202359.90711467827,21.1954579225052,0.0,0.0,0.0,,2026-09-16T02:01:46.525870323+00:00,0.0,0.0,0.0,0.0,0.0
0x3194dc01d91db4422187f06c6a51b3875e70c443,0.0,2026-09-15T01:02:11.822580576+00:00,2026-09-15T01:02:11.822580576+00:00,first_hour,195438.02376049,23.820895771652747,0.00012188465332030445,93919.93015153862,10.402755685879814,0.0,0.0,0.0,,2026-09-16T01:11:49.932899952+00:00,0.0,0.0,0.0,0.0,0.0
0x3160712aba46521d60ee8e6988a2e4eb11d740bd,0.0,2026-09-15T01:13:07.214711189+00:00,2026-09-15T01:13:07.214711189+00:00,first_hour,1268.6069982110014,0.0889316999999999,7.010185197260619e-05,1268.6069982110014,0.12814850455948226,1268.6069982110014,0.0,3805.8209946330044,,2026-09-16T02:27:15.881659031+00:00,0.0,0.0,0.0,0.0,0.0
0x30e22fb0aff38c0501267420853abc3c6c8796ff,0.0,2026-09-15T01:44:15.435401440+00:00,2026-09-15T01:44:15.435401440+00:00,first_hour,102057.8111946048,12.666291628979922,0.00012410898764845854,62064.06738071498,6.650743633992462,0.0,0.0,0.0,,2026-09-16T00:56:33.273999929+00:00,0.0,0.0,0.0,0.0,0.0
0x30d6dad8112c8457dbd681952ef54871dfd584fb,0.0,2026-09-15T01:44:55.809114456+00:00,2026-09-15T06:13:39.624365568+00:00,first_hour,6296.856552710524,1.0493662569189377,0.00016664922380473017,52128.38351393651,5.411918946803755,0.0,0.0,0.0,,2026-09-16T02:03:35.910880804+00:00,0.0,0.0,0.0,0.0,0.0
0x304520291421dbbcaf1ed1933454f0329aaf4536,0.0,2026-09-15T01:12:52.166643620+00:00,2026-09-15T01:12:52.166643620+00:00,first_hour,12639.09180565046,1.2109878,9.581288106939876e-05,857.0952811590276,0.1002679196456957,0.0,0.0,0.0,,2026-09-15T22:22:33.923171997+00:00,0.0,0.0,0.0,0.0,0.0
0x3742ed73b45aecce7f534e60fe2f27d1da64b068,0.0,2026-09-15T01:46:55.307189465+00:00,,first_hour,0.0,0.0,,1181.7786356279444,0.1385797142729825,0.0,0.0,0.0,,2026-09-15T22:18:20.726055622+00:00,0.0,0.0,0.0,0.0,0.0
0x22f25c08cdcc28f1e86e9c547ff78fa672f07b3e,0.0,2026-09-15T01:24:13.648868322+00:00,2026-09-15T01:24:13.648868322+00:00,first_hour,8682.267126245139,0.8855971608199392,0.00010200068115192139,7596.97505319737,0.9261352128270668,0.0,0.0,0.0,,2026-09-15T21:53:27.443315029+00:00,0.0,0.0,0.0,0.0,0.0
0x2df71859c4bba5c0dab74b5eaf9769aa0ed542c1,0.0,2026-09-15T01:45:23.908407211+00:00,2026-09-15T01:45:23.908407211+00:00,first_hour,148859.99578885516,16.921994573386222,0.00011367724742776822,148859.99578885516,13.561504471989155,148859.99578885516,0.0,446579.9873665655,,2026-09-16T02:44:24.723417997+00:00,0.0,0.0,0.0,0.0,0.0
0x2dbf8d4cbd78ef2b1ada1893d59b7c0cbeaf32a8,0.0,2026-09-15T01:15:24.680842161+00:00,2026-09-15T01:15:24.680842161+00:00,first_hour,7062.987227055943,0.871245766618976,0.00012335372252713763,6531.701857255174,0.6697260087707402,3371.357720767903,413.852122708571,8872.516794177996,,2026-09-16T02:43:24.215159178+00:00,0.0,0.0,0.0,0.0,0.0
0x2d9aed7f5ed6322cbcd863cdcdceaea7dea47f40,0.0,2026-09-15T01:31:16.496293306+00:00,2026-09-15T22:48:43.947699308+00:00,first_hour,263.20319675316773,0.0305096361411472,0.00011591666255390953,263.20319675316773,0.0325141802096783,0.0,0.0,0.0,,2026-09-16T00:16:18.067961216+00:00,0.0,0.0,0.0,0.0,0.0
0x2d72e9a3b15b4fc3fabd559f11e7ceac9dafa933,0.0,2026-09-15T01:02:25.773548365+00:00,2026-09-15T01:02:25.773548365+00:00,first_hour,10526.686253656182,0.2036872182164385,1.9349604738689047e-05,10823.0169877795,1.2354166511964906,0.0,0.0,0.0,,2026-09-16T01:29:49.892499924+00:00,0.0,0.0,0.0,0.0,0.0
0x2d70b8de1a89427cb44031d44c4a9c1e1dc9ff95,0.0,2026-09-15T01:12:38.847070217+00:00,2026-09-15T01:12:38.847070217+00:00,first_hour,59672.08909530542,4.6159957799999995,7.735602775072196e-05,9237.350984376635,0.9863125197181928,0.0,0.0,0.0,,2026-09-16T00:52:00.587599993+00:00,0.0,0.0,0.0,0.0,0.0
0x2ce7fb0b0e1cf80a39d42acdf27aff6976e1d24b,0.0,2026-09-16T01:26:01.757499933+00:00,,after_hour_18,0.0,0.0,,332.91945260967447,0.0354738946583991,0.0,0.0,0.0,,2026-09-16T01:46:37.281639099+00:00,0.0,0.0,0.0,0.0,0.0
0x2ccecf28c70c4e76c43c5c9cd895f219d4ad9d4b,0.0,2026-09-15T01:07:04.288753748+00:00,2026-09-15T01:07:04.288753510+00:00,first_hour,1811.4725489807784,0.069102,3.8146865675044374e-05,1811.4725489807784,0.1972225595765699,0.0,0.0,0.0,,2026-09-16T01:43:30.001384735+00:00,0.0,0.0,0.0,0.0,0.0
0x38b229873eec95576cc635ebba813fb27d5c00dd,0.0,2026-09-15T23:56:35.095200062+00:00,,after_hour_18,0.0,0.0,,4688.4874728601835,0.4820782922750455,0.0,0.0,0.0,,2026-09-16T02:16:05.188130140+00:00,0.0,0.0,0.0,0.0,0.0
0x38251cf37a5d554ab1003e28d39ba353a5388a24,0.0,2026-09-15T01:49:43.902945757+00:00,2026-09-15T01:54:42.668226719+00:00,first_hour,3058.887629306185,0.4644026585386941,0.000151820764545061,7450.798995964413,0.8179162615346589,0.0,0.0,0.0,,2026-09-16T00:44:43.829946518+00:00,0.0,0.0,0.0,0.0,0.0
0x38151664da1cc4ade5305af94e7709c6a5a0dd16,0.0,2026-09-15T02:10:21.091398001+00:00,2026-09-15T02:10:21.091397762+00:00,hours_1_to_6,44005.97093693831,6.949320482741195,0.00015791767196091978,7734.651559124576,0.9442596884410344,0.0,0.0,0.0,,2026-09-16T00:19:58.689320326+00:00,0.0,0.0,0.0,0.0,0.0
0x3804a85597ef39efec762a151c4ddfff28b779c0,0.0,2026-09-15T07:13:02.343539+00:00,,hours_6_to_18,0.0,0.0,,34451.12148678771,3.603990979547316,0.0,0.0,0.0,,2026-09-16T02:09:03.763743639+00:00,0.0,0.0,0.0,0.0,0.0
0x3796a177d315b1b1035887bdce9a71daa6a8bad6,0.0,2026-09-15T02:04:02.414358616+00:00,,hours_1_to_6,0.0,0.0,,125.25049685589026,0.0143430025980252,0.0,0.0,0.0,,2026-09-15T22:36:53.129264832+00:00,0.0,0.0,0.0,0.0,0.0
0x23dc7fa4de581b3e62b6c51d4bcbc9f2e1515e8c,0.0,2026-09-15T01:20:59.907050848+00:00,2026-09-15T01:34:45.871568918+00:00,first_hour,1818.5262133562728,0.1936118546409158,0.00010646635347839482,11635.14854288525,1.4160386227151496,0.0,0.0,0.0,,2026-09-16T00:26:19.248543501+00:00,0.0,0.0,0.0,0.0,0.0
0x899536723a207aa8e41c3fc7019407f2a52e7ecf,0.0,2026-09-15T01:06:41.072948217+00:00,2026-09-15T01:06:41.072948217+00:00,first_hour,16666.555559844433,0.6047217000000001,3.6283543880955604e-05,15940.627595769387,1.6326220305606334,0.0,0.0,0.0,,2026-09-16T02:17:40.371219397+00:00,0.0,0.0,0.0,0.0,0.0
0x8908253a36effaf7c284dc044f22d90fc9a3139d,0.0,2026-09-15T22:09:41.587131023+00:00,,after_hour_18,0.0,0.0,,176.84423271249997,0.0200501355320034,0.0,0.0,0.0,,2026-09-15T22:41:02.749790907+00:00,0.0,0.0,0.0,0.0,0.0
0x88f5a9430968ca0abbe1bc662fa963cae1dc4a77,0.0,2026-09-15T01:12:43.320819855+00:00,2026-09-15T01:12:43.320820093+00:00,first_hour,39775.60039791258,3.8128167,9.585818094150243e-05,34133.00607657418,3.69031152748337,0.0,0.0,0.0,,2026-09-16T02:10:34.313581944+00:00,0.0,0.0,0.0,0.0,0.0
0x78c382ba287ef26b843cf8d18939f24521b46f19,0.0,2026-09-15T23:43:06.564608097+00:00,,after_hour_18,0.0,0.0,,30539.330529066618,3.783897153830433,0.0,0.0,0.0,,2026-09-16T00:16:14.332038879+00:00,0.0,0.0,0.0,0.0,0.0
0x7874d25f0571edb77ec59390bee81487ef8a00a7,0.0,2026-09-15T01:20:29.404211044+00:00,2026-09-15T01:20:29.404211044+00:00,first_hour,1136.338691571504,0.11380545,0.00010015099445624994,619.2484063215584,0.07246521391548683,37.92896488719545,0.0,113.78689466158635,,2026-09-16T02:33:14.199285030+00:00,0.0,0.0,0.0,0.0,0.0
0x778a378490db74d5254444f3c2153cdd7c18d343,0.0,2026-09-15T04:00:09.628925085+00:00,,hours_1_to_6,0.0,0.0,,8805.760603697334,0.8020725979643618,8805.760603697334,0.0,26417.281811092,,2026-09-16T02:44:45.463353634+00:00,0.0,0.0,0.0,0.0,0.0
0x7789525ec1b412e57cfc94dec6e489289059fd95,0.0,2026-09-15T02:33:29.082288265+00:00,2026-09-15T02:33:29.082288504+00:00,hours_1_to_6,6807.136365132639,0.9394436968791023,0.00013800864952421104,6075.29932012793,0.6168212996938116,0.0,0.0,0.0,,2026-09-16T02:25:35.403718233+00:00,0.0,0.0,0.0,0.0,0.0
0x76b31d4ec61a5c687319868ed9211c2808894a2b,0.0,2026-09-15T05:43:00.112336874+00:00,2026-09-15T05:43:00.112336874+00:00,hours_1_to_6,14944.29790209766,2.3558560819260004,0.00015764247322688343,2058.7106407609376,0.2553106822239678,0.0,0.0,0.0,,2026-09-15T21:24:34.819411039+00:00,0.0,0.0,0.0,0.0,0.0
0x76b1b9ca0695593b8651704eec5ac3f9e7f7c213,0.0,2026-09-15T06:51:56.281669378+00:00,2026-09-15T06:51:56.281669378+00:00,hours_1_to_6,142.57699585145917,0.0215584159268147,0.0001512054297263696,100.2770455418077,0.0110892781952669,0.0,0.0,0.0,,2026-09-16T00:41:19.238070011+00:00,0.0,0.0,0.0,0.0,0.0
0x84b2c3781b7eaf118ee2666477e52d63f5c4270a,0.0,2026-09-15T14:46:11.911639214+00:00,,hours_6_to_18,0.0,0.0,,62.217494957850974,0.007382455838562,0.0,0.0,0.0,,2026-09-15T22:10:59+00:00,0.0,0.0,0.0,0.0,0.0
0x84a3293bc2535f5cad35a422807b575958c0f755,0.0,2026-09-15T01:41:50.069746733+00:00,2026-09-15T01:41:50.069746733+00:00,first_hour,1969.463848078002,0.1939211999999999,9.846395514659862e-05,984.733848078002,0.1241640634168914,0.0,0.0,0.0,,2026-09-15T20:56:32.476108551+00:00,0.0,0.0,0.0,0.0,0.0
0x8427a0aef2691ba80eab69265c331c2ce1c66781,0.0,2026-09-15T05:19:11.197183132+00:00,,hours_1_to_6,0.0,0.0,,4078.066250330953,0.5036537110945232,0.0,0.0,0.0,,2026-09-15T21:53:51.394839764+00:00,0.0,0.0,0.0,0.0,0.0
0x83e54891db9707752a37e9788aa31a30a00e107d,0.0,2026-09-15T02:04:36.677870512+00:00,2026-09-15T02:04:36.677870512+00:00,hours_1_to_6,31402.809056865397,4.4289629999999995,0.00014103715982795886,12475.864621209685,1.4676530645570645,0.0,0.0,0.0,,2026-09-16T00:37:14.450395107+00:00,0.0,0.0,0.0,0.0,0.0
0x5583d769058701d8d1dd7dab6856c05874d62b5d,0.0,2026-09-15T06:22:22.467005014+00:00,2026-09-15T06:22:22.467005014+00:00,hours_1_to_6,55226.72253666215,9.98297629,0.00018076351142099409,50534.132044230675,5.092274787812368,50534.132044230675,0.0,151602.39613269203,,2026-09-16T02:32:01.408151627+00:00,0.0,0.0,0.0,0.0,0.0
0x83bbf51cbd0a7dd0ecc5d4df4eed53341a10aa29,0.0,2026-09-15T01:11:07.338551044+00:00,2026-09-15T01:11:07.338551044+00:00,first_hour,940.7722249808962,0.07205814,7.659467200093334e-05,1074.5713590795508,0.10254157834444712,1074.5713590795508,0.0,3223.7140772386524,,2026-09-16T02:40:36.282088041+00:00,0.0,0.0,0.0,0.0,0.0
0x834e27b21ae759c39d7d1d265642ba99690a9639,0.0,2026-09-15T01:02:19.413548470+00:00,2026-09-15T01:02:19.413548470+00:00,first_hour,17498.8909613265,1.36126188,7.779132306204221e-05,3710.721219045647,0.3982445295942182,0.0,0.0,0.0,,2026-09-16T01:45:25.606479883+00:00,0.0,0.0,0.0,0.0,0.0
0x834cd5a02813eb6d7ae06e85bef4552a1faf51de,0.0,2026-09-15T01:01:30.430903196+00:00,2026-09-15T01:01:30.430903196+00:00,first_hour,270431.03885472147,6.947711099999999,2.5691248790906678e-05,66536.17672221853,7.877638642515061,0.0,0.0,0.0,,2026-09-15T22:11:16.794905901+00:00,0.0,0.0,0.0,0.0,0.0
0x821e2e7537bd001052350b52842469f768be92c7,0.0,2026-09-15T06:12:20.233502626+00:00,,hours_1_to_6,0.0,0.0,,3629.228713000089,0.4429803338732648,0.0,0.0,0.0,,2026-09-15T21:50:38.071819544+00:00,0.0,0.0,0.0,0.0,0.0
0x71fd2543b1e0a97d5c7f3db6c1e1b733aa2b435b,0.0,2026-09-15T12:48:27.103235483+00:00,2026-09-15T12:48:27.103235483+00:00,hours_6_to_18,555.4485304816757,0.097608,0.00017572825319270532,555.4485304816757,0.0677305395775089,0.0,0.0,0.0,,2026-09-16T00:20:25.547572851+00:00,0.0,0.0,0.0,0.0,0.0
0x71f9be8ffd2fc8e2a9cf39cf53e1a4ff7d1e413f,0.0,2026-09-15T13:55:23.303778648+00:00,,hours_6_to_18,0.0,0.0,,644.518472713136,0.0715492453139277,0.0,0.0,0.0,,2026-09-16T00:40:31.236479282+00:00,0.0,0.0,0.0,0.0,0.0
0x71c75263696cb48ccf62b9145eefc6788f5094e5,0.0,2026-09-15T22:07:20.735924959+00:00,,after_hour_18,0.0,0.0,,283.9612948424562,0.0332206586576419,0.0,0.0,0.0,,2026-09-15T22:22:33.722142220+00:00,0.0,0.0,0.0,0.0,0.0
0x71ba4ce9bd0b5ecc4dbc815ec08960890f0c2fb3,0.0,2026-09-15T08:16:04.894997835+00:00,2026-09-15T08:16:04.894997835+00:00,hours_6_to_18,6961.223434767372,1.138961672536885,0.00016361515805517977,6961.223434767372,0.7636095379026508,0.0,0.0,0.0,,2026-09-16T00:45:15.473599911+00:00,0.0,0.0,0.0,0.0,0.0
0x715d5e019c82afd86ab8c651936a6f7439972f86,0.0,2026-09-15T01:01:56.869423389+00:00,2026-09-15T01:01:56.869423389+00:00,first_hour,2220.04870126091,0.03498165,1.5757154327349506e-05,251.23467937560585,0.031887563182353,0.0,0.0,0.0,,2026-09-16T00:06:30.332900047+00:00,0.0,0.0,0.0,0.0,0.0
0x6f58c938a4162560d878d1c55024742cdf7661f3,0.0,2026-09-15T01:04:13.278064489+00:00,2026-09-15T01:04:13.278064489+00:00,first_hour,1774.8028236952914,0.205648695,0.00011587129130875609,2584.9999999999995,0.3147918245093153,0.0,0.0,0.0,,2026-09-16T00:23:13.866019487+00:00,0.0,0.0,0.0,0.0,0.0
0x6f0dd760b17ee959e00c00088130b9cab7d9d2a9,0.0,2026-09-15T01:24:02.616947174+00:00,2026-09-15T01:24:02.616947174+00:00,first_hour,222.56052012302783,0.022933152,0.00010304231849980817,302.48345086195474,0.0353823862313342,0.0,0.0,0.0,,2026-09-15T22:22:59.856024742+00:00,0.0,0.0,0.0,0.0,0.0
0xfa8f45cfb81782b2c3426e0c0ed76f80f1ac664f,0.0,2026-09-15T01:08:52.475789547+00:00,2026-09-15T01:08:52.475789547+00:00,first_hour,2246.973014925346,0.27611199,0.0001228817561074153,1464.8151036664065,0.1788227132743839,0.0,0.0,0.0,,2026-09-15T21:46:50.431698799+00:00,0.0,0.0,0.0,0.0,0.0
0x6cbaaab3766d9a2e4912779912f3858b384af7ad,0.0,2026-09-15T18:04:39.297232151+00:00,,hours_6_to_18,0.0,0.0,,1353.6284981782815,0.13303549430807268,1353.6284981782815,0.0,4060.8854945348444,,2026-09-16T02:39:16.745441437+00:00,0.0,0.0,0.0,0.0,0.0
0x83c0af442cdecebcda22e00b67d061633b0c0edf,0.0,2026-09-15T01:04:31.947741985+00:00,2026-09-15T01:04:31.947741985+00:00,first_hour,3441.9113160847405,0.14520705790177618,4.218791379754456e-05,835.7523826647235,0.0906729106057608,0.0,0.0,0.0,,2026-09-16T00:50:30.829999924+00:00,0.0,0.0,0.0,0.0,0.0
0x966832b9a78e5c47676242a0f09af9242c74d500,0.0,2026-09-15T12:08:54.518678427+00:00,2026-09-15T12:32:26.841860294+00:00,hours_6_to_18,1001.2346528582234,0.16550883906211739,0.00016530474508611893,4523.300411450876,0.46208599713394355,0.0,0.0,0.0,,2026-09-16T02:19:43.756705284+00:00,0.0,0.0,0.0,0.0,0.0
0x95b0746316368ca24e5a58da7fe961d791cb6829,0.0,2026-09-15T01:57:04.035463572+00:00,2026-09-15T01:57:04.035463572+00:00,first_hour,1613.4580788896124,0.2792090469821727,0.00017305007835984517,1411.774205570332,0.1621473512622385,0.0,0.0,0.0,,2026-09-15T22:33:02.435848236+00:00,0.0,0.0,0.0,0.0,0.0
0x950067b78f91b584c767ebcdf54f4797fcf82656,0.0,2026-09-15T21:15:30.600205898+00:00,,after_hour_18,0.0,0.0,,3554.023766806581,0.4422101887282482,0.0,0.0,0.0,,2026-09-15T21:20:24.805316925+00:00,0.0,0.0,0.0,0.0,0.0
0xf9d9bd237948a4d7d6125fa64dae3efd227b0d34,0.0,2026-09-15T01:16:34.634021282+00:00,2026-09-15T01:16:34.634021282+00:00,first_hour,13717.693027927842,1.5280346700310858,0.00011139151947198126,15899.473790357135,1.693027962408843,0.0,0.0,0.0,,2026-09-16T02:16:42.858474493+00:00,0.0,0.0,0.0,0.0,0.0
0x87f530b9ecc4bff59ff823cea6ef67532339805b,0.0,2026-09-15T01:02:31.518064498+00:00,2026-09-15T01:02:31.518064498+00:00,first_hour,27821.790172662942,2.119293,7.617385462429262e-05,13090.835224908682,1.6188456633502937,0.0,0.0,0.0,,2026-09-15T23:33:12.337199926+00:00,0.0,0.0,0.0,0.0,0.0
0x86ee74af308f2a2b336184bbf76212965ee30ff7,0.0,2026-09-15T02:11:24.958734512+00:00,,hours_1_to_6,0.0,0.0,,251.83048514283217,0.02317854888971064,251.83048514283217,0.0,755.4914554284965,,2026-09-16T02:46:02.382338285+00:00,0.0,0.0,0.0,0.0,0.0
0x865fe5e98e97c23a851aa99c0d882d4ca511906b,0.0,2026-09-15T14:47:12.333833218+00:00,2026-09-15T14:47:12.333833218+00:00,hours_6_to_18,113.30725604464078,0.0145543761375791,0.00012845052157864424,40.401930017275255,0.0050731222275539,0.0,0.0,0.0,,2026-09-15T20:52:41.159504890+00:00,0.0,0.0,0.0,0.0,0.0
0x85abb63d2fe9814443f841c2aa995d4dbaed3b86,0.0,2026-09-15T01:50:35.333781004+00:00,2026-09-15T01:50:35.333781004+00:00,first_hour,7359.13178083906,0.9365659250992804,0.00012726581789686292,7138.93749314864,0.7417889465810459,0.0,0.0,0.0,,2026-09-16T02:11:02.213810205+00:00,0.0,0.0,0.0,0.0,0.0
0x84d0f74d21a89f86b67e9a38d8559d0b4e10f12d,0.0,2026-09-15T05:08:21.579534054+00:00,,hours_1_to_6,0.0,0.0,,7195.79158548918,0.8728672351087585,0.0,0.0,0.0,,2026-09-16T01:48:07.346966028+00:00,0.0,0.0,0.0,0.0,0.0
0x92a8d5ce2ecc201be0d707f4922ab6484bb50d61,0.0,2026-09-15T01:01:53.286180496+00:00,2026-09-15T01:01:53.286180735+00:00,first_hour,175264.1163484638,9.898247699999999,5.6476179529642535e-05,38020.29655399278,4.545583646673553,0.0,0.0,0.0,,2026-09-15T22:06:20.213136911+00:00,0.0,0.0,0.0,0.0,0.0
0x91e34590d02096b75ac681899c938d1784684a66,0.0,2026-09-15T02:15:43.552040339+00:00,2026-09-15T03:53:32.823860407+00:00,hours_1_to_6,788.6208067665453,0.1147585880931384,0.0001455180830996135,1356.609747597196,0.1562008122894629,0.0,0.0,0.0,,2026-09-15T22:26:11.460564852+00:00,0.0,0.0,0.0,0.0,0.0
0x91a4a46fcd3226d4dbc106583ce6ff04c9668e97,0.0,2026-09-15T01:26:23.411941528+00:00,2026-09-15T01:26:23.411941528+00:00,first_hour,2862.564239221194,0.2894265,0.0001011074253057612,2862.564239221194,0.3487412757446089,0.0,0.0,0.0,,2026-09-15T23:14:13.310844898+00:00,0.0,0.0,0.0,0.0,0.0
0x9197ce79fcd4a8fc1e6c79d6966260b56e16d4b6,0.0,2026-09-15T04:26:25.691918135+00:00,,hours_1_to_6,0.0,0.0,,3661.566438441496,0.4016945047640617,0.0,0.0,0.0,,2026-09-16T00:49:18.742799997+00:00,0.0,0.0,0.0,0.0,0.0
0x8a36bda4ef5ad2611a730dc0e311ce4722f33832,0.0,2026-09-15T01:55:31.866066694+00:00,2026-09-15T01:56:11.979657888+00:00,first_hour,3154.222274952024,0.5336753614229188,0.00016919396126927551,6389.814361967616,0.7065739612957275,0.0,0.0,0.0,,2026-09-16T01:12:09.468699932+00:00,0.0,0.0,0.0,0.0,0.0
0x910d051607ecba7ec107beff6a114ba77233e087,0.0,2026-09-15T01:49:27.976631641+00:00,,first_hour,0.0,0.0,,829.2042983647469,0.08424926782506677,0.0,0.0,0.0,,2026-09-16T02:25:24.429674625+00:00,0.0,0.0,0.0,0.0,0.0
0x90cd32a9a55be19082644ec54cd682de995649de,0.0,2026-09-15T01:13:14.433716536+00:00,2026-09-15T02:08:28.514116763+00:00,first_hour,309.8265534889631,0.0474574208345765,0.0001531741559919817,4531.666195860152,0.4924761089990362,0.0,0.0,0.0,,2026-09-16T00:49:46.854799986+00:00,0.0,0.0,0.0,0.0,0.0
0x90c957d6d2adb667a209f2c7c00ad9e5848e8b34,0.0,2026-09-15T04:15:57.101418257+00:00,2026-09-15T12:34:12.441860437+00:00,hours_1_to_6,179.25705586066584,0.0297872279095318,0.00016617046267168988,545.4491349942513,0.065849649469793,0.0,0.0,0.0,,2026-09-15T22:02:40.038873911+00:00,0.0,0.0,0.0,0.0,0.0
0x8eea4bd83ccd1f2521ee067595a017259c3ffc11,0.0,2026-09-15T01:49:35.483301878+00:00,2026-09-15T01:49:35.483302116+00:00,first_hour,127583.78896579759,18.45374317083949,0.00014464018760084428,1854.4750000696656,0.2318495112487312,0.0,0.0,0.0,,2026-09-15T21:14:03.868526459+00:00,0.0,0.0,0.0,0.0,0.0
0x812a18837d67ffb540443453b9bf40f3e7487666,0.0,2026-09-15T22:33:02.737145662+00:00,2026-09-15T22:33:02.737145662+00:00,after_hour_18,34045.38147784112,3.993892,0.0001173108312092046,34045.38147784112,4.2610647037122,0.0,0.0,0.0,,2026-09-16T00:13:32.674157381+00:00,0.0,0.0,0.0,0.0,0.0
0x801ff26528d5bd804026a7c26a10794848316083,0.0,2026-09-15T01:57:34.146174669+00:00,2026-09-15T01:57:34.146174908+00:00,first_hour,39084.302370577556,6.762,0.0001730106357249553,39084.30237057756,4.805500690717594,0.0,0.0,0.0,,2026-09-16T00:17:18.246602058+00:00,0.0,0.0,0.0,0.0,0.0
0x7fcfaccad8a693349253f9d104d41613617515fa,0.0,2026-09-15T02:30:35.568651915+00:00,,hours_1_to_6,0.0,0.0,,8687.3768651375,0.8913471683459734,0.0,0.0,0.0,,2026-09-16T02:16:47.592448235+00:00,0.0,0.0,0.0,0.0,0.0
0x7f6614bcbe404a78aeb8147fde495070a2b2de43,0.0,2026-09-15T01:08:27.016842127+00:00,2026-09-15T01:08:27.016841888+00:00,first_hour,2433.775736263969,0.12342726,5.071431116717033e-05,1092.521928008896,0.1231710721646418,0.0,0.0,0.0,,2026-09-16T01:19:26.189500093+00:00,0.0,0.0,0.0,0.0,0.0
0x7e5be92a83f6c3a13b4b76f012ed67ae2d1880f1,0.0,2026-09-15T01:56:13.204500437+00:00,2026-09-15T02:00:37.770477057+00:00,first_hour,4477.875138191608,0.7765577918241464,0.0001734210463353294,9356.430648214073,1.0714325943111185,0.0,0.0,0.0,,2026-09-15T22:36:45.697260857+00:00,0.0,0.0,0.0,0.0,0.0
0x8bb747ed8fa7ab7c8dfffada712d47bd56cce19f,0.0,2026-09-15T01:49:09.412839174+00:00,2026-09-15T01:49:09.412839174+00:00,first_hour,1397.0018891959678,0.201797442,0.00014445037158549782,1397.0018891959678,0.1604513962098526,0.0,0.0,0.0,,2026-09-15T22:30:31.186952353+00:00,0.0,0.0,0.0,0.0,0.0
0x8ab83793cafe1f88d3c875187a70344c31652c22,0.0,2026-09-15T03:24:53.395537615+00:00,2026-09-15T22:56:00.514709710+00:00,hours_1_to_6,5982.82790799837,0.708914393756881,0.00011849152351668714,3556.916250955366,0.3875204016358651,0.0,0.0,0.0,,2026-09-16T01:42:15.612018824+00:00,0.0,0.0,0.0,0.0,0.0
0x8aae5280543409991f025675b826aabb4911d1f2,0.0,2026-09-15T01:28:05.791424513+00:00,2026-09-15T01:28:05.791424513+00:00,first_hour,885.3441251016477,0.07703784,8.70145718662279e-05,498.0060703696769,0.04556500025797526,498.0060703696769,0.0,1494.0182111090307,,2026-09-16T02:45:33.890096426+00:00,0.0,0.0,0.0,0.0,0.0
0x8a91c5ca1ddc2d4a161a1dcff265233287ede4a4,0.0,2026-09-15T01:04:15.227096796+00:00,2026-09-15T01:04:15.227096796+00:00,first_hour,11070.538342479247,0.2583405,2.3335857029527674e-05,11070.538342479247,1.2796468666066576,0.0,0.0,0.0,,2026-09-16T00:49:34.304800034+00:00,0.0,0.0,0.0,0.0,0.0
0x916934da62467c5d7f54e3825af31900195b906f,0.0,2026-09-15T01:47:55.563434601+00:00,2026-09-15T01:47:55.563434601+00:00,first_hour,264.0594060424751,0.0388069306930693,0.00014696287958334284,264.0594060424751,0.0302246158110752,0.0,0.0,0.0,,2026-09-15T22:35:02.753964424+00:00,0.0,0.0,0.0,0.0,0.0
0x2bd9000e3e516a74582e5cdfa2e67fedee38157f,0.0,2026-09-15T02:24:35.763636112+00:00,,hours_1_to_6,0.0,0.0,,430.616378789897,0.0450963438039002,0.0,0.0,0.0,,2026-09-16T02:05:51.282385349+00:00,0.0,0.0,0.0,0.0,0.0
0x2b69c3251b373d8820e90a2580dcf2a84fcd00e6,0.0,2026-09-15T09:44:30.367888451+00:00,2026-09-15T09:44:30.367888451+00:00,hours_6_to_18,22910.934461770383,3.899865583626725,0.000170218529939672,15464.88076169501,1.7952854534570837,0.0,0.0,0.0,,2026-09-16T01:09:49.092900038+00:00,0.0,0.0,0.0,0.0,0.0
0x2a3399038a938b43e142256cc59273dc9911ca70,0.0,2026-09-15T01:05:23.576868773+00:00,2026-09-15T01:05:23.576868773+00:00,first_hour,194.81794371950187,0.00915255,4.698001541982091e-05,194.81794371950184,0.0246252157934154,0.0,0.0,0.0,,2026-09-16T00:04:12.877399921+00:00,0.0,0.0,0.0,0.0,0.0
0x2a0b1198c6f6f6aeba5d50952904901aa82677ce,0.0,2026-09-15T03:17:00.271805286+00:00,,hours_1_to_6,0.0,0.0,,705.466452312267,0.077422340978443,0.0,0.0,0.0,,2026-09-16T00:44:53.079144478+00:00,0.0,0.0,0.0,0.0,0.0
0x05583a1597de1b5589f0b151e7b93d0f489e01b8,0.0,2026-09-15T20:48:30.248538971+00:00,2026-09-15T20:48:30.248538971+00:00,after_hour_18,3030.027360056109,0.38808,0.00012807805141165909,3030.027360056109,0.31475601716606927,0.0,0.0,0.0,,2026-09-16T02:11:07.451398134+00:00,0.0,0.0,0.0,0.0,0.0
0x0505bfed047ee63796da81a40061136c918d7ec7,0.0,2026-09-15T21:40:33.882292509+00:00,,after_hour_18,0.0,0.0,,1.7761405553439793,0.0002169903910291,0.0,0.0,0.0,,2026-09-15T21:42:21.989972591+00:00,0.0,0.0,0.0,0.0,0.0
0x6150b4a6bbe8cff57623e6972407f02ede8ffe42,0.0,2026-09-15T01:50:55.520637511+00:00,2026-09-15T01:50:55.520637511+00:00,first_hour,66.95778660842934,0.0097019801980198,0.0001448969670212846,66.95778660842934,0.0072801868823265,0.0,0.0,0.0,,2026-09-16T00:49:29.084000111+00:00,0.0,0.0,0.0,0.0,0.0
0x60d97552d8f7982922d18d0f2a8fbd9d5b0e2c28,0.0,2026-09-15T02:23:35.504394770+00:00,2026-09-15T02:23:35.504394770+00:00,hours_1_to_6,3766.276631153636,0.5839544694892611,0.00015504821516798458,25413.214150042248,2.49586936153072,25413.214150042248,0.0,76239.64245012675,,2026-09-16T02:39:25.705899239+00:00,0.0,0.0,0.0,0.0,0.0
0x609fe17db3cd92f4551dbb34b324c033a025bce6,0.0,2026-09-15T06:43:51.372447252+00:00,2026-09-15T06:43:51.372447252+00:00,hours_1_to_6,1091.503928833966,0.195216,0.0001788504785397756,1091.503928833966,0.1237459657721447,0.0,0.0,0.0,,2026-09-15T22:41:27.051464319+00:00,0.0,0.0,0.0,0.0,0.0
0x604b5278bd394ff2104987fd41b20ad9238ee837,0.0,2026-09-15T18:20:22.522682428+00:00,,hours_6_to_18,0.0,0.0,,1715.758425609446,0.20841135557492219,0.0,0.0,0.0,,2026-09-16T00:27:49.504155158+00:00,0.0,0.0,0.0,0.0,0.0
0x5fe497271cb5ddbea7ce9d3892b5f21a84f4eeef,0.0,2026-09-15T06:24:12.720812082+00:00,,hours_1_to_6,0.0,0.0,,488.9784837302219,0.0554857739623906,0.0,0.0,0.0,,2026-09-15T22:39:49.239748955+00:00,0.0,0.0,0.0,0.0,0.0
0x5ecd60d9396caa6cfc8c6724b6b810493bc57a85,0.0,2026-09-16T02:26:33.898391247+00:00,,after_hour_18,0.0,0.0,,6274.137240231622,0.6310963850184231,6274.137240231622,0.0,18822.411720694865,,2026-09-16T02:32:56.379049063+00:00,0.0,0.0,0.0,0.0,0.0
0x5d1b0ae6e45a9e376cabe2351ef470970cc3d938,0.0,2026-09-15T01:44:18.275763273+00:00,,first_hour,0.0,0.0,,9555.240354737214,1.1241291794293689,0.0,0.0,0.0,,2026-09-15T22:13:20.052278757+00:00,0.0,0.0,0.0,0.0,0.0
0x7d29cbe7299b3673ef044c2e90c73af2e685b060,0.0,2026-09-15T02:08:49.599354506+00:00,2026-09-15T02:08:49.599354744+00:00,hours_1_to_6,2397.820392414079,0.3818437870413649,0.00015924620052836067,896.9341161121,0.1130665917380947,0.0,0.0,0.0,,2026-09-15T20:56:52.586112022+00:00,0.0,0.0,0.0,0.0,0.0
0x5c32868520eaae7bb4cf8477db00a059d18ce249,0.0,2026-09-15T09:56:22.859455824+00:00,2026-09-15T09:56:22.859455824+00:00,hours_6_to_18,8525.045832991362,1.502528032902424,0.00017624867506139852,8525.045832991362,0.8605595121109869,8525.045832991362,0.0,25575.137498974087,,2026-09-16T02:31:25.364962578+00:00,0.0,0.0,0.0,0.0,0.0
0x6c9ae6b9a81343680e4c90b710958112c1109b9e,0.0,2026-09-15T01:02:31.723225832+00:00,2026-09-15T01:02:31.723225832+00:00,first_hour,62336.42723847766,1.078704,1.730455285596094e-05,62336.42723847766,6.907227212817931,0.0,0.0,0.0,,2026-09-16T00:40:47.771473885+00:00,0.0,0.0,0.0,0.0,0.0
0x6c38d201a34ebd50670062eb2e3bef9a400996de,0.0,2026-09-15T01:49:49.989434958+00:00,2026-09-15T01:49:49.989434958+00:00,first_hour,31179.44078055217,4.1715135,0.0001337905169422389,22856.28078055217,2.8213066406777347,0.0,0.0,0.0,,2026-09-15T23:17:33.540693521+00:00,0.0,0.0,0.0,0.0,0.0
0x6bf23d9f676ec7d22ce6d76c075d38d5834d3fef,0.0,2026-09-15T01:11:37.333010197+00:00,2026-09-15T01:11:37.333010197+00:00,first_hour,381.5073457349272,0.030962132716411097,8.115736974019816e-05,381.5073457349272,0.03922175346685252,0.0,0.0,0.0,,2026-09-16T02:16:39.534620522+00:00,0.0,0.0,0.0,0.0,0.0
0x5c05c60c6a6e1ac392f2b7de2c97036d29b34e6f,0.0,2026-09-15T01:07:30.253799438+00:00,2026-09-15T01:07:30.253799438+00:00,first_hour,3241.564110021189,0.1422252804131491,4.38755105825192e-05,892.6557479846155,0.1081955944799595,0.0,0.0,0.0,,2026-09-15T21:56:56.666927099+00:00,0.0,0.0,0.0,0.0,0.0
0x5b3fcc404c541491b5c9662d95fb9cd905f21661,0.0,2026-09-15T01:02:31.620645046+00:00,2026-09-15T01:02:31.620645046+00:00,first_hour,4331.138657572831,0.33234465,7.673378210113593e-05,4331.13865757283,0.445641035242817,0.0,0.0,0.0,,2026-09-16T02:15:51.187654495+00:00,0.0,0.0,0.0,0.0,0.0
0x5b2787b662c4fc14cb6465412365d95b6ed6d9a7,0.0,2026-09-15T23:49:29.006169796+00:00,2026-09-16T01:05:41.068799973+00:00,after_hour_18,362.108838288429,0.0404857015931948,0.00011180533947902949,1738.213842209749,0.1865224632409805,0.0,0.0,0.0,,2026-09-16T01:45:29.728053093+00:00,0.0,0.0,0.0,0.0,0.0
0x59107cd3c95e479096c8fa42b41c12e4b8a91a5d,0.0,2026-09-15T01:07:25.671732426+00:00,2026-09-15T01:07:25.671732426+00:00,first_hour,14940.128421610138,0.6374214,4.2665054945444935e-05,14992.418032650425,1.547043075354151,0.0,0.0,0.0,,2026-09-16T02:14:41.688890934+00:00,0.0,0.0,0.0,0.0,0.0
0x57e0917351ce83fe7b72f659efb435edbcb3fb21,0.0,2026-09-15T02:56:38.986010790+00:00,2026-09-15T02:56:38.986010790+00:00,hours_1_to_6,8076.582550721317,1.1146505771505077,0.00013801017573341818,20622.682853052196,2.49451694473315,0.0,0.0,0.0,,2026-09-15T21:58:44.951971292+00:00,0.0,0.0,0.0,0.0,0.0
0x57c5c112da1a7e56c1becc7bd439f980e1d6cfe0,0.0,2026-09-15T01:57:01.381638050+00:00,2026-09-15T01:57:01.381638050+00:00,first_hour,1749.7016246453081,0.29106,0.00016634836242950988,1749.701624645308,0.18060037986064129,0.0,0.0,0.0,,2026-09-16T02:13:14.563629389+00:00,0.0,0.0,0.0,0.0,0.0
0x565a624860f330a79a672e42a2cf2cc71e27d0b5,0.0,2026-09-15T02:03:15.673087120+00:00,,hours_1_to_6,0.0,0.0,,1568.8946729342297,0.1732800642365384,0.0,0.0,0.0,,2026-09-16T01:33:22.952500105+00:00,0.0,0.0,0.0,0.0,0.0
0x55b5fca9275e65d7969ecf7928001761d09c8c8a,0.0,2026-09-15T01:11:07.135198832+00:00,2026-09-15T01:11:07.135198832+00:00,first_hour,2.092600630381965,0.0001802097,8.611757895108064e-05,0.7760667802786289,9.5089302024619e-05,0.0,0.0,0.0,,2026-09-15T21:26:12.991405964+00:00,0.0,0.0,0.0,0.0,0.0
0x55a1505a8c43e92493bedff34f517099b471a93b,0.0,2026-09-15T01:48:05.200376034+00:00,2026-09-15T01:48:05.200376034+00:00,first_hour,150.1362791898686,0.020370042,0.00013567701364331267,150.1362791898686,0.0160241796183554,0.0,0.0,0.0,,2026-09-16T00:55:48.094000101+00:00,0.0,0.0,0.0,0.0,0.0
0x5c8e02921ba4b59908079566dc8cf4f6d8e108e0,0.0,2026-09-15T23:18:28.813163519+00:00,2026-09-15T23:18:28.813163519+00:00,after_hour_18,1.5573698186514389,0.000196,0.0001258532158853064,1.5573698186514389,0.0001920996000998,0.0,0.0,0.0,,2026-09-15T23:18:50.620665312+00:00,0.0,0.0,0.0,0.0,0.0
0x7c9457a775015eee6e098cb1a4ba6cf9b0fdf3c0,0.0,2026-09-15T01:54:29.603240252+00:00,2026-09-15T01:54:29.603240490+00:00,first_hour,60603.25045795539,9.292817947869624,0.0001533386060590378,16837.725870806433,1.865200398454614,0.0,0.0,0.0,,2026-09-16T01:32:41.848000050+00:00,0.0,0.0,0.0,0.0,0.0
0x7c505e3e3f66f5bb81a937500153ce1c8c24ca18,0.0,2026-09-15T01:02:56.547741890+00:00,2026-09-15T01:02:56.547741890+00:00,first_hour,229388.26243387468,13.4923338,5.881876281219668e-05,85132.17380880646,9.812153429696558,0.0,0.0,0.0,,2026-09-16T01:10:01.378299952+00:00,0.0,0.0,0.0,0.0,0.0
0x7bbd6293d5ae967ab349fda71b9c6e0bee1a0b66,0.0,2026-09-15T01:07:44.487719536+00:00,2026-09-15T01:07:44.487719297+00:00,first_hour,177841.4050187344,12.840102,7.219973323224354e-05,54211.504437270974,6.588922563500036,0.0,0.0,0.0,,2026-09-15T21:54:58.620127439+00:00,0.0,0.0,0.0,0.0,0.0
0x7bb18a5c1e56565f2a3dd5cdeed38a013a388705,0.0,2026-09-15T01:15:14.004848242+00:00,2026-09-15T01:34:51.851485252+00:00,first_hour,408.1508779229425,0.0415755589877822,0.00010186321097570081,1606.2875389191051,0.16687803542428029,0.0,0.0,0.0,,2026-09-16T02:02:21.275252104+00:00,0.0,0.0,0.0,0.0,0.0
0x79f07f8b7beaa11ff3985417a56a2667d619cae9,0.0,2026-09-15T01:13:25.923119545+00:00,2026-09-15T01:13:25.923119545+00:00,first_hour,6547.464755380548,0.9602193152760662,0.00014665513311652134,1844.9872727345867,0.17693918730228375,1844.9872727345867,0.0,5534.96181820376,,2026-09-16T02:40:34.469860554+00:00,0.0,0.0,0.0,0.0,0.0
0x6a23e5620c64f4ee58c3cc02c8cafabfe58f5946,0.0,2026-09-15T01:09:58.220350981+00:00,2026-09-15T01:09:58.220350981+00:00,first_hour,665.5308872772298,0.03605877,5.418046057564802e-05,665.5308872772298,0.06785450382115334,0.0,0.0,0.0,,2026-09-16T02:21:56.106524706+00:00,0.0,0.0,0.0,0.0,0.0
0x6938fa94d58b42cdcd80ac7dab595d82ad18aab6,0.0,2026-09-15T01:02:05.975483894+00:00,2026-09-15T01:02:05.975483894+00:00,first_hour,10335.974850787192,0.2519013430504025,2.4371319269533402e-05,10335.97485078719,1.1447852903125657,0.0,0.0,0.0,,2026-09-16T01:12:33.636699915+00:00,0.0,0.0,0.0,0.0,0.0
0x6935ee7038d877604b006c52709abad248449737,0.0,2026-09-15T02:09:20.112126827+00:00,2026-09-15T02:09:20.112126827+00:00,hours_1_to_6,199974.88380698627,29.62790025402268,0.00014815810710818678,271618.851733777,29.217039808924188,0.0,0.0,0.0,,2026-09-16T00:50:41.171200037+00:00,0.0,0.0,0.0,0.0,0.0
0x67283ebd069eadb8ebd7d9c3e43692707cf52278,0.0,2026-09-15T01:03:19.218064547+00:00,2026-09-15T01:03:19.218064308+00:00,first_hour,16.60797456388772,0.0006833376,4.114514972137814e-05,2.6972436128813517,0.0003304016507869,0.0,0.0,0.0,,2026-09-15T21:26:39.980978489+00:00,0.0,0.0,0.0,0.0,0.0
0x65e635f88d7c0d522fee14d504a0cf5bbcb94140,0.0,2026-09-15T01:01:59.205161333+00:00,2026-09-15T01:01:59.205161095+00:00,first_hour,42723.17301893732,1.7997801188877491,4.2126555489920775e-05,24692.99294677915,2.601299412406823,0.0,0.0,0.0,,2026-09-16T02:13:13.556401014+00:00,0.0,0.0,0.0,0.0,0.0
0x65c98dbb9abda3d96fb7aa267ce8bfbe4238f3c0,0.0,2026-09-15T01:44:08.638821840+00:00,2026-09-15T01:44:08.638821840+00:00,first_hour,3.554868295944817,0.0003892683446704,0.00010950288794509046,3.554868295944817,0.0003826496351786,0.0,0.0,0.0,,2026-09-16T01:44:37.253392458+00:00,0.0,0.0,0.0,0.0,0.0
0x655a008b0d76cc301006bb676c5194bc03a5fed4,0.0,2026-09-15T06:24:25.512690544+00:00,2026-09-15T06:24:25.512690306+00:00,hours_1_to_6,286794.323863097,53.513396497878794,0.0001865915467818803,274519.52680175647,27.341576607722242,274519.52680175647,0.0,823558.5804052694,,2026-09-16T02:34:45.817447186+00:00,0.0,0.0,0.0,0.0,0.0
0x6524be37c49b085a067cee447932e6d2444c9b58,0.0,2026-09-15T01:39:54.527889729+00:00,2026-09-15T01:42:00.923985958+00:00,first_hour,10235.835474684754,1.4119924004999995,0.00013794598437930503,8090.2787699200035,0.9069368452737786,2341.9497612860096,0.0,7025.849283858029,,2026-09-16T02:39:13.221666098+00:00,0.0,0.0,0.0,0.0,0.0
0x2c9742d480b3da51e03a19c0c4544e48f30cfbeb,0.0,2026-09-15T01:08:52.280701637+00:00,2026-09-15T01:08:52.280701637+00:00,first_hour,12702.243855161669,1.28071152,0.00010082561275026787,3742.8606240917256,0.4017742388921839,0.0,0.0,0.0,,2026-09-16T01:45:25.606479883+00:00,0.0,0.0,0.0,0.0,0.0
0x63ec40ffd185e7de69f0922478f3ad98cbeede9a,0.0,2026-09-15T23:04:12.684137106+00:00,,after_hour_18,0.0,0.0,,888.7859872912613,0.1071263995197351,0.0,0.0,0.0,,2026-09-15T23:05:50.708669901+00:00,0.0,0.0,0.0,0.0,0.0
0x75409b0f83cc80ac3cb8042d0a169a21e3c63c07,0.0,2026-09-15T01:48:38.473184824+00:00,2026-09-15T01:48:38.473184824+00:00,first_hour,11101.440227999992,1.7410757316010386,0.00015683332034790466,11101.440227999994,1.3866495828592962,0.0,0.0,0.0,,2026-09-15T21:15:24.728821278+00:00,0.0,0.0,0.0,0.0,0.0
0x74f071928f3e7a0945c0c167af9a43942f649684,0.0,2026-09-15T01:02:04.949677467+00:00,2026-09-15T01:02:04.949677706+00:00,first_hour,47573.0546262781,0.8086567499999999,1.699820951907762e-05,12869.812102120663,1.3396561656136579,7239.2693074428735,0.0,21717.80792232862,,2026-09-16T02:41:47.965749025+00:00,0.0,0.0,0.0,0.0,0.0
0x74dda631c760a653e6d706d85a0823640c2044f3,0.0,2026-09-15T01:35:12.317664862+00:00,2026-09-15T01:35:12.317664862+00:00,first_hour,4734.678591349259,0.6085682590626487,0.00012853422831584916,7748.559199051378,0.8555808064472631,0.0,0.0,0.0,,2026-09-16T01:36:00.749930859+00:00,0.0,0.0,0.0,0.0,0.0
0x73bcd314ceca8435fe9580b10599ad39ed6c059d,0.0,2026-09-15T01:55:38.806840658+00:00,2026-09-15T01:55:38.806840897+00:00,first_hour,1696.931091208684,0.2264140887174923,0.0001334256234036132,685.6213469737396,0.0754512830746407,0.0,0.0,0.0,,2026-09-16T01:39:39.494876862+00:00,0.0,0.0,0.0,0.0,0.0
0x6326409e89243011c5f6ad0ab82890ad38a0af0a,0.0,2026-09-15T03:39:18.165248394+00:00,2026-09-15T03:39:18.165248632+00:00,hours_1_to_6,431.59631305383914,0.0485148514851484,0.00011240793773670733,221.5968199492851,0.021857050176108568,221.5968199492851,0.0,664.7904598478553,,2026-09-16T02:35:51.863067627+00:00,0.0,0.0,0.0,0.0,0.0
0x62b4602685827f1dd007c1f81713fbad86dbaf00,0.0,2026-09-15T01:52:58.772047520+00:00,2026-09-15T01:52:58.772047520+00:00,first_hour,39908.1656253302,6.6066591773378285,0.00016554655103326777,39908.1656253302,4.893173308166781,0.0,0.0,0.0,,2026-09-16T00:17:55.504854441+00:00,0.0,0.0,0.0,0.0,0.0
0x2229698be33202137ba212ed6fd6a01fe505f67e,0.0,2026-09-15T14:47:05.274195433+00:00,2026-09-15T14:47:05.274195433+00:00,hours_6_to_18,93.78595167409048,0.01176,0.00012539191414153813,25.10346326790291,0.0028175276449754,0.0,0.0,0.0,,2026-09-16T01:17:18.718400002+00:00,0.0,0.0,0.0,0.0,0.0
0x220aac56890e2a23e325c009584bbed39056774f,0.0,2026-09-15T02:17:28.833562613+00:00,2026-09-15T02:44:17.907680511+00:00,hours_1_to_6,1132.1726884813572,0.1550701965611512,0.00013696691161942353,3573.0183152275026,0.436759968856043,0.0,0.0,0.0,,2026-09-15T21:42:00.635369301+00:00,0.0,0.0,0.0,0.0,0.0
0x20c3c770fb5475d48b0bd1468d75416ab0184fb5,0.0,2026-09-15T01:19:11.825322151+00:00,2026-09-15T01:19:11.825322151+00:00,first_hour,917.1544290803574,0.1072283092304191,0.00011691412681497738,1060.9329509095573,0.1126847897676373,0.0,0.0,0.0,,2026-09-16T01:48:24.167681217+00:00,0.0,0.0,0.0,0.0,0.0
0x2015a4b620c5b188691ca745eda51c2382f236da,0.0,2026-09-15T01:02:05.975483894+00:00,2026-09-15T01:02:05.975483894+00:00,first_hour,12558.6609534379,0.2981273825773765,2.3738787413937224e-05,12558.6609534379,1.3910340626966036,0.0,0.0,0.0,,2026-09-16T01:12:38.873100042+00:00,0.0,0.0,0.0,0.0,0.0
0x1f75e5db8563b4286e06483e4d0e970a1882e84a,0.0,2026-09-15T05:49:58.054157734+00:00,,hours_1_to_6,0.0,0.0,,1119.7292031300046,0.1351725550198435,0.0,0.0,0.0,,2026-09-15T22:02:41.446380615+00:00,0.0,0.0,0.0,0.0,0.0
0x1f1b1f7b93e60cab5c9828e3094ae44b84eae9f3,0.0,2026-09-16T01:16:49.011899948+00:00,,after_hour_18,0.0,0.0,,537.5219584411398,0.0591933694450199,0.0,0.0,0.0,,2026-09-16T01:37:53.540293694+00:00,0.0,0.0,0.0,0.0,0.0
0x648adbc9efbb4ca4b1dc43bc31b0d13fb47e4066,0.0,2026-09-15T21:49:27.223612309+00:00,2026-09-15T21:49:27.223612309+00:00,after_hour_18,7.789147335850763,0.0009702,0.00012455792119048814,7.789147335850763,0.0009508930224647,0.0,0.0,0.0,,2026-09-15T21:49:28.229978800+00:00,0.0,0.0,0.0,0.0,0.0
