side,transactions,eth,start_utc,end_utc,seconds,addresses,attributed_eth,top_address,top_address_eth,first_tx,last_tx,threshold_eth
buy,2,0.3331748881933392,2026-09-16T02:57:50.625000+00:00,2026-09-16T02:57:56.052000046+00:00,5.427000045776367,2,0.3331748881933392,0x368564edf8ec2d3cbe8ec3ad265a3207e663b93c,0.294,0x514e689f74f1220e941419857583acd2b6c1bd85a4f38ead62ef16fbd7df13e9,0x715710dc895226733bf1832b82c37c99851aece838eadb65d5e706e099213a5c,0.0
sell,4,0.04230688117329123,2026-09-16T02:58:02.282999992+00:00,2026-09-16T02:58:33.940500021+00:00,31.65750002861023,4,0.04230688117329123,0x6c59240e64a85376cd6cf566ba078b179caeedbf,0.013399605218587476,0x295c699688c84ee147b23386154976f545e471befe534b2a213b5d41c1da6485,0xa1f462cd0753ef3f543771c487927b84e1b948b7ff765c320434a3467bfbfe06,0.0
buy,1,0.4851,2026-09-16T02:58:41.075999975+00:00,2026-09-16T02:58:41.075999975+00:00,0.0,1,0.4851,0xf24022ba0fea5926d30fba8fece6d7a852732989,0.4851,0xb4595e93b8dd291a2c178d3374917b467f6b8e79f076107a1f688b9c1fd35fe1,0xb4595e93b8dd291a2c178d3374917b467f6b8e79f076107a1f688b9c1fd35fe1,0.0
sell,4,0.13499924664046103,2026-09-16T02:59:18.062752961+00:00,2026-09-16T03:00:25.839068890+00:00,67.7763159275055,4,0.13499924664046103,0x1e5fbd612b834ee6a7ce6eaa7e6aab8e0ea12a75,0.08303350030627255,0x41403fec8e72a18a1cab53bfb9a7cbecea0c9f3bd72cdfae6b690fff6c1aa1ca,0x19fea7baa1e0e16bfd5472b38b40e345f00765e00bfe3022a907087d14dca441,0.0
buy,4,1.7574553983035757,2026-09-16T03:00:47+00:00,2026-09-16T03:01:27.011984110+00:00,40.01198410987854,4,1.7574553983035757,0xed3ad83572cce1e7db2ea644f19abf98fc096684,1.0571465354426726,0xf79546cce3882ce33bd77f569955387fd435f2da62c7cd48a8797b57db8833a1,0x638f978c02269bb7b3e2656169ee5165eef26475e7340556dbd2625029be9e1a,0.0
sell,3,0.9832999848236077,2026-09-16T03:02:56.687083960+00:00,2026-09-16T03:03:08.047270298+00:00,11.360186338424683,2,0.9832999848236077,0xed9d9777eed4bdde1b337739c0abf5d059aad7b2,0.512050371595721,0x693323888344158e1ff978f7a7a34a997bd97817fd674e2ce2012fa6c657d89b,0xe5a76328153e4ca5018abbe1b743a2c87cf310ba60dd8369348986417c8b5216,0.0
buy,1,0.49,2026-09-16T03:03:28.555925369+00:00,2026-09-16T03:03:28.555925369+00:00,0.0,1,0.49,0x368564edf8ec2d3cbe8ec3ad265a3207e663b93c,0.49,0x6e2d0bdc422d749ceb3deb99355b4bd85abdca7be785a5e58c4c91600ab49bb8,0x6e2d0bdc422d749ceb3deb99355b4bd85abdca7be785a5e58c4c91600ab49bb8,0.0
sell,8,2.051632095723299,2026-09-16T03:03:58.213049173+00:00,2026-09-16T03:04:47.474034548+00:00,49.260985374450684,4,2.051632095723299,0x9d8939249ddfff51d9d7397f78e26d4ec6019252,0.8174590575220807,0x5e3a3855a0eeb5f094c00482acbf42c01ee2ce685fcaae5aecad42ed8f0191c3,0x6fb80f2f67c8a87c0192d9dd15a3096871ad8d37fd6047f713a8f9a8814d4604,0.0
buy,1,0.24255,2026-09-16T03:04:50.188415527+00:00,2026-09-16T03:04:50.188415527+00:00,0.0,1,0.24255,0x3d3809bbcc6e2d5ab9fd4c19ec23cb0c15169e69,0.24255,0x581a1458791716035519d5d7be2b729166611bc29dc359ad601144a10d8b7220,0x581a1458791716035519d5d7be2b729166611bc29dc359ad601144a10d8b7220,0.0
sell,1,0.000600847558533118,2026-09-16T03:04:56.823568583+00:00,2026-09-16T03:04:56.823568583+00:00,0.0,1,0.000600847558533118,0xbab68c97f51699dda87491f521b83307d04e96ae,0.000600847558533118,0xfddd5010ba5b888163963294992fc51bf27bbddd4342228d95fc0618d870db0d,0xfddd5010ba5b888163963294992fc51bf27bbddd4342228d95fc0618d870db0d,0.0
buy,3,1.0192,2026-09-16T03:05:23.766311646+00:00,2026-09-16T03:05:43.169107914+00:00,19.402796268463135,2,1.0191999999999999,0x1931694c73fa7dbc92859657c225d09a26024592,0.9702,0xa9d1c11552a20fab1ad54508b580bf7174baeb26ce93b6fe611c91b7b6d55b26,0x862ba283a44d7c469791640a7cd49855fea9bc9755c09cfad8375a728d364dcb,0.0
sell,1,0.019068118970187935,2026-09-16T03:05:48.396804333+00:00,2026-09-16T03:05:48.396804333+00:00,0.0,1,0.019068118970187935,0xe80a9aa3ca442e7ca1e24d76a660c0ee5f683e52,0.019068118970187935,0xa261b9fefc2c8ee197fe16a6266645801e41699946fc19bc9f17bd0b49d01120,0xa261b9fefc2c8ee197fe16a6266645801e41699946fc19bc9f17bd0b49d01120,0.0
buy,1,0.000407789613848202,2026-09-16T03:06:02.069241047+00:00,2026-09-16T03:06:02.069241047+00:00,0.0,1,0.000407789613848202,0x3031b8e1400072af0ce02e3aea0a0efd0ad51caa,0.000407789613848202,0xc64ac2ce6da0b4dc6623afae8794467101c334fe7a909dd3b816b044bcb2cb04,0xc64ac2ce6da0b4dc6623afae8794467101c334fe7a909dd3b816b044bcb2cb04,0.0
sell,1,2.1602209414874873,2026-09-16T03:06:10.212383509+00:00,2026-09-16T03:06:10.212383509+00:00,0.0,1,2.1602209414874873,0x35287d54a46bb7e3e2bb8b6266dc7dfa0ec8bb5e,2.1602209414874873,0xc219facd3d56e55b4b52639269e8374f02a29f3b67a80a17ca259e7cb85cd699,0xc219facd3d56e55b4b52639269e8374f02a29f3b67a80a17ca259e7cb85cd699,0.0
buy,1,0.08134,2026-09-16T03:06:22.980026722+00:00,2026-09-16T03:06:22.980026722+00:00,0.0,1,0.08134,0x84ae7426eabe2fc0623273ca0e7f4dfbcdb7b846,0.08134,0x8fa1bf0d79f4a017ce5e11252320343f68c4fae4c2c8de4ead8d5f979729b829,0x8fa1bf0d79f4a017ce5e11252320343f68c4fae4c2c8de4ead8d5f979729b829,0.0
sell,3,3.9793728345853583,2026-09-16T03:06:28.509320974+00:00,2026-09-16T03:07:04.902130604+00:00,36.39280962944031,3,3.979372834585358,0x0cc667c740a7ba482cd753597770db8ff8450023,3.8676469132563795,0xcafd481598db49a97a041a9b41aa8efb8ed8a5949f57fc244e1ae3792b0393de,0x6d7ae3b2f69d16a55b6b8bb5b5a02e71e3ac405f607824e1cd4143ed51c5822b,0.0
buy,1,0.9702,2026-09-16T03:07:08.822902679+00:00,2026-09-16T03:07:08.822902679+00:00,0.0,1,0.9702,0x863879e4df119cd5e7576cdb1e72ddaa74301e83,0.9702,0x33e029ed1d0a350909a2d6035436883c8a32ea38ae9ba920c2bf39c74dc7f841,0x33e029ed1d0a350909a2d6035436883c8a32ea38ae9ba920c2bf39c74dc7f841,0.0
sell,2,0.277243624881664,2026-09-16T03:07:14.955392838+00:00,2026-09-16T03:07:17.066577911+00:00,2.111185073852539,2,0.277243624881664,0x47174114e71ca12e73a3f9fa1e7d5bd67269b774,0.13909628323269954,0x3eb662fb26cb74174f135735bb46d38c57b2e9337892f5a7e0a1ca60ec1d780b,0xa1150e69e87cb355ce15726c5bcf54b4c50ed65fb88a9402a997d5c69fe2cbc8,0.0
buy,1,1.4210916103292617,2026-09-16T03:07:39.083222389+00:00,2026-09-16T03:07:39.083222389+00:00,0.0,1,1.4210916103292617,0x5a0132d32619a327a821b82ce0e0a9feaaa92a30,1.4210916103292617,0xdbed0b4d88a57c02c2b40ee26a96d1cc634d66142032736f4bee4e76d76446df,0xdbed0b4d88a57c02c2b40ee26a96d1cc634d66142032736f4bee4e76d76446df,0.0
sell,1,0.14307744255965268,2026-09-16T03:07:50.644474030+00:00,2026-09-16T03:07:50.644474030+00:00,0.0,1,0.14307744255965268,0x1a5861a1d957e24eafb5d28111e593bd118f06c5,0.14307744255965268,0xda814077b6119475958ba00234fc0eabe6c43e43010f508dd694e71c402e3475,0xda814077b6119475958ba00234fc0eabe6c43e43010f508dd694e71c402e3475,0.0
buy,1,0.9702,2026-09-16T03:07:52.051930666+00:00,2026-09-16T03:07:52.051930666+00:00,0.0,1,0.9702,0x863879e4df119cd5e7576cdb1e72ddaa74301e83,0.9702,0xbfaf1e040f2f6443d54675f8570d65ecdedfe233b3cc18d64a25eaad13a1a51d,0xbfaf1e040f2f6443d54675f8570d65ecdedfe233b3cc18d64a25eaad13a1a51d,0.0
sell,1,21.8075403116863,2026-09-16T03:07:53.459387541+00:00,2026-09-16T03:07:53.459387541+00:00,0.0,1,21.8075403116863,0x31caa6199d3fb1e193e968789aea8b7df4ba50af,21.8075403116863,0xfc5eb1309319dd56dd39bf954cd450c53df999780d44cc8cc46c0aaf6cd5e21e,0xfc5eb1309319dd56dd39bf954cd450c53df999780d44cc8cc46c0aaf6cd5e21e,0.0
buy,3,1.1849912078104885,2026-09-16T03:08:27.841544628+00:00,2026-09-16T03:08:36.085219622+00:00,8.243674993515015,2,0.9758910326505773,0xe28fc48e2bf590cfd71f3992fadae4be7750bc71,0.9702,0x6a7e41ac36004c0eefa7c84e3a5af368d762c297852ca56f4cef1f5bebcaf40e,0x2ebd3e80f6ab8083087a26bd2fb5f6ba0b27b4f3ee1823f529c9d2bc7c372119,0.0
sell,1,0.06780532232249246,2026-09-16T03:08:43.826231718+00:00,2026-09-16T03:08:43.826231718+00:00,0.0,1,0.06780532232249246,0x9fd634393707ad07739d63c81011ba067681a19a,0.06780532232249246,0x5ec9b190e5f60404714375745e9ee8e6a71c9a1b1ccafa1793e35eaa5d1f60a6,0x5ec9b190e5f60404714375745e9ee8e6a71c9a1b1ccafa1793e35eaa5d1f60a6,0.0
buy,1,0.24255,2026-09-16T03:08:50.964047909+00:00,2026-09-16T03:08:50.964047909+00:00,0.0,1,0.24255,0xe28fc48e2bf590cfd71f3992fadae4be7750bc71,0.24255,0x9592a6e191606a35ec76ba2851d7fd851f5f0bbbc4becd715517ab0eb93af123,0x9592a6e191606a35ec76ba2851d7fd851f5f0bbbc4becd715517ab0eb93af123,0.0
sell,2,0.11451489243166299,2026-09-16T03:08:53.577896118+00:00,2026-09-16T03:08:53.577896118+00:00,0.0,2,0.11451489243166299,0x2955629032534a0294713fc105202427190b51eb,0.08517886234808576,0x4ea739f04632551638c8d50aa6f2e64fa3adab864379ef928ea08f6371e9479e,0x90869caf4e2299e5746040de7d9cf64162116a7e6eafabaecb3021eb8282fd52,0.0
buy,2,0.028356453933000743,2026-09-16T03:09:09.160452843+00:00,2026-09-16T03:09:10.970039845+00:00,1.809587001800537,2,0.028356453933000743,0x5f4f198ba4c66f3a347a53682f5f851ebc6af1d8,0.02022489266787772,0xd2d927906780a61d3f0cc25b3d228979b56525f5c6f3146c0426108be85974dc,0x9528f596d8f67f43f40d80258c802f06691ddf6cda6f38f77d6016cd9c812c76,0.0
sell,1,0.000980955836852739,2026-09-16T03:09:25.848868132+00:00,2026-09-16T03:09:25.848868132+00:00,0.0,1,0.000980955836852739,0xd8e88b6b22b2bf5cfb9ce98d2646bbcc99ea915e,0.000980955836852739,0x535a087f29bada207ebd086ccd87700c51f0578ad2cbdb0695fa9a775fca7fd6,0x535a087f29bada207ebd086ccd87700c51f0578ad2cbdb0695fa9a775fca7fd6,0.0
buy,1,0.019404,2026-09-16T03:09:48.669773579+00:00,2026-09-16T03:09:48.669773579+00:00,0.0,1,0.019404,0x17c485b4d433ab5aaa1f1cdde3715c7e8e6ed2c3,0.019404,0x9c355a747b37622d2791f8b6c0331ae0169645b1b8b9f7e303c85e7b8b295277,0x9c355a747b37622d2791f8b6c0331ae0169645b1b8b9f7e303c85e7b8b295277,0.0
sell,2,0.05064655150365283,2026-09-16T03:09:51.786284924+00:00,2026-09-16T03:10:09.982689857+00:00,18.196404933929443,2,0.05064655150365283,0xfefaf388bf9d558b68d9e00e2983c2df93e176d1,0.04760336864980028,0xf5b13a70457d9c597da5686c4361a7c53e3381086b3ad6eaf8b4341c6fcad6be,0xe59c375e63c73568901f26a8d99f56f13a134709bc29e7101240355ce17f49ee,0.0
buy,1,0.04239761690475354,2026-09-16T03:10:11.691744328+00:00,2026-09-16T03:10:11.691744328+00:00,0.0,1,0.04239761690475354,0xed1ed6bed9736aeaf55d95686e2e8c05565fe747,0.04239761690475354,0xf6c358c5564dfdd5b2da39a3088613d2730171cd458507a9568df389893b8c5b,0xf6c358c5564dfdd5b2da39a3088613d2730171cd458507a9568df389893b8c5b,0.0
sell,1,0.05630377057015849,2026-09-16T03:10:20.237017393+00:00,2026-09-16T03:10:20.237017393+00:00,0.0,1,0.05630377057015849,0x5f1d998a2681d13e41b16276640535ae1f422bbe,0.05630377057015849,0x06a9281cac09f522def5de2d0caa5dda5b36bc5d22de4e11c137b0201cd4b1d5,0x06a9281cac09f522def5de2d0caa5dda5b36bc5d22de4e11c137b0201cd4b1d5,0.0
buy,1,0.02020400707125757,2026-09-16T03:10:34.110519409+00:00,2026-09-16T03:10:34.110519409+00:00,0.0,1,0.02020400707125757,0x9d7eadc9f830c76365ea2e402650a4f4314fcb62,0.02020400707125757,0x83ead1fbc0d50211d490dff6f9021f5f12ac110c152c6591321c3bb2b3c35717,0x83ead1fbc0d50211d490dff6f9021f5f12ac110c152c6591321c3bb2b3c35717,0.0
sell,7,0.538911423028665,2026-09-16T03:10:39.438748360+00:00,2026-09-16T03:11:06.984687090+00:00,27.545938730239868,5,0.538911423028665,0x97cf77c586e6a15d1efc1d9bf75e210ab4891e61,0.24942212161999702,0x5c4cbf94c5cf278aecf0f26b705a3744ae21460b2d1ce9d75d52a493bf8428d6,0x1c292c9f5ee3179d2607747186e71c21c7a71537211d843ef36b69cbb12c8136,0.0
buy,5,5.850049295444944,2026-09-16T03:11:07.587882757+00:00,2026-09-16T03:11:54.134487391+00:00,46.5466046333313,3,5.831850301980589,0x302d86e24d7474f0408a53e26a1111c041a94093,5.573656283554521,0x2b1d9eb01c421e576345a8c63cb31d6bf3ad9049248f97d08651e74e9d7c75c0,0x0f5097d5b4deeed515e86edfd3a33e9e1aa9b85c48385944e2dbd28f9727e0e8,0.0
sell,1,0.04817732458367307,2026-09-16T03:12:04.489347458+00:00,2026-09-16T03:12:04.489347458+00:00,0.0,1,0.04817732458367307,0x59412ef856ce78786ce1b9fbcb0a92eed13bf341,0.04817732458367307,0x37c4d181c14db27f317f9d53d4dcf42319bc89affef47a4113db32d7f0b27699,0x37c4d181c14db27f317f9d53d4dcf42319bc89affef47a4113db32d7f0b27699,0.0
buy,4,1.2770824666964868,2026-09-16T03:12:24.595872164+00:00,2026-09-16T03:13:00.284953356+00:00,35.6890811920166,4,1.2770824666964868,0x3d3809bbcc6e2d5ab9fd4c19ec23cb0c15169e69,0.4851,0xb888cfbc46e839ea7c867c2818d8b3d72ac06a52bf86b603b5c5ae2f17e41220,0xe31a5b4eb250917d25139be078fd1147cc521cde83d3850ec4f5a19a96e8155e,0.0
sell,1,0.001527023742933802,2026-09-16T03:13:32.756990671+00:00,2026-09-16T03:13:32.756990671+00:00,0.0,1,0.001527023742933802,0x1b36374d5a26c45726632162188f7162dcf39639,0.001527023742933802,0x3b21737e9104bcdadb0f15d32f74bfaa73f7ed9bc958b13ad308a807e11d506a,0x3b21737e9104bcdadb0f15d32f74bfaa73f7ed9bc958b13ad308a807e11d506a,0.0
buy,1,0.0058506,2026-09-16T03:13:33.360186338+00:00,2026-09-16T03:13:33.360186338+00:00,0.0,1,0.0058506,0x77de97911c6dce30ac6c345e0678bd19aaccc5f1,0.0058506,0xe4700d10e2613f5e1529e1fb5a326b8b232093ec7a9998e043ffa639920ffcbb,0xe4700d10e2613f5e1529e1fb5a326b8b232093ec7a9998e043ffa639920ffcbb,0.0
sell,3,0.29353259148454336,2026-09-16T03:13:34.466045380+00:00,2026-09-16T03:14:03.218375444+00:00,28.75233006477356,3,0.29353259148454336,0xf9284c163187ddda551faee849582ccbd6554e49,0.18669011904986432,0x7207dcf5429ac8a8a760b88429e73eb64f4fa0b920b3a443e3020afcb188e1d3,0x0221324ffff9a651a970ddf348137cfacb17ff8280db684808d1617b9e51ef77,0.0
buy,1,0.26882625,2026-09-16T03:15:05.247004032+00:00,2026-09-16T03:15:05.247004032+00:00,0.0,0,0.0,,0.0,0xdc1362d351d367d266b650851eb314a7e33f05912465d45f522be20efe3f3329,0xdc1362d351d367d266b650851eb314a7e33f05912465d45f522be20efe3f3329,0.0
sell,1,0.3440444506173385,2026-09-16T03:15:34.300932169+00:00,2026-09-16T03:15:34.300932169+00:00,0.0,1,0.3440444506173385,0x6d22c8a7fa7018ad176c53cc9ca0df69795622e9,0.3440444506173385,0x1436f2f5782f8319ab8d5fd3d95df92f7b6553e3f027f0d1f2e9ee39278426b5,0x1436f2f5782f8319ab8d5fd3d95df92f7b6553e3f027f0d1f2e9ee39278426b5,0.0
buy,1,0.80647875,2026-09-16T03:15:51.391478062+00:00,2026-09-16T03:15:51.391478062+00:00,0.0,1,0.80647875,0x539f0cf2989a4d53f84b18b290c15e810aaa15b0,0.80647875,0x4d82894c04dda46059b6f3d096f845b9529371096737e0a66c98d05d7f5c392d,0x4d82894c04dda46059b6f3d096f845b9529371096737e0a66c98d05d7f5c392d,0.0
sell,2,0.314268660677699,2026-09-16T03:15:51.894141197+00:00,2026-09-16T03:15:54.710200071+00:00,2.816058874130249,2,0.314268660677699,0xa802afd896e4574dced437cd179cf49b87bcbaaa,0.29396213376161967,0x41d9f32136818ea367b271b8cd9fcbaa80d2520013716421143dfe424d9349d2,0x70f72a4af7f5d3388eb81121753ed4200992b7f48be6c6e33caf1022d8055b4e,0.0
buy,3,0.708472126964,2026-09-16T03:16:14.729599953+00:00,2026-09-16T03:16:27.103399992+00:00,12.373800039291382,2,0.24387878131399998,0x3d3809bbcc6e2d5ab9fd4c19ec23cb0c15169e69,0.24255,0xca63bd7bfcab43157d482e62de0eb7bb7883d3e2048c5040fc5a135db20dae68,0x9237a1a73de627264d11838ce073b5fada79424f6abf51846cde6b1a62ec1218,0.0
sell,6,0.15442789506830498,2026-09-16T03:16:38.672399998+00:00,2026-09-16T03:16:52.152800083+00:00,13.480400085449219,2,0.15442789506830498,0xed1ed6bed9736aeaf55d95686e2e8c05565fe747,0.09349837184784673,0x2390c2c470e5c8139c2cff6841d5ea8909e32bb3fb06bbd70147266ea37127d4,0xdac30684055dc0a755b44f9fe7fc3f4d3a76aaadf830edd00701bfae13a13316,0.0
buy,16,7.810906883766973,2026-09-16T03:17:00.703799963+00:00,2026-09-16T03:21:44.094000101+00:00,283.39020013809204,13,5.481752334323309,0xf53483f3e48492f0870256ace2674666b16adaed,2.0772957051,0x523ccb81c9bea4d2931ee13714b8289c51badf4e86bb735489723ad7de85398b,0x38cf180b4ae1238c5789185cecf710c0dde0316967154b1dda491a5f89a62e1a,0.0
sell,2,0.07152851124106198,2026-09-16T03:22:14.374599934+00:00,2026-09-16T03:22:38.417999983+00:00,24.043400049209595,2,0.07152851124106198,0x788159b2fc582750cc665bd88482215d3fff1250,0.060600733962771366,0x7bc9da2813802ff0f6ccd05c540bc01568ad61a4bbea115833d54f96d4a09c84,0x87cae14bcf2f6f4d3d6225b9ead972157f06981b4e1bf2717cefb6750e012377,0.0
buy,5,3.559833608621322,2026-09-16T03:22:48.477999926+00:00,2026-09-16T03:23:34.854599953+00:00,46.37660002708435,4,1.115958608621322,0x4900a41c086e7c14683a618ca67c18afbd35337d,0.40341605810309383,0xcd3dce37a2da043498eb46f5d1b95aa84c3f9ba386a8b7a901cd94b42299bff1,0xd11d6412c10c7be89d83417dc3dca6fa63c7896da72a2f3bfd00765b79fa6d76,0.0
sell,2,0.03284529201823322,2026-09-16T03:23:50.548199892+00:00,2026-09-16T03:24:20.828799963+00:00,30.28060007095337,1,0.03284529201823322,0x742b278560f91c762ad1f0580b37ec3c91592099,0.03284529201823322,0x83fc678ad830d312e5c41617f2fc1c59d68fc9c436a0a305895274b2b9a7bb5d,0x13708fd10ad13d5f067c8f862bbb4ffcaf5229264e504c180df330b88d4b3b5c,0.0
buy,19,11.224186196170608,2026-09-16T03:24:23.343800068+00:00,2026-09-16T03:28:32.831799984+00:00,249.48799991607666,10,10.10839176587498,0x11bc74e240c13f7067529b21dfb9933ff7fcb136,4.9,0x43c65f909b503a1109a753add9b0256059b639057a0fa13d3359e6c6faceacf0,0x6d4fed239ffc84ce3aefcab7c8128cde4a4696b11837b27c6d89690c93f5a3a7,0.0
sell,3,0.20953422400090102,2026-09-16T03:28:35.145600080+00:00,2026-09-16T03:28:46.714600086+00:00,11.569000005722046,3,0.20953422400090102,0x5f1d998a2681d13e41b16276640535ae1f422bbe,0.16368816034017583,0x86768273d00e34bc430151e73fbdcac4afd4e1e6dc4218bee668ca7d8915d0a5,0x221fc7fcaa0ee6e14828a5f9e3525ffabe17fb90e6e65d493f79332e7556f4e7,0.0
buy,7,0.8836634900298095,2026-09-16T03:28:53.655999899+00:00,2026-09-16T03:31:00.210799932+00:00,126.55480003356934,7,0.8836634900298095,0xf777b79d1105378cee614978c68b89383b0ca362,0.48804,0xd6f3e30853262e54d6a6eef50c267c4cc0172e91dad159db03ae9c41ea09d0a1,0x9d02e3e7b2a8821a6a101aa7391e259f9afcec4d81e8c368708b655a65945afd,0.0
sell,2,0.09387576924565635,2026-09-16T03:31:24.153599977+00:00,2026-09-16T03:31:56.546799898+00:00,32.3931999206543,2,0.09387576924565635,0x0a771437ee59dcd30429dda71a1a011db8957bd1,0.06834211001240953,0xd85768aa24e4a9e458062fd8c423a6774914403aa99a3113987e29b65bdb757d,0xa563a92cd23bbcc5cd419e1d96091a531541941e2135004e35c63e6f37da17ec,0.0
buy,4,1.10563894,2026-09-16T03:32:15.258399963+00:00,2026-09-16T03:35:15.245369196+00:00,179.9869692325592,3,1.1056389399999997,0x20b88e992c063b0d3dee60b101c09b3d8d74663b,0.58212,0x2aff33b8befe40586eed2a2ee8f5fe32a8d38d0951e08ea6a069357ca517d34b,0x5e5eba3806a7a8240cfb15e1e37ad674629b5e4044bebee8b1e2396e131f7bca,0.0
sell,3,0.21517258487080104,2026-09-16T03:35:52.393913984+00:00,2026-09-16T03:36:26.119557381+00:00,33.72564339637756,3,0.21517258487080104,0x1d69c571f7fff7e37ddca9efc44842b549730cf8,0.19639252227549614,0x97f96f816bc338b1ca106820085fc8c00f23249c38c021effb816b786225f4a2,0xe06b757d6b05dcb5231875bfcac84834a5d1b26c5ec65296d9efc435e7a38360,0.0
buy,2,0.6477875971792126,2026-09-16T03:36:32.562665462+00:00,2026-09-16T03:38:04.980995893+00:00,92.4183304309845,2,0.6477875971792126,0x3d3809bbcc6e2d5ab9fd4c19ec23cb0c15169e69,0.4851,0xdfb26d9371a0e2e13c68b66b1d9d7eeb1ddc884d412ccf1ab8dfe3b709a170fe,0x11d6bec63f0a8fd8244fc42b7b245e30f546166e5abae26938cee7c9289cb093,0.0
sell,1,0.023850555850272896,2026-09-16T03:38:33.370940685+00:00,2026-09-16T03:38:33.370940685+00:00,0.0,1,0.023850555850272896,0xb179fa373c86fda3beb7adb2524758797c10c574,0.023850555850272896,0x8bd63e4193e37b0d15cdfc490ffa654a0bc5da5ee3809f3f4d26dabb086a03d3,0x8bd63e4193e37b0d15cdfc490ffa654a0bc5da5ee3809f3f4d26dabb086a03d3,0.0
buy,18,14.21661201304943,2026-09-16T03:39:07.599951982+00:00,2026-09-16T03:44:00.157325029+00:00,292.557373046875,10,14.21661201304943,0xc2c66aec8165f0e94b692b088c5459e8ece2d493,7.2764999999999995,0xda157045e1a97fd6021779ca0f42b99e6f6303a0129f096c48a89ace35fefa98,0x3c952bbaf527dd1fb0340974ece187333ce38977cae1a40d6d01def7bec5b99b,0.0
sell,1,2.487253720476904,2026-09-16T03:44:01.768101931+00:00,2026-09-16T03:44:01.768101931+00:00,0.0,1,2.487253720476904,0xdaac35bca6f338399a89ea230a85ccddaa411725,2.487253720476904,0x4096c182ab409515f4d91c2f2cc6c450c01288f2391e2a599aa6f74518b6b0f9,0x4096c182ab409515f4d91c2f2cc6c450c01288f2391e2a599aa6f74518b6b0f9,0.0
buy,14,38.019871518389465,2026-09-16T03:44:03.680899620+00:00,2026-09-16T03:46:29.959586143+00:00,146.2786865234375,10,38.01987151838947,0xfc3c962fad2c1cc77f1a0d46e7b8a2de79a21774,29.204,0xb1b72a431452650977fb6e7fda51d3a83c4346f4c36bb1f79664d961fcf589b6,0xb7e21c2c87da7862d2c8c1eff173fd4a4808036e608d2a53a90853be63ad3a7f,0.0
sell,1,0.000128455935833175,2026-09-16T03:46:34.590570211+00:00,2026-09-16T03:46:34.590570211+00:00,0.0,1,0.000128455935833175,0x6c39dbf7d1a6ee9f42a0211f0f59db38123da995,0.000128455935833175,0x5e84d5b999064b649f27241be7575a935d9c6445d9c604b2a4d3f689f40e7d19,0x5e84d5b999064b649f27241be7575a935d9c6445d9c604b2a4d3f689f40e7d19,0.0
buy,60,71.23326012684977,2026-09-16T03:46:36+00:00,2026-09-16T03:53:41+00:00,425.0,45,67.26648147362638,0xfc3c962fad2c1cc77f1a0d46e7b8a2de79a21774,29.400000000000002,0xf7ea399048ca41b1d9dbcb05d78d1d84c3c0a79c23101f295f6c1eae6f570a3a,0xe6c9527dc2598be2b71251cf76db104eab7e39cf08562aae4a1369fba8cc6565,0.0
sell,1,0.003102269958630959,2026-09-16T03:53:41.321428537+00:00,2026-09-16T03:53:41.321428537+00:00,0.0,0,0.0,,0.0,0xb772de3d7f9fba1acbad25f19b7c212d45b93d83c183bcfbfb57ce5fea82df90,0xb772de3d7f9fba1acbad25f19b7c212d45b93d83c183bcfbfb57ce5fea82df90,0.0
buy,8,5.7405134006147005,2026-09-16T03:53:44+00:00,2026-09-16T03:55:26.299999952+00:00,102.29999995231628,7,5.7237554006147,0xe4385370a92c6ab64758bc7a9f672e5c1d022ba1,1.9502,0x3c0cbbe337d2e9ec184d4550a9d15e992fcc559dbdada89eb913966abb97494e,0xadc0267b5e534346cdcdf24c58e756c02b1d3a8cd05116909155abc0c19882e1,0.0
sell,2,0.08878759863208993,2026-09-16T03:55:26.900000095+00:00,2026-09-16T03:55:26.900000095+00:00,0.0,2,0.08878759863208993,0x2955629032534a0294713fc105202427190b51eb,0.0660413682267444,0x303f72afb49420c70b1b45057707e29f52aaa68d763e900b9266ccd662a4c3ba,0xcd9d34be667f5faceef607077778fc535815466afeec744e9c34d049d5592215,0.0
buy,5,4.811450345861958,2026-09-16T03:55:48.500000+00:00,2026-09-16T03:56:05.700000048+00:00,17.200000047683716,4,4.811450345861959,0xddeb5dae1e53d7ed06e4dbc14621cc9370b09881,4.068855345861959,0x2b48971fe2f9fc338e8279d3e7304cb6d0ebda6350d76aa1cdb62111d3de7f6e,0xf5f279af272a6c8ffcf2898f35d907d1f2c00160f238798cf34f67ab6f5a9f32,0.0
sell,1,0.009629056991939276,2026-09-16T03:56:05.799999952+00:00,2026-09-16T03:56:05.799999952+00:00,0.0,1,0.009629056991939276,0x539d84b07c598672e3881b8a708c761b596d1cc6,0.009629056991939276,0x6bd1727e15cb378949435e9d1364a5f3925607336ae58fb18dc0bd863b025fa3,0x6bd1727e15cb378949435e9d1364a5f3925607336ae58fb18dc0bd863b025fa3,0.0
buy,7,6.310698901928039,2026-09-16T03:56:10.599999905+00:00,2026-09-16T03:56:59.200000048+00:00,48.60000014305115,7,6.31069890192804,0xefa988eabbb2b768ab95ce5a194a910b0050f377,4.851,0x8fc6179564f4ee2768425a840a7a92e0daa97a8fd9cb9e8b188e561717a26a88,0x5cf413787b92a95f09c4d614037a581ee92f4a5e954c96d18fd9bc2d8e3b3571,0.0
sell,1,0.022140480146932703,2026-09-16T03:56:59.400000095+00:00,2026-09-16T03:56:59.400000095+00:00,0.0,0,0.0,,0.0,0x9f11c60dc179992a7cba0d6fa9d772c352bacf0e0e806c0cbb5cb227063b87b6,0x9f11c60dc179992a7cba0d6fa9d772c352bacf0e0e806c0cbb5cb227063b87b6,0.0
buy,2,9.702,2026-09-16T03:57:00.200000048+00:00,2026-09-16T03:57:00.799999952+00:00,0.5999999046325684,1,9.702,0xefa988eabbb2b768ab95ce5a194a910b0050f377,9.702,0x00914c29bcaec7bac0a6dd5820eccfc1cf07d3951a321d63f7c36d0a407f6c65,0xc636adc077a301b9c2fa4d7c8a52ae47d78fe020f32b210cc88eaad5cce9a9ee,0.0
sell,1,0.003231273887751494,2026-09-16T03:57:00.900000095+00:00,2026-09-16T03:57:00.900000095+00:00,0.0,0,0.0,,0.0,0x9c81dce88cbee53f6d3245fa644376bc9cec55d616f4fe043478b669cf00005d,0x9c81dce88cbee53f6d3245fa644376bc9cec55d616f4fe043478b669cf00005d,0.0
buy,1,3.9680341093589586,2026-09-16T03:57:01+00:00,2026-09-16T03:57:01+00:00,0.0,1,3.9680341093589586,0x4ff25ae1b4bf1cee786d5458b43f116d3203d374,3.9680341093589586,0x645be7ef327d98c59d52a8733d19c2dfd4f5c7d97fe21212e312edae1d658ced,0x645be7ef327d98c59d52a8733d19c2dfd4f5c7d97fe21212e312edae1d658ced,0.0
sell,1,0.02214441288546588,2026-09-16T03:57:01+00:00,2026-09-16T03:57:01+00:00,0.0,0,0.0,,0.0,0xda04ea5b736b23657fed004cfd48a077e94b79ec8d89b4c19e68fb7f347e3338,0xda04ea5b736b23657fed004cfd48a077e94b79ec8d89b4c19e68fb7f347e3338,0.0
buy,1,4.851,2026-09-16T03:57:01.303030252+00:00,2026-09-16T03:57:01.303030252+00:00,0.0,1,4.851,0xefa988eabbb2b768ab95ce5a194a910b0050f377,4.851,0x3f8d2dff5d3c3b462f3f477851402ba9b5345ce65ad963d0145c223ff83b1fe3,0x3f8d2dff5d3c3b462f3f477851402ba9b5345ce65ad963d0145c223ff83b1fe3,0.0
sell,1,0.02213824392087091,2026-09-16T03:57:01.505050421+00:00,2026-09-16T03:57:01.505050421+00:00,0.0,0,0.0,,0.0,0x90a91ee636686a29aecddfa6317038c7d8afb290eef2815047d5d13846c69eed,0x90a91ee636686a29aecddfa6317038c7d8afb290eef2815047d5d13846c69eed,0.0
buy,2,9.702,2026-09-16T03:57:02.212121248+00:00,2026-09-16T03:57:02.919191837+00:00,0.7070705890655518,1,9.702,0xefa988eabbb2b768ab95ce5a194a910b0050f377,9.702,0xbc1d9eabd3a9bed35aa048329b4c00a5505be1f5aaaa58b03e0093554b0af573,0xae784c8b6a17aac6ac640225a3c660062f063e002e1ae82041647143d5af5b09,0.0
sell,1,0.022141985065994504,2026-09-16T03:57:03.121212006+00:00,2026-09-16T03:57:03.121212006+00:00,0.0,0,0.0,,0.0,0x244342bb4da5513fa8c7b4abbe3f1ee029b338d3eb0daf1b6984808f05ac540c,0x244342bb4da5513fa8c7b4abbe3f1ee029b338d3eb0daf1b6984808f05ac540c,0.0
buy,2,15.7195777515496,2026-09-16T03:57:16.959595919+00:00,2026-09-16T03:57:21+00:00,4.0404040813446045,2,15.7195777515496,0x4ff25ae1b4bf1cee786d5458b43f116d3203d374,15.5232,0x73f876c53c8fe32a1e640c315ecea89ec7e1d9e8d05cfb43c27bca1501705978,0xa3121f313ee4258fe074ed5822354a85c41a3dd1563b4b98a1579b3a8245ff38,0.0
sell,1,0.03646964903893915,2026-09-16T03:57:21.099828720+00:00,2026-09-16T03:57:21.099828720+00:00,0.0,0,0.0,,0.0,0x503a95a040992a24c60022254ac96985facdabbd6075e7f77a334817638e2e40,0x503a95a040992a24c60022254ac96985facdabbd6075e7f77a334817638e2e40,0.0
buy,1,0.5307849765282462,2026-09-16T03:57:34.976006746+00:00,2026-09-16T03:57:34.976006746+00:00,0.0,1,0.5307849765282462,0xa23aeda16421dc59c41dc59b3692e59db80954d6,0.5307849765282462,0x1d81d114f57a7d08504f44c98e4c6370ff0d8cbff4d907f6a191f1170295c185,0x1d81d114f57a7d08504f44c98e4c6370ff0d8cbff4d907f6a191f1170295c185,0.0
sell,1,0.003958227988585432,2026-09-16T03:57:35.175664186+00:00,2026-09-16T03:57:35.175664186+00:00,0.0,0,0.0,,0.0,0xf898cc8edc86293dd690f5a6016a35418a62026dd8fe37f83fd83bd9bc7c6052,0xf898cc8edc86293dd690f5a6016a35418a62026dd8fe37f83fd83bd9bc7c6052,0.0
buy,4,6.105330255615601,2026-09-16T03:57:37.771208286+00:00,2026-09-16T03:58:06.422022343+00:00,28.650814056396484,3,6.105330255615601,0x09f6ac34354fef95ebdd7824f3b36accb30f6b9c,4.998616255615601,0x8d86b09794e45c3333100ae18e36e4f20725a9852259e0cb349fe78a2f8cdcf8,0x043e124f776f41d39a97fea1a24f4f67d48cc7356ca71b0f4d8a7cf62aa53669,0.0
sell,2,0.17205455496930244,2026-09-16T03:58:06.621679544+00:00,2026-09-16T03:58:07.819622993+00:00,1.1979434490203857,1,0.1558234550094568,0x698afb8a3d1fc4867d0db52b5f78fd99bf2476ee,0.1558234550094568,0x03b7a6f558f99fa2c2a53b44fac29d8ae2fa1f36be26ca5a31759054f22cb6ce,0x6d198468cea06205b257a39e37abf78333aa4f304e2acf1302375c70249b01e0,0.0
buy,8,3.8594273211148042,2026-09-16T03:58:08.218937397+00:00,2026-09-16T03:59:09.913024902+00:00,61.694087505340576,7,3.8594273211148047,0x922f92543b7e493a5bdc368220f680cf460e04f2,1.9700897799653128,0x8b39100cc1b7640c3179efb509d6a6ef6929c08ebca6aa22c57203f59d564dbc,0x3dfc1bebb24a2694ada3616d4ae3a693446d6026d383884f3003925367570b56,0.0
sell,4,0.9588094542105592,2026-09-16T03:59:11.310625553+00:00,2026-09-16T03:59:12.508569002+00:00,1.1979434490203857,4,0.9588094542105592,0x514677b2ffdd0cb98bd5831897ffa986794620ce,0.34504110830435775,0xeb6af20c1ce4c9d487050b9ca6d4c9017d8373bd6a197dc71b8068b7c189e97d,0x3c2b077177d8ce7d0f11ee1d0ac96b65da4fba58fbff924e567d54f0554a6fe1,0.0
buy,4,1.154979944221425,2026-09-16T03:59:13.207369328+00:00,2026-09-16T03:59:24.587831974+00:00,11.380462646484375,3,1.154979944221425,0xa23aeda16421dc59c41dc59b3692e59db80954d6,1.1020248872050786,0x90be4d31c08f6c5efbb1c8fbf0f6aadeacacdc65149adf4b26ba9c0907321964,0xd055befc3601e49b5885b4c52ef99bfb9c2d53340f36a33e9c9072870ed05787,0.0
sell,1,2.4924683804837264,2026-09-16T03:59:38.064695834+00:00,2026-09-16T03:59:38.064695834+00:00,0.0,1,2.4924683804837264,0x88eed6653cb255e03fcc3644befa52fd08c86a97,2.4924683804837264,0xde546ffa8f80cd07f17b6cec1e23f80aa7500933a7d77a31b8c1f9b800e2efc8,0xde546ffa8f80cd07f17b6cec1e23f80aa7500933a7d77a31b8c1f9b800e2efc8,0.0
buy,3,12.529402932593598,2026-09-16T03:59:39.861610889+00:00,2026-09-16T03:59:48.347043753+00:00,8.485432863235474,2,4.89951,0xc36405b8384c21ead7f8ccbbc9c68da380a0c55b,4.851,0xa9568aef8953ad8b588ef41a1f0d3c7b77ec353f6c224480760ad30e34602cab,0x7940391112ab7c16e50980d9ffc1eeb738a8a0179e89391c139895fefb21140d,0.0
sell,4,0.09410283443953471,2026-09-16T03:59:48.446872234+00:00,2026-09-16T03:59:59.128534794+00:00,10.681662559509277,1,0.010848946070335617,0x943277b82c45074d2556917e26eb7540b6287050,0.010848946070335617,0x080db1fef24a805a17b3112bfe998c9fd48c6802c8dc7026815a85b48467d8a9,0x332b57d4b3c6bac71cca18e21ff82fb4e9def17cab70092f9ee8d6604c22370a,0.0
buy,11,1.3428655257248356,2026-09-16T04:00:01.923736095+00:00,2026-09-16T04:02:11.479658127+00:00,129.5559220314026,10,1.3428655257248356,0x912a54a98f2f4e34de6bd406e08ec901ba8d0ef7,0.4075499588132963,0xa51f3db4da4c702e9acd2c4648931c5dcc164f3a050b787017dffeec9267313e,0x10067e4bed584b04467c1f76b735a9870906cafa082d0f8a94f59610e3cc3bd2,0.0
sell,1,0.13775072763232718,2026-09-16T04:02:13.705982924+00:00,2026-09-16T04:02:13.705982924+00:00,0.0,1,0.13775072763232718,0x368564edf8ec2d3cbe8ec3ad265a3207e663b93c,0.13775072763232718,0xedc3f7f02d7c222acbd399ef4270537af1b5d8dcbfcc6a1c57ff9e3cbe378898,0xedc3f7f02d7c222acbd399ef4270537af1b5d8dcbfcc6a1c57ff9e3cbe378898,0.0
buy,8,5.648450573570455,2026-09-16T04:02:14.717948675+00:00,2026-09-16T04:02:31.010598183+00:00,16.292649507522583,8,5.6484505735704555,0xff00ee4bce74c07569f5b8704a0f26642b066300,1.2271439419902788,0x5bd03e758584f03131e114ead4778bf28b3e79c95bcd62cb58a35427a621a561,0xa3e23e920f4dfd210a6aef058475b9dadfbe2fa121c636b6dd165b28d6073fb2,0.0
sell,1,0.003276313007579347,2026-09-16T04:02:31.212991476+00:00,2026-09-16T04:02:31.212991476+00:00,0.0,0,0.0,,0.0,0x3178c78fc05687deb2b9541046ec79d221ed82b2b48bbcebec53e77d785f5383,0x3178c78fc05687deb2b9541046ec79d221ed82b2b48bbcebec53e77d785f5383,0.0
buy,15,31.59596095637836,2026-09-16T04:02:32.427350521+00:00,2026-09-16T04:03:32.032136679+00:00,59.60478615760803,12,31.59498095637836,0x72c2509fb0bc0284c0a5ec3d57c75ec40f519b37,20.13471642629429,0x8c43ff4872eee0c89dca3f120ea504d0a1446bac5b721e4fe0c00d559929d7c1,0x57347a497bae5e49853b27c659f6fd38a5e9802885ef05e8c8b827dd24387b65,0.0
sell,2,0.024644624769027332,2026-09-16T04:03:32.436923027+00:00,2026-09-16T04:03:32.538119555+00:00,0.1011965274810791,0,0.0,,0.0,0xb755060bfc272c29c5be11167d12d1081620bcc8b5741b4e31a40713e8ff0c11,0xe4dae5da09b8da320eff2615180ffb32e5727da78b57c5c29c5f6a24c814c427,0.0
buy,4,3.4089333185168136,2026-09-16T04:03:53.688205242+00:00,2026-09-16T04:03:57.533675193+00:00,3.8454699516296387,3,3.408933318516813,0x660e0670d461913ccea270fd357ce1f8bd656290,1.9279843062109965,0x593e41d396b071720427447e5e0962ce63c868b5a7d60b99df9a6407008e22e3,0xd4fe810a455fad5e8405140358ff79bda0edeb4d72e9f00d00ce04e61b83a5f8,0.0
sell,1,0.4681424184185998,2026-09-16T04:03:59.658803463+00:00,2026-09-16T04:03:59.658803463+00:00,0.0,1,0.4681424184185998,0xc2c66aec8165f0e94b692b088c5459e8ece2d493,0.4681424184185998,0xf58473666f05ccac852142ba7673918b2e76a9a116da9bcf63f5a0036f7ca619,0xf58473666f05ccac852142ba7673918b2e76a9a116da9bcf63f5a0036f7ca619,0.0
buy,2,0.400502482453924,2026-09-16T04:04:02.897094011+00:00,2026-09-16T04:04:04.212649584+00:00,1.3155555725097656,2,0.400502482453924,0xed3a9e617b7307abe3a5a4f14dbd6609b3fad027,0.2027268296196952,0xf5545a222afaaffbb3e241f5eae86612e31fcf4a3a14835b5d0f4c9efa3f22d9,0x5fb327065be9c270dcbd35ffad05b83239ff744440d82b622947a9f34266ef8e,0.0
sell,4,0.06613675404414916,2026-09-16T04:04:32.446495771+00:00,2026-09-16T04:04:33.154871702+00:00,0.7083759307861328,0,0.0,,0.0,0xccd47c40bd5bdc64f159cd9603ec1340e9467b4b13d7c893e42c14125dd930f7,0x418b8a07258d9ff79527d279bda973e88aa5e382e19351762cf25ef77c613a61,0.0
buy,5,2.6176708927540786,2026-09-16T04:04:38.619487286+00:00,2026-09-16T04:05:41.260170937+00:00,62.64068365097046,5,2.617670892754079,0x0d6d67d527462e27167a9f4182b5b462d88ca4d3,1.2542387383827769,0xd34642687b99be3b8988494a021d13ba875939d3e01e134ae403720f632c452b,0x2051d4794c035acf685f716eb178e0d697c04ab8f14c6eb8d930487f0253b269,0.0
sell,1,0.024501398194663352,2026-09-16T04:05:53.909743547+00:00,2026-09-16T04:05:53.909743547+00:00,0.0,1,0.024501398194663352,0x379c27672ee75c574b24aa463a595100b3b99db5,0.024501398194663352,0x88467ce88e6b6f367728ce2c848d896e0fffa37f93b637bd81f51f34c020c55e,0x88467ce88e6b6f367728ce2c848d896e0fffa37f93b637bd81f51f34c020c55e,0.0
buy,9,20.718126473338206,2026-09-16T04:06:03.321025610+00:00,2026-09-16T04:06:55.159682512+00:00,51.83865690231323,6,20.718126473338206,0xefa988eabbb2b768ab95ce5a194a910b0050f377,19.404,0x2705aa06aed12bdef3e4e5f8f9c91ac29ed9fa42658e80751508faa75c558472,0xfb20aea2cefaddde5d4ae50cc4b066415ccec3cb0270a5cea6ff1f5174c6b07d,0.0
sell,1,0.003035428521864385,2026-09-16T04:06:55.359946966+00:00,2026-09-16T04:06:55.359946966+00:00,0.0,0,0.0,,0.0,0xcab35b11209f85bde65fc010218c7c9ff9757a9b05a7651f0bb88d8729ce3f37,0xcab35b11209f85bde65fc010218c7c9ff9757a9b05a7651f0bb88d8729ce3f37,0.0
buy,1,4.851,2026-09-16T04:06:55.860608816+00:00,2026-09-16T04:06:55.860608816+00:00,0.0,1,4.851,0xefa988eabbb2b768ab95ce5a194a910b0050f377,4.851,0x5a606bbb38ccf41c53bcf7cec3472466e1b3620cbbfcc27bfb820d9257ae20e1,0x5a606bbb38ccf41c53bcf7cec3472466e1b3620cbbfcc27bfb820d9257ae20e1,0.0
sell,1,0.014361507328301864,2026-09-16T04:06:55.960741043+00:00,2026-09-16T04:06:55.960741043+00:00,0.0,0,0.0,,0.0,0x59a4a9017f2087aa9201b97cb390395ab76ed0006bd40834218c14e3f6855803,0x59a4a9017f2087aa9201b97cb390395ab76ed0006bd40834218c14e3f6855803,0.0
buy,8,20.138325004984097,2026-09-16T04:07:07.275694847+00:00,2026-09-16T04:09:58.001323223+00:00,170.72562837600708,4,20.138325004984097,0xfb0d8b94027c5109ae89c5f08b025cc598cf6f49,19.50102,0x468ba95354fa67366a7a7cf323d77baf29886543765fda0c50e7c222e20ccfe0,0xcdc12693bfe1579ccdf56d8ae540e057f75b1305ede953604b50b7e7ba697a4f,0.0
sell,1,0.06484007989657438,2026-09-16T04:10:31.545655012+00:00,2026-09-16T04:10:31.545655012+00:00,0.0,1,0.06484007989657438,0xc5986fbdc94a47a96886b57a00385536aeeddd35,0.06484007989657438,0x0596343c7cff68e0e6f43edb7145b64ccf4a298771b7f1e997695d3b238d2fba,0x0596343c7cff68e0e6f43edb7145b64ccf4a298771b7f1e997695d3b238d2fba,0.0
buy,1,0.9702,2026-09-16T04:10:33.848698616+00:00,2026-09-16T04:10:33.848698616+00:00,0.0,1,0.9702,0x49224d70a64e7e7dd5dadfad610f039ea6d08c8e,0.9702,0xe9a03de5cb1343dd156e4b26c4938b10aa4c28a6d8cffad96c66c07cc40cbff6,0xe9a03de5cb1343dd156e4b26c4938b10aa4c28a6d8cffad96c66c07cc40cbff6,0.0
sell,2,0.29377224096423027,2026-09-16T04:10:34.048963308+00:00,2026-09-16T04:10:34.749889612+00:00,0.7009263038635254,1,0.29061104899506396,0xf48bf3857ca5774e9b84f9d9506d1e066e556276,0.29061104899506396,0x4eaca7d750f72d5331e6eada4731ab3c1c69a40108f54e7fb18d998219b0fb83,0xa62eefc9890c89a639aa11d5e1bb532efd202eceff25b84312c6ecf98d888ab5,0.0
buy,1,0.0441,2026-09-16T04:11:14.302161455+00:00,2026-09-16T04:11:14.302161455+00:00,0.0,1,0.0441,0x4be8ad83f082a1aed6a22b9331fada9f1c24a8c4,0.0441,0x08c873ff4ff141e204b7192b18bafe17c09b26cd12df4750008af0b8fc88a78e,0x08c873ff4ff141e204b7192b18bafe17c09b26cd12df4750008af0b8fc88a78e,0.0
sell,2,1.7771567319892034,2026-09-16T04:11:38.434053898+00:00,2026-09-16T04:11:38.434053898+00:00,0.0,2,1.7771567319892034,0xd4b4cab5cf150f46448a8b312cf4d96521953c5f,1.7098388357754544,0xe2cd28350e969170a1e0d2861f5b81547ac4d906b43d9cb722eac7eccc34bc73,0xdc2ab2f43bd7f24d937ac1dc15e5ea8dacb9948954232809d34e4f57e79c7a17,0.0
buy,1,0.0098,2026-09-16T04:11:49.648875237+00:00,2026-09-16T04:11:49.648875237+00:00,0.0,1,0.0098,0x21d5996bbc760627d71f857f321249b61da96351,0.0098,0xbbdb2fe45ecb32a3d14b8b17030c2258f30e9ebd750b867e6ea4638c32688211,0xbbdb2fe45ecb32a3d14b8b17030c2258f30e9ebd750b867e6ea4638c32688211,0.0
sell,2,0.027568195448027168,2026-09-16T04:12:25.496250629+00:00,2026-09-16T04:12:30.102337837+00:00,4.6060872077941895,0,0.0,,0.0,0xa0c5b625c197d58a3d93e3470ed6f910391e1d0270c14a4633b60f0941ac0b64,0x9053776f57786721b120f682c1c9f8a5584b14731df7ca685bc9294887515817,0.0
buy,1,19.6,2026-09-16T04:12:33.406704903+00:00,2026-09-16T04:12:33.406704903+00:00,0.0,1,19.6,0xd852e3a7a2abca6aecd0fa39147851ae96eba5d7,19.6,0xff7f35ed41a72f88be67bb1113e8f90981077d8138bd18388930af7d4206c50a,0xff7f35ed41a72f88be67bb1113e8f90981077d8138bd18388930af7d4206c50a,0.0
sell,6,3.1825605517025255,2026-09-16T04:12:33.506837129+00:00,2026-09-16T04:12:38.513453960+00:00,5.006616830825806,3,3.15501066806704,0x11bc74e240c13f7067529b21dfb9933ff7fcb136,3.0549680643031554,0x93554de662012c84e30c0203eb1ed8943d2fd3341cb46faffded6331b5b991cf,0x3bc4ea93b111e95087213a7c2bbcfbaacf77f48f93021baaa6320ed2b534f590,0.0
buy,1,9.702,2026-09-16T04:12:52.131451368+00:00,2026-09-16T04:12:52.131451368+00:00,0.0,1,9.702,0xfb0d8b94027c5109ae89c5f08b025cc598cf6f49,9.702,0x458211fdf9b62b69267cc2b28a99c413a43b56f0c8f49c744097f81f134bf479,0x458211fdf9b62b69267cc2b28a99c413a43b56f0c8f49c744097f81f134bf479,0.0
sell,1,0.003538822680903794,2026-09-16T04:12:52.331715822+00:00,2026-09-16T04:12:52.331715822+00:00,0.0,0,0.0,,0.0,0xf7f9d0efedc68d7048358e1f7591f841bf51d96a3c78fcecaddd84f3ddbb20a1,0xf7f9d0efedc68d7048358e1f7591f841bf51d96a3c78fcecaddd84f3ddbb20a1,0.0
buy,1,19.6,2026-09-16T04:12:54.234230280+00:00,2026-09-16T04:12:54.234230280+00:00,0.0,1,19.6,0xd852e3a7a2abca6aecd0fa39147851ae96eba5d7,19.6,0xede9cd732167b18e8ac56a3352f241ebafb3ea0f989f45c6d89e3826b0edbb03,0xede9cd732167b18e8ac56a3352f241ebafb3ea0f989f45c6d89e3826b0edbb03,0.0
sell,8,0.1215411769258194,2026-09-16T04:12:54.334362507+00:00,2026-09-16T04:12:55.035288811+00:00,0.7009263038635254,0,0.0,,0.0,0xd2d36d63a0639cba02fe1ee1b9daac251811d38520601ca4d987a33cafbbf4bd,0x81af56b1f3116a23f7afc96e24fe491006ea66afe0d3aa4734730e814f27b6e6,0.0
buy,4,0.42957366596689744,2026-09-16T04:13:13.359505892+00:00,2026-09-16T04:13:44+00:00,30.640494108200073,4,0.42957366596689744,0x588295adf8c8a80b055b9fcdf0b73ee863c6e97d,0.24255,0xabd159d2507dcea9a5216b47ef3d1d8ad16a847b6b15d889a1ee80f9cd9cff90,0x8181623c52c16a6f1ce88c9d579b315a5f09bce0fc7baddf44278f6004e5ed1c,0.0
sell,4,1.8941164469841483,2026-09-16T04:14:07.355721474+00:00,2026-09-16T04:14:18.370646715+00:00,11.014925241470337,1,1.8941164469841483,0xd9eb90019424e30d05b7e2a3144092225faa7b0c,1.8941164469841483,0x203fe1df94b9ab88c4ef26b2c9299868ce08e2da885f2db2d354f14362f2afbc,0x29597f80d134bc88a596a64e7f38b3a14d82215aeb20cfdf4b2cc38da3e8c14f,0.0
buy,1,0.58506,2026-09-16T04:14:20.512437820+00:00,2026-09-16T04:14:20.512437820+00:00,0.0,1,0.58506,0x327facc561234ebd02c933a4d4486fab6585c566,0.58506,0xf189924d55f4d3e33a45c4f6289b7a213058c76b1b83d31559a93e3ccfd68438,0xf189924d55f4d3e33a45c4f6289b7a213058c76b1b83d31559a93e3ccfd68438,0.0
sell,118,71.25207106773864,2026-09-16T04:14:25+00:00,2026-09-16T04:15:22+00:00,57.0,35,71.25207106773864,0x5638484ba2d2f1d1d35020572b0aa439a9869192,28.23452856253754,0xc704c667d591ca532447e06ec083e2fcf70cc19f668afbce4fdc644048ec172d,0x98486fc688564062ac5ecf9e80fd0b117e4cd897c0161fd9788169540b4a3938,0.0
buy,1,0.038808,2026-09-16T04:15:57.657777786+00:00,2026-09-16T04:15:57.657777786+00:00,0.0,1,0.038808,0x249571f65ef05cf04d76fcf45c106e6990442285,0.038808,0x01f596dc196b333e6c2b44c395733196e6c9ac6c0d7ef20fbe1aa076007ee6e4,0x01f596dc196b333e6c2b44c395733196e6c9ac6c0d7ef20fbe1aa076007ee6e4,0.0
sell,1,0.2458141489176376,2026-09-16T04:16:00.570666552+00:00,2026-09-16T04:16:00.570666552+00:00,0.0,1,0.2458141489176376,0x7c9457a775015eee6e098cb1a4ba6cf9b0fdf3c0,0.2458141489176376,0x4384f460a0ffbe3867e7aa90f5b99b010b45f503ea4ae12adb3dc17faed69d6c,0x4384f460a0ffbe3867e7aa90f5b99b010b45f503ea4ae12adb3dc17faed69d6c,0.0
buy,1,0.00638265474,2026-09-16T04:16:04.789333344+00:00,2026-09-16T04:16:04.789333344+00:00,0.0,1,0.00638265474,0x149f9e276e77cb13bc0fee312127122025455c49,0.00638265474,0x1cbed1bad6a2600e3401b203e63360f895c2fe0cae65f685050ea449c4474d77,0x1cbed1bad6a2600e3401b203e63360f895c2fe0cae65f685050ea449c4474d77,0.0
sell,5,0.2018468900918023,2026-09-16T04:16:09.208889008+00:00,2026-09-16T04:17:27.254222155+00:00,78.04533314704895,5,0.20184689009180226,0x0ba1c8949eedfba13fad2dc7c5eb90456cc19013,0.07682182528961014,0x7c84b729c52091b0d32b146dc51620498456d841de2784b1fb7f83362d0a00ec,0x8a4d96d04609b8a8df64fb8083b54f668c737350bae76a733f920a88c0e4ff2a,0.0
buy,1,3.3957,2026-09-16T04:18:13.960888863+00:00,2026-09-16T04:18:13.960888863+00:00,0.0,1,3.3957,0xa9076b5ba0aa393915cc4143653e7a01b96b5e12,3.3957,0x61c635d4e7afc281438d605a4842a53601df3b50038ea6ffe8cf174774753080,0x61c635d4e7afc281438d605a4842a53601df3b50038ea6ffe8cf174774753080,0.0
sell,1,0.019420526846421357,2026-09-16T04:18:18.581333399+00:00,2026-09-16T04:18:18.581333399+00:00,0.0,1,0.019420526846421357,0xcabe8d7e6c7a96dca2657e63e3d2c8711f9406d1,0.019420526846421357,0xa78e194bd30891127499fd1bf82392bd26981f2b7bd6ba82d8d1ca495413bfff,0xa78e194bd30891127499fd1bf82392bd26981f2b7bd6ba82d8d1ca495413bfff,0.0
buy,1,0.0614561199397964,2026-09-16T04:18:21.895999908+00:00,2026-09-16T04:18:21.895999908+00:00,0.0,1,0.0614561199397964,0xb19e4456e26181897aaf08e76f09691a27d8cf47,0.0614561199397964,0xe831be4fb41a5d49bfcb38b146cdf948ace037d1950a6c4cde66b99cf0d98409,0xe831be4fb41a5d49bfcb38b146cdf948ace037d1950a6c4cde66b99cf0d98409,0.0
sell,2,0.04463764200472443,2026-09-16T04:18:24.005333424+00:00,2026-09-16T04:18:43.893333435+00:00,19.888000011444092,2,0.04463764200472443,0x896ff98445ede107839a46df3cc302ad2ec4c166,0.03710217093331455,0xb086533808768bb87b21f1c3ca70257d451213ef91052022a050f244551074b1,0x85ffe1296b13083862ffb6b9b80a44ed0c2b525a4b81736799eafab956dff412,0.0
buy,1,0.029106,2026-09-16T04:18:51.527111053+00:00,2026-09-16T04:18:51.527111053+00:00,0.0,1,0.029106,0xe28f3ed9774960e86f6f594dbbc4c1529ab17a6f,0.029106,0xb0cc551ad5e0cfbb99822b85e5396b8af5b7462cdfe548b11c9af9bfae354ea0,0xb0cc551ad5e0cfbb99822b85e5396b8af5b7462cdfe548b11c9af9bfae354ea0,0.0
sell,1,0.006196206426284929,2026-09-16T04:21:39.068444490+00:00,2026-09-16T04:21:39.068444490+00:00,0.0,1,0.006196206426284929,0x4933228adcedc76e1f726d113cf0bef24ba55504,0.006196206426284929,0xadd0271153d643733324dd7a31281538f47b38d78cbc1a50bd17cbd51158519d,0xadd0271153d643733324dd7a31281538f47b38d78cbc1a50bd17cbd51158519d,0.0
buy,3,0.077616,2026-09-16T04:22:58.924499989+00:00,2026-09-16T04:23:06.059999943+00:00,7.135499954223633,1,0.077616,0x14078a75f65dc072fe76960aa2769157e443b1d1,0.077616,0x09160a57d8b06c491d3dcd49db8666d8e640ed6357d8cdb213eaad5bb4d5722c,0xfaa8cea1eacae33b7a67a23db7229e0154210f08d5dc45d6cb15d7ffb9735047,0.0
sell,3,9.974459627334278,2026-09-16T04:23:16.109999895+00:00,2026-09-16T04:23:23.446500063+00:00,7.33650016784668,3,9.974459627334278,0xd4b4cab5cf150f46448a8b312cf4d96521953c5f,8.002577961950674,0x1890d72bf431401f38546ea8ffd32df7b920a493e14faf7c585c3b00e3472886,0xc0397e86d27d978fd795f7c2355808445f7b4a76b48bb3629c34737a1f24b8da,0.0
buy,1,4.98550969224,2026-09-16T04:23:27.667500019+00:00,2026-09-16T04:23:27.667500019+00:00,0.0,0,0.0,,0.0,0xf26b79e503df6ee7e9ad31ee29f8e1be400f448c8d1dd69f3ca417af1a30eae6,0xf26b79e503df6ee7e9ad31ee29f8e1be400f448c8d1dd69f3ca417af1a30eae6,0.0
sell,1,0.06131991113234963,2026-09-16T04:23:32.190000057+00:00,2026-09-16T04:23:32.190000057+00:00,0.0,1,0.06131991113234963,0xa721e490507c0fc7cfbf4fcfe3fafd93fdce36bb,0.06131991113234963,0x639593db0059cfd751abfef6707b965e1efa8bb6fd90bea350988ecc9919fb28,0x639593db0059cfd751abfef6707b965e1efa8bb6fd90bea350988ecc9919fb28,0.0
buy,6,8.307448751482285,2026-09-16T04:23:52.892999887+00:00,2026-09-16T04:24:10.782000065+00:00,17.889000177383423,3,8.307448751482285,0xa6ebe798a17b351b0c04cd61654c7ca38860e253,8.063592483060802,0xa500ff205e885b649d6f0b224c54bab6a45872e1c7280b99137ecba0600787f3,0x78124256f812a68dd1693c001e818397e2625e28507fa18ae6f51cda6da3b8ec,0.0
sell,3,0.2693145950010497,2026-09-16T04:24:44.650500059+00:00,2026-09-16T04:25:41.734499931+00:00,57.08399987220764,3,0.2693145950010497,0x2ea462f78858e6d784b26ad3ba5a641d642af0ad,0.13996146174963392,0x3c6598a947832a3305d2de42e651e698d56590ddf3894fe89b2b9b995cded312,0xe2d4432b9cb964159fd428f5d84b84b7d625a228557402944596504707d1e7a2,0.0
buy,3,1.0672199999999998,2026-09-16T04:25:48.568500042+00:00,2026-09-16T04:27:22.234499931+00:00,93.66599988937378,3,1.0672199999999998,0x20b88e992c063b0d3dee60b101c09b3d8d74663b,0.4851,0xe453698e2261c2a339b3d35f364e0181113386f902a520c3a667aaca296bd6f9,0x9f3d9656887642288eda98498ea68afa4cce0dd3e00a09a20b23ba95c6db20cd,0.0
sell,1,9.776280945608868,2026-09-16T04:27:36.806999922+00:00,2026-09-16T04:27:36.806999922+00:00,0.0,1,9.776280945608868,0xa65ce1d604fa901c13aa29f2126a57d9032e412b,9.776280945608868,0xc18f1f9926681b0e74ae08f38eae0d8e2ca8bcf4f82918a8f75bbcdd91e4e954,0xc18f1f9926681b0e74ae08f38eae0d8e2ca8bcf4f82918a8f75bbcdd91e4e954,0.0
buy,1,1.4553,2026-09-16T04:27:46.253999949+00:00,2026-09-16T04:27:46.253999949+00:00,0.0,1,1.4553,0x9882784c24006535c60ee1caf863b0e8ee70836a,1.4553,0x3d548ad663dbfa9659803ec572a330ac7fb3b927579af504647b087e0b103f87,0x3d548ad663dbfa9659803ec572a330ac7fb3b927579af504647b087e0b103f87,0.0
sell,9,8.897460930086343,2026-09-16T04:28:17.308500051+00:00,2026-09-16T04:30:34.088999987+00:00,136.78049993515015,9,8.897460930086343,0xd4b4cab5cf150f46448a8b312cf4d96521953c5f,5.9909399738326785,0x390611aca96a553471b606ae14a00549529adb6651dd89bbc2f108ccc1c5e0bb,0xb13f7dd3773c0e0c6d38e436134a11ae1ad4bb276035e094d886e602a88d9162,0.0
buy,1,0.19765856486532124,2026-09-16T04:32:24.236999989+00:00,2026-09-16T04:32:24.236999989+00:00,0.0,1,0.19765856486532124,0x24d721bbd26e99995bb173b7f254333c5cf8677e,0.19765856486532124,0x250626cf9bc56c6c4ea45fee396a6aa00888bf102ad3f6780decea6ad35265fe,0x250626cf9bc56c6c4ea45fee396a6aa00888bf102ad3f6780decea6ad35265fe,0.0
sell,1,0.003310851835407371,2026-09-16T04:33:58.506000042+00:00,2026-09-16T04:33:58.506000042+00:00,0.0,1,0.003310851835407371,0x1b36374d5a26c45726632162188f7162dcf39639,0.003310851835407371,0x2c008fbab465f906bdbef9040f55e6e2eca03fa781232b9fd70772346394d3f3,0x2c008fbab465f906bdbef9040f55e6e2eca03fa781232b9fd70772346394d3f3,0.0
buy,2,0.2227605752087381,2026-09-16T04:34:26.846999884+00:00,2026-09-16T04:34:42.424499989+00:00,15.577500104904175,2,0.2227605752087381,0x8908253a36effaf7c284dc044f22d90fc9a3139d,0.18240546760579052,0xa6b95f8912c1c5c5efe4daa42ad2cddb59cb8d35932ff9b151a2b207d76faa5a,0x097e1412442b382054979907448f4a77ea260c1b2bb3a399403468aa7cc50654,0.0
sell,8,0.3529783308686777,2026-09-16T04:34:54.986999989+00:00,2026-09-16T04:36:39.406500101+00:00,104.41950011253357,8,0.3529783308686777,0x588295adf8c8a80b055b9fcdf0b73ee863c6e97d,0.22742908973280096,0x13e999845be388e30553054f5043667b988dad9f22fbcb775b36f05b5861aa81,0xa9b542070c3783d1e71b624ffbbe6efbca441e1aa19f3009e85fd937c7acba44,0.0
buy,1,0.001519,2026-09-16T04:37:03.224999905+00:00,2026-09-16T04:37:03.224999905+00:00,0.0,1,0.001519,0x1b36374d5a26c45726632162188f7162dcf39639,0.001519,0x9d9f9c43341bb79e79af9e66b7488c0d8db63e84244f6daf18dc1baba36ec4e5,0x9d9f9c43341bb79e79af9e66b7488c0d8db63e84244f6daf18dc1baba36ec4e5,0.0
sell,6,20.044480457138455,2026-09-16T04:37:17.094000101+00:00,2026-09-16T04:38:32.569499969+00:00,75.47549986839294,5,20.044480457138455,0xf53483f3e48492f0870256ace2674666b16adaed,16.287932152482718,0x1729fc18a9ae81314249479a56261610f8e7a1907372772a659049885c14b108,0x26c037c01a235d947728f2c7c890f83491b3d9fd7236f34867de795eb748f696,0.0
buy,2,0.118636545962625,2026-09-16T04:38:33.373500109+00:00,2026-09-16T04:38:35.082000017+00:00,1.7084999084472656,2,0.118636545962625,0x5bf5016c2b921f0cd7e5ed93917184b69d35904e,0.0832377091940741,0x48fcaffcda618f75ff99feeac08605c07e67e6eaad9fec80544fe104bc9e5359,0x2e139b6d268c31f7812b2421afdd8aa3850c988e22eb2281e83afa798289235c,0.0
sell,2,3.2092796792864626,2026-09-16T04:38:43.624500036+00:00,2026-09-16T04:38:50.860500097+00:00,7.236000061035156,2,3.2092796792864626,0x5f1115f3d02030817f06ce4493966aa10189ba5b,3.203637669635701,0xbd1c2c0162533828501f42c03ec75c4fe1ea76878b1d1f610d10663e3bdbe7dc,0xf0ea8096dddda242480f1d0a187dcd445439fdb1843087af329e8683e0d35164,0.0
buy,2,0.0881665343303157,2026-09-16T04:39:04.628999949+00:00,2026-09-16T04:39:15.884999990+00:00,11.25600004196167,1,0.0881665343303157,0x116cda031c0f1c23954052e595ffac12f804307d,0.0881665343303157,0x501a8579ab8870b549db19514c76ff059c4477c80fc65f67abf2b9dd9630f8a7,0xdd35009679208fcd143e16f3b9e0cda9a6c1830d305b5e4460ec17415097d697,0.0
sell,8,2.695985507242123,2026-09-16T04:39:28.145999908+00:00,2026-09-16T04:42:19.658200026+00:00,171.5122001171112,8,2.695985507242123,0xe0380e347e1bbd3ba74d2b591424e2175c7da1d5,1.7631790146543371,0xaf5c96a069e6616e37c2d10cec2411241ba2d701709ab7d4abf114bd6237c299,0x4d80b4416651a87572c957951a25c7c8b5b764b8b0b0a8aeffcffe6f15d665b3,0.0
buy,1,0.0010339,2026-09-16T04:42:41.689599991+00:00,2026-09-16T04:42:41.689599991+00:00,0.0,1,0.0010339,0x1b36374d5a26c45726632162188f7162dcf39639,0.0010339,0xaf9c547da1f76031c3f327870df3ba073ddb83fdc8ef71a8aaaaf7a5a95d65ef,0xaf9c547da1f76031c3f327870df3ba073ddb83fdc8ef71a8aaaaf7a5a95d65ef,0.0
sell,8,2.9203008979311664,2026-09-16T04:42:42.192600012+00:00,2026-09-16T04:44:38.486200094+00:00,116.29360008239746,7,2.920300897931167,0x4c9b853f9d2fe1379e66ac46ba5ce7f32d147108,2.3124155862788918,0xbeb842d3826904c0c5d61223dd14ed76691143a90004d985ba3e19ef7fc4f19d,0x4ab5eef0e0347ac50a0dd617a7be4e7c65c81653207ab45c383d55ccb3936ed9,0.0
buy,2,0.01721182699836005,2026-09-16T04:46:08.523200035+00:00,2026-09-16T04:46:32.264800072+00:00,23.741600036621094,2,0.01721182699836005,0x90738366a044c13ea0a1393d1761d7625ed3f0a9,0.010100090203810037,0x152cda7072f71b4f4b376091dba13da8957ea4180461ceff8461150493c63636,0x122b674a8f74d1b7143f391ff13220fefeb92c3193eddea560d393a0b7417503,0.0
sell,3,0.3348899981114752,2026-09-16T04:46:53.994400024+00:00,2026-09-16T04:47:06.670000076+00:00,12.675600051879883,3,0.33488999811147513,0x01f470eea950bcc04d964750189993e6a0532dc1,0.18637463030120097,0x559ea80f8d2ac8a710e9090a5a100eda56480882ec605e922e27d033ace782df,0x9543ee60501c05d54c323d5bc7d66edb50ad33915b30fdc686f3c2203747ada5,0.0
buy,1,0.1572043371543924,2026-09-16T04:47:31.015199900+00:00,2026-09-16T04:47:31.015199900+00:00,0.0,1,0.1572043371543924,0xcf4e890f43b6fdccae192a414aa0b6247e19663e,0.1572043371543924,0xefb7e4b94ef3d4aadbd08b6c5acaf1c61f2c6d5d2f9c9a920dda7396ce62d2eb,0xefb7e4b94ef3d4aadbd08b6c5acaf1c61f2c6d5d2f9c9a920dda7396ce62d2eb,0.0
sell,1,0.2434042245595433,2026-09-16T04:47:38.358999968+00:00,2026-09-16T04:47:38.358999968+00:00,0.0,1,0.2434042245595433,0xee7ac1ed8dff95a5f57caec96b4fe05973c94c44,0.2434042245595433,0xbd38a6109951d23b00bda0ecaccea04532fbb00f0eed08de657ed2563e6036b6,0xbd38a6109951d23b00bda0ecaccea04532fbb00f0eed08de657ed2563e6036b6,0.0
buy,1,0.004851,2026-09-16T04:48:08.639600039+00:00,2026-09-16T04:48:08.639600039+00:00,0.0,1,0.004851,0x73617259d94b37a4d069989daa37162ed28f27fc,0.004851,0xa77f2161b39798873502be60873c3a58b73937515a27b9bb0ffb32abe338bba8,0xa77f2161b39798873502be60873c3a58b73937515a27b9bb0ffb32abe338bba8,0.0
sell,5,2.2910870993196704,2026-09-16T04:48:08.740200043+00:00,2026-09-16T04:50:18.312999964+00:00,129.57279992103577,5,2.291087099319671,0x6594b6de59288e82b9ec6529d2ade6ff8e9c0714,1.1910033149001944,0x4cccc30f08302b4aa43645bf52a3c60461872cca28ebedf41e160d449d4ff122,0x869f6392f213e0c843359f1842607fa6a727bad8f1429e190c5cb29e316b8fb2,0.0
buy,1,0.20624890343247773,2026-09-16T04:50:23.544199944+00:00,2026-09-16T04:50:23.544199944+00:00,0.0,1,0.20624890343247773,0x6b411c8aeb50813367bb16f4ee902cb8cc2691f4,0.20624890343247773,0x9f19a8b5f733cb25a8b2ceb1aefafba9ffa9a8fc2dfeddf0cf1c5aba0799db69,0x9f19a8b5f733cb25a8b2ceb1aefafba9ffa9a8fc2dfeddf0cf1c5aba0799db69,0.0
sell,12,3.83494018776532,2026-09-16T04:51:06.500400066+00:00,2026-09-16T04:53:32.571599960+00:00,146.07119989395142,12,3.83494018776532,0x86b578c35141ae8ad3fd594b5a247b5cacd6a1a0,2.136519226423065,0xd2dade28b0cc60bf9017ce6ff8e8d2b7dbb6cba7533aab2f86d50a2a7c45df0f,0x6fbb3db8dcce4bde56e89568fffb6ec19fe1be4919ed8a1027445638f96f1ac5,0.0
buy,1,0.007070953790043296,2026-09-16T04:53:47.359800100+00:00,2026-09-16T04:53:47.359800100+00:00,0.0,1,0.007070953790043296,0x1bbc0c1cfe4cfc510804739aa1aa697aeb851011,0.007070953790043296,0x034b6295cdf49f0fdeb9e07fdfb47084e38be7ead325003ce8b87b3dba26f621,0x034b6295cdf49f0fdeb9e07fdfb47084e38be7ead325003ce8b87b3dba26f621,0.0
sell,1,0.056783673670624674,2026-09-16T04:54:12.610399961+00:00,2026-09-16T04:54:12.610399961+00:00,0.0,1,0.056783673670624674,0xa1b635a796a798c58d4e04247afa32c0c87220fe,0.056783673670624674,0x66df4e68742870e0f63aff50edd1ebdcee204304c5fd809ec0dfb5ae06833989,0x66df4e68742870e0f63aff50edd1ebdcee204304c5fd809ec0dfb5ae06833989,0.0
buy,1,0.044312107398857416,2026-09-16T04:54:46.009599924+00:00,2026-09-16T04:54:46.009599924+00:00,0.0,1,0.044312107398857416,0x53426fb8d9f01b8419bdcd92b8266b3d733c490d,0.044312107398857416,0x4b2a6320fff166d07e45cdd030803ac9363e917456be70c8330ebbfcb1a26cab,0x4b2a6320fff166d07e45cdd030803ac9363e917456be70c8330ebbfcb1a26cab,0.0
sell,1,0.44335209483691224,2026-09-16T04:54:54.359400034+00:00,2026-09-16T04:54:54.359400034+00:00,0.0,1,0.44335209483691224,0x7c7b412019186684b51bdd98d4cbc33ccf1eee7d,0.44335209483691224,0x4ad2ca70e80ae7ddb7ff621cff574dfe4290a45c5efdd1e00032c17ad7f0cc1d,0x4ad2ca70e80ae7ddb7ff621cff574dfe4290a45c5efdd1e00032c17ad7f0cc1d,0.0
buy,1,0.009064604649830294,2026-09-16T04:55:05.425400019+00:00,2026-09-16T04:55:05.425400019+00:00,0.0,1,0.009064604649830294,0xcb3dfd813ade80200ca7ac932fff1417e3cb79a1,0.009064604649830294,0xd7bd790222fb9ac4c1ad9284193646dd1067d376be513c422831fc27ee9ade14,0xd7bd790222fb9ac4c1ad9284193646dd1067d376be513c422831fc27ee9ade14,0.0
sell,5,0.5436540945502849,2026-09-16T04:55:12.568000078+00:00,2026-09-16T04:55:55.322999954+00:00,42.75499987602234,5,0.5436540945502849,0x17c9a6681c3dba9ba03fb5d802a9f6aa3e928ac2,0.19573429403582862,0xd0ffd556054538114c048ef2d1d3cd55e14c665dcc5075e3583114d10a6ad7b4,0xdb99b04c3af827ed299fc26179b142a5a3ca76e8b9fc75c78225abc5641892f3,0.0
buy,1,0.19404,2026-09-16T04:55:59.749399900+00:00,2026-09-16T04:55:59.749399900+00:00,0.0,1,0.19404,0xcf251e0699333d73bcd58e931d5a12e8f2e7bdc7,0.19404,0xdb1219daee5b15faaa1efb880d00187b5258031f5c4e527bcdd2382ef6c15350,0xdb1219daee5b15faaa1efb880d00187b5258031f5c4e527bcdd2382ef6c15350,0.0
sell,32,26.043277794117845,2026-09-16T04:56:10.513600111+00:00,2026-09-16T05:02:08.711617231+00:00,358.1980171203613,25,26.04327779411784,0xd4b4cab5cf150f46448a8b312cf4d96521953c5f,17.513558632636652,0x84fb41493ce9620acd4a6ebffcd4c3ebc0095d02a0a3d23785f8828a212c7b1c,0x06e5a1a3ed04484df5921f27ae5c9db9ae6e63d0e5befa874f5673b82d5025b4,0.0
buy,1,0.07309419644277323,2026-09-16T05:02:38.513895273+00:00,2026-09-16T05:02:38.513895273+00:00,0.0,1,0.07309419644277323,0x154b9f869e8839195cabce575dcfb8afbd9f3117,0.07309419644277323,0x9400e5c47d8b5307a4eb16a20399eec7465ba4d98a2c60a27cb8ea03a824c740,0x9400e5c47d8b5307a4eb16a20399eec7465ba4d98a2c60a27cb8ea03a824c740,0.0
sell,2,1.0798145395439533,2026-09-16T05:02:57.945785761+00:00,2026-09-16T05:03:00.462870121+00:00,2.5170843601226807,2,1.0798145395439533,0x4280fd97f782a3fc6634fcc1c3285e13bcd029ec,1.078650032243561,0x70e2b8e4c7eb073b46eaacf218f1181c45483c5ebe1bf17e650fa0f090dffdbf,0x023c6e63f95d59e24ede8c59e2a82e12581797202b9ef10ab35ace3d43be3f9f,0.0
buy,1,0.011331786192248013,2026-09-16T05:03:23.620045662+00:00,2026-09-16T05:03:23.620045662+00:00,0.0,1,0.011331786192248013,0x861fa17322fcb89de5fd7964e60589fdb59ca3be,0.011331786192248013,0xd16ee24c55a91d8916206ca1bd019571a0fd17363baa9821177529772907f093,0xd16ee24c55a91d8916206ca1bd019571a0fd17363baa9821177529772907f093,0.0
sell,3,1.0781917100209701,2026-09-16T05:03:48.992255211+00:00,2026-09-16T05:04:11.444646835+00:00,22.452391624450684,3,1.0781917100209701,0x8c509e461bcebe90711e3eb99a6ef1f1ddde3351,1.0404232644348483,0x1a2c75d9aa02ea5bb8da2560ae1f9c39452a4e2e357bf9e1898822f1521c794e,0x6162333633d5d96a97feb7d33dc9a49c5f53cafa8a2c32d5811cc2a078bbee20,0.0
buy,1,0.001393497459109675,2026-09-16T05:04:15.069248199+00:00,2026-09-16T05:04:15.069248199+00:00,0.0,1,0.001393497459109675,0x1b36374d5a26c45726632162188f7162dcf39639,0.001393497459109675,0xd3a4ad1f5ee24193ca8ed7f826687d83619aa2d3e802f6fd98fbdb45957c4d0d,0xd3a4ad1f5ee24193ca8ed7f826687d83619aa2d3e802f6fd98fbdb45957c4d0d,0.0
sell,1,1.0395588975352557,2026-09-16T05:04:45.374943018+00:00,2026-09-16T05:04:45.374943018+00:00,0.0,1,1.0395588975352557,0x8c509e461bcebe90711e3eb99a6ef1f1ddde3351,1.0395588975352557,0x7c88999940fdccff697d1409bf8077dd1d17b363abd16036061d5d068a6488f8,0x7c88999940fdccff697d1409bf8077dd1d17b363abd16036061d5d068a6488f8,0.0
buy,1,0.06973689595331833,2026-09-16T05:04:46.381776810+00:00,2026-09-16T05:04:46.381776810+00:00,0.0,1,0.06973689595331833,0x8908253a36effaf7c284dc044f22d90fc9a3139d,0.06973689595331833,0xbeaade19fa06ebfbbeea3d5b99db1257cbd751f9a3cf61fddee6a9e7976c0843,0xbeaade19fa06ebfbbeea3d5b99db1257cbd751f9a3cf61fddee6a9e7976c0843,0.0
sell,2,0.09212934865003286,2026-09-16T05:04:51.315261841+00:00,2026-09-16T05:04:54.839179993+00:00,3.5239181518554688,2,0.09212934865003286,0xbf6cc1f7b3cc58ff1be5211ca2db75c29e8fec7c,0.07227959195884372,0x15ec5869083630feede4c276ed4734c178227f4425b321168411dbbfb611ce5f,0xd00fbfda0fc0c1f6c0e38b09244863bdcc566eab94e0cc5b114d530d3b2e5f7e,0.0
buy,1,0.030273147214507447,2026-09-16T05:04:56.752164125+00:00,2026-09-16T05:04:56.752164125+00:00,0.0,1,0.030273147214507447,0x045336526854f9cfbd36c1b6afccae811405bd64,0.030273147214507447,0x1022fb85b9a40b47f357a2a6079c8ece0e5faedd3138ccd4ece2b67666d5f038,0x1022fb85b9a40b47f357a2a6079c8ece0e5faedd3138ccd4ece2b67666d5f038,0.0
sell,4,1.686952511152347,2026-09-16T05:05:19.103872538+00:00,2026-09-16T05:05:46.791799545+00:00,27.68792700767517,4,1.686952511152347,0x8c509e461bcebe90711e3eb99a6ef1f1ddde3351,1.040098474362502,0x7017d0b6fedca74752a934d0415bdb6605395ec358f5bce2c21f06578c25bd36,0xe9cc1c2c28d097784a502b44ca16671e38dbe0d74acfe54feffec043005c8026,0.0
buy,1,0.4851,2026-09-16T05:05:59.880637884+00:00,2026-09-16T05:05:59.880637884+00:00,0.0,1,0.4851,0x015f316f30450c87c92492df4405bd1c238007d8,0.4851,0x22ba4d06ea75ff54c79810af5f293d5c0896a77fdbd104da925b397ca8ffbb75,0x22ba4d06ea75ff54c79810af5f293d5c0896a77fdbd104da925b397ca8ffbb75,0.0
sell,2,0.9605846045856027,2026-09-16T05:06:03.404555798+00:00,2026-09-16T05:06:08.740774393+00:00,5.336218595504761,2,0.9605846045856027,0x5140087842da3cbc55ff69ba74b4239af219c4b6,0.9131086403442649,0x882fa17ff292681381c07440167771e976aa16445c717a787b00f503182288f8,0xf15ed442b3b1939e4c5d8a9b794ef4e0b193e834ec471dfba0206f955c977fce,0.0
buy,1,1.47,2026-09-16T05:06:14.983143568+00:00,2026-09-16T05:06:14.983143568+00:00,0.0,1,1.47,0x98ba4c6ee9bc6be805012e55c918b46f67221b49,1.47,0x8328494ed8a7dce829df0cb93e30845356666b64580468de7a7dd0cbae32951d,0x8328494ed8a7dce829df0cb93e30845356666b64580468de7a7dd0cbae32951d,0.0
sell,3,0.8143781464427178,2026-09-16T05:06:37.334851980+00:00,2026-09-16T05:06:41.462870121+00:00,4.128018140792847,3,0.8143781464427179,0xf04707ba30b883d9a7ef5511ab9ddb95125d5d57,0.48002005981714313,0xf4a95b99274c568eb5c4ccce88a637515895440efd3135db36dba6879ea962d5,0x81986c223ce9b13cdc616c09ec202e2e92624c64e4037c289d212caf196e96b2,0.0
buy,1,0.3987861066962431,2026-09-16T05:07:52.847380400+00:00,2026-09-16T05:07:52.847380400+00:00,0.0,1,0.3987861066962431,0xbe0ca442d6b7d81e0faa7dbfd09331019f893f89,0.3987861066962431,0x4e8aaa2091235b41c3cd28c1f7fadaeb1e3634f6f0d9905f5202455f48dc9ea3,0x4e8aaa2091235b41c3cd28c1f7fadaeb1e3634f6f0d9905f5202455f48dc9ea3,0.0
sell,1,0.4111639420730184,2026-09-16T05:08:11.373120785+00:00,2026-09-16T05:08:11.373120785+00:00,0.0,1,0.4111639420730184,0xb35f51643dd273c2b74290357d425f8fc3c86886,0.4111639420730184,0x2c5ac3af4a7689feac3de0e876a42436a6be8a69d1b403b2c84d4009eaf2ac6c,0x2c5ac3af4a7689feac3de0e876a42436a6be8a69d1b403b2c84d4009eaf2ac6c,0.0
buy,1,0.021863170046562456,2026-09-16T05:08:29.496127605+00:00,2026-09-16T05:08:29.496127605+00:00,0.0,1,0.021863170046562456,0x8908253a36effaf7c284dc044f22d90fc9a3139d,0.021863170046562456,0x2821f00b41edea2273b711cbcc54f29752f7504e1957762a02b85a0a09b1501d,0x2821f00b41edea2273b711cbcc54f29752f7504e1957762a02b85a0a09b1501d,0.0
sell,4,4.992026757133421,2026-09-16T05:08:50.438268900+00:00,2026-09-16T05:09:47.827790499+00:00,57.38952159881592,4,4.99202675713342,0x49224d70a64e7e7dd5dadfad610f039ea6d08c8e,1.8216492775045483,0x15adb6d45116d4858b970da0dc5f34e0eb2407a9275f1c05e8bf80954485bbdd,0x4b8bf051cefcfe5a61e753259a2a45a70c384a658608b89d52807ac43329021e,0.0
buy,3,3.6209898784801697,2026-09-16T05:10:34.846924782+00:00,2026-09-16T05:10:50.452847481+00:00,15.60592269897461,3,3.6209898784801697,0x854f1269b659a727a2268ab86ff77cfb30bfb358,2.94,0x58bdbba5d038944ce71fba2e2eac394dbacd69528ebad42323cfc860c43f9b66,0x1c0b6fa626349b24b0a979b543cb5044ea9d21c69062f49025121afc578755a8,0.0
sell,1,1.4865405821630666,2026-09-16T05:11:02.132118463+00:00,2026-09-16T05:11:02.132118463+00:00,0.0,1,1.4865405821630666,0x03afdf296450f1fd66a9bdceaad117c8e99e5c0b,1.4865405821630666,0x8d45e7e6ec353c9b464e28ae11d6928a1096c5bccac49cb90e19d0cfc96d5756,0x8d45e7e6ec353c9b464e28ae11d6928a1096c5bccac49cb90e19d0cfc96d5756,0.0
buy,8,4.589636347403106,2026-09-16T05:11:02.635535240+00:00,2026-09-16T05:11:43.009567261+00:00,40.37403202056885,8,4.589636347403107,0x8224c04a8f66557df682fd0581eb3724bd2bee07,4.080878369784984,0x4946f9d52c80f06917699ad6b69f541f9617b73aa0956c1458693a85ec615936,0x382a735f6b6adc8d092a6b321970f1b31734068a84bd8134d9ce044361ab6b44,0.0
sell,1,0.562498746036671,2026-09-16T05:12:39.996355295+00:00,2026-09-16T05:12:39.996355295+00:00,0.0,1,0.562498746036671,0xf829bdab49a80dbcefec333beff4d2aa5db1fcef,0.562498746036671,0x195403237b731957ae3e38335215661f4c60416da8d4e9822320b8e85c323ee7,0x195403237b731957ae3e38335215661f4c60416da8d4e9822320b8e85c323ee7,0.0
buy,1,1.0158531273179814,2026-09-16T05:12:53.185877085+00:00,2026-09-16T05:12:53.185877085+00:00,0.0,1,1.0158531273179814,0x922f92543b7e493a5bdc368220f680cf460e04f2,1.0158531273179814,0xc36403fdd6ad9e37e0c3d6a0a3c6818575774556a628b5b4d4ae58d59d694095,0xc36403fdd6ad9e37e0c3d6a0a3c6818575774556a628b5b4d4ae58d59d694095,0.0
sell,1,0.000368152824133517,2026-09-16T05:12:57.011845112+00:00,2026-09-16T05:12:57.011845112+00:00,0.0,1,0.000368152824133517,0xc94b20fc61de98cdcbe80fe509b8958febf9d741,0.000368152824133517,0xec3e38e19624749478c6ca4f5742ff06618eb3198e6557f18fdb5e9f59a73cbd,0xec3e38e19624749478c6ca4f5742ff06618eb3198e6557f18fdb5e9f59a73cbd,0.0
buy,4,3.1843560026844004,2026-09-16T05:12:58.924829245+00:00,2026-09-16T05:13:30.381200075+00:00,31.45637083053589,3,3.1843560026844,0xa5b04e4089c029c8353e09ecdf1178d2968b72ee,1.9787391451956657,0x9288f1dbb52e2ded4472be301cc8942eaedd24cfcd91f5ccb013538e84eff311,0x7f1ae074bf5db9e3a930598926f9ab7bb663489105384a48123947592246fb67,0.0
sell,1,0.04294096885555605,2026-09-16T05:13:49.858799934+00:00,2026-09-16T05:13:49.858799934+00:00,0.0,1,0.04294096885555605,0x9b190752b3686b25b7c8ae2085bac073717615dc,0.04294096885555605,0x87da9975b8af7e931c525144e89b280895e2c151807476d73719aa530f329766,0x87da9975b8af7e931c525144e89b280895e2c151807476d73719aa530f329766,0.0
buy,2,0.06124540209642309,2026-09-16T05:14:01.505199909+00:00,2026-09-16T05:14:02.609600067+00:00,1.1044001579284668,2,0.06124540209642309,0x9b190752b3686b25b7c8ae2085bac073717615dc,0.05318657741398016,0x781074a41985e35a64bf1cfcbe87b7bad04e8b6f3efdaf2ecee5555c942db26b,0x73423071261c5ab393df3bda2e78977a52d418509dbea9231e8279f5c77dbee7,0.0
sell,5,0.9976854623256746,2026-09-16T05:14:30.119199991+00:00,2026-09-16T05:15:16.303200006+00:00,46.18400001525879,5,0.9976854623256746,0x5140087842da3cbc55ff69ba74b4239af219c4b6,0.8238372100941158,0xb93180ebf5ef95c157f5728e23042029f2792834f1d18d07e387dc3849220a71,0x1c6d8ef318b90b54cf218c5e8d2cbdffbe1b057de35aeeae96c19c8458bc20f4,0.0
buy,1,0.16572007026100827,2026-09-16T05:15:23.532000064+00:00,2026-09-16T05:15:23.532000064+00:00,0.0,1,0.16572007026100827,0x08b36fd2bd5390df9144216db48d44e1926a6499,0.16572007026100827,0x59502556505b262fdc615d69d64dbd64c64e34b42580f393e431deb1b4eb72fd,0x59502556505b262fdc615d69d64dbd64c64e34b42580f393e431deb1b4eb72fd,0.0
sell,1,0.08849859431000195,2026-09-16T05:16:25.378400087+00:00,2026-09-16T05:16:25.378400087+00:00,0.0,1,0.08849859431000195,0x14d6217818368e45167022c004e20a42b5d5fa20,0.08849859431000195,0x6f365da7d70801665380773fda9af03ef226ad18a2c8708bee2460709a42ca55,0x6f365da7d70801665380773fda9af03ef226ad18a2c8708bee2460709a42ca55,0.0
buy,1,0.05323485621867184,2026-09-16T05:17:02.225199938+00:00,2026-09-16T05:17:02.225199938+00:00,0.0,1,0.05323485621867184,0xf493b17c72e8c68bad0f50fd453736fac08928eb,0.05323485621867184,0x510466b3eb8a704798c4033fe0a63e61490f52462ed5cf5622fe4b1a1b74c529,0x510466b3eb8a704798c4033fe0a63e61490f52462ed5cf5622fe4b1a1b74c529,0.0
sell,1,0.023699010478312937,2026-09-16T05:17:10.859600067+00:00,2026-09-16T05:17:10.859600067+00:00,0.0,1,0.023699010478312937,0xeaf91dbaee1c9efa2aaf323fe876548a0744ee66,0.023699010478312937,0xfcb65a89d2271df67a24b91b89eb175f8aa7a8066dfed3bc8adf7be7c5a81136,0xfcb65a89d2271df67a24b91b89eb175f8aa7a8066dfed3bc8adf7be7c5a81136,0.0
buy,1,0.0017199,2026-09-16T05:17:41.180399895+00:00,2026-09-16T05:17:41.180399895+00:00,0.0,1,0.0017199,0xbabba65772e591b7b399bfa8f3c405a36577a68f,0.0017199,0xd4ed145083fb2903aaf473c5584538a3935435cd6c361dd622d658cf96211f1a,0xd4ed145083fb2903aaf473c5584538a3935435cd6c361dd622d658cf96211f1a,0.0
sell,7,5.5255625201986325,2026-09-16T05:17:48.007600069+00:00,2026-09-16T05:21:01.679199934+00:00,193.67159986495972,7,5.5255625201986325,0x091ff5ff1fbeb093f538146bf78018826822d2b3,3.838792484234578,0x1ae94dc67feaaf6a5364ad5261cebf05698ace719cd4d9b4a95e0a5c15f40fcb,0x79eefacb0c44d6dfae7cd7c3f648f4f832ae21a168c83639af124537cde70dff,0.0
buy,2,0.30305692542073015,2026-09-16T05:22:57.540800095+00:00,2026-09-16T05:23:14.106800079+00:00,16.56599998474121,2,0.30305692542073015,0xe7cb3d9f743caca99b087f903d780e54753262ff,0.16183041977920787,0x1dad9388cfcdc1386cc3cfa996f09952dd4e67a89546e4602a3666adacb95d5d,0x39c085ac458f7d032143a3117c155fc228af5da183e0b00e6d2378d8c99a0e06,0.0
sell,5,1.7180928768530008,2026-09-16T05:26:11.513600111+00:00,2026-09-16T05:29:37.333600044+00:00,205.8199999332428,4,1.693145530321105,0xf134e7f84a2cfc459c46432537a71db31cc50025,1.052315610345926,0xfcd51ccb961c4353539dd83284e153c86977ed08de00c32121a0d0493faf8f9d,0x49acdd1903583df88d37dae07b8759596b5356b2672c6b62978eb06e0068ff09,0.0
buy,1,0.04851,2026-09-16T05:30:29.761423111+00:00,2026-09-16T05:30:29.761423111+00:00,0.0,1,0.04851,0xcf251e0699333d73bcd58e931d5a12e8f2e7bdc7,0.04851,0x6235667fab058e9fd7bb87de00b14fd628ea22ab71958783ba33303c8ee1cfd2,0x6235667fab058e9fd7bb87de00b14fd628ea22ab71958783ba33303c8ee1cfd2,0.0
sell,6,10.4805140896802,2026-09-16T05:32:11.219393015+00:00,2026-09-16T05:33:07.975584269+00:00,56.75619125366211,5,9.645240538863744,0x22e1b7ced9d2d50260ed2420ac063dd5ba57ded8,4.073695572304365,0x3a9328474d63cb50f592da3a76b355a0bb3536ef02c89d0add8014d241c4845f,0x8f204c168c0008a59fc2500322ef667872287687d964fc4ba4583118038198e1,0.0
buy,1,0.00943626712387158,2026-09-16T05:34:02.923613548+00:00,2026-09-16T05:34:02.923613548+00:00,0.0,1,0.00943626712387158,0x90738366a044c13ea0a1393d1761d7625ed3f0a9,0.00943626712387158,0x5d1119f1821544450e9111d0f56ef42df140c0d386b743e4cea0630c9eab1273,0x5d1119f1821544450e9111d0f56ef42df140c0d386b743e4cea0630c9eab1273,0.0
sell,42,32.215528448394416,2026-09-16T05:34:42+00:00,2026-09-16T05:53:10+00:00,1108.0,34,32.21552844839441,0xf955dab8bdb1158dc0df449997a057ab9eb4f774,6.7600942985149235,0x863dbdb67522c2b164fd933e8424794f0189c48519b0916b31f7618f12ca701e,0x6677c52ec25745389bcabfb4e36a52c7e8a032b4c285629b67ea5a05ae5ddd1b,0.0
buy,1,0.27898368795383033,2026-09-16T05:53:24.521008492+00:00,2026-09-16T05:53:24.521008492+00:00,0.0,1,0.27898368795383033,0x46637448c9832bc6b3d302e2082fcc6232b3a4ba,0.27898368795383033,0x663ac41465cb67ba11d0a62f107ccaa529db9a4369883f15fa0e0d7a9e37c0cf,0x663ac41465cb67ba11d0a62f107ccaa529db9a4369883f15fa0e0d7a9e37c0cf,0.0
sell,2,0.024634677370508458,2026-09-16T05:53:28.252100945+00:00,2026-09-16T05:53:32.285714388+00:00,4.033613443374634,2,0.024634677370508458,0xb6945a4f560504a51ddc3fa4ab6013c4559a00eb,0.01714032869426143,0x87df91388543fcec963daf90bd7be58b86aa69e61a8c6669e674ec7459cd00ee,0xe42b3f824870dcb471ff35002da94b0f8118ef5669ff538b09b28e194642b078,0.0
buy,1,1.0145192159342868,2026-09-16T05:53:33.697479010+00:00,2026-09-16T05:53:33.697479010+00:00,0.0,1,1.0145192159342868,0x46637448c9832bc6b3d302e2082fcc6232b3a4ba,1.0145192159342868,0x570e30a84919ae5a3d20d9d7b4b24ce59ba5dfef5adf0be1b778b635d833e500,0x570e30a84919ae5a3d20d9d7b4b24ce59ba5dfef5adf0be1b778b635d833e500,0.0
sell,5,30.325897652563555,2026-09-16T05:54:37.831932783+00:00,2026-09-16T05:55:28.857142925+00:00,51.02521014213562,4,30.32589765256355,0x493ee7f6e3a4fe66a5d7663ef7ad66d1c4a2d0cd,29.090580329388242,0x12ad1c2c21dcdec59bd5abd3480b8680ee81e2430adcde8eac99417d63275657,0x2142adf19e1d09e6817e2a8c090db60d7d6ce3202db6f5092abdce6179940b99,0.0
buy,2,0.005912694216321527,2026-09-16T05:55:28.957983255+00:00,2026-09-16T05:56:16.756302595+00:00,47.7983193397522,0,0.0,,0.0,0xe1a1cb9393315cffed08e424c0814b0db36b50b0e242abb198d91964fdb9575a,0x488563c093c98569b75c2081448a6a62f0ca52c781bfe6e39ecaeabc63d8adfe,0.0
sell,5,4.2470157055390025,2026-09-16T05:57:07.680672169+00:00,2026-09-16T05:59:01.796799898+00:00,114.1161277294159,5,4.2470157055390025,0xd026f7a62fad79952d2f136ebd598a71b0053da1,2.4876873577390257,0xa5a470a584c913030ede60d2d1b257ba358c0ac65fa00d0e3b7e59f2802f53df,0x46262a14c17605ce6a036ef6891197efad25f52b559fd10400d6aee3402119d6,0.0
buy,4,9.564988178466693,2026-09-16T06:01:42.875200033+00:00,2026-09-16T06:01:49.528000115+00:00,6.6528000831604,4,9.564988178466693,0x2408ce75d217e3a70d6ca370c78c1b34d706f5a0,9.458269653286507,0x24381c4665a8c562e58284bfba6ed8ef940415077ced8413998de28c3180a3b4,0x2d6a184787d71943b02e9f4e89a3049f92d0c1d6013d21ebf08f43af7a93fcd6,0.0
sell,1,0.000795992679068811,2026-09-16T06:01:50.233599901+00:00,2026-09-16T06:01:50.233599901+00:00,0.0,1,0.000795992679068811,0xe4df921bb3f1e685410986f349241ea430d573d1,0.000795992679068811,0x265c5116fc0ff58fee5bd7a09d329c882f58f345d7608938d080bfacbfbdfd16,0x265c5116fc0ff58fee5bd7a09d329c882f58f345d7608938d080bfacbfbdfd16,0.0
buy,30,23.3235013483253,2026-09-16T06:01:51.342400074+00:00,2026-09-16T06:05:18.687999964+00:00,207.34559988975525,27,23.3235013483253,0x2408ce75d217e3a70d6ca370c78c1b34d706f5a0,20.087095361860662,0x6a20baa4e1d22481762dcf383f9a1f4077d9496a5500c2e9dcedbf2cf91b6d5e,0xf1a9f2e5725a8c1dd03d20cb85f9639ccf92013cd919c2c23ccde75f938f25b2,0.0
sell,2,0.46404684421209696,2026-09-16T06:05:33.203200102+00:00,2026-09-16T06:05:34.009599924+00:00,0.8063998222351074,2,0.46404684421209696,0x888c51006107bdc014d0d2f281ab243f5842aaaa,0.46322569423562737,0x044df9dbd465cfacc105f7973d2fdfd2b3dab4fa62c57a830f0d5a11f4fd8dfc,0xe4f92f2e013921604461afe64704d4875f396a5d8c66a6365d4043f953b4c400,0.0
buy,5,0.702447443291434,2026-09-16T06:05:44.190399885+00:00,2026-09-16T06:06:19.311000109+00:00,35.12060022354126,5,0.702447443291434,0xefe3010eaf9afeda1f50a446e85a8f8f5596ec6d,0.3344816559218079,0x2dd86ee21b659a3d399978fa61ab326d2d9ad7deeaf3422872f96c5f42889d3f,0x6e274f7668bcd2acc821b7d17be7eb1f6b53e888f65a169edd9f9e8ae2eba029,0.0
sell,1,1.9001134742053356,2026-09-16T06:06:25.168999910+00:00,2026-09-16T06:06:25.168999910+00:00,0.0,1,1.9001134742053356,0x4e0e372160ad718658ddeceda18fa5a26ecbce70,1.9001134742053356,0x143ef00aba3d9b739461fe358ca963f39217d892b1504f4557534517ea64d53b,0x143ef00aba3d9b739461fe358ca963f39217d892b1504f4557534517ea64d53b,0.0
buy,5,10.659091839955813,2026-09-16T06:06:27.391000032+00:00,2026-09-16T06:06:55.772000074+00:00,28.38100004196167,5,10.659091839955813,0x4e0e372160ad718658ddeceda18fa5a26ecbce70,9.702,0x711f6ce9c1cc0cc029f77ed6aab9f4fed1fed860d14c1a83469ee5f1480679e4,0x4340b7da5c832acd5492f1769b265e6f583340dc2d20bbae04c267dda1703b9a,0.0
sell,1,0.007176523026366562,2026-09-16T06:06:59.306999922+00:00,2026-09-16T06:06:59.306999922+00:00,0.0,1,0.007176523026366562,0x731097ac3088b7f23142490a8dd6f50c6a90ab12,0.007176523026366562,0xd1e57be8505193187c109b704e020fb869aca042fdd4b5215f06960aaba86694,0xd1e57be8505193187c109b704e020fb869aca042fdd4b5215f06960aaba86694,0.0
buy,20,43.13762699287435,2026-09-16T06:07:04.660000086+00:00,2026-09-16T06:11:05.746999979+00:00,241.08699989318848,16,43.13762699287436,0x85c521838790918214ee343bbbd2701107906ba2,11.76,0x33e31fabf556adf3b171f04d492601d80363977a0bc90b3bdf73b1141ef76b03,0x0b5db16b0dcb4be28eb742ff42ce86762b7e13ac8e0d75db9520068478055a7a,0.0
sell,1,1.441534545833734,2026-09-16T06:11:08.171000004+00:00,2026-09-16T06:11:08.171000004+00:00,0.0,1,1.441534545833734,0x8224c04a8f66557df682fd0581eb3724bd2bee07,1.441534545833734,0x02e11018dad13188065e5a6b1c63a515e58b85d3d8722a96e10f8dd609a79b01,0x02e11018dad13188065e5a6b1c63a515e58b85d3d8722a96e10f8dd609a79b01,0.0
buy,39,20.439745638614333,2026-09-16T06:11:22.513000011+00:00,2026-09-16T06:15:56.813907862+00:00,274.3009078502655,18,20.43974563861433,0x681d22c5e615c7a876026ceba3dc36c6dde5b97d,10.537095955428269,0x065e2d004cb753ba00353b2d2dc48c98a6fb94bce6494a18af39fe70ea9184b0,0xf4a4914f0a433e5e875ac5bb4e114ca85477f4c8eb497394be689700843326d0,0.0
buy,5,2.4876696856678695,2026-09-16T02:57:56.052000046+00:00,2026-09-16T03:01:27.011984110+00:00,210.95998406410217,5,2.4876696856678695,0xed3ad83572cce1e7db2ea644f19abf98fc096684,1.0571465354426726,0x715710dc895226733bf1832b82c37c99851aece838eadb65d5e706e099213a5c,0x638f978c02269bb7b3e2656169ee5165eef26475e7340556dbd2625029be9e1a,0.1
sell,3,0.9832999848236077,2026-09-16T03:02:56.687083960+00:00,2026-09-16T03:03:08.047270298+00:00,11.360186338424683,2,0.9832999848236077,0xed9d9777eed4bdde1b337739c0abf5d059aad7b2,0.512050371595721,0x693323888344158e1ff978f7a7a34a997bd97817fd674e2ce2012fa6c657d89b,0xe5a76328153e4ca5018abbe1b743a2c87cf310ba60dd8369348986417c8b5216,0.1
buy,1,0.49,2026-09-16T03:03:28.555925369+00:00,2026-09-16T03:03:28.555925369+00:00,0.0,1,0.49,0x368564edf8ec2d3cbe8ec3ad265a3207e663b93c,0.49,0x6e2d0bdc422d749ceb3deb99355b4bd85abdca7be785a5e58c4c91600ab49bb8,0x6e2d0bdc422d749ceb3deb99355b4bd85abdca7be785a5e58c4c91600ab49bb8,0.1
sell,8,2.051632095723299,2026-09-16T03:03:58.213049173+00:00,2026-09-16T03:04:47.474034548+00:00,49.260985374450684,4,2.051632095723299,0x9d8939249ddfff51d9d7397f78e26d4ec6019252,0.8174590575220807,0x5e3a3855a0eeb5f094c00482acbf42c01ee2ce685fcaae5aecad42ed8f0191c3,0x6fb80f2f67c8a87c0192d9dd15a3096871ad8d37fd6047f713a8f9a8814d4604,0.1
buy,3,1.2127499999999998,2026-09-16T03:04:50.188415527+00:00,2026-09-16T03:05:43.169107914+00:00,52.9806923866272,2,1.21275,0x1931694c73fa7dbc92859657c225d09a26024592,0.9702,0x581a1458791716035519d5d7be2b729166611bc29dc359ad601144a10d8b7220,0x862ba283a44d7c469791640a7cd49855fea9bc9755c09cfad8375a728d364dcb,0.1
sell,2,6.027867854743867,2026-09-16T03:06:10.212383509+00:00,2026-09-16T03:07:04.902130604+00:00,54.68974709510803,2,6.027867854743867,0x0cc667c740a7ba482cd753597770db8ff8450023,3.8676469132563795,0xc219facd3d56e55b4b52639269e8374f02a29f3b67a80a17ca259e7cb85cd699,0x6d7ae3b2f69d16a55b6b8bb5b5a02e71e3ac405f607824e1cd4143ed51c5822b,0.1
buy,1,0.9702,2026-09-16T03:07:08.822902679+00:00,2026-09-16T03:07:08.822902679+00:00,0.0,1,0.9702,0x863879e4df119cd5e7576cdb1e72ddaa74301e83,0.9702,0x33e029ed1d0a350909a2d6035436883c8a32ea38ae9ba920c2bf39c74dc7f841,0x33e029ed1d0a350909a2d6035436883c8a32ea38ae9ba920c2bf39c74dc7f841,0.1
sell,2,0.277243624881664,2026-09-16T03:07:14.955392838+00:00,2026-09-16T03:07:17.066577911+00:00,2.111185073852539,2,0.277243624881664,0x47174114e71ca12e73a3f9fa1e7d5bd67269b774,0.13909628323269954,0x3eb662fb26cb74174f135735bb46d38c57b2e9337892f5a7e0a1ca60ec1d780b,0xa1150e69e87cb355ce15726c5bcf54b4c50ed65fb88a9402a997d5c69fe2cbc8,0.1
buy,1,1.4210916103292617,2026-09-16T03:07:39.083222389+00:00,2026-09-16T03:07:39.083222389+00:00,0.0,1,1.4210916103292617,0x5a0132d32619a327a821b82ce0e0a9feaaa92a30,1.4210916103292617,0xdbed0b4d88a57c02c2b40ee26a96d1cc634d66142032736f4bee4e76d76446df,0xdbed0b4d88a57c02c2b40ee26a96d1cc634d66142032736f4bee4e76d76446df,0.1
sell,1,0.14307744255965268,2026-09-16T03:07:50.644474030+00:00,2026-09-16T03:07:50.644474030+00:00,0.0,1,0.14307744255965268,0x1a5861a1d957e24eafb5d28111e593bd118f06c5,0.14307744255965268,0xda814077b6119475958ba00234fc0eabe6c43e43010f508dd694e71c402e3475,0xda814077b6119475958ba00234fc0eabe6c43e43010f508dd694e71c402e3475,0.1
buy,1,0.9702,2026-09-16T03:07:52.051930666+00:00,2026-09-16T03:07:52.051930666+00:00,0.0,1,0.9702,0x863879e4df119cd5e7576cdb1e72ddaa74301e83,0.9702,0xbfaf1e040f2f6443d54675f8570d65ecdedfe233b3cc18d64a25eaad13a1a51d,0xbfaf1e040f2f6443d54675f8570d65ecdedfe233b3cc18d64a25eaad13a1a51d,0.1
sell,1,21.8075403116863,2026-09-16T03:07:53.459387541+00:00,2026-09-16T03:07:53.459387541+00:00,0.0,1,21.8075403116863,0x31caa6199d3fb1e193e968789aea8b7df4ba50af,21.8075403116863,0xfc5eb1309319dd56dd39bf954cd450c53df999780d44cc8cc46c0aaf6cd5e21e,0xfc5eb1309319dd56dd39bf954cd450c53df999780d44cc8cc46c0aaf6cd5e21e,0.1
buy,3,1.421850175159911,2026-09-16T03:08:27.841544628+00:00,2026-09-16T03:08:50.964047909+00:00,23.12250328063965,1,1.21275,0xe28fc48e2bf590cfd71f3992fadae4be7750bc71,1.21275,0x6a7e41ac36004c0eefa7c84e3a5af368d762c297852ca56f4cef1f5bebcaf40e,0x9592a6e191606a35ec76ba2851d7fd851f5f0bbbc4becd715517ab0eb93af123,0.1
sell,2,0.41977883875397404,2026-09-16T03:10:39.438748360+00:00,2026-09-16T03:10:54.820239782+00:00,15.381491422653198,2,0.41977883875397404,0x97cf77c586e6a15d1efc1d9bf75e210ab4891e61,0.24942212161999702,0x5c4cbf94c5cf278aecf0f26b705a3744ae21460b2d1ce9d75d52a493bf8428d6,0xdb2afc969d8f18638995b331e6d11028c0451b2b1127a7f612e4a9d01df5dd66,0.1
buy,6,7.032545422672694,2026-09-16T03:11:07.587882757+00:00,2026-09-16T03:13:00.284953356+00:00,112.6970705986023,4,7.032545422672692,0x302d86e24d7474f0408a53e26a1111c041a94093,5.573656283554521,0x2b1d9eb01c421e576345a8c63cb31d6bf3ad9049248f97d08651e74e9d7c75c0,0xe31a5b4eb250917d25139be078fd1147cc521cde83d3850ec4f5a19a96e8155e,0.1
sell,1,0.18669011904986432,2026-09-16T03:13:34.466045380+00:00,2026-09-16T03:13:34.466045380+00:00,0.0,1,0.18669011904986432,0xf9284c163187ddda551faee849582ccbd6554e49,0.18669011904986432,0x7207dcf5429ac8a8a760b88429e73eb64f4fa0b920b3a443e3020afcb188e1d3,0x7207dcf5429ac8a8a760b88429e73eb64f4fa0b920b3a443e3020afcb188e1d3,0.1
buy,1,0.26882625,2026-09-16T03:15:05.247004032+00:00,2026-09-16T03:15:05.247004032+00:00,0.0,0,0.0,,0.0,0xdc1362d351d367d266b650851eb314a7e33f05912465d45f522be20efe3f3329,0xdc1362d351d367d266b650851eb314a7e33f05912465d45f522be20efe3f3329,0.1
sell,1,0.3440444506173385,2026-09-16T03:15:34.300932169+00:00,2026-09-16T03:15:34.300932169+00:00,0.0,1,0.3440444506173385,0x6d22c8a7fa7018ad176c53cc9ca0df69795622e9,0.3440444506173385,0x1436f2f5782f8319ab8d5fd3d95df92f7b6553e3f027f0d1f2e9ee39278426b5,0x1436f2f5782f8319ab8d5fd3d95df92f7b6553e3f027f0d1f2e9ee39278426b5,0.1
buy,1,0.80647875,2026-09-16T03:15:51.391478062+00:00,2026-09-16T03:15:51.391478062+00:00,0.0,1,0.80647875,0x539f0cf2989a4d53f84b18b290c15e810aaa15b0,0.80647875,0x4d82894c04dda46059b6f3d096f845b9529371096737e0a66c98d05d7f5c392d,0x4d82894c04dda46059b6f3d096f845b9529371096737e0a66c98d05d7f5c392d,0.1
sell,1,0.29396213376161967,2026-09-16T03:15:54.710200071+00:00,2026-09-16T03:15:54.710200071+00:00,0.0,1,0.29396213376161967,0xa802afd896e4574dced437cd179cf49b87bcbaaa,0.29396213376161967,0x70f72a4af7f5d3388eb81121753ed4200992b7f48be6c6e33caf1022d8055b4e,0x70f72a4af7f5d3388eb81121753ed4200992b7f48be6c6e33caf1022d8055b4e,0.1
buy,30,22.960038366313913,2026-09-16T03:16:14.729599953+00:00,2026-09-16T03:28:32.831799984+00:00,738.1022000312805,14,16.606621040924622,0x11bc74e240c13f7067529b21dfb9933ff7fcb136,6.859999999999999,0xca63bd7bfcab43157d482e62de0eb7bb7883d3e2048c5040fc5a135db20dae68,0x6d4fed239ffc84ce3aefcab7c8128cde4a4696b11837b27c6d89690c93f5a3a7,0.1
sell,1,0.16368816034017583,2026-09-16T03:28:35.145600080+00:00,2026-09-16T03:28:35.145600080+00:00,0.0,1,0.16368816034017583,0x5f1d998a2681d13e41b16276640535ae1f422bbe,0.16368816034017583,0x86768273d00e34bc430151e73fbdcac4afd4e1e6dc4218bee668ca7d8915d0a5,0x86768273d00e34bc430151e73fbdcac4afd4e1e6dc4218bee668ca7d8915d0a5,0.1
buy,4,1.6231740000000001,2026-09-16T03:29:15.687400103+00:00,2026-09-16T03:35:12.627856731+00:00,356.94045662879944,4,1.623174,0xf777b79d1105378cee614978c68b89383b0ca362,0.48804,0x29ff5722a5c3000a59439c96352347f5226eda6c6857b5411eff4d224f189a27,0xaf5ccb71df7671ed308c37eb5f017b2fdf537c02d65b4b5b26b2fb660aafccc0,0.1
sell,1,0.19639252227549614,2026-09-16T03:36:26.119557381+00:00,2026-09-16T03:36:26.119557381+00:00,0.0,1,0.19639252227549614,0x1d69c571f7fff7e37ddca9efc44842b549730cf8,0.19639252227549614,0xe06b757d6b05dcb5231875bfcac84834a5d1b26c5ec65296d9efc435e7a38360,0xe06b757d6b05dcb5231875bfcac84834a5d1b26c5ec65296d9efc435e7a38360,0.1
buy,15,14.694978697703032,2026-09-16T03:36:32.562665462+00:00,2026-09-16T03:44:00.157325029+00:00,447.5946595668793,6,14.694978697703032,0xc2c66aec8165f0e94b692b088c5459e8ece2d493,7.2764999999999995,0xdfb26d9371a0e2e13c68b66b1d9d7eeb1ddc884d412ccf1ab8dfe3b709a170fe,0x3c952bbaf527dd1fb0340974ece187333ce38977cae1a40d6d01def7bec5b99b,0.1
sell,1,2.487253720476904,2026-09-16T03:44:01.768101931+00:00,2026-09-16T03:44:01.768101931+00:00,0.0,1,2.487253720476904,0xdaac35bca6f338399a89ea230a85ccddaa411725,2.487253720476904,0x4096c182ab409515f4d91c2f2cc6c450c01288f2391e2a599aa6f74518b6b0f9,0x4096c182ab409515f4d91c2f2cc6c450c01288f2391e2a599aa6f74518b6b0f9,0.1
buy,81,175.74035626604,2026-09-16T03:44:03.680899620+00:00,2026-09-16T03:58:06.422022343+00:00,842.7411227226257,58,171.77357761281658,0xfc3c962fad2c1cc77f1a0d46e7b8a2de79a21774,58.604,0xb1b72a431452650977fb6e7fda51d3a83c4346f4c36bb1f79664d961fcf589b6,0x043e124f776f41d39a97fea1a24f4f67d48cc7356ca71b0f4d8a7cf62aa53669,0.1
sell,1,0.1558234550094568,2026-09-16T03:58:07.819622993+00:00,2026-09-16T03:58:07.819622993+00:00,0.0,1,0.1558234550094568,0x698afb8a3d1fc4867d0db52b5f78fd99bf2476ee,0.1558234550094568,0x6d198468cea06205b257a39e37abf78333aa4f304e2acf1302375c70249b01e0,0x6d198468cea06205b257a39e37abf78333aa4f304e2acf1302375c70249b01e0,0.1
buy,5,3.6605363211148045,2026-09-16T03:58:12.212082148+00:00,2026-09-16T03:59:09.913024902+00:00,57.70094275474548,5,3.6605363211148045,0x922f92543b7e493a5bdc368220f680cf460e04f2,1.9700897799653128,0x6689c300f0ae3b627350aeeb176467f472c2e001377ab95a2898673e7201779f,0x3dfc1bebb24a2694ada3616d4ae3a693446d6026d383884f3003925367570b56,0.1
sell,3,0.9271470150169526,2026-09-16T03:59:12.209083080+00:00,2026-09-16T03:59:12.508569002+00:00,0.2994859218597412,3,0.9271470150169526,0x514677b2ffdd0cb98bd5831897ffa986794620ce,0.34504110830435775,0x9072280aae9b8989651c1e85dfce71a96dbb1c470bf68ceb0082180936c5f97b,0x3c2b077177d8ce7d0f11ee1d0ac96b65da4fba58fbff924e567d54f0554a6fe1,0.1
buy,1,1.1020248872050786,2026-09-16T03:59:24.587831974+00:00,2026-09-16T03:59:24.587831974+00:00,0.0,1,1.1020248872050786,0xa23aeda16421dc59c41dc59b3692e59db80954d6,1.1020248872050786,0xd055befc3601e49b5885b4c52ef99bfb9c2d53340f36a33e9c9072870ed05787,0xd055befc3601e49b5885b4c52ef99bfb9c2d53340f36a33e9c9072870ed05787,0.1
sell,1,2.4924683804837264,2026-09-16T03:59:38.064695834+00:00,2026-09-16T03:59:38.064695834+00:00,0.0,1,2.4924683804837264,0x88eed6653cb255e03fcc3644befa52fd08c86a97,2.4924683804837264,0xde546ffa8f80cd07f17b6cec1e23f80aa7500933a7d77a31b8c1f9b800e2efc8,0xde546ffa8f80cd07f17b6cec1e23f80aa7500933a7d77a31b8c1f9b800e2efc8,0.1
buy,8,13.69536091549824,2026-09-16T03:59:39.861610889+00:00,2026-09-16T04:02:05.610256433+00:00,145.74864554405212,6,6.065467982904643,0xc36405b8384c21ead7f8ccbbc9c68da380a0c55b,4.851,0xa9568aef8953ad8b588ef41a1f0d3c7b77ec353f6c224480760ad30e34602cab,0x426707a304d09866f0a461d6f507328723a5fe129ecb7070e0bfcc9d0fb3ffbc,0.1
sell,1,0.13775072763232718,2026-09-16T04:02:13.705982924+00:00,2026-09-16T04:02:13.705982924+00:00,0.0,1,0.13775072763232718,0x368564edf8ec2d3cbe8ec3ad265a3207e663b93c,0.13775072763232718,0xedc3f7f02d7c222acbd399ef4270537af1b5d8dcbfcc6a1c57ff9e3cbe378898,0xedc3f7f02d7c222acbd399ef4270537af1b5d8dcbfcc6a1c57ff9e3cbe378898,0.1
buy,22,40.469059844237485,2026-09-16T04:02:24.534017086+00:00,2026-09-16T04:03:57.533675193+00:00,92.99965810775757,14,40.469059844237485,0x72c2509fb0bc0284c0a5ec3d57c75ec40f519b37,20.13471642629429,0xaef177f112f417627a1a9c0535ad492e3345af78f23d8d6af26887e72d8c7943,0xd4fe810a455fad5e8405140358ff79bda0edeb4d72e9f00d00ce04e61b83a5f8,0.1
sell,1,0.4681424184185998,2026-09-16T04:03:59.658803463+00:00,2026-09-16T04:03:59.658803463+00:00,0.0,1,0.4681424184185998,0xc2c66aec8165f0e94b692b088c5459e8ece2d493,0.4681424184185998,0xf58473666f05ccac852142ba7673918b2e76a9a116da9bcf63f5a0036f7ca619,0xf58473666f05ccac852142ba7673918b2e76a9a116da9bcf63f5a0036f7ca619,0.1
buy,19,49.345018667267084,2026-09-16T04:04:02.897094011+00:00,2026-09-16T04:10:33.848698616+00:00,390.95160460472107,11,49.34501866726709,0xefa988eabbb2b768ab95ce5a194a910b0050f377,24.255,0xf5545a222afaaffbb3e241f5eae86612e31fcf4a3a14835b5d0f4c9efa3f22d9,0xe9a03de5cb1343dd156e4b26c4938b10aa4c28a6d8cffad96c66c07cc40cbff6,0.1
sell,2,2.0004498847705183,2026-09-16T04:10:34.749889612+00:00,2026-09-16T04:11:38.434053898+00:00,63.68416428565979,2,2.0004498847705183,0xd4b4cab5cf150f46448a8b312cf4d96521953c5f,1.7098388357754544,0xa62eefc9890c89a639aa11d5e1bb532efd202eceff25b84312c6ecf98d888ab5,0xe2cd28350e969170a1e0d2861f5b81547ac4d906b43d9cb722eac7eccc34bc73,0.1
buy,1,19.6,2026-09-16T04:12:33.406704903+00:00,2026-09-16T04:12:33.406704903+00:00,0.0,1,19.6,0xd852e3a7a2abca6aecd0fa39147851ae96eba5d7,19.6,0xff7f35ed41a72f88be67bb1113e8f90981077d8138bd18388930af7d4206c50a,0xff7f35ed41a72f88be67bb1113e8f90981077d8138bd18388930af7d4206c50a,0.1
sell,1,3.0549680643031554,2026-09-16T04:12:38.513453960+00:00,2026-09-16T04:12:38.513453960+00:00,0.0,1,3.0549680643031554,0x11bc74e240c13f7067529b21dfb9933ff7fcb136,3.0549680643031554,0x3bc4ea93b111e95087213a7c2bbcfbaacf77f48f93021baaa6320ed2b534f590,0x3bc4ea93b111e95087213a7c2bbcfbaacf77f48f93021baaa6320ed2b534f590,0.1
buy,4,29.681064,2026-09-16T04:12:52.131451368+00:00,2026-09-16T04:13:41.096162319+00:00,48.96471095085144,4,29.681064,0xd852e3a7a2abca6aecd0fa39147851ae96eba5d7,19.6,0x458211fdf9b62b69267cc2b28a99c413a43b56f0c8f49c744097f81f134bf479,0xea27276099d6d3fbe911c59b108ca6561e233c74f465ebda32fb4b573f4b5ba0,0.1
sell,4,1.8941164469841483,2026-09-16T04:14:07.355721474+00:00,2026-09-16T04:14:18.370646715+00:00,11.014925241470337,1,1.8941164469841483,0xd9eb90019424e30d05b7e2a3144092225faa7b0c,1.8941164469841483,0x203fe1df94b9ab88c4ef26b2c9299868ce08e2da885f2db2d354f14362f2afbc,0x29597f80d134bc88a596a64e7f38b3a14d82215aeb20cfdf4b2cc38da3e8c14f,0.1
buy,1,0.58506,2026-09-16T04:14:20.512437820+00:00,2026-09-16T04:14:20.512437820+00:00,0.0,1,0.58506,0x327facc561234ebd02c933a4d4486fab6585c566,0.58506,0xf189924d55f4d3e33a45c4f6289b7a213058c76b1b83d31559a93e3ccfd68438,0xf189924d55f4d3e33a45c4f6289b7a213058c76b1b83d31559a93e3ccfd68438,0.1
sell,22,70.65279484047919,2026-09-16T04:14:25+00:00,2026-09-16T04:16:00.570666552+00:00,95.57066655158997,14,70.65279484047919,0x5638484ba2d2f1d1d35020572b0aa439a9869192,28.23452856253754,0xc704c667d591ca532447e06ec083e2fcf70cc19f668afbce4fdc644048ec172d,0x4384f460a0ffbe3867e7aa90f5b99b010b45f503ea4ae12adb3dc17faed69d6c,0.1
buy,1,3.3957,2026-09-16T04:18:13.960888863+00:00,2026-09-16T04:18:13.960888863+00:00,0.0,1,3.3957,0xa9076b5ba0aa393915cc4143653e7a01b96b5e12,3.3957,0x61c635d4e7afc281438d605a4842a53601df3b50038ea6ffe8cf174774753080,0x61c635d4e7afc281438d605a4842a53601df3b50038ea6ffe8cf174774753080,0.1
sell,3,9.974459627334278,2026-09-16T04:23:16.109999895+00:00,2026-09-16T04:23:23.446500063+00:00,7.33650016784668,3,9.974459627334278,0xd4b4cab5cf150f46448a8b312cf4d96521953c5f,8.002577961950674,0x1890d72bf431401f38546ea8ffd32df7b920a493e14faf7c585c3b00e3472886,0xc0397e86d27d978fd795f7c2355808445f7b4a76b48bb3629c34737a1f24b8da,0.1
buy,6,13.25234344472469,2026-09-16T04:23:27.667500019+00:00,2026-09-16T04:24:08.671499968+00:00,41.00399994850159,2,8.26683375248469,0xa6ebe798a17b351b0c04cd61654c7ca38860e253,8.063592483060802,0xf26b79e503df6ee7e9ad31ee29f8e1be400f448c8d1dd69f3ca417af1a30eae6,0x99d9d58620cf4e7c46e07ed052301fe11e27dc0ef1c15f4a95f4b977e40234ab,0.1
sell,1,0.13996146174963392,2026-09-16T04:24:44.650500059+00:00,2026-09-16T04:24:44.650500059+00:00,0.0,1,0.13996146174963392,0x2ea462f78858e6d784b26ad3ba5a641d642af0ad,0.13996146174963392,0x3c6598a947832a3305d2de42e651e698d56590ddf3894fe89b2b9b995cded312,0x3c6598a947832a3305d2de42e651e698d56590ddf3894fe89b2b9b995cded312,0.1
buy,2,0.9702,2026-09-16T04:25:48.568500042+00:00,2026-09-16T04:27:22.234499931+00:00,93.66599988937378,2,0.9702,0x20b88e992c063b0d3dee60b101c09b3d8d74663b,0.4851,0xe453698e2261c2a339b3d35f364e0181113386f902a520c3a667aaca296bd6f9,0x9f3d9656887642288eda98498ea68afa4cce0dd3e00a09a20b23ba95c6db20cd,0.1
sell,1,9.776280945608868,2026-09-16T04:27:36.806999922+00:00,2026-09-16T04:27:36.806999922+00:00,0.0,1,9.776280945608868,0xa65ce1d604fa901c13aa29f2126a57d9032e412b,9.776280945608868,0xc18f1f9926681b0e74ae08f38eae0d8e2ca8bcf4f82918a8f75bbcdd91e4e954,0xc18f1f9926681b0e74ae08f38eae0d8e2ca8bcf4f82918a8f75bbcdd91e4e954,0.1
buy,1,1.4553,2026-09-16T04:27:46.253999949+00:00,2026-09-16T04:27:46.253999949+00:00,0.0,1,1.4553,0x9882784c24006535c60ee1caf863b0e8ee70836a,1.4553,0x3d548ad663dbfa9659803ec572a330ac7fb3b927579af504647b087e0b103f87,0x3d548ad663dbfa9659803ec572a330ac7fb3b927579af504647b087e0b103f87,0.1
sell,5,8.731796560174176,2026-09-16T04:28:17.308500051+00:00,2026-09-16T04:30:24.340500116+00:00,127.03200006484985,5,8.731796560174176,0xd4b4cab5cf150f46448a8b312cf4d96521953c5f,5.9909399738326785,0x390611aca96a553471b606ae14a00549529adb6651dd89bbc2f108ccc1c5e0bb,0x21776c02d468c1e6da4305c2421be955f1b7f7b752b3608153430872176b199f,0.1
buy,2,0.38006403247111176,2026-09-16T04:32:24.236999989+00:00,2026-09-16T04:34:42.424499989+00:00,138.1875,2,0.38006403247111176,0x24d721bbd26e99995bb173b7f254333c5cf8677e,0.19765856486532124,0x250626cf9bc56c6c4ea45fee396a6aa00888bf102ad3f6780decea6ad35265fe,0x097e1412442b382054979907448f4a77ea260c1b2bb3a399403468aa7cc50654,0.1
sell,14,28.863058591603036,2026-09-16T04:35:47.246999979+00:00,2026-09-16T04:46:53.994400024+00:00,666.7474000453949,13,28.863058591603036,0xf53483f3e48492f0870256ace2674666b16adaed,16.287932152482718,0xaddc3351ba7bfad374e5762558f6480dc0b9fc1ae2c24150e0828c7ddfaef7b7,0x559ea80f8d2ac8a710e9090a5a100eda56480882ec605e922e27d033ace782df,0.1
buy,1,0.1572043371543924,2026-09-16T04:47:31.015199900+00:00,2026-09-16T04:47:31.015199900+00:00,0.0,1,0.1572043371543924,0xcf4e890f43b6fdccae192a414aa0b6247e19663e,0.1572043371543924,0xefb7e4b94ef3d4aadbd08b6c5acaf1c61f2c6d5d2f9c9a920dda7396ce62d2eb,0xefb7e4b94ef3d4aadbd08b6c5acaf1c61f2c6d5d2f9c9a920dda7396ce62d2eb,0.1
sell,5,2.5231861948724235,2026-09-16T04:47:38.358999968+00:00,2026-09-16T04:50:18.312999964+00:00,159.9539999961853,5,2.5231861948724235,0x6594b6de59288e82b9ec6529d2ade6ff8e9c0714,1.1910033149001944,0xbd38a6109951d23b00bda0ecaccea04532fbb00f0eed08de657ed2563e6036b6,0x869f6392f213e0c843359f1842607fa6a727bad8f1429e190c5cb29e316b8fb2,0.1
buy,1,0.20624890343247773,2026-09-16T04:50:23.544199944+00:00,2026-09-16T04:50:23.544199944+00:00,0.0,1,0.20624890343247773,0x6b411c8aeb50813367bb16f4ee902cb8cc2691f4,0.20624890343247773,0x9f19a8b5f733cb25a8b2ceb1aefafba9ffa9a8fc2dfeddf0cf1c5aba0799db69,0x9f19a8b5f733cb25a8b2ceb1aefafba9ffa9a8fc2dfeddf0cf1c5aba0799db69,0.1
sell,7,4.3969536280095145,2026-09-16T04:52:11.387399912+00:00,2026-09-16T04:55:37.717999935+00:00,206.33060002326965,7,4.396953628009515,0x86b578c35141ae8ad3fd594b5a247b5cacd6a1a0,2.136519226423065,0x6ab30a6a837a3cb0782034475a31a784cc47331fe1ddc3a6ac041d1de13f84bb,0x79385c98c755b29df1ef0e9a9232f8f0d2e168685f8d91b2374f93b495864730,0.1
buy,1,0.19404,2026-09-16T04:55:59.749399900+00:00,2026-09-16T04:55:59.749399900+00:00,0.0,1,0.19404,0xcf251e0699333d73bcd58e931d5a12e8f2e7bdc7,0.19404,0xdb1219daee5b15faaa1efb880d00187b5258031f5c4e527bcdd2382ef6c15350,0xdb1219daee5b15faaa1efb880d00187b5258031f5c4e527bcdd2382ef6c15350,0.1
sell,21,29.98185588394155,2026-09-16T04:56:10.513600111+00:00,2026-09-16T05:05:46.791799545+00:00,576.2781994342804,13,29.98185588394154,0xd4b4cab5cf150f46448a8b312cf4d96521953c5f,17.513558632636652,0x84fb41493ce9620acd4a6ebffcd4c3ebc0095d02a0a3d23785f8828a212c7b1c,0xe9cc1c2c28d097784a502b44ca16671e38dbe0d74acfe54feffec043005c8026,0.1
buy,1,0.4851,2026-09-16T05:05:59.880637884+00:00,2026-09-16T05:05:59.880637884+00:00,0.0,1,0.4851,0x015f316f30450c87c92492df4405bd1c238007d8,0.4851,0x22ba4d06ea75ff54c79810af5f293d5c0896a77fdbd104da925b397ca8ffbb75,0x22ba4d06ea75ff54c79810af5f293d5c0896a77fdbd104da925b397ca8ffbb75,0.1
sell,1,0.9131086403442649,2026-09-16T05:06:03.404555798+00:00,2026-09-16T05:06:03.404555798+00:00,0.0,1,0.9131086403442649,0x5140087842da3cbc55ff69ba74b4239af219c4b6,0.9131086403442649,0x882fa17ff292681381c07440167771e976aa16445c717a787b00f503182288f8,0x882fa17ff292681381c07440167771e976aa16445c717a787b00f503182288f8,0.1
buy,1,1.47,2026-09-16T05:06:14.983143568+00:00,2026-09-16T05:06:14.983143568+00:00,0.0,1,1.47,0x98ba4c6ee9bc6be805012e55c918b46f67221b49,1.47,0x8328494ed8a7dce829df0cb93e30845356666b64580468de7a7dd0cbae32951d,0x8328494ed8a7dce829df0cb93e30845356666b64580468de7a7dd0cbae32951d,0.1
sell,2,0.8116049801553571,2026-09-16T05:06:39.449202776+00:00,2026-09-16T05:06:41.462870121+00:00,2.013667345046997,2,0.8116049801553571,0xf04707ba30b883d9a7ef5511ab9ddb95125d5d57,0.48002005981714313,0x62795b4f2184ad57601daf28c40da1b9df54e33a690c08e91d9d40a9bcae743f,0x81986c223ce9b13cdc616c09ec202e2e92624c64e4037c289d212caf196e96b2,0.1
buy,1,0.3987861066962431,2026-09-16T05:07:52.847380400+00:00,2026-09-16T05:07:52.847380400+00:00,0.0,1,0.3987861066962431,0xbe0ca442d6b7d81e0faa7dbfd09331019f893f89,0.3987861066962431,0x4e8aaa2091235b41c3cd28c1f7fadaeb1e3634f6f0d9905f5202455f48dc9ea3,0x4e8aaa2091235b41c3cd28c1f7fadaeb1e3634f6f0d9905f5202455f48dc9ea3,0.1
sell,5,5.403190699206439,2026-09-16T05:08:11.373120785+00:00,2026-09-16T05:09:47.827790499+00:00,96.454669713974,5,5.403190699206438,0x49224d70a64e7e7dd5dadfad610f039ea6d08c8e,1.8216492775045483,0x2c5ac3af4a7689feac3de0e876a42436a6be8a69d1b403b2c84d4009eaf2ac6c,0x4b8bf051cefcfe5a61e753259a2a45a70c384a658608b89d52807ac43329021e,0.1
buy,2,3.597806001882802,2026-09-16T05:10:34.846924782+00:00,2026-09-16T05:10:50.452847481+00:00,15.60592269897461,2,3.597806001882802,0x854f1269b659a727a2268ab86ff77cfb30bfb358,2.94,0x58bdbba5d038944ce71fba2e2eac394dbacd69528ebad42323cfc860c43f9b66,0x1c0b6fa626349b24b0a979b543cb5044ea9d21c69062f49025121afc578755a8,0.1
sell,1,1.4865405821630666,2026-09-16T05:11:02.132118463+00:00,2026-09-16T05:11:02.132118463+00:00,0.0,1,1.4865405821630666,0x03afdf296450f1fd66a9bdceaad117c8e99e5c0b,1.4865405821630666,0x8d45e7e6ec353c9b464e28ae11d6928a1096c5bccac49cb90e19d0cfc96d5756,0x8d45e7e6ec353c9b464e28ae11d6928a1096c5bccac49cb90e19d0cfc96d5756,0.1
buy,3,4.389518333531646,2026-09-16T05:11:02.635535240+00:00,2026-09-16T05:11:34.552164078+00:00,31.91662883758545,3,4.389518333531646,0x8224c04a8f66557df682fd0581eb3724bd2bee07,4.080878369784984,0x4946f9d52c80f06917699ad6b69f541f9617b73aa0956c1458693a85ec615936,0x8aacb38e67e230b2d0e1dca8979a135e64c61f5c079ff8a2478a40631535e5be,0.1
sell,1,0.562498746036671,2026-09-16T05:12:39.996355295+00:00,2026-09-16T05:12:39.996355295+00:00,0.0,1,0.562498746036671,0xf829bdab49a80dbcefec333beff4d2aa5db1fcef,0.562498746036671,0x195403237b731957ae3e38335215661f4c60416da8d4e9822320b8e85c323ee7,0x195403237b731957ae3e38335215661f4c60416da8d4e9822320b8e85c323ee7,0.1
buy,4,4.150627479410112,2026-09-16T05:12:53.185877085+00:00,2026-09-16T05:13:30.381200075+00:00,37.19532299041748,2,4.150627479410112,0x922f92543b7e493a5bdc368220f680cf460e04f2,2.1718883342144455,0xc36403fdd6ad9e37e0c3d6a0a3c6818575774556a628b5b4d4ae58d59d694095,0x7f1ae074bf5db9e3a930598926f9ab7bb663489105384a48123947592246fb67,0.1
sell,1,0.8238372100941158,2026-09-16T05:15:16.303200006+00:00,2026-09-16T05:15:16.303200006+00:00,0.0,1,0.8238372100941158,0x5140087842da3cbc55ff69ba74b4239af219c4b6,0.8238372100941158,0x1c6d8ef318b90b54cf218c5e8d2cbdffbe1b057de35aeeae96c19c8458bc20f4,0x1c6d8ef318b90b54cf218c5e8d2cbdffbe1b057de35aeeae96c19c8458bc20f4,0.1
buy,1,0.16572007026100827,2026-09-16T05:15:23.532000064+00:00,2026-09-16T05:15:23.532000064+00:00,0.0,1,0.16572007026100827,0x08b36fd2bd5390df9144216db48d44e1926a6499,0.16572007026100827,0x59502556505b262fdc615d69d64dbd64c64e34b42580f393e431deb1b4eb72fd,0x59502556505b262fdc615d69d64dbd64c64e34b42580f393e431deb1b4eb72fd,0.1
sell,5,5.452709133150036,2026-09-16T05:17:48.007600069+00:00,2026-09-16T05:21:01.679199934+00:00,193.67159986495972,5,5.452709133150036,0x091ff5ff1fbeb093f538146bf78018826822d2b3,3.838792484234578,0x1ae94dc67feaaf6a5364ad5261cebf05698ace719cd4d9b4a95e0a5c15f40fcb,0x79eefacb0c44d6dfae7cd7c3f648f4f832ae21a168c83639af124537cde70dff,0.1
buy,2,0.30305692542073015,2026-09-16T05:22:57.540800095+00:00,2026-09-16T05:23:14.106800079+00:00,16.56599998474121,2,0.30305692542073015,0xe7cb3d9f743caca99b087f903d780e54753262ff,0.16183041977920787,0x1dad9388cfcdc1386cc3cfa996f09952dd4e67a89546e4602a3666adacb95d5d,0x39c085ac458f7d032143a3117c155fc228af5da183e0b00e6d2378d8c99a0e06,0.1
sell,34,43.890986812468086,2026-09-16T05:26:38.521199942+00:00,2026-09-16T05:53:10+00:00,1591.4788000583649,27,43.05571326165164,0xf955dab8bdb1158dc0df449997a057ab9eb4f774,6.7600942985149235,0xf88f7d09cfb21083e96f03e725ee5dda7f06865979adb772c09856fe09c5de7f,0x6677c52ec25745389bcabfb4e36a52c7e8a032b4c285629b67ea5a05ae5ddd1b,0.1
buy,2,1.2935029038881172,2026-09-16T05:53:24.521008492+00:00,2026-09-16T05:53:33.697479010+00:00,9.176470518112183,1,1.2935029038881172,0x46637448c9832bc6b3d302e2082fcc6232b3a4ba,1.2935029038881172,0x663ac41465cb67ba11d0a62f107ccaa529db9a4369883f15fa0e0d7a9e37c0cf,0x570e30a84919ae5a3d20d9d7b4b24ce59ba5dfef5adf0be1b778b635d833e500,0.1
sell,8,34.44008506037781,2026-09-16T05:55:16.756302595+00:00,2026-09-16T05:59:01.796799898+00:00,225.04049730300903,7,34.44008506037781,0x493ee7f6e3a4fe66a5d7663ef7ad66d1c4a2d0cd,29.090580329388242,0xdbb07c42b9c35510f66f28f0baf9914a845bd7be0196e42c6100271734c28aac,0x46262a14c17605ce6a036ef6891197efad25f52b559fd10400d6aee3402119d6,0.1
buy,10,31.921880827964184,2026-09-16T06:01:42.875200033+00:00,2026-09-16T06:05:18.687999964+00:00,215.8127999305725,8,31.921880827964184,0x2408ce75d217e3a70d6ca370c78c1b34d706f5a0,29.54536501514717,0x24381c4665a8c562e58284bfba6ed8ef940415077ced8413998de28c3180a3b4,0xf1a9f2e5725a8c1dd03d20cb85f9639ccf92013cd919c2c23ccde75f938f25b2,0.1
sell,1,0.46322569423562737,2026-09-16T06:05:34.009599924+00:00,2026-09-16T06:05:34.009599924+00:00,0.0,1,0.46322569423562737,0x888c51006107bdc014d0d2f281ab243f5842aaaa,0.46322569423562737,0xe4f92f2e013921604461afe64704d4875f396a5d8c66a6365d4043f953b4c400,0xe4f92f2e013921604461afe64704d4875f396a5d8c66a6365d4043f953b4c400,0.1
buy,2,0.6284638596368703,2026-09-16T06:05:44.190399885+00:00,2026-09-16T06:05:55.681600094+00:00,11.49120020866394,2,0.6284638596368703,0xefe3010eaf9afeda1f50a446e85a8f8f5596ec6d,0.3344816559218079,0x2dd86ee21b659a3d399978fa61ab326d2d9ad7deeaf3422872f96c5f42889d3f,0x43a9c208df8b207a99b45fed5009951256791341a2fba3ea499fb39cb9be23c8,0.1
sell,1,1.9001134742053356,2026-09-16T06:06:25.168999910+00:00,2026-09-16T06:06:25.168999910+00:00,0.0,1,1.9001134742053356,0x4e0e372160ad718658ddeceda18fa5a26ecbce70,1.9001134742053356,0x143ef00aba3d9b739461fe358ca963f39217d892b1504f4557534517ea64d53b,0x143ef00aba3d9b739461fe358ca963f39217d892b1504f4557534517ea64d53b,0.1
buy,16,53.35530007094353,2026-09-16T06:06:33.249000072+00:00,2026-09-16T06:11:05.746999979+00:00,272.4979999065399,12,53.35530007094352,0x4e0e372160ad718658ddeceda18fa5a26ecbce70,19.404,0xc2361e6ab98871d17e7865b5cc0c024f3c91560d31abf500acdb5ffed37b4976,0x0b5db16b0dcb4be28eb742ff42ce86762b7e13ac8e0d75db9520068478055a7a,0.1
sell,1,1.441534545833734,2026-09-16T06:11:08.171000004+00:00,2026-09-16T06:11:08.171000004+00:00,0.0,1,1.441534545833734,0x8224c04a8f66557df682fd0581eb3724bd2bee07,1.441534545833734,0x02e11018dad13188065e5a6b1c63a515e58b85d3d8722a96e10f8dd609a79b01,0x02e11018dad13188065e5a6b1c63a515e58b85d3d8722a96e10f8dd609a79b01,0.1
buy,17,18.85929635558055,2026-09-16T06:11:22.513000011+00:00,2026-09-16T06:15:56.813907862+00:00,274.3009078502655,10,18.85929635558055,0x681d22c5e615c7a876026ceba3dc36c6dde5b97d,10.537095955428269,0x065e2d004cb753ba00353b2d2dc48c98a6fb94bce6494a18af39fe70ea9184b0,0xf4a4914f0a433e5e875ac5bb4e114ca85477f4c8eb497394be689700843326d0,0.1
buy,1,1.0571465354426726,2026-09-16T03:00:47+00:00,2026-09-16T03:00:47+00:00,0.0,1,1.0571465354426726,0xed3ad83572cce1e7db2ea644f19abf98fc096684,1.0571465354426726,0xf79546cce3882ce33bd77f569955387fd435f2da62c7cd48a8797b57db8833a1,0xf79546cce3882ce33bd77f569955387fd435f2da62c7cd48a8797b57db8833a1,1.0
sell,2,6.027867854743867,2026-09-16T03:06:10.212383509+00:00,2026-09-16T03:07:04.902130604+00:00,54.68974709510803,2,6.027867854743867,0x0cc667c740a7ba482cd753597770db8ff8450023,3.8676469132563795,0xc219facd3d56e55b4b52639269e8374f02a29f3b67a80a17ca259e7cb85cd699,0x6d7ae3b2f69d16a55b6b8bb5b5a02e71e3ac405f607824e1cd4143ed51c5822b,1.0
buy,1,1.4210916103292617,2026-09-16T03:07:39.083222389+00:00,2026-09-16T03:07:39.083222389+00:00,0.0,1,1.4210916103292617,0x5a0132d32619a327a821b82ce0e0a9feaaa92a30,1.4210916103292617,0xdbed0b4d88a57c02c2b40ee26a96d1cc634d66142032736f4bee4e76d76446df,0xdbed0b4d88a57c02c2b40ee26a96d1cc634d66142032736f4bee4e76d76446df,1.0
sell,1,21.8075403116863,2026-09-16T03:07:53.459387541+00:00,2026-09-16T03:07:53.459387541+00:00,0.0,1,21.8075403116863,0x31caa6199d3fb1e193e968789aea8b7df4ba50af,21.8075403116863,0xfc5eb1309319dd56dd39bf954cd450c53df999780d44cc8cc46c0aaf6cd5e21e,0xfc5eb1309319dd56dd39bf954cd450c53df999780d44cc8cc46c0aaf6cd5e21e,1.0
buy,12,27.21192188126342,2026-09-16T03:11:33.927430153+00:00,2026-09-16T03:44:00.157325029+00:00,1946.22989487648,5,23.73190137560452,0x11bc74e240c13f7067529b21dfb9933ff7fcb136,6.859999999999999,0x400a72042b6f968f004366bb40f03917f3d93d7f3ebcd3d50cf49514c8a00408,0x3c952bbaf527dd1fb0340974ece187333ce38977cae1a40d6d01def7bec5b99b,1.0
sell,1,2.487253720476904,2026-09-16T03:44:01.768101931+00:00,2026-09-16T03:44:01.768101931+00:00,0.0,1,2.487253720476904,0xdaac35bca6f338399a89ea230a85ccddaa411725,2.487253720476904,0x4096c182ab409515f4d91c2f2cc6c450c01288f2391e2a599aa6f74518b6b0f9,0x4096c182ab409515f4d91c2f2cc6c450c01288f2391e2a599aa6f74518b6b0f9,1.0
buy,34,155.90664153620287,2026-09-16T03:44:17.674524784+00:00,2026-09-16T03:59:24.587831974+00:00,906.9133071899414,20,151.93986288297944,0xfc3c962fad2c1cc77f1a0d46e7b8a2de79a21774,58.604,0x35d7c3a2d5eb6df6cf8bfe2246026f23e8bf3afd61334352492a3acbbde9fdbc,0xd055befc3601e49b5885b4c52ef99bfb9c2d53340f36a33e9c9072870ed05787,1.0
sell,1,2.4924683804837264,2026-09-16T03:59:38.064695834+00:00,2026-09-16T03:59:38.064695834+00:00,0.0,1,2.4924683804837264,0x88eed6653cb255e03fcc3644befa52fd08c86a97,2.4924683804837264,0xde546ffa8f80cd07f17b6cec1e23f80aa7500933a7d77a31b8c1f9b800e2efc8,0xde546ffa8f80cd07f17b6cec1e23f80aa7500933a7d77a31b8c1f9b800e2efc8,1.0
buy,24,93.59356484492795,2026-09-16T03:59:39.861610889+00:00,2026-09-16T04:08:11.260255813+00:00,511.3986449241638,12,85.96367191233433,0xefa988eabbb2b768ab95ce5a194a910b0050f377,24.255,0xa9568aef8953ad8b588ef41a1f0d3c7b77ec353f6c224480760ad30e34602cab,0x70614e80a2cfd3085ffcf7340233176e5830e43a3779f40eeec296027a3ab44e,1.0
sell,1,1.7098388357754544,2026-09-16T04:11:38.434053898+00:00,2026-09-16T04:11:38.434053898+00:00,0.0,1,1.7098388357754544,0xd4b4cab5cf150f46448a8b312cf4d96521953c5f,1.7098388357754544,0xe2cd28350e969170a1e0d2861f5b81547ac4d906b43d9cb722eac7eccc34bc73,0xe2cd28350e969170a1e0d2861f5b81547ac4d906b43d9cb722eac7eccc34bc73,1.0
buy,1,19.6,2026-09-16T04:12:33.406704903+00:00,2026-09-16T04:12:33.406704903+00:00,0.0,1,19.6,0xd852e3a7a2abca6aecd0fa39147851ae96eba5d7,19.6,0xff7f35ed41a72f88be67bb1113e8f90981077d8138bd18388930af7d4206c50a,0xff7f35ed41a72f88be67bb1113e8f90981077d8138bd18388930af7d4206c50a,1.0
sell,1,3.0549680643031554,2026-09-16T04:12:38.513453960+00:00,2026-09-16T04:12:38.513453960+00:00,0.0,1,3.0549680643031554,0x11bc74e240c13f7067529b21dfb9933ff7fcb136,3.0549680643031554,0x3bc4ea93b111e95087213a7c2bbcfbaacf77f48f93021baaa6320ed2b534f590,0x3bc4ea93b111e95087213a7c2bbcfbaacf77f48f93021baaa6320ed2b534f590,1.0
buy,2,29.302,2026-09-16T04:12:52.131451368+00:00,2026-09-16T04:12:54.234230280+00:00,2.102778911590576,2,29.302,0xd852e3a7a2abca6aecd0fa39147851ae96eba5d7,19.6,0x458211fdf9b62b69267cc2b28a99c413a43b56f0c8f49c744097f81f134bf479,0xede9cd732167b18e8ac56a3352f241ebafb3ea0f989f45c6d89e3826b0edbb03,1.0
sell,13,67.56961434008393,2026-09-16T04:14:40.046797991+00:00,2026-09-16T04:15:22+00:00,41.95320200920105,8,67.56961434008393,0x5638484ba2d2f1d1d35020572b0aa439a9869192,28.23452856253754,0xdee54dd29572298f002d228fea15ecfb5a5e500432888edea01d258cfb686b82,0x98486fc688564062ac5ecf9e80fd0b117e4cd897c0161fd9788169540b4a3938,1.0
buy,1,3.3957,2026-09-16T04:18:13.960888863+00:00,2026-09-16T04:18:13.960888863+00:00,0.0,1,3.3957,0xa9076b5ba0aa393915cc4143653e7a01b96b5e12,3.3957,0x61c635d4e7afc281438d605a4842a53601df3b50038ea6ffe8cf174774753080,0x61c635d4e7afc281438d605a4842a53601df3b50038ea6ffe8cf174774753080,1.0
sell,2,9.658584479568516,2026-09-16T04:23:16.109999895+00:00,2026-09-16T04:23:23.446500063+00:00,7.33650016784668,2,9.658584479568516,0xd4b4cab5cf150f46448a8b312cf4d96521953c5f,8.002577961950674,0x95a38ef69c97ea8caa327cc335b8b7f5b34b3950dd74f8fc294d817801fe8501,0xc0397e86d27d978fd795f7c2355808445f7b4a76b48bb3629c34737a1f24b8da,1.0
buy,5,13.049102175300803,2026-09-16T04:23:27.667500019+00:00,2026-09-16T04:23:56.108999968+00:00,28.441499948501587,1,8.063592483060802,0xa6ebe798a17b351b0c04cd61654c7ca38860e253,8.063592483060802,0xf26b79e503df6ee7e9ad31ee29f8e1be400f448c8d1dd69f3ca417af1a30eae6,0x29724a680af05abe45dd33d099df54d42c2a49745c1d3376f123e4f3f746ca36,1.0
sell,1,9.776280945608868,2026-09-16T04:27:36.806999922+00:00,2026-09-16T04:27:36.806999922+00:00,0.0,1,9.776280945608868,0xa65ce1d604fa901c13aa29f2126a57d9032e412b,9.776280945608868,0xc18f1f9926681b0e74ae08f38eae0d8e2ca8bcf4f82918a8f75bbcdd91e4e954,0xc18f1f9926681b0e74ae08f38eae0d8e2ca8bcf4f82918a8f75bbcdd91e4e954,1.0
buy,1,1.4553,2026-09-16T04:27:46.253999949+00:00,2026-09-16T04:27:46.253999949+00:00,0.0,1,1.4553,0x9882784c24006535c60ee1caf863b0e8ee70836a,1.4553,0x3d548ad663dbfa9659803ec572a330ac7fb3b927579af504647b087e0b103f87,0x3d548ad663dbfa9659803ec572a330ac7fb3b927579af504647b087e0b103f87,1.0
sell,20,64.63256580951388,2026-09-16T04:29:09.367500067+00:00,2026-09-16T05:05:21.620956659+00:00,2172.25345659256,14,64.63256580951386,0xd4b4cab5cf150f46448a8b312cf4d96521953c5f,23.504498606469333,0x92694416912c44d0c99c02cf2c7c3ea50bd823155ebe5ffb59a270a3a96eeeac,0x91e62d5b8b24df98703c87ca0cd45a330c602f5f444a762c7cbd2e60a92d3d10,1.0
buy,1,1.47,2026-09-16T05:06:14.983143568+00:00,2026-09-16T05:06:14.983143568+00:00,0.0,1,1.47,0x98ba4c6ee9bc6be805012e55c918b46f67221b49,1.47,0x8328494ed8a7dce829df0cb93e30845356666b64580468de7a7dd0cbae32951d,0x8328494ed8a7dce829df0cb93e30845356666b64580468de7a7dd0cbae32951d,1.0
sell,3,4.268136584299778,2026-09-16T05:08:55.271070719+00:00,2026-09-16T05:09:47.827790499+00:00,52.55671977996826,3,4.268136584299777,0x49224d70a64e7e7dd5dadfad610f039ea6d08c8e,1.8216492775045483,0x40acd9f54ac5e885b50f828e7fd3b66a40858b927d2eebb49a902a1735557cb8,0x4b8bf051cefcfe5a61e753259a2a45a70c384a658608b89d52807ac43329021e,1.0
buy,1,2.94,2026-09-16T05:10:50.452847481+00:00,2026-09-16T05:10:50.452847481+00:00,0.0,1,2.94,0x854f1269b659a727a2268ab86ff77cfb30bfb358,2.94,0x1c0b6fa626349b24b0a979b543cb5044ea9d21c69062f49025121afc578755a8,0x1c0b6fa626349b24b0a979b543cb5044ea9d21c69062f49025121afc578755a8,1.0
sell,1,1.4865405821630666,2026-09-16T05:11:02.132118463+00:00,2026-09-16T05:11:02.132118463+00:00,0.0,1,1.4865405821630666,0x03afdf296450f1fd66a9bdceaad117c8e99e5c0b,1.4865405821630666,0x8d45e7e6ec353c9b464e28ae11d6928a1096c5bccac49cb90e19d0cfc96d5756,0x8d45e7e6ec353c9b464e28ae11d6928a1096c5bccac49cb90e19d0cfc96d5756,1.0
buy,4,7.274364643580313,2026-09-16T05:11:02.635535240+00:00,2026-09-16T05:13:19.437599897+00:00,136.8020646572113,3,7.274364643580314,0x8224c04a8f66557df682fd0581eb3724bd2bee07,4.080878369784984,0x4946f9d52c80f06917699ad6b69f541f9617b73aa0956c1458693a85ec615936,0x36c1d83910443bbc1d1f152daf9916b3c11f3b3f6d8f35216914f0c0fbb0d93a,1.0
sell,18,41.70187136992678,2026-09-16T05:20:25.133599997+00:00,2026-09-16T05:49:47.722921848+00:00,1762.5893218517303,14,41.701871369926785,0xf955dab8bdb1158dc0df449997a057ab9eb4f774,6.7600942985149235,0xba948d33bb8518cc48458d854744bdf8c1d29a225d89c010ef6327948a2e5cab,0xa37b87fc0e25d713bb139dcef48f97ef5ba58e168ab1074f22a441b18b9c75a0,1.0
buy,1,1.0145192159342868,2026-09-16T05:53:33.697479010+00:00,2026-09-16T05:53:33.697479010+00:00,0.0,1,1.0145192159342868,0x46637448c9832bc6b3d302e2082fcc6232b3a4ba,1.0145192159342868,0x570e30a84919ae5a3d20d9d7b4b24ce59ba5dfef5adf0be1b778b635d833e500,0x570e30a84919ae5a3d20d9d7b4b24ce59ba5dfef5adf0be1b778b635d833e500,1.0
sell,3,32.90356773236969,2026-09-16T05:55:26.638655424+00:00,2026-09-16T05:59:01.796799898+00:00,215.15814447402954,3,32.90356773236969,0x493ee7f6e3a4fe66a5d7663ef7ad66d1c4a2d0cd,29.090580329388242,0xcbc4b66543936b5a4eb35d9eb450d310b66ec5ae4042515c75c9ada946880266,0x46262a14c17605ce6a036ef6891197efad25f52b559fd10400d6aee3402119d6,1.0
buy,3,29.54536501514717,2026-09-16T06:01:42.875200033+00:00,2026-09-16T06:05:18.687999964+00:00,215.8127999305725,1,29.54536501514717,0x2408ce75d217e3a70d6ca370c78c1b34d706f5a0,29.54536501514717,0x24381c4665a8c562e58284bfba6ed8ef940415077ced8413998de28c3180a3b4,0xf1a9f2e5725a8c1dd03d20cb85f9639ccf92013cd919c2c23ccde75f938f25b2,1.0
sell,1,1.9001134742053356,2026-09-16T06:06:25.168999910+00:00,2026-09-16T06:06:25.168999910+00:00,0.0,1,1.9001134742053356,0x4e0e372160ad718658ddeceda18fa5a26ecbce70,1.9001134742053356,0x143ef00aba3d9b739461fe358ca963f39217d892b1504f4557534517ea64d53b,0x143ef00aba3d9b739461fe358ca963f39217d892b1504f4557534517ea64d53b,1.0
buy,8,48.924391707362496,2026-09-16T06:06:55.772000074+00:00,2026-09-16T06:10:54.637000084+00:00,238.86500000953674,7,48.92439170736249,0x4e0e372160ad718658ddeceda18fa5a26ecbce70,19.404,0x4340b7da5c832acd5492f1769b265e6f583340dc2d20bbae04c267dda1703b9a,0xe1c04c046d8b90b4c78a4cccd97b2fe0740d9c2fba4803f9ab98be5c678762df,1.0
sell,1,1.441534545833734,2026-09-16T06:11:08.171000004+00:00,2026-09-16T06:11:08.171000004+00:00,0.0,1,1.441534545833734,0x8224c04a8f66557df682fd0581eb3724bd2bee07,1.441534545833734,0x02e11018dad13188065e5a6b1c63a515e58b85d3d8722a96e10f8dd609a79b01,0x02e11018dad13188065e5a6b1c63a515e58b85d3d8722a96e10f8dd609a79b01,1.0
buy,7,15.137513103282242,2026-09-16T06:11:22.513000011+00:00,2026-09-16T06:14:24.629774809+00:00,182.11677479743958,4,15.137513103282242,0x681d22c5e615c7a876026ceba3dc36c6dde5b97d,9.31344651507823,0x065e2d004cb753ba00353b2d2dc48c98a6fb94bce6494a18af39fe70ea9184b0,0xc25e786ed8a52428030f9be8b49161fb842b4f0ae1d9830449c3430f05e67a5c,1.0
