address,side,canonical_tokens,canonical_ETH,charter_owner,bought_license_in_window,deposited_in_window,tx
0xc37bdacda6a2b853e4bdc01332aa656af4ec02e6,sell,536.2874938204583,0.058853263044634466,False,False,False,0xc4ffa78ba4b6daf4141c1c054df4a1011ea92537b29642d66797f676621dbbae
0x0db93f422176464a304796f6b2089e0b3d802a5c,sell,3063.688218111092,0.3361770037179595,False,False,False,0xe9a1d29dddc0c8569d19e01ed44390c4eb780be05a220d5006aa44c3b1515c2f
0x71ba4ce9bd0b5ecc4dbc815ec08960890f0c2fb3,sell,6961.223434767372,0.7636095379026508,False,False,False,0xa67f566eabbee359a463406b61802f072d12cc64f551f1eba28765052dcefc7b
0xd7015406b53fe64b5ef34db5d116b8f36132f1d9,sell,1184.2264543814101,0.12986995236483734,False,False,False,0xaae20d48e7838716c0498c5c31c5d4b057a88c7f98faf1dd7812e82781900d0e
0x2dbf8d4cbd78ef2b1ada1893d59b7c0cbeaf32a8,sell,3160.344136487271,0.34653623436374664,False,False,False,0x2b02b551cfc28c32a9e171cfbadfecbbdaeb6474fef28af4c59cc21eec413475
0x0bb28deb686acc95b0fcd92ca55de88c00f55e29,sell,2320.577270305347,0.2544105197438055,False,False,False,0x6b4d349907dc5302ef3e43afa8cd2c0b0a392f6ff50fbca5ef2b4414d76fb0df
0xa17bb501c8a40f338d679794d8c3d576a5d4f397,buy,3607.6785562193927,0.40356607147600476,False,False,False,0xbb63e3ba2e447cdde7c6e46b8e81e9fe710bd2b3660d10d591b0508ebfc9d494
0x5fbd81ba763240de27e39071dda2ebd477099225,buy,173.44110113609892,0.019404,False,False,False,0xd8553bfa7cc40ba78a3ad4e972cd9e92d6cbc884b1973f4763fb290ad8d4b7ad
0x0b25cd058a879d5bcd6ae1d6faa436de3d434ffc,buy,14884.221009793475,1.666,False,False,False,0xcf05e927d254a76653473a6e5112ee18894c948fccd340da3fd7edac36d4205a
0xefb2bc68d19e40e079a1bc328cd392b8847641f9,sell,368.9538423516912,0.04049418875023383,False,False,False,0x106ef86136cc0639602bbfee6b9a0c99e505a886e0ad370f4f965caab03398ec
0xd86c13937c939fe18d1399a007a9668c7e451fe0,sell,3306.3701792433085,0.362845433288077,False,False,False,0xf376cd1c75d15e2df79c3404cee11ca6938893112f6d81ce5b257d4156beb51c
0x1b36374d5a26c45726632162188f7162dcf39639,buy,15.36202960870334,0.0017199,False,False,False,0x7f55877443d4c44608eb1bf71f82cd244b35e256c9c080333a57170b5ac55217
0xed258fce86f9f6413fef091c06f0e2700ea1e250,sell,4225.243766134894,0.4635738672579752,False,False,False,0x97bbb9e024d064ff8dd11f2879bdc4d8bba2ac07703f287ccce9d771296fdeff
0xa17bb501c8a40f338d679794d8c3d576a5d4f397,buy,3605.697898093411,0.40362505313005015,False,False,False,0xaa92bf3f3d767d21d1813e877a0ae87085ce31cfb1a8fd06786e6bf4a1ef30b7
0xde8772e0189307618cd87b621eabaddf7be80c65,sell,1782.2504455066078,0.1955480277138907,False,False,False,0xa76a02e95246ca745bcbafe413ec90acc6ef112707a3587e7357fe906d869313
0x73bcd314ceca8435fe9580b10599ad39ed6c059d,buy,685.6213469737396,0.07675093672383207,False,False,False,0xec35d1d257b40f2ba98b380909b008d1a8fe1b8b3d18d3ad75e2e67b2090b3de
0x9197ce79fcd4a8fc1e6c79d6966260b56e16d4b6,sell,3661.5664384414954,0.4016945047640617,False,False,False,0xb81fb8587268e6e00bf05f8a15b9a5f9612c9b5817f6c8d1622b42b161b71490
0x24e7a8963c07dc0ad58098172ab2b9826bc90fb2,sell,140000.0,15.289333640450094,False,False,False,0x49079bcad376083f0c80cbb8b24782c502c362752113b6a155f39e24ee731d79
0x6150b4a6bbe8cff57623e6972407f02ede8ffe42,sell,66.95778660842934,0.007280186882326569,False,False,False,0x187e4d6b461b79635a25890e7f26d09b24dd80086a84c24f67bb0c22647a113c
0x8a91c5ca1ddc2d4a161a1dcff265233287ede4a4,sell,5535.269171239624,0.6017326852571855,False,False,False,0x1e64c549c27b1485a7b6ace175549c27c2e7ea4ae064a68cf9b7e4d8eab859ba
0x90cd32a9a55be19082644ec54cd682de995649de,sell,4531.666195860152,0.49247610899903627,False,False,False,0x31b2500089b4db65aaadfbbbe00c5bb80f6335f7da8ea2ba4031e4ddc30b5736
0x545322d21d3e186639a1571aab35833855db1ce2,sell,2.08671638979918,0.000226740299731084,False,False,False,0x04e95f6ed282a94c529fde377605865d55db564ae16d61c9a63e9a542b7cec4d
0x4280fd97f782a3fc6634fcc1c3285e13bcd029ec,buy,883.9322954035671,0.098,False,False,False,0x82f15c9fe8ef16b85ef61f797e57e3300e0e97dfa6f3170dd847c8fcf7c62c30
0x30e22fb0aff38c0501267420853abc3c6c8796ff,sell,24825.626952285995,2.695570726233767,False,False,False,0x6d9fc178a09660b6bc60904793d2cd1fe436350838ce8450748da6e00a332667
0x83c0af442cdecebcda22e00b67d061633b0c0edf,sell,835.7523826647235,0.09067291060576085,False,False,False,0x0086da919e18887a78606c69c770ecb82c29851c4ad951675ccf651d41cd6808
0xeea2bfba9b06d76e5561102f2966129582496c0d,sell,615.6666374102841,0.06679219760167082,False,False,False,0x42f023c0cf169a735b7d196d8624a0228f1efa1b33aaff27830c8724708af24d
0x6935ee7038d877604b006c52709abad248449737,sell,271618.851733777,29.217039808924188,False,False,False,0x49d68f00649db0af0a7282d665c31e3f295830e53265b29293dcd600e67682b7
0x4c71b6d4cc7fe1597ef7b4994ac3aa4d751e51eb,sell,20.456104970871476,0.002181800966273211,False,False,False,0x3f5a931bb9cadfb070f24d6331057752c80bd53b4dbb83f1f7209512e14df3be
0x0b25cd058a879d5bcd6ae1d6faa436de3d434ffc,buy,15301.377602259776,1.666,False,False,False,0xa1a8f580b4ad3584dfeead3f713289f3022ac53134cc2c7d76442152e4fbb1ad
0xa17bb501c8a40f338d679794d8c3d576a5d4f397,buy,3704.6552494120183,0.40360125260755336,False,False,False,0x75b171c22786fe015d9f5d7dcf49f930e75f62ba04624db3896a083623f541ff
0x0b25cd058a879d5bcd6ae1d6faa436de3d434ffc,buy,2428.2928030972007,0.2646,False,False,False,0xfb325c923e2dbb6f2599040ff0bd5bd4ab9781b60af8e84ef52339a00177a733
0x2d70b8de1a89427cb44031d44c4a9c1e1dc9ff95,sell,9237.350984376637,0.9863125197181927,False,False,False,0x14b257df36a1ee4dd5f99f10740aaec9db5bd51494653d3e0084a74d840424b3
0x834e27b21ae759c39d7d1d265642ba99690a9639,buy,3710.721219045647,0.40418532,False,False,False,0x5275d8c0f1e549492283eaf133408c1c4f99b9edc5d30bb7aa7e8b2bbff2c2da
0xd7e3d3b24001cffd752bc05e943a8d14db6d73b3,sell,2523.1652895421703,0.2693735334537857,False,False,False,0x51a7899b71f31de39861ff7e78ccd523feb1929afe85cfbe9e1f3da0a6106d78
0x49224d70a64e7e7dd5dadfad610f039ea6d08c8e,sell,26452.61210147161,2.8215302780136113,False,False,False,0x66bea127682909ec37774fbed48890ecb8618fddf9d98d159436c347b63c96e0
0x5320bedc1980f5b56d6bdea71a450a287493142f,buy,26744.170972732132,2.9106,False,False,False,0x946c6eb416edd0d334a239bd237b9e9c6859f6699d9cb7f56a8658038a05f32c
0xa17bb501c8a40f338d679794d8c3d576a5d4f397,buy,3707.1825088560754,0.4038449192976427,False,False,False,0xc4a0170b4833552560337e8fd8279a14859d992e743bc5c40720579c11f17237
0x3bab49622197b0e0bb1b6fafbcb57e6e6d6b28f3,sell,7323.7340334088485,0.7818528812961937,False,False,False,0x4c93bfb242f709a9642cb17db9a950847381994bba8f1847dcf0d70a649449fa
0xb05e21d3c98870cc15fee82315ab078039735aea,sell,32.968022384864796,0.003518726702953915,False,False,False,0x7199f12d7319ff2300df094d7455140cf49f36a8525b210a67cb19c0dccb396b
0x55a1505a8c43e92493bedff34f517099b471a93b,sell,150.1362791898686,0.01602417961835547,False,False,False,0xb2748d1a58bdd861c807b2898aa2aee6b15843159bca23c29f61a652d0aad404
0xf73ad907483a5bf960e43f2dc46cf160c9744efa,sell,2902.1628871756448,0.309720908461775,False,False,False,0xccfc3ea90bdcf1d35175f22a2bec75577a1d654926339b8d5ac1d460c750518f
0x34568cb6bb15afc4d314a88304b93b616dbde77c,sell,62443.17527536544,6.650402651625011,False,False,False,0xe0de2fd6c847480984dcff8f181eca212d52266b3e3e9c699b718a98e0d0b189
0xe959c8e2e13d48f7833a9fb98b66257e14d6730b,buy,5646.450086558621,0.6125,False,False,False,0xd812d2b5e6b8aa005f26869aa06da9dab09d607f79923d25b773e90e2177c2fd
0x30e22fb0aff38c0501267420853abc3c6c8796ff,sell,37238.440428428985,3.9551729077586955,False,False,False,0x4013ccb463baac08ed731f06545995940876141e854f164b690adbba6b080e19
0xd3dec1c9389a247f8a78fc5248382faf820a272e,sell,136.52819452908673,0.014484052973500264,False,False,False,0xffc2d9b46e616977ed1d4e9f5215e1116ed1d12abbd4d84cce79549d7b2a46d5
0x9eebb18e285eada13f1b991a9feae686f1895e59,sell,2662.7125724215034,0.28245817761967845,False,False,False,0x87d4ae802e09614bb980048f0bcb043dee84c02443dabf018b2951d51d7cc134
0xd2fef56768a5c5075f1be7a5a3d6ba5c0f7b769d,sell,7097.7809050163905,0.752697267848738,False,False,False,0xc87f59c04ce5f79235e04acdc429fb2057dc8ddf6d59bfe3edc72b1d7be8fc55
0xd5c0d910717604d5a822652036e41dba86c9bd42,sell,3787.040501333364,0.4014652105062184,False,False,False,0xb86b72bc1bbae686d89e28bd026879f863b9eed3e5fbfe083071ed2c80db45ca
0x4c01c06c874aafeaea1c2f96cc94f495cc7e6c8d,sell,7513.375356082711,0.7962146174386047,False,False,False,0x14ad29ddd4c12f630c3b54bff266a9d8aad514e5b5faad1e821c6bd9c80501a5
0xa17bb501c8a40f338d679794d8c3d576a5d4f397,buy,3736.729514469379,0.40398546708366684,False,False,False,0x805cd08f37c98b89cdedd9d068e32ce1676d2d976b450e257f5e2eb2713c91a7
0xf74bbbe5926ec19d480b9ded94883143199e494a,sell,59.25100527012683,0.00627899962548336,False,False,False,0x9b50c2ab5377849b199825e3f969cbf9bd5a8124d4c9f63a4c7ee2317207ca5a
0xd94a1ce07ed8756d31ecd1165753b930f1750296,buy,11212.293962654298,1.21275,False,False,False,0x43930d8a5c00b411a29a7527c335aea6f7fefd4857560a4ce7a9ca47fe721ff4
0x173fc6acc15747ea766a5718a11b9884134427da,buy,11204.384404694207,1.21275,False,False,False,0xbfbab24f01dbf2fc587d7e1b6cf6f680fc087e428c9b6822149971ac118c6029
0xce9df13a38fca853b6c3ef850d5a172e80363864,sell,1016.5821508905346,0.10787867375887569,False,False,False,0x23db0a3a029e7dc19171d012a4bf41a7a4c7c539c74184c7302c2d8a17f6cb53
0xa1b460590b144b817a475250d1491b4bc4d51a05,sell,103309.44008954776,10.927551562436738,False,False,False,0xdc32ee219f43c9186e0e2e5713efd6fd8d2776c1b130dcec5f90277dce237768
0x2c9742d480b3da51e03a19c0c4544e48f30cfbeb,buy,1947.926188618664,0.2095632,False,False,False,0x49d7b7d287763a360e3ba06120dee9355ce14bafd63f90efdcc2568b2d2eb845
0x1b36374d5a26c45726632162188f7162dcf39639,buy,15.985782442292049,0.0017199,False,False,False,0x2df48d0a163c8f8b23e63c4a6af75cdd0f9ad793dae72b6dd08adae8a71383e1
0x45eb981156cb0af17b4be135362865e6d4adf5c8,buy,400.0,0.04303630342846754,False,False,False,0x29efb37739498b4aea95cc9cfa7ee0cebc5ef468cbdc3bd97093096393e8ebdf
0xa17bb501c8a40f338d679794d8c3d576a5d4f397,buy,3753.81919298461,0.403928924352942,False,False,False,0xff3599804d2c7bec8538613a98f48b342e852754e2546ef7ae241727467abd28
0xb19e4456e26181897aaf08e76f09691a27d8cf47,sell,450.0,0.04746348367917688,False,False,False,0xe6d71e90e5ffd83234b3efd3c77926f4fc275ca1180f7a274509ebd76d7418aa
0xed23f41d79b615d6888cf5325ab80fb3463236af,buy,606.7163452904889,0.065292696,False,False,False,0x775b73755f296f7e3af64a630abe0583c761cb1eefbe2a53418b587809e6f1da
0xd94a1ce07ed8756d31ecd1165753b930f1750296,buy,11264.981436238875,1.21275,False,False,False,0x37fdda8d929505c7eae85222b87bbf0a4c0a5613035eca8bf46abfa3cea41389
0x173fc6acc15747ea766a5718a11b9884134427da,buy,11257.016071249323,1.21275,False,False,False,0x1ece1e9104517c637ffcb826b6dc58952d4e3cf0d721f7ae9ff8fe2a8a12d585
0x4280fd97f782a3fc6634fcc1c3285e13bcd029ec,buy,1818.5686073998495,0.196,False,False,False,0xe834f40f8cdf388cc7c1e3185041b044d7b8a9f5d3da726ec9d30a923793db0d
0x88f5a9430968ca0abbe1bc662fa963cae1dc4a77,sell,956.2162893087326,0.10101010101010101,False,False,False,0x6b853f4055a17c4a46c662022e11b1b1e1c386b7a81d2af8f917df8399847f00
0xaff726578eb3e36219ba17d8a12578a3160c1fcc,buy,8999.390557065943,0.9702,True,False,False,0x8eb7b92da04e7a2f22b78b48178515b7d481e3315761c2a88923c6a1e0dd05de
0x146bfe22feb98f125a66937615852e540ec2d730,buy,9085.128650534985,0.98,True,False,False,0x15bdc2a373ad0534e3b1921c8d57dee61b6dc54abf5a7cfbc2a05112c2155a2f
0xd6cbcba99bc931d40f1490f93a4bd8a7abf29ea5,buy,14597.870609772572,1.575824533503353,False,False,False,0xd7fb39258cdf17e576d2b0a959f6bfc9a1e4e22d483c1e8946d14b7c5079dcd3
0x94e4a5ea172f20f4268794ad513fc66b1b949cc3,sell,404.03019698969626,0.042765783987552465,False,False,False,0xb987d34bb01e827597b6fe3ce6d0f6c463f475e49deb081e44c37bdeb52d8bf4
0x26d7b4fe67f4601643304b5023b3caf3a72e8504,buy,15056.419600005755,1.6268,True,True,True,0xe368b258548ee64fdf4cc3eb08858962de73fa298c94c6c2aa5db438ef85d5cb
0x2c9742d480b3da51e03a19c0c4544e48f30cfbeb,buy,1794.9344354730613,0.19404,False,False,False,0x37eff0ec1a4026ae79784f363d9bab3399814b9fac1975d71e98776e1072c3fe
0x95b565e37fa3f853f755164800f13f5a090353ec,buy,362.5884012772623,0.0392,False,False,False,0x5d7d35595f3cb995552d443f68d236d4d5f9c7d5828f4956411b3f7ad33401a8
0xa17bb501c8a40f338d679794d8c3d576a5d4f397,buy,934.1094232353872,0.10104246293249172,False,False,False,0x15b0a050862b17ea6d75bba5975e0263efb19c501cf3570dc54c6d6a18393427
0xec691d4f15be24f3c1e8cc5b5c6e53323b7b39cc,buy,3048.6128901384527,0.32980929408,False,False,False,0xa0c427bba509d59ec4998e3707585dc62834a744b6e6a5a210b6b9d0a0251112
0xa00d6d8f99183e74e31be60fb917d6aecd409f5c,buy,2168.8371968720708,0.23467070592,False,False,False,0xf24478891a33f57fa1e25098b747cbe481dc24df4594f382fb14f20ae817792e
0x26d7b4fe67f4601643304b5023b3caf3a72e8504,buy,452.8228308337567,0.049,True,True,True,0xb606553836b9589b8254afcf671175b676923d9392ffe4b2754cdf5857ca8b2c
0x55c952d5b3dda4e51f9ca2c2d633637456caa5b1,buy,18369.18921435798,1.98891,False,False,False,0xeaf65fd386327cd193e8aa8bedca1f38944448a6cf73815bcd9521ffc8c6a665
0x26d7b4fe67f4601643304b5023b3caf3a72e8504,buy,470.3776227158199,0.05096,True,True,True,0x4e00b5db18b9ef16133c287d97c7918aff983fd9b3f40635504c0a6183a16e6d
0xc7389bb44f734881bc0a6ef34604df22c333ba72,buy,2238.6255493673843,0.24255,False,False,False,0x7d1b5d66244e3bcabf2cc499a3fd900c6c673e43ccb74afc1fc78ccf0555ec49
0xe28fc48e2bf590cfd71f3992fadae4be7750bc71,buy,895.3618310771664,0.09702,False,False,False,0x1d94a506db2a1dabe7e38fdbf214875d80b4e3117624aa79d3609e8bef304c17
0x56311f46963d93eba214a95a5c55193d6bdaf4da,buy,895.3113296756806,0.09702,True,False,False,0x3c1e473abf48d94b49a9ef64c12f61968da464746945f36151b198cf5eec4349
0xab34e3836988273c0ffe6bf73cc5264a5098ee7a,buy,895.2608325467461,0.09702,False,False,False,0xbc8b0655ed058cd2b659569ce7435c055e379fa23357fe4e29f113154ca0adb2
0xa0e72dc252da0f93de7350aa5bacf3e23c7f8626,buy,895.2103396898812,0.09702,False,False,False,0x106dc812ff8675d8ce8063317c4ab475cad79f72679623752843b13840c6dec2
0x5fd9571ff8160999f7d5b2c2596de3eebada7a94,buy,895.1598511046037,0.09702,False,False,False,0xc1e60a70c6868751b746652357d3d856fc31e52188f0abe23c0029fce1bc6df0
0x62703263b64699da4c9c84bd96649aa7feb9738e,buy,895.1093667904321,0.09702,False,False,False,0x2835144a4b6977068fb373030086789cd18175bda15f76e1285a09e3ae8e5837
0x725c287504f613c2c9601611800eb8dc5822c86f,buy,895.0588867468846,0.09702,False,False,False,0x892e1e668cf002592e91ded12cd720bc80416f9ae4e4014fa5196b8eb132c572
0xf7f6d446980ae9b34f5be1822ad09885213dfc1b,buy,895.0084109734793,0.09702,False,False,False,0xf998f192a1d25f052aad7e795b4de603d8ddc3138979a77631ebb8d1fe652721
0xb19933d0833ba135673b437b05623fa20ef8b124,buy,894.9579394697348,0.09702,False,False,False,0xca428e7f14d57119eb81059b470b422d8d544b9faa1b82aa68321e55b6496327
0xbcd6f5f8c4e6f7561723485455393bfb001dc5a8,buy,894.9074722351694,0.09702,False,False,False,0x135d098334c2e8d10ea1d49d7ba6f7784a0ae3a01f08f836dc165980d0ce25ea
0x24278276a6482a0a980170ffd19ab5b82e25df89,buy,18272.731728194565,1.982206079761223,False,False,False,0x5c47b2a6adf904a27384c841e3df170297ff25a066f7ab0fe59803290f1a6b55
0x4ff25ae1b4bf1cee786d5458b43f116d3203d374,buy,44629.382008399785,4.851,True,False,False,0x01f2717de83a72d1e73f23df8c238a66420df9d50b4056f9d45ae053aecfd0d1
0xe28fc48e2bf590cfd71f3992fadae4be7750bc71,buy,5189.634477569245,0.5649751268307915,False,False,False,0x6a0b2c96b0d402ee355a1366508a76c00956f3d88a8127c01c8bfe6df20a4eec
0xa0e72dc252da0f93de7350aa5bacf3e23c7f8626,buy,5187.935423915021,0.5649751268307915,False,False,False,0x41b9666b5d8917c1990ab26403d920026689e3e741b48f1e5958d16205901678
0xbcd6f5f8c4e6f7561723485455393bfb001dc5a8,buy,5186.237204513435,0.5649751268307915,False,False,False,0x2eb3141747e7357984755fdb20722071a69e779efd2e478306ea152b11c14679
0x725c287504f613c2c9601611800eb8dc5822c86f,buy,5184.53981881841,0.5649751268307915,False,False,False,0xc639664e5d36ba0862bba8266ab375e0b3b9771ce5688478e3fbc862c050e893
0x4a2c1af00ebd3c534708db7144f207c4f8a02578,buy,1679.9538811679427,0.18310937560346574,False,False,False,0xaad73601508928aa60b97c70631cc8be136c44d6dd34481dc902772f0af72b85
0x4cfd59ad1d7236af5c98248435b38e96554cd15b,buy,8008.620325162452,0.87318,False,False,False,0x0ff0db7bac00339c4c1b6af35e2082d59a79629f4474116ea61b7d3b88a5225a
0x3205c07eb8d4f59fa709d64ca68c51d427094be4,buy,3014.8216497061526,0.3288204866887351,False,False,False,0x605c0ad9cc094448ff65a9fffebc8039da9d5daf560408751a8db4695ef10e50
0xe28fc48e2bf590cfd71f3992fadae4be7750bc71,buy,2167.577323364638,0.2364519612285279,False,False,False,0x161efa012f5833d37cefa32c840de1c7c58e9993df6abd3009f42f3f26e7a7d9
0x56311f46963d93eba214a95a5c55193d6bdaf4da,buy,2167.280578855194,0.2364519612285279,True,False,False,0x130b6861d887bd931cf4d38ec5fd7af694f2aad851454fa9eadbafa2cc47e8e2
0xab34e3836988273c0ffe6bf73cc5264a5098ee7a,buy,2166.983895278717,0.2364519612285279,False,False,False,0x51df2192808eb063bb9ee01e78f5630963c09dde27ef6f8a76ee1d81e254385a
0x62703263b64699da4c9c84bd96649aa7feb9738e,buy,2166.687272618524,0.2364519612285279,False,False,False,0x29d731f8f21240e53d3cbf9acdbb800e79b89f533310cfcb5e950c2dd5a90788
0x5fd9571ff8160999f7d5b2c2596de3eebada7a94,buy,2166.3907108579397,0.2364519612285279,False,False,False,0x713ba6a02912fba1b0cdd6f3e34d2de1a27812a7f0f06ad9178b900f01528825
0xf7f6d446980ae9b34f5be1822ad09885213dfc1b,buy,2166.0942099802946,0.2364519612285279,False,False,False,0xf0da1f9b6f41eef24fdf4f3d24cbaa59ab5863206ae1133ff1abc6df079184b5
0xb19933d0833ba135673b437b05623fa20ef8b124,buy,2165.797769968924,0.2364519612285279,False,False,False,0xa95a4a353a05357fd1fda3140ff4118ca16987c657eb5461eff5e4815ebdad14
0xb85f0e5f8b72cf5c81d82f7fc6c35703f5d229ad,buy,88.85979642113045,0.009702,False,False,False,0xdfdf926fdb880e8b178291b955023f16523618679f8643cc6a3a7f3f3c7ee3e2
0x3ef655dc725cabb11aa63b373147681151b41db1,buy,37.064689620394724,0.004046858804170325,False,False,False,0x769831db6eb4fcd937dcd448a8144ef43d9846ef115e54317effa0cab4fad4d5
0x3ef655dc725cabb11aa63b373147681151b41db1,buy,37.06460280579997,0.004046858804170325,False,False,False,0x4457ef5c1227808865be182d31720250e895fcbd212ee9b0f94b5549c2123fd6
0x3ef655dc725cabb11aa63b373147681151b41db1,buy,37.06451599151023,0.004046858804170325,False,False,False,0x045414bf8cde0ad3227b85e325f873bcf9779bc973e3e2e61df3dfdfc26b0982
0x3ef655dc725cabb11aa63b373147681151b41db1,buy,37.0644291775255,0.004046858804170325,False,False,False,0xafd5344f6397bd0e76077c14878cff59ec61ddf1b456ad2134ac65720e978f1e
0x3ef655dc725cabb11aa63b373147681151b41db1,buy,37.064342363845775,0.004046858804170325,False,False,False,0x1367ee4db930f529eb6d65b56e34ad261a1eed54162852dfc6c7f089db398ea8
0x3ef655dc725cabb11aa63b373147681151b41db1,buy,37.06425555047105,0.004046858804170325,False,False,False,0x26425f7642fffd29fb04042ed9074fa52be679a9b2cbbb1adcbe8375c60d67de
0xd934cb7f874adcf8e04cc0e962655307ce3d6c49,buy,22367.048101072076,2.443875,False,False,False,0xaf07b1bc1bb10252d11ec8b45e5615cd9fe14d621419e74ace57870182961f51
0xfe8358275d4c9619a021282578e5428e6d7b75f4,buy,2218.163031227474,0.24255,False,False,False,0x7c659937ec28722990cfad7726e3631635dd4a9ad1b77d180bb4139b78437cd7
0xe28fc48e2bf590cfd71f3992fadae4be7750bc71,buy,945.7361801634096,0.10342398536730436,False,False,False,0xb63567e4cc1e3fb271a0183fc8ee3a54b037da146f6ff12e066950b511062da0
0x56311f46963d93eba214a95a5c55193d6bdaf4da,buy,945.6796161669861,0.10342398536730436,True,False,False,0xb2388d085246af4b941175707e3dd8cce0cb389c08d20f9f3aedb746bc457972
0xab34e3836988273c0ffe6bf73cc5264a5098ee7a,buy,945.6230572450063,0.10342398536730436,False,False,False,0xccb094d95df80aa906c3978eaf272ae4e5e26d24dcbccbe3ff076931eab50dfe
0x5fd9571ff8160999f7d5b2c2596de3eebada7a94,buy,945.5665033968633,0.10342398536730436,False,False,False,0x410268982bf15e549e7deecefb7ec0868e507bc2c3dff989ca5709e05c36c94e
0xbcd6f5f8c4e6f7561723485455393bfb001dc5a8,buy,945.5099546219501,0.10342398536730436,False,False,False,0x066d87d2a99514833381e7e4f4011c6154f8ca452f137092378ee95eba61fa99
0x725c287504f613c2c9601611800eb8dc5822c86f,buy,945.45341091966,0.10342398536730436,False,False,False,0xcdeecbebd2ba76282e7af1ead9eb8dd9fff8f77866ca0a57446163eb013bd913
0x62703263b64699da4c9c84bd96649aa7feb9738e,buy,945.3968722893864,0.10342398536730436,False,False,False,0xa953c409b429c277db5e4320c6d938f0ff64c4efe71227fcb77dfd625c329bad
0xf7f6d446980ae9b34f5be1822ad09885213dfc1b,buy,945.3403387305225,0.10342398536730436,False,False,False,0x9134374d4af57ae7cb0d08b2269df50172e1cc3948018ae8ebc6a89a1a92dd4b
0xb19933d0833ba135673b437b05623fa20ef8b124,buy,945.283810242462,0.10342398536730436,False,False,False,0x73d8db2cf52889e4aaae3328e6bcb3c7a1790a4b826dcf74b75211a4b99b7bed
0x49224d70a64e7e7dd5dadfad610f039ea6d08c8e,buy,5750.566289939392,0.629305677,False,False,False,0x69839d9198606cf9fc72f1518513cdc449437ec118a5e83abd93f7d311e0f491
0xa44d9173f82d3e1429c2f0b2acc96658bf34d4f8,buy,1750.6065603472541,0.191620796507281,False,False,False,0x6b05644013dd12e7f5a71a4d8710c26c885d75555e9ee4da7ace41b0e28a2af5
0x6326409e89243011c5f6ad0ab82890ad38a0af0a,buy,221.5968199492851,0.024257425742574255,False,False,False,0x7cf2faa300ce22100672f2152b65d18c8406eeaae2669c7e22d5568ea8ef2de3
0xa23aeda16421dc59c41dc59b3692e59db80954d6,buy,18676.30420411137,2.0456525012696445,False,False,False,0xe8c4a98eec430252b9fcd2c1040101828b35b27fd48717d5db7414262f4c32af
0x24278276a6482a0a980170ffd19ab5b82e25df89,buy,18551.163709345507,2.0343416521584095,False,False,False,0xef2f97d004519298bcf4c27c2be2dba746e759a0d036c03b9e07b5595e55bd35
0x5fbd81ba763240de27e39071dda2ebd477099225,buy,88.42034396636852,0.009702,False,False,False,0x79358c1e4e9c28248ae0a11f89e29faf4275935fa4917dbdf2a211c18ca60355
0x4cfd59ad1d7236af5c98248435b38e96554cd15b,buy,7690.674448701312,0.844074,False,False,False,0x2ecfcffcecf58aa933b3a69793f4cc4b859222cff9a978152ecceb21c882386f
0x24278276a6482a0a980170ffd19ab5b82e25df89,buy,18520.57603171091,2.034376386663067,False,False,False,0x0f3baf745134c8797653615065d3e16e693c5a62633410dc193b4ef93fc1b5a8
0x49224d70a64e7e7dd5dadfad610f039ea6d08c8e,buy,2339.1140851835507,0.257107851,False,False,False,0x4a00f50b5906215e72e26e0a113cb60417118e7455f3288260cfe3816737ec28
0xf5825165645a49221d9be880c6c277c0cf3b7b47,buy,1194.1798594003428,0.13127509006209284,False,False,False,0x7c6329f9b16d955a4b013203171e4fdae463781c6e646903ca53948cd83889b5
0x681d22c5e615c7a876026ceba3dc36c6dde5b97d,buy,17818.930007259867,1.96,False,False,False,0xe78ee7fcfb61fa4fa51807ab684cc6cb7bd2f9f254c4c0490c30560540fe3b75
0x6f97b7de6be7b7771e975e46bae96c35e332e172,buy,55660.71292003634,6.136717902463104,True,False,False,0x50c2fc3d04db0e539515185e6adb8e7ee2cf2dc18dd89fe889bd24893a17968b
0x28e12438b03a2d952d1566afe5128e83e77820b9,buy,1164.9556528566948,0.12867091470661837,False,False,False,0x1a33e86075a9d3101b655a1b2e0eeba80c5c9f5a9255b87aa10fda1cbb7524a5
0xe749777a0b45c87f6b0a4a40bcf5729aa015c937,buy,3407.5061766954013,0.37641832540287423,False,False,False,0x18473872c495b55170c8e0cfd18fbb843d9f030d57458dfdc7bf7e5a665ac246
0x6f7a08594370b39d23f87913e8527a433e415c7a,buy,2809.6598641096125,0.3104371387376174,False,False,False,0x9620125a7c230f920c2400c12150dde6f992cd02122ae62ebdfa5a51cbd3a32e
0x681d22c5e615c7a876026ceba3dc36c6dde5b97d,buy,8423.152759916393,0.931,False,False,False,0xd7edc7a528708fbb41b921251a3fcdec8f8b25d55901b9d6494a5b923b3e04d1
0x49224d70a64e7e7dd5dadfad610f039ea6d08c8e,buy,8773.01384577383,0.9702,False,False,False,0x26770977f8f178521221c4868bbdb76f826b6ee19114a2a3ec87a2377fdb227c
0xe676ca06283d7340611f70e90bcb0402a982ee5c,buy,35043.19204825779,3.8808,True,True,True,0x1416033fd61e451a90bbc51db465d74e52cb3bf5446b30f57eb6827886412c0c
0x326582340af3d59a48ca20f95cc8becbac6a6433,buy,1832.8334594864173,0.20321227879648177,False,False,False,0x7146e538fdecc83efb8429741c057395a1a2b207f13b735364d109bf51243392
0x6f97b7de6be7b7771e975e46bae96c35e332e172,buy,82795.15477850744,9.204558375922401,True,False,False,0xb2fc0fcf5e7e0a830fa02d0ddb10a933edb3de39f5987387b3d77a59bc1ea1e0
0x231596de9c72b95b5e2dc3ccd6cab81414a970cf,buy,47367.69677382871,5.287896256701781,False,False,False,0x2011a6df83e3fcd942b0e20fe494bafd4b497e1ea8910922d61cb23b2d38d8be
0x5b2787b662c4fc14cb6465412365d95b6ed6d9a7,buy,362.10883828842907,0.040485701593194826,False,False,False,0x0c0c2e89cc3867d65173654c915acae6fb46e83b60d427c8ff59ca986c13e202
0x01b88308e0cc94d103cc255fd12569f0ef8ba8fb,buy,43327.33671186169,4.851,True,True,True,0x1c992f2bd2fe6019fb104116f6055bcad2f32e11e3c2dcccc275b1bd1a067cc6
0x0822e5b5ce8b1ba7f5a113a74989af7ddc744004,buy,8651.074205310488,0.9702,False,False,False,0x007af2edeaeb7df965658be40f6d8481085ca0d559ff52081effa7012256e85d
0xde6399df71bf774e24a815c73588fd0ab915001a,buy,43183.62418273148,4.851,False,False,False,0xb60e3ab9ebe8b2b7e8fbc74bd098bc07c5bac3c7af4378b9a73998c23435e1ae
0x6f97b7de6be7b7771e975e46bae96c35e332e172,buy,34428.28257909235,3.8771068770541546,True,False,False,0x688228dfc27188cad8aeb181eba980a48b8e4d76c468b7796118ebdbef7e40d9
0x3194dc01d91db4422187f06c6a51b3875e70c443,buy,93919.93015153862,10.620345808637175,False,False,False,0xafba1a3d3b0fd5bf56e2974a10810bf7b473b3c0563dd26070b887cd22486d89
0x3031b8e1400072af0ce02e3aea0a0efd0ad51caa,buy,3.607858202081185,0.000409202889473464,False,False,False,0x30064f58f86d708c6961cd0c732ee3ccbcac72b1d0a3d14daf02bf560ff00c74
0xf9c4d5f4a1ffc3d4c5c1ee7b91aa839dd2537d80,buy,4276.439497302456,0.4851,False,False,False,0xefcdc8ab89c6135b9435086ee0565e1635b0aab9abeff115ee482b9fe833128a
0x01b88308e0cc94d103cc255fd12569f0ef8ba8fb,buy,8549.355368403681,0.9702,True,True,True,0x9505f583e59d2b6e4ce4d842e86aea91da7b6d70e74a728ef9231c133d160e09
0x32eb8acc708e5cb6420c2b5820a23c2755759f48,buy,12536.860769212783,1.423675457763974,False,False,False,0x66adf9dcc24de93eee72541b9b11b8183447a8980d2b461c3e2272786d7341df
0x70062e892b027f0e26900a14f97a384e6d2ca0c2,buy,4312.5949702949165,0.49,False,False,False,0x90ed1f3cf1665d2aef7207ab1e4e084936812bfb2cc300d98a2941b7fc354674
0x7c505e3e3f66f5bb81a937500153ce1c8c24ca18,buy,42630.259849533584,4.851,False,False,False,0x3097ae523ca116f5f68c4aa31f90f51b38248ad2d19fa1e74b68061d2a15ec8d
0xc812ef41d6dd23c386ee8430822db25448c97469,buy,4256.599455440923,0.4851,False,False,False,0x9c17cf6cc70bd1d483bca969a4ad4f72e917d7b0bcbc53e2649f22d8da5ef7ed
0x7c505e3e3f66f5bb81a937500153ce1c8c24ca18,buy,42501.91395927287,4.851,False,False,False,0x25b32536d65be68ba7de051424bef1bd5ed3ebcadea47444be69b7135aca2e85
0xd9355c19bb7cd6f96d280b66c66c2b95f092cc0d,buy,424.43165702532923,0.04851,False,False,False,0x8c7e8e944295ae47bd28561c1630f9578ed45635a1b336e56ecb8c33f9248daf
0x5b422e8b5d634bcc5147722efce1699e14fdc754,buy,424.42003994630034,0.04851,False,False,False,0x76c4e4c467681a34bec01270dac80b69056221f2f1a45e02080796399770b456
0x01b88308e0cc94d103cc255fd12569f0ef8ba8fb,buy,42383.41952678084,4.851,True,True,True,0xa82f700e2e3ad153b7975b0163e84fe4dbd1787980255daf3fcec060095a02b3
0xdb93342558502d4f522e774eac55d71bff8e6130,buy,17091.772231176878,1.96,True,True,True,0x6a80079ec0da1bf5a1d4c93b9f3266d91be136645cb82272b7665e93e9be684b
0x11bc74e240c13f7067529b21dfb9933ff7fcb136,buy,42647.007915043665,4.9,False,False,False,0xf9fd5c1287ba7013ebf007563a0920205ec2c80175cf33bf55a6b2b0e85ff826
0x6f97b7de6be7b7771e975e46bae96c35e332e172,buy,64521.35107260669,7.439044167871359,True,False,False,0x4c461c4fc73d33343c750887a5d71bbdf2468b6a6eae0c4abccd5027b9b7162f
0xcc6712a50951378507387239832b0c4d290b5754,buy,4198.084212442389,0.4851,True,False,False,0x9f1b03d1ee51a44f9e2b1c49fe7f85bbd4fc6355707fd7dc19c92363e5183f45
0x93688e3158511039a060db08515baece8751dd5b,buy,19355.417211070257,2.238279733084336,False,False,False,0x0288f0fcf6f99281d534a3bc1d776548d11da73ede613210aa3cf0f937e8b103
0x7c9457a775015eee6e098cb1a4ba6cf9b0fdf3c0,buy,2544.6955352601626,0.2944802,False,False,False,0x041d78769afc6985312e36610de5fff79a3e78347bb8558b88a2449c826fcbb2
0x98153cf43e104ed590078840c12628d4289bf3df,buy,8380.830394996032,0.9702,True,False,False,0x4169fb54751cd3e679ed4a600e4aa18ddc24ad04037f7e03a9c639a5010fe9c1
0x01b88308e0cc94d103cc255fd12569f0ef8ba8fb,sell,26399.507059031053,2.993576407000339,True,True,True,0x6c2400ae65cc14342aa1641731d64d29c97bd7a039cd60a293d5b042def95a0e
0x98153cf43e104ed590078840c12628d4289bf3df,buy,8390.486435390476,0.9702,True,False,False,0x4cc21711f03db7ea467577c9b502261801e4f2258eaf9f51f1a1cdad75f23eca
0x93688e3158511039a060db08515baece8751dd5b,buy,3517.0018424194436,0.4068313667691783,False,False,False,0xc7bd0759dd7696a1aa2d49b248f3be34157996afff69c9c382f53a6e66f58669
0x6f97b7de6be7b7771e975e46bae96c35e332e172,buy,59144.32644977855,6.855488464886756,True,False,False,0x74d25d656bde8a2706b5c7b1aed1200a9c4951bdc6afcd3607b136a4276b4bff
0x42ba09cb0276dab9cce4afea93ea339b3553e67c,buy,222.981345352861,0.025895895462937725,False,False,False,0x1636f3a4df329a523479582308a74fca819b25f3ac980e00eeafff3a02dd9bec
0x98153cf43e104ed590078840c12628d4289bf3df,buy,3341.1743681880976,0.38808,True,False,False,0xd78befc5561a12791bc8340760810d9d8388e745606d260c461e75791323df96
0x8228e2176eecf87cb21a30e7dd94bb3475944cb6,buy,3500.882535557929,0.4067206646514889,False,False,False,0x2248d34810ebb1d2b30efd3fea0f963dd2450f9af9a2d73da892c2a9dd077a66
0x153b93374f4e8edb54ba0569e6ea6b46e5e46a5d,buy,2087.390446896216,0.24255,True,False,False,0x056f0a695b4edabfcb796f28b8f61e933bd2f371320a5bf1896deb126ae27ce7
0x7c9457a775015eee6e098cb1a4ba6cf9b0fdf3c0,buy,8388.87358798573,0.9751,False,False,False,0x3284e27d7d6c9e5249247ef2927c1161241f9d4445c4472fbc9e504c0f2f0638
0x26d7b4fe67f4601643304b5023b3caf3a72e8504,buy,44607.46995893617,5.194,True,True,True,0x84dacbe7a5aa46c7a1cd6fcd04be23882b3a36dbe2ee9e497871c52adf10fcd2
0xc3ea51fa7e72882d1947597c6e05f928d4742807,buy,8715.763760004815,1.0166078989355714,False,False,False,0x793645d3a9b69e690dc53fc6d2239b5b85d0387f3af76e0235ea4f48881d29aa
0x153b93374f4e8edb54ba0569e6ea6b46e5e46a5d,buy,2078.741865659204,0.24255,True,False,False,0xf23c7a0a66f51a8afade2825653ca770c4014a812750ed31eb172bf93962000b
0xb19e4456e26181897aaf08e76f09691a27d8cf47,sell,180.0,0.02058593025595358,False,False,False,0xe10515a56dd0c5ccd46312aefdaa14e799f6fa8dd95a92c216a04873f6230f8a
0x153b93374f4e8edb54ba0569e6ea6b46e5e46a5d,buy,4156.687574409247,0.4851,True,False,False,0x608103ea94d326803d808045605afa1e6a8ecb742eda2c450a94ed031a30d0bb
0xa984149da86ad9cc8d67a47e3d7b57adb1415502,buy,10448.107705096945,1.2199111453865572,False,False,False,0x5330356e06a974e7b8422ca7d9ad46f65ee06a92d258697e0245af0d6b8d0f26
0x153b93374f4e8edb54ba0569e6ea6b46e5e46a5d,buy,41476.81504234789,4.851,True,False,False,0xaaece179c39389d08d8a442c21a1c2c008029ac0de294e976721fab85a2c35a2
0x2229698be33202137ba212ed6fd6a01fe505f67e,buy,25.10346326790291,0.00294,False,False,False,0x1f2c6f2c06a8dbe7cc214d9914178194f7eb801d5675a8302e9b32fa7300fb66
0x4ff25ae1b4bf1cee786d5458b43f116d3203d374,sell,33122.83997043301,3.7979346613937843,True,False,False,0xfb87998ff1538c760c00159ab69ddb92212c83aeb0580d71fc2c9e4ef27a0957
0x20b88e992c063b0d3dee60b101c09b3d8d74663b,buy,2490.3606393166515,0.29106,False,False,False,0x6088cedff50c266c0687e39c4be3d9ff4aed472046fe47c7e70efff3937b6d51
0xc3ea51fa7e72882d1947597c6e05f928d4742807,buy,8695.38363692066,1.0166405444347242,False,False,False,0x21c0a9da1caa82962db459bb0d56700dba5fbde48185c9f4925ee1b11426cc57
0x98153cf43e104ed590078840c12628d4289bf3df,buy,3317.9699725085625,0.38808,True,False,False,0x4de81dabb374db2c5f3f516d70bf7ec4060d1df765c4110db2284085a99bfcad
0xc3ea51fa7e72882d1947597c6e05f928d4742807,buy,17369.24501591894,2.0329319767098424,False,False,False,0x217cd7aa8d1143e00c0d87454b7cfc53c9b2b915d1302bb832e9821f69dad346
0xc3ea51fa7e72882d1947597c6e05f928d4742807,buy,17349.020872152127,2.032866820182488,False,False,False,0xea8944934c9c22d2836f88d5cda0c7784ea63252059dfb52c8e28ac722ed41ed
0x5638484ba2d2f1d1d35020572b0aa439a9869192,buy,82529.55471161597,9.702,False,False,False,0x975271515dfd71ccbefbc28bebb059bf5aefb6e766dd4f7b4ab4848785578a47
0x5638484ba2d2f1d1d35020572b0aa439a9869192,buy,82085.99320310065,9.702,False,False,False,0x4f7bd098b00b82ba0915a475f738bd8268cec25233ad52234b4a54ad7c003829
0x5638484ba2d2f1d1d35020572b0aa439a9869192,buy,81646.00046636113,9.702,False,False,False,0x6a301f6faf814f3681f82226f2431c872a4721e016ea4df2d05e139044e8e585
0x4ff25ae1b4bf1cee786d5458b43f116d3203d374,sell,22357.916980042282,2.6090193973578697,True,False,False,0xc028b4687168227089888e7634f7e6d935f9878b1285436f87b859d4f531f702
0xc812ef41d6dd23c386ee8430822db25448c97469,buy,4076.7467914432677,0.4851,False,False,False,0xbab91142a7835c3293e9e5a003e1b73fc5444377321bc74b3445314fec5b4019
0x8c855e11881791823c2ca99c1eaf8855e3dfb42c,buy,3.4373460798375297,0.000409071366256622,False,False,False,0x98ada3a1717d36985fb294c505d633c50ad8c432d4703bd7878bfe5b8a00d2a0
0x368564edf8ec2d3cbe8ec3ad265a3207e663b93c,buy,24684.178859918873,2.94,True,False,False,0x2824623b0a608c6b6a50e09a67eca37df446028ea002bcf13831abb4486a683e
0x20b88e992c063b0d3dee60b101c09b3d8d74663b,buy,4069.0522197401697,0.4851,False,False,False,0x02c09a6d91cf41e49b9cb73bd6445d71256e4f5075dc06d4e351dfadf168ee33
0x20b88e992c063b0d3dee60b101c09b3d8d74663b,buy,4067.962212511323,0.4851,False,False,False,0xf3d6acf564397294a2efc1c63e3dda0f1ac7b9b0db56a552394fbd63904c8955
0x2d143e6b43c030b7a4c35eec667bbb3c16dc7245,buy,1561.1506438646363,0.1862,True,False,False,0x5c21ca1dadf168b020549344430edf32a64de657bbe055eac201c55196f9f54c
0xd441fb8229592d30267f4abb7b27ef602885f011,buy,81.339765492866,0.009702,False,False,False,0x599e4bec813f12bb3bde8814472e03ee2035b51db494cb48e88f093e26d44efb
0x2d143e6b43c030b7a4c35eec667bbb3c16dc7245,buy,416.55136299318457,0.049686,True,False,False,0xdff04b7f0e2eb7ccc5a7df9b4a0304425d135ebdd4995fcea839879e287ca38c
0x83b7d3f8dce26d5a08ae6eed361405a4868a9924,buy,4066.3212018863273,0.4851,False,False,False,0xbda5d7893d869dab4a13ac32bd782fd044bac6e732d2897b5008915db68509d8
0x368564edf8ec2d3cbe8ec3ad265a3207e663b93c,sell,1000.0,0.1169346388450833,True,False,False,0x0bc482d036091365b4d0fc52500292184e192f4fdd39f85f772354698e5c2708
0x014f79d3852cff7a5541b9f73552c1420dbca786,buy,229.99700915023288,0.02744,False,False,False,0x870ba87e2fe4b619365cdee3589d2a49eccf133f30d2ef81f0e89f221e1b6e7e
0xde6399df71bf774e24a815c73588fd0ab915001a,sell,8096.929534262151,0.9465451063933153,False,False,False,0xce23a168239b051fec25012d1bb5b327fc57ec61e4eabeea8898abd34e2e8b12
0xde6399df71bf774e24a815c73588fd0ab915001a,sell,8096.929534262151,0.9460455766794704,False,False,False,0x003405035b9928be9223e4a58508a8a22962c11d029bf5b9540fd296ad9f0392
0xde6399df71bf774e24a815c73588fd0ab915001a,sell,16193.859068524302,1.8905941451139687,False,False,False,0x8a8ba98cf73132781fb2eef2a81ae4c1eefb609a1032a8cd0030bbf0decfc279
0x146bfe22feb98f125a66937615852e540ec2d730,buy,5396.253029349867,0.6425661554441188,True,False,False,0xc8765f102d5f66bcf1987ec53810e1667c055be9b626a78942204c245a10a1eb
0xce9df13a38fca853b6c3ef850d5a172e80363864,sell,162.65314414248556,0.018985988090206418,False,False,False,0xd47a2b556bc3a92bfa3350a88fdb66e134e887f41f1999447b3fb7701419f3d9
0xf8f67383ec0d902c72201413b659480616616d52,buy,814.613452141837,0.09702,False,False,False,0xbf299477fd939643846efd00b43fbe61ef74b4caad11ad39cb1df0915d3e2cdf
0x7b8a6e7777793614f27799199e32e80f03d18dbe,buy,5200.582192205838,0.6195090132523569,True,False,False,0xb60ba54feea86cb8d64e52195de81d8dc11c2dd2bd1b977446fbc9399d7d0a69
0x014f79d3852cff7a5541b9f73552c1420dbca786,buy,230.3089524947144,0.02744,False,False,False,0x134dffc0eb98c00ec553cb2c414a508966b259e2b9ade76848e0c0303f94d6d9
0x4ff25ae1b4bf1cee786d5458b43f116d3203d374,sell,16768.43773503171,1.9570519062154745,True,False,False,0x926076b44b77fb26239ca5d954e057623b85c42156f018e39ea67866e3593e52
0xce9df13a38fca853b6c3ef850d5a172e80363864,sell,325.3062882849711,0.037945508149579366,False,False,False,0x3b709d36485ec5adfd2ca88507f4ad81e075154171a5d42ad77033ad4af349d3
0x4ff25ae1b4bf1cee786d5458b43f116d3203d374,sell,50305.31320509513,5.858228078781563,True,False,False,0x7f6430e7108bf2709c8aa9cf0446671a91c1ae4014601dc33e4f2a248d64f6fc
0xc3c570056e06370b9b4022c98174226d576570a5,sell,15456.63812114121,1.7961324918471364,False,False,False,0xefcd15599065aafe05a49ae667ca593956b37fe4a2d84e07233660fc73229022
0x2b69c3251b373d8820e90a2580dcf2a84fcd00e6,sell,15464.88076169501,1.7952854534570835,False,False,False,0x56444f20b1d2a3048f35d69276be2720ad893e451aeaf916262d4b7b51b240ca
0xff00ee4bce74c07569f5b8704a0f26642b066300,sell,15398.664293037837,1.7858074465653995,False,False,False,0x896244d07d70c86f337f22e7691e576005d5eed1aa150e6e7b24c394d4cbe883
0xd169335ec70ab4f3d3738935bce4d3a61c83382b,sell,15023.682626438098,1.740600313700943,False,False,False,0xc61ad2c57abf833da4fc31b11b396016b5afd945ad782d477200ccd87e12ae34
0x7c505e3e3f66f5bb81a937500153ce1c8c24ca18,sell,8513.217380880646,0.9855636203140016,False,False,False,0xa8f048019419ec1440f50fc507a810633491b51eb82fb3561a389e65ba0ad18e
0xb19e4456e26181897aaf08e76f09691a27d8cf47,sell,190.0,0.021989832140470376,False,False,False,0x3c424c074d07f81fad6b33dc7fcedb373356d0ac73180dd8abed7856e1d5ea23
0x7c505e3e3f66f5bb81a937500153ce1c8c24ca18,sell,8513.217380880646,0.9850072843102082,False,False,False,0xce0a8052b5e00efb3834eb0b7b6518bd8136ccae62aca0bd5d448a23d6f36a8e
0x7c505e3e3f66f5bb81a937500153ce1c8c24ca18,sell,8513.217380880646,0.9844635493083951,False,False,False,0x88b88e16dc62294107c4e2e9c4f41e2b06abff659309788e3171a1d063931deb
0x7c505e3e3f66f5bb81a937500153ce1c8c24ca18,sell,8513.217380880646,0.9839202644040266,False,False,False,0xbbc0038106176d399a9bc09249b8a90ba603935c960a7c86a99d4f5d22dd1d00
0xf955dab8bdb1158dc0df449997a057ab9eb4f774,sell,49744.16548576766,5.738373740587998,True,False,False,0x749d3a3f11272ec60404b1cbc7d8cd9971a739ac6d24d6a0793f2079e7013787
0x7c505e3e3f66f5bb81a937500153ce1c8c24ca18,sell,8513.217380880646,0.980214513652841,False,False,False,0xc68142cbdd080519c187f535c07abe8fab697a769bdf8a3752cb4ee52ebfd389
0x7c505e3e3f66f5bb81a937500153ce1c8c24ca18,sell,8513.217380880646,0.9796747108772262,False,False,False,0x684fdc72b115d868fbda2bf3b08d0ff1fd1d10a75dfea5ffd8777fba102514a4
0x7c505e3e3f66f5bb81a937500153ce1c8c24ca18,sell,34052.86952352258,3.913309486829859,False,False,False,0xf757f7caf4e466780366fcb60d3a46ff9052b2f7f7312269bddee95347b374d1
0x56311f46963d93eba214a95a5c55193d6bdaf4da,sell,12676.304348356367,1.4545451771286944,True,False,False,0xbc4a21848663a7bc027e6643e6aff19352b55ace69c221546aae3997fd23f101
0x5fd9571ff8160999f7d5b2c2596de3eebada7a94,sell,13304.55330584338,1.5253533060979338,False,False,False,0x197960337301b00bf0812190cb3c4732e81c76d65f64c5f5ecdadf8db4792ca5
0xab34e3836988273c0ffe6bf73cc5264a5098ee7a,sell,11408.559653852668,1.3069364678570756,False,False,False,0xa58c451af79b593eb14c98d450957edc8ff360fe442fa07ac8a04e261c926876
0xa0e72dc252da0f93de7350aa5bacf3e23c7f8626,sell,15219.361810711345,1.7419951222087158,False,False,False,0xcfa274177c632980574b23f413bd6f51e6b0bc968ac1441de66780502ba0540f
0x62703263b64699da4c9c84bd96649aa7feb9738e,sell,12893.002536602602,1.4743844658581844,False,False,False,0xf2047dcdb1503a306048af5d239a3a4b2bbaf834a231f4b5d86c08585f396c6e
0xbcd6f5f8c4e6f7561723485455393bfb001dc5a8,sell,15013.591153868181,1.7153412125246368,False,False,False,0xdee7a9f106d5a552735bd042b56cdb1dd8b68c60a9c67ca01848051952717000
0xb19933d0833ba135673b437b05623fa20ef8b124,sell,12551.020836707054,1.4327129705488384,False,False,False,0x65a329f04fd1effcc4587054f69e15f43972e5f95da675a5b17ba1f943d52851
0x725c287504f613c2c9601611800eb8dc5822c86f,sell,15000.490884268795,1.7108037294441876,False,False,False,0xa47635181224581d11d636083425756626b9ef4792448e75e165c105b6c2e007
0xf7f6d446980ae9b34f5be1822ad09885213dfc1b,sell,12010.244377824793,1.368575782068423,False,False,False,0x74f605f94adc272e4745056b4dd29bea171e2488b74c1a9571da19ea50053f6c
0xf955dab8bdb1158dc0df449997a057ab9eb4f774,sell,49744.16548576766,5.657134419666712,True,False,False,0x470513dd09f298250ea95af8b60b93f9a7343d3f11dc6c12f34f42cdad389910
0xc7389bb44f734881bc0a6ef34604df22c333ba72,sell,11911.97481715098,1.3520014633535593,False,False,False,0x2faeda4e2baf9005f15ac7ee077d0e1e55a4802c091e079832e9bce8401ed961
0xb19e4456e26181897aaf08e76f09691a27d8cf47,sell,70.0,0.00794189708898268,False,False,False,0x7df81b5e68df145ee82c3e42967e0e99d465b5add9638b56f9a03848e54880a7
0xf18eae010b44026c6b5f15f569f2761b730a0a80,sell,150315.81239249624,16.972194212241117,False,False,False,0xe9524ac623eadc7d977239d0077b9834c5922b4cf1ae01cb5c0a0b462f76ea48
0x9f01a503120cc32c472751583f5bfffc371288b9,sell,11246.9071005473,1.2633340644204079,False,False,False,0x163fe1fc2cb2bef56c6ae04b287fa8c3644e727bd67e53ce1013f48cdd6e1cc1
0xb19e4456e26181897aaf08e76f09691a27d8cf47,sell,180.0,0.02021151961276093,False,False,False,0x6107fd8dc1f74604a39929dcaa878585e9dfe912c36d2d408e87139c88d672c8
0xb19e4456e26181897aaf08e76f09691a27d8cf47,sell,200.0,0.022456971274808803,False,False,False,0x99f326297e88682326ca5eacf9ec2d795c52c09e263bc6c8c2bd795e844a8d13
0x49224d70a64e7e7dd5dadfad610f039ea6d08c8e,sell,16862.694220896774,1.892393222793767,False,False,False,0x272dba41c677b3b51af8fa695203787120f0c1ced6661b76c97346fceab184fc
0xb19e4456e26181897aaf08e76f09691a27d8cf47,sell,60.0,0.006729779652080256,False,False,False,0x0ef491c19d856a75cde273d7508d865f6b235ae67f30b16d072e184e40597e14
0xb19e4456e26181897aaf08e76f09691a27d8cf47,sell,370.0,0.0414997378377751,False,False,False,0xac992f7dc4eaaa0f49a49705e17ee640c24d0dd9fa9931da0f9fbbec36089ffb
0xa007ccf234d7e5306615035bba0d32b0f5d25bde,sell,5984.483748636681,0.6710921781024469,True,False,False,0x0f2ea5717cac57df6def748825a298a4c59aa2fad22e672ac8a6062e348a9655
0x431f15623676d6617859794f18dc3d0681c9ec00,sell,120530.62612893558,13.461745135909814,False,False,False,0xf4f079867ff731210e701d98ab36d23e9b153fa72e937570a222cdbfb4772eed
0x98153cf43e104ed590078840c12628d4289bf3df,sell,23430.461171083167,2.604893646758108,True,False,False,0x3828d67c04a70c85c96bd7ec0ca2a70874d563a74726dfded8207e7897f2fa2b
0x3194dc01d91db4422187f06c6a51b3875e70c443,sell,93919.93015153862,10.402755685879814,False,False,False,0x5b7177f8bf2be9ff5b7fe22bf8c186e01407fce8c4fbf7218b64f176a9bd3540
0xaa36809ab63025d40fecd6fd0031e63628e8f772,sell,2055.2698218144997,0.22695264743155036,False,False,False,0xf3047aa7d2c35b505845128f2a85c03bb9af8db9a8ed87f8e70a5b8952422869
0xafa0adb782345aaa73d9341f6b5c0da0afcedec6,buy,25813.98747850615,2.9106,False,False,False,0xdc0cbc4f58963b09f895069dfacfaaaeef11bb643e8393807e602e3be75ba141
0x8a36bda4ef5ad2611a730dc0e311ce4722f33832,sell,6389.814361967616,0.7065739612957275,False,False,False,0x1ecebe9e21f9562642d5223436330c889f10a4db907bbc22bed642a5db39119f
0xafa0adb782345aaa73d9341f6b5c0da0afcedec6,buy,25781.761920998946,2.9106,False,False,False,0x5ed6105556d98d19b427ea606a4971b9c93ee40bca7015b93d8d145464476bef
0xd53ba81faaea2b1c68757eaa09799e375cb9ee2c,sell,2309.805839918309,0.25576382767516764,False,False,False,0x03116c72efab972646ca854e4068c07e188d6ba3955f5b8eb30234e22b9030d7
0xa00c4ee85797d8eafb5a3b71bd0c1ccc7b30f1bb,sell,3726.4088044949926,0.4125446399437335,False,False,False,0xfc4797c8805b912737b2f1bc9b889b42c57f6f1293f3c60ad2ac6b16f716fa97
0xafa0adb782345aaa73d9341f6b5c0da0afcedec6,buy,25749.28796970237,2.9106,False,False,False,0x630014a8ff3b2b5b6110b506f64f67b832e535c7c73ffca1106eed705aa40b51
0x49224d70a64e7e7dd5dadfad610f039ea6d08c8e,buy,8573.653068209154,0.9702,False,False,False,0x0c1a3ea7870fe5fc663dce7cb4a364eae521e881778d5392113966eb2dbb7b71
0x11bc74e240c13f7067529b21dfb9933ff7fcb136,buy,17306.13128216784,1.96,False,False,False,0x19fdbc46b7d23f2f66e5d15a26b7328ecc7e1fa941f190f86bf7cb8529dbf228
0x0b3d2fde374357ddd27de3b48900a22438932ee1,buy,8.561775324153617,0.0009702,False,False,False,0x68ebc293b55f96c00134d76962f3d732e37c31b5decd2dcda13b727e686aea24
0x0b3d2fde374357ddd27de3b48900a22438932ee1,buy,8.561770617039093,0.0009702,False,False,False,0x562d16493d3a1c83c27fa8610fe754ad08093806bfba9f088b53faff93b8128e
0x3b5cb055931ab2160e84bf219eddf288b3702a02,buy,356.7963442782081,0.040431808958790325,False,False,False,0x1ae1748cc414f185db0889227a715a91bce90c5cc3bb99fc1027b99367e7da54
0xd3f932610d57dc33265e4bc80ce393c2d73fbdd1,sell,12891.644652580659,1.431227064544191,False,False,False,0x1538bf245242b9c03ce074f8598cf6a91375071627984da919dc490d6399504d
0xa9df22a4574583057e28131dc73e66c68f5dfb1d,sell,11192.013804167893,1.2415840208991102,False,False,False,0x0b68967e0784173c57d9e974514d8224862fe049e086a4cce4a1ae477bae45d6
0xfaecd4cb2026aa1c34f34ad3bd0a79ececae065e,sell,14443.873236084763,1.6010243716959631,False,False,False,0xc182b7bdb74fa8802785732f732d2f483f31925822ca8f28e7f52d2ba74b0a53
0x6938fa94d58b42cdcd80ac7dab595d82ad18aab6,sell,10335.97485078719,1.1447852903125655,False,False,False,0x857cf1a85dd0b056af3e3b52f19be60e24afce10f8a9b687d0c62c59619e88f0
0x9676042f03b5d0da073a4ba37304d4939c73d948,sell,13787.112653834363,1.5258556394479832,False,False,False,0x331f07e1cb51b2f02e109f20fc5edb599f89044b5eb279cd60e2f202a6bb7994
0xafa0adb782345aaa73d9341f6b5c0da0afcedec6,buy,25765.825849792163,2.9106,False,False,False,0x86c3d9d7b7fe1258e1f09464ef9405ce886d3725ce0028a3a6aeb4c75260f87f
0x2015a4b620c5b188691ca745eda51c2382f236da,sell,12558.6609534379,1.3910340626966036,False,False,False,0x22a06627b130d6cc9c27c2c978b3ec9824bf38a82c5b82fb74f8a7971e92c15c
0xdd3c15c343da8e050e8e4562d0bb2bf89e392deb,sell,18751.868319931324,2.0749491524532186,False,False,False,0xdfbbbefdb1d3560e6d413434d668ad68918b98959fb3f576ce023c95f3a332b6
0x4459c75b9ac5186ab152019b7ae905669be082d8,sell,19226.24122502151,2.1248757945802104,False,False,False,0xeb911074a17c572e5c954f1bbc517ac8143b57155ecb1e43be79bdcdac120cc1
0xafa0adb782345aaa73d9341f6b5c0da0afcedec6,buy,25805.920671326046,2.9106,False,False,False,0x42d336599ddc6b72b5b4d0fdbc141ca854bd20e842361ea3ee263b5e58b27c9a
0xafa0adb782345aaa73d9341f6b5c0da0afcedec6,buy,25763.60074730308,2.9106,False,False,False,0x7a091a944d406faac37cbab1ed69ba5d50e44be44472fde0ee4018dbe163792b
0xafa0adb782345aaa73d9341f6b5c0da0afcedec6,buy,25721.09556118243,2.9106,False,False,False,0x124b52fc46d352d8c194a945bdf87e3a9ff2a9a67ac53873a5a3bd552595f298
0xc637c20b5374c1a087a1d093df045b493935b59e,buy,1297.9195639956786,0.147,True,False,False,0xa29a5f2a6f1244e2a272cfd98b448996b147b0033f08b6cb3b22802fe6bf7f88
0xaa4af69b86860008263cf3e0165e87d766befd31,buy,3511.628146915177,0.397782,False,False,False,0x0620023a8b87d4056e928ff8480b5f5884f74fd3776137eaddeaab69516ff0b1
0x0b3d2fde374357ddd27de3b48900a22438932ee1,sell,17.12354594119271,0.001901294615106443,False,False,False,0x99df4e8bd4bda5503e819a8421696faaefe2a5ccffaf2ed930e6a5efd1b91d3e
0xeb456428815f395e6f02d4982f5521116c89c620,buy,25865.11322754259,2.93265,True,False,False,0xcebe38ee7bce6a286b00896f5086d36f555a45d53d9709e506c26e3b628b5128
0xc1b99105fe250eec93b57d103094755719ab020d,buy,1070.9800339560713,0.12153543816822757,False,False,False,0x55206caafb4357e2506c6647f27524d2eee0336066ae954ae50b065be001713e
0xeb456428815f395e6f02d4982f5521116c89c620,buy,25820.41892318466,2.93265,True,False,False,0x4f6b15c1e75c9c5bbccf50874485d585145fce93cee634930f6c2f8018cafaaf
0x1e3a56c1a7be6587bdbfa285d48797c4e121f173,sell,24999.999999999996,2.783058180174804,True,False,False,0xc362645ed1819f99a25299848eb79780615e604c1664cc71cdfabaae88b5dec4
0xeb456428815f395e6f02d4982f5521116c89c620,buy,25173.80280617222,2.8593454806,True,False,False,0x9495875503e72ccdf31565fd994d462ee9dc8343e8dccbc5f51774181ecf9206
0x38a7dadad28c2860d8444d1d53a553554e427435,buy,285.5711264889468,0.032463392315434776,False,False,False,0x3a5ec91f5ea0022d55850945e7399144ba5f2a7a9532aeeb41682b95bdeef736
0xafa0adb782345aaa73d9341f6b5c0da0afcedec6,buy,25582.41253944959,2.9106,False,False,False,0xe0b8b232b465f66709be7cc83637ca63806aa11668eb17ee4b78e9c8a8b3119b
0x1e3a56c1a7be6587bdbfa285d48797c4e121f173,sell,24999.999999999996,2.795406457991378,True,False,False,0xbb00a20aa617fcd59e750c408828bcbc989a272781a9cb313820fcb9665b25ab
0xde9e6b2fc62041fff0a66e4230f4e64a46e2fde3,buy,17870.45990905486,2.0383277457594735,False,False,False,0x1a074e81179b8820760d12a8435f1a5b6b6fa8589b7cb27178ad47b1b2636cab
0xd2788980d1c6742de6b4872df7fdbf9f70e6971d,buy,354.7996514065794,0.0405597535031448,False,False,False,0x0615d55bda87c470a7a34ad224dfb60269fb33a5046235358dc3f904e08e1c68
0x327facc561234ebd02c933a4d4486fab6585c566,buy,852.9432154318648,0.09751,False,False,False,0xfbac4cffe7bdc7b9d3c90293e0ea72738dcd4c0cacd6cfb1d5245b0528142309
0xa0cd083923a6bdb4f8e7151861f10eae0a0e9c47,buy,3389.2551370386386,0.38808,False,False,False,0x2b7b95e3319921c7f24f04b05cd2195cbeedb0dc380fe31b027bc5e591ed653b
0x2229698be33202137ba212ed6fd6a01fe505f67e,sell,25.10346326790291,0.002817527644975408,False,False,False,0xeae3a9ad561dae2e3a312ec470de887a5e6d84af0709c1c9595daddf7e778ac9
0xca8ab66188924815df38cac43165ae8c220f1a4b,buy,32779.061867663855,3.7576821795062174,False,False,False,0x2885507879e034b90bc2f139890ade7439708362476dd52c6bb56a363aa03f5a
0x288c3eadfdbef55ac51fed48272c757a899d5045,buy,21281.139284851633,2.4438629090439665,True,False,False,0x2a07191745d9017ebfaf3428215ac16ac83861321bcc1f97e89b6e7dde26fb57
0xa09f46e3b7165bf38af1ac13d89be34bdf662e7f,sell,3.367494233926656,0.000379278209487675,False,False,False,0xe377482c39c126a2367f05ac891768710724d849f12a7b24f58e2f8c707563da
0xb19e4456e26181897aaf08e76f09691a27d8cf47,sell,60.0,0.006757738790400451,False,False,False,0x985c4178a1555ef2eb49d1d8cfa3ff0fa6fba458cd5cce2ef5d5f27d2ca2205b
0x77f5103a837ebccfb1ee4e5f6d619c8b400b6626,buy,8483.031819804308,0.9751,False,False,False,0x261fa6db0ed17abbed1a2883279e4eeb9b908d9b0af4cbb841a6ae2a23e0e0e6
0x49224d70a64e7e7dd5dadfad610f039ea6d08c8e,buy,8435.786398052796,0.9702,False,False,False,0x207cca92a769fedf95aa7f7967d21db71702c0bbcd50342cf67f6900bed1d713
0xbb00bbb48887f38806fbcd22c05478e20cf7d043,sell,1644.84,0.1854493726777971,False,False,False,0x6f168a72f8fae771c8220296934fdbcbf265e035aa0602ca956e6c3bbec14346
0xbf7649c1c99f6fd0120df7509d2be3fb09a3b46c,buy,531.0798639943353,0.06109078975575608,False,False,False,0x62bf2fdc5b59355521fe302e8c325117e16c00ea0aeb49284d2059c4f6823187
0x7f6614bcbe404a78aeb8147fde495070a2b2de43,sell,1092.5219280088959,0.12317107216464188,False,False,False,0x516a885b5aa6fe41ad62f43ad40ac173f7228e54132cb11f60ec43f728511a07
0x19f72ca978282fe75dc4446ed73bfb786af55df9,buy,387.57262061620287,0.04458117486885551,False,False,False,0x18184d3095100f3c0bb0fd532bad0e980a4100d8def10fd026b44bf23983e8db
0xd41826bf7f685a8b47ff714017cb4fd7d0c03486,buy,17591.109572119127,2.024623612082331,False,False,False,0xe2d49bc3b2516561c4b9d00dc09c6604b02e017b76ba6d401719bed4ab1d226f
0x5a2ec8fc323180c33638bc02cbaaf139ecf37d94,buy,350.907717695829,0.04041067438852165,False,False,False,0x14186d22b19306a2747119641418679c5a1c933bae0d79c41f6315988b8d1b97
0x98432627a1c8e5e284bdec596c2bef5878a01932,buy,792.6463863416403,0.09128485590173221,False,False,False,0x5aeb62ee34fa1c872d117d8fbb9baf4cd4c9b815ca24449a8166ee4a94a18be0
0x8224c04a8f66557df682fd0581eb3724bd2bee07,buy,40506.54879354531,4.671166179668908,False,False,False,0x681deb89e48cc32b60e9442b660ea9a0dc3cf749c94a24cca9773d6e8e861e62
0x1943228e3c80088517d74baaf8007a5bd7d31a87,buy,1413.9464035707188,0.16327609583800926,False,False,False,0x8eb52e1bed30d85534f5add0996dfecf943966778087fecd3e1038ca93150208
0xb102d533bd560fbeac85d88646f51218d66a8d49,buy,1688.6740372971303,0.19502,False,False,False,0xf68c9f9274783729b3aa7cee006b90c8793c30fb26ca5778aa74cc9c1147a11b
0x4630e60f71f23ef586b7755ce742562d12dc31f7,buy,391.2648795410022,0.04518970540233445,False,False,False,0x5430b600a265bb3fb04ddb9acc7a759a4926d6286922d4786861d095c67d3d54
0xbdedc063f61566c3085dd858a1078df09a26aee0,buy,17.67545616135222,0.002041479531042988,False,False,False,0x22655c5f404f12b44f45f53d07d08103cef41710c1d38e9f05459a3dd58786ae
0x1943228e3c80088517d74baaf8007a5bd7d31a87,buy,353.3951757119989,0.040816920774278426,False,False,False,0xec7e8782ac3ca4b131248c0e508bfdaa76df760b706906bceccf17acf0739f37
0xe66879002a9c7a4535c78fb33517caf2b0151383,buy,7.070370482593152,0.000816632888883534,False,False,False,0x4eb9ed025068d788bf4c567afaa082ea42c012d21dc5951a2cfa0b455284e759
0x3ea5d7708b69dcefbffeaed973fe1dcb73394f6a,sell,98.33135466637815,0.01113145744392707,False,False,False,0xa85eb544d5176f012896b42e2907e1b15a2e84a64cc59cba5738f48806397c25
0xf8c7572edfe207f043d6acb4cd80a0c53346a446,buy,1765.8766806155515,0.20397337216231284,True,False,False,0x44fc4898e7fdf880bbe68c63cb10cdf005c80515dd46843876db552ea8b351b5
0x368564edf8ec2d3cbe8ec3ad265a3207e663b93c,buy,16316.000000000002,1.8857381229230246,True,False,False,0x42e60f6b1e280bad5f7a1b65151ff8fba6dec3a22bb39b9fee5b7cb9bf3ba98c
0x153b93374f4e8edb54ba0569e6ea6b46e5e46a5d,buy,79913.25695974054,9.26495155260548,True,False,False,0x74dab26d239f4efa2bfa00a26cac1d8108755eb33ca275fe2a78297e042b4a08
0x56311f46963d93eba214a95a5c55193d6bdaf4da,buy,1854.6900122818074,0.2156,True,False,False,0x466daf3cfa0edf46b404234277e592f4f9974fd171e003605181ce7c841d1754
0xab34e3836988273c0ffe6bf73cc5264a5098ee7a,buy,1854.4663477055938,0.2156,False,False,False,0xcb18b0c6735d30689de807bfe11e765aa4415c21bfb14d6bbc96a5152c3f4fbf
0xa0e72dc252da0f93de7350aa5bacf3e23c7f8626,buy,1854.2427235858659,0.2156,False,False,False,0xfb7f9ab344fa81b36ae336c3498d5b54a902be9b0729e53174a28d369223d4f8
0x62703263b64699da4c9c84bd96649aa7feb9738e,buy,1854.0191399128669,0.2156,False,False,False,0xcd92d44ec39969761bf50640b63dbd87cdd57797ba0308b8d62bb47d21adb293
0x5fd9571ff8160999f7d5b2c2596de3eebada7a94,buy,1853.7955966768434,0.2156,False,False,False,0xdc13821d768c8dede77e7067915d05233d51a57fb5ebfab2b390cd8e7b04ec57
0xbcd6f5f8c4e6f7561723485455393bfb001dc5a8,buy,1853.5720938680452,0.2156,False,False,False,0xe8129af6e6befdf5387d52eb052c2b3dc930938def58cf2233e6e8f411b2a8ee
0xf7f6d446980ae9b34f5be1822ad09885213dfc1b,buy,1853.348631476724,0.2156,False,False,False,0xc8d4ebb669c397f68eca0fd62d25058b54a6ebf1eb4764ed8b7a7c5d8114f1ba
0x725c287504f613c2c9601611800eb8dc5822c86f,buy,1853.125209493136,0.2156,False,False,False,0x2e24c697012a8b36abcab3a2dc4fde28aaf9584c3957b45b4b842a36426b78eb
0xb19933d0833ba135673b437b05623fa20ef8b124,buy,1852.9018279075387,0.2156,False,False,False,0x9539ba4afc692d8532ac9fb16f4f5ecc052f4328e6384b9e28e905d6b027c5b4
0x56311f46963d93eba214a95a5c55193d6bdaf4da,buy,1852.6784867101933,0.2156,True,False,False,0xef247e7ef21342d03829ee0fb4499be5e56367c84be7e015b7f11de36566d100
0x62703263b64699da4c9c84bd96649aa7feb9738e,buy,1852.4551858913644,0.2156,False,False,False,0x843e6efbb734e3ad3caa9c4db914888f02f5ce3d730efdd6ad2dd5dc788bb98e
0x5fd9571ff8160999f7d5b2c2596de3eebada7a94,buy,1852.2319254413187,0.2156,False,False,False,0xf39dac50d410cc84ad7c7fb572eae7dc8ecbcbac24212564cbc8be9dbc902143
0xa0e72dc252da0f93de7350aa5bacf3e23c7f8626,buy,1852.0087053503262,0.2156,False,False,False,0x7c291967b8f65d231945e8d431e34ce6a25ce0660297634c5b81aa15753d18e8
0xf7f6d446980ae9b34f5be1822ad09885213dfc1b,buy,1851.78552560866,0.2156,False,False,False,0xf5082b0aab8e3aab26eb08b9424b773cfca4cab2bf654eafeeba1549e815fe02
0xab34e3836988273c0ffe6bf73cc5264a5098ee7a,buy,1851.5623862065956,0.2156,False,False,False,0x29f9d1db60f233a3d7feddfdfb0303188ef9ddd9590d45c2115e6b610fef0166
0x725c287504f613c2c9601611800eb8dc5822c86f,buy,1851.3392871344124,0.2156,False,False,False,0x0a989e15eb125e2e068bdc5fc0e91daedbdb3cdd6aeb230cca7bf24fe9491f2b
0xb19933d0833ba135673b437b05623fa20ef8b124,buy,1851.1162283823915,0.2156,False,False,False,0x2a466ff63ba8e2f10512759d3c144b11170c0aab77d16ac7ca6a70ffb3637c8c
0xbcd6f5f8c4e6f7561723485455393bfb001dc5a8,buy,1850.8932099408178,0.2156,False,False,False,0x0c57f936c6aa8bbc11113a34c69f1cb364750ecd5f624b1449c67965a3e5c4d8
0x57ca4b0d8159ec2f0857f32ad72bca317a727338,buy,10091.857045652627,1.176,False,False,False,0x57cc7137278c79bcd9a3b054bd8487e9793451ba10c69933d2e1121fb9868b10
0xe66879002a9c7a4535c78fb33517caf2b0151383,sell,7.070370482593152,0.000807776786306054,False,False,False,0xe37ed12b1c0fe365ce183d7d4360b64944a8899fe19c2969cd56094f163ed633
0xd8573dcd65f99e78bd2d82046fb64f679ee1dae4,sell,6804.603432278109,0.7772427394497639,False,False,False,0x6638209ff43efe6a44493b08ec18cfc5386b5b1a59b6951e5421b3b49daaab49
0xbfd9efa0b2a8dd476000d8965334c34b9f3a660d,sell,1245.442152208138,0.14222133132972542,False,False,False,0x979c5dfbb852b5c9d810f857b3d3d2803dbb36c86db7849cfaebb6e255596e2e
0x51a32231e753efb33d99d6b6cac13c4583efdb74,sell,257.19203419372445,0.029368222587492457,False,False,False,0x9d696fda9f9169c2bc64278f6c99073d81bbc2eefb6cad3480175b528309f54a
0x2d72e9a3b15b4fc3fabd559f11e7ceac9dafa933,sell,10823.0169877795,1.2354166511964906,False,False,False,0x093bef567c96d39b451d8bc64c27397636ff20b348f95841ae5017ece30ed1bb
0x52045d495ff3fe90340d6e9f692c85f78ee7f7e4,sell,494.12236216750136,0.056382102497994614,False,False,False,0x1c3e0510d816b57489beab01940ada9ba5ce12a25d4386ec2281388cafd3b41f
0xc49a9757caf616f827883954b67a8296346f66ee,sell,2037.7143581602318,0.23183749628591646,False,False,False,0x52982a9d1b8d09e283997971cb72c9648bfa2e53cc11b1040c4676481a53c7b3
0x0c1a43d61dd08bd240cfc17b91b5badd285d26d5,sell,1461.4264894062933,0.16625260824951515,False,False,False,0x97ceb00c1e15e30a5c54271bd91d37186ddecac667d28ac02df710d76dfebbae
0xcd09548e3f48f727b80f530ded525d067bc32814,sell,1889.6374775742065,0.21494293648303894,False,False,False,0x9f923b6b6e4e5468c49c7a31e995bc15b897eb957dbf21b89bcfbb9513e7fbbf
0xde9e6b2fc62041fff0a66e4230f4e64a46e2fde3,sell,17870.45990905486,2.031442271635657,False,False,False,0xc0b515a8fa6dbef0b7332e436e7511b8d4e6576d0d4f83ab3476963c0878d0c7
0x116cda031c0f1c23954052e595ffac12f804307d,sell,901.2496368904499,0.10238863279376245,False,False,False,0x345500d6683e665a0b3f537ca06b1e11a8a65e4f3cae326987d8c56a321d7443
0x11bc74e240c13f7067529b21dfb9933ff7fcb136,sell,59953.1391972115,6.797823803490324,False,False,False,0xd2ddaf43cc726999c72fdc754cf17a84b5669d03eeb9f10d806b306a82e09ee1
0xc017df7046e875727885ea58d74edaff1dea11fd,buy,21.05196202990106,0.002430772844873381,False,False,False,0x514cd484944b2bdc6ba71866c3b27ba3b1bd61661fdca0872088eccdd7b901d5
0xb6b4f962540fefeaf5eede4f3edc40c1836614e2,sell,3244.7912997363037,0.36716734360225567,False,False,False,0xfe09a15180b7f7f27be8091e620f36ad67f2b58ec536e2cff8e3e8a4be9a6b10
0x14b33822c8bc5689e4130b0d3fca676674fb6718,sell,78215.43055410079,8.827469773560091,False,False,False,0x0402eb642c6419bd8c88d15c1eec326d21ea2f0c7cc1d7ddce49aada526a257e
0x14b33822c8bc5689e4130b0d3fca676674fb6718,sell,58661.57291557558,6.591657092045461,False,False,False,0x93e63bd6f7ed121c0479559f2216a0fe1e9b07a025c6cca1b1646fa799e2bad3
0x14b33822c8bc5689e4130b0d3fca676674fb6718,sell,43996.17968668169,4.927554584599179,False,False,False,0x4606b8c7bdde1fc0ac84b3976d4c06de480b227805bb2a553146c062e38dba7c
0x14b33822c8bc5689e4130b0d3fca676674fb6718,sell,65994.26953002253,7.365454735449284,False,False,False,0x673a185fee824673a6f9ae9fd488fbbd756b6904e4ff96ee575a70811c9c53db
0x14b33822c8bc5689e4130b0d3fca676674fb6718,sell,65994.26953002253,7.334575745756282,False,False,False,0x1fc922a291a804ec6a5b4ade22cc6864b24c631598769916e0bf0f427b5e925d
0xe463e91b5ac588e24ac810d403795f08f86822d9,buy,4286.318981959451,0.4851,True,False,False,0xbca3e6f2aebe2f33f63dc45602ef30a5f611b794da7cdc40a7c858603a3ae5c6
0xd6cbcba99bc931d40f1490f93a4bd8a7abf29ea5,sell,14597.870609772572,1.618695137154359,False,False,False,0xb2a9fb17031682f2f9435a3e5e3bfdb18149e7b4686fc2e481f6a5f4e5d4e3f5
0x7c9457a775015eee6e098cb1a4ba6cf9b0fdf3c0,sell,16837.725870806433,1.865200398454614,False,False,False,0x713607a7628a94e959e3336c42f577d3007daf1be5d6ad003d252d91d0fa4fe2
0x24278276a6482a0a980170ffd19ab5b82e25df89,sell,39415.97406553673,4.358779710421916,False,False,False,0x71bc2430630154dd973282fe9855f258d8506f5daf3ad8de46f8c0647a340428
0x53426fb8d9f01b8419bdcd92b8266b3d733c490d,sell,338.65819922863517,0.037408497330637475,False,False,False,0xcd08dd3a09e521c05f6436c036b721a91732d1d67bd0b6009b53642623b37471
0x728aab1e0d9805298bb0ebd294d2ed42e2b00beb,sell,373.30506386789995,0.0412348224844653,False,False,False,0x542ccc3002cecfb5995a2d129e42b7c3f39db546f95bb62bfeb0f48aa34a1a50
0x802ca05d5d4372a15a4b50c684ae535f71148e05,sell,949.8267962900001,0.10491293027249005,False,False,False,0x5cd79e5100acfde0be7bf76e6d07ba336ca5f87b6a5b0d2cbbdc292c1dff9415
0x565a624860f330a79a672e42a2cf2cc71e27d0b5,sell,1568.8946729342297,0.17328006423653847,False,False,False,0xac33b201f0e65969c61fa6aa0398e5b6e8f40ffcce49bcc4f94e5fc2e460a479
0x8cba145d686845b50475ab396bc0cd182a6c7e63,sell,3733.5722819593,0.4123031660680652,False,False,False,0xba6bf5d605f15f42a5202b99515d84cd6de0f8b75f6939fae2e7b3aa45e5afe0
0xd441fb8229592d30267f4abb7b27ef602885f011,sell,81.339765492866,0.008981521394286658,False,False,False,0xa3fb082962f7bd6ef6c3f920034652ce436cf0ff9bfddbc4714976904e0dbddb
0xa78463464b6edabaa2d49310520d57a7d71d6589,sell,97.26636314440582,0.010740081040007557,False,False,False,0x5064f1ffac3a007bf24e311bf101fe503deb14dcaade1f68bc032c52f8f26337
0x0f952a30c6ce6975a79aa22985dc3492fa277ee8,buy,651.8314556988221,0.07343725612375412,False,False,False,0xbd59e6758c719183eb958ba3c4a4081f9bfa8d53e1c6b5c82f2850f9226b9d18
0x25ae85c65fef6089ce0d4d4618fb2fd5d8f40bb4,buy,18.016613028858313,0.002029842207309871,False,False,False,0x3437998309df136a8ca86c4412b2ea56242c62e2b8e2bf602d1a2e95f707037e
0xb51ff2f65b935142aab32abefa1c0e29a4161d31,buy,8609.324559888808,0.9702,True,False,False,0xb7e885183e9f6fea18a86f56f57e910dfd7e6a425fa97892af1ab73a1efeff47
0xbdedc063f61566c3085dd858a1078df09a26aee0,sell,17.67545616135222,0.0019527014432307,False,False,False,0xd715aa32724a8bbce34d6a02edbce84ac7ceaa458794e2527b6b8ac5dd9a045b
0xf8c50a7dff1f13e89d15a43ff2908fe3f0d18d75,sell,5635.600052053078,0.6224988017954101,False,False,False,0xa0640b9c58e0ac538c4921970afc82b153bf0c8157a931a6e10375ce37596c46
0x74dda631c760a653e6d706d85a0823640c2044f3,sell,7748.559199051378,0.8555808064472631,False,False,False,0xb18a029bb02e5574a875e36bec382136c8b258206a6d8832fca67de092292885
0x65e635f88d7c0d522fee14d504a0cf5bbcb94140,sell,2228.5426134468185,0.24600449748044761,False,False,False,0x4d4a9db5d7824569530c0a85fb47eaa3dc482d0a405ba2d034be181d1d8f1653
0xca8ab66188924815df38cac43165ae8c220f1a4b,sell,17332.18893824041,1.912248383631532,False,False,False,0xc52d6aa8682f80644d659c794ec00a9155439c3d2e5d0bc1cf66850a28167255
0x2dbf8d4cbd78ef2b1ada1893d59b7c0cbeaf32a8,buy,720.3178293380194,0.08104913680644514,False,False,False,0x75657bcc5265e8e8f1094b79249542deb1c9ed5af0900108725d9468e77d99d1
0xa9a6b03c59bf388a2005afadcfa48ffebf587cdb,sell,1730.1342959748554,0.19079306583306896,False,False,False,0x78d9a57c03e895f6a97cbfb9bd01e38a98cfc96d09fe2eb7960c0681ae3b0ada
0xfaabefe6e5c4e064d6bc5c7857fa3357f96ac103,sell,24512.546611638394,2.7012277038401895,False,False,False,0x3ebb8ca869cc70a0f5a5900d8383d24cf0b1ccbce3682a4ecf86a0596725d4c8
0x1f1b1f7b93e60cab5c9828e3094ae44b84eae9f3,sell,537.5219584411398,0.059193369445019954,False,False,False,0x20a05917b39920de287981d6b74f7977c1d72d8351e4b244ba857d12e91b0399
0x432fcd67815d5cc72808a7815a02373fdee7d740,sell,1377.7117917357757,0.1517094418955203,False,False,False,0x3854cd1b7c9d687f5ccb68a6ff9211d1d48d32c93db646509342ce5e333d90e1
0x028facc04c63d3b558a90b94aa8d4fbaba909df0,sell,1190.5198781019603,0.1310872823053698,False,False,False,0x7d6a6489c93d6312cacb9d4531f1bcb6f1c8a3dfaaaee38a0b249b53d9c18308
0xfab55b975646bd4f96becef3b766827205ed4386,sell,2171.493492123673,0.239079722335171,False,False,False,0xd57e098e9eb8f9582313d5b5198cf2d6bdaa76891b862ff4a506b2f70f99f688
0xf8c50a7dff1f13e89d15a43ff2908fe3f0d18d75,sell,5209.121936111487,0.5734051551181691,False,False,False,0x5744b16b6c29f71517a3e1a6186091529f8576bbcff30e67716fc08883cca774
0x5f1d998a2681d13e41b16276640535ae1f422bbe,sell,776.6988007276835,0.08548285799894555,False,False,False,0x111aa378a5f946ecaf1c1665b54b76760db41722587afea655d111960f1fd2f5
0x42ba09cb0276dab9cce4afea93ea339b3553e67c,sell,405.1499213220311,0.04458904860363759,False,False,False,0x12bc0738464ec9c8d6806f67f542c5f0b3a19a91cc292782d0ca97fc96e90d6c
0xb64e6db5defa8668512ae1e54f955fb1c67c8bb1,sell,731.5465389572737,0.08050836151535876,False,False,False,0x42ebfb8670d19c262098d58b7995c60a9b0442e091cedebda2353cd973f413cc
0x73bcd314ceca8435fe9580b10599ad39ed6c059d,sell,685.6213469737396,0.07545128307464072,False,False,False,0x6834feee0a6a226b735657b21e2451ed602dce994acc776bd8e700c42deb47c2
0x0b7576a64a0f4b4924d55ed328ede4979446521b,sell,213.93569550717893,0.023542627588729444,False,False,False,0x6752851504b957d78a42a2c209ac5e7441a5d0621924d995de48326440c9839e
0xafbe9b3a9d32bc7848b7fb83d57a6e09432a413d,sell,2593.2152235176923,0.285349493141815,False,False,False,0x22884a424302bbf90347d91688691e16363fdf28008830c2005ab5786cdaad2f
0xa9a6b03c59bf388a2005afadcfa48ffebf587cdb,sell,1202.3951527800034,0.1322942462317746,False,False,False,0x4235383890471ba4cecda59c7fc6e5c47a9a9f6c647d5ba5e521b210af61269e
0xc017df7046e875727885ea58d74edaff1dea11fd,sell,21.05196202990106,0.002316177701747173,False,False,False,0x19b67b4e248155762eb2b86af2ce91f37d7b2f5b00723bbb127741e238d5883d
0x88f5a9430968ca0abbe1bc662fa963cae1dc4a77,sell,4591.028053894076,0.505050505050505,False,False,False,0x958efb746615a540e96bc1a272830ee0c114d5b38bbca9bfb9420ed021c15162
0x88f5a9430968ca0abbe1bc662fa963cae1dc4a77,sell,4592.173906181301,0.505050505050505,False,False,False,0xfd510fda7cc1ff7b17790d00694437cb6da9954459fd55270e9edf092bf069dd
0xec113fd561e8ef00d16fa907f50643e431ef7a3a,sell,7690.56,0.8455309548019028,False,False,False,0xfe7bf10772a0c93a95173c8cd9d5749aa0bda35996028eb2f9a6d7f47e470b34
0x88f5a9430968ca0abbe1bc662fa963cae1dc4a77,sell,4595.2401968266995,0.505050505050505,False,False,False,0x27e56e020591ca7be586afda21dde3abe879c30353bc410c544037a248579ba1
0x11e1fdcfb680ed1e71ad336adac324d37202263c,sell,31731.023858880442,3.484033408880186,False,False,False,0x3411b403aff450a0185b8d7611fd43100b790eb39dd9ea0be9111a5e7ca4e6c0
0x1a03830b15b77d3afb96c17d3e04fa2aa7e10c42,sell,1541.490709668464,0.1691012480026043,False,False,False,0xaf88ae1fe8e2e824ddcaf994029ccb843985b7adcb34a35f905f01e16f21d513
0xc12511bcd405805301b8da8f321e7d8283575336,sell,1746.6598556947804,0.19159116850460234,False,False,False,0x6ccb9bfaab13d3df6c6e780103c008243904c8199ca31de015caaa6f3a385dca
0xe779e7e592b16ddded41cf3f95965e00d16cb559,sell,122552.28976613973,13.397570967863508,False,False,False,0x10c827e43f2c14225154c53e24da5df7030993749d2fcb2e06c4d0e8ef3ee56b
0x8ab83793cafe1f88d3c875187a70344c31652c22,sell,3556.916250955366,0.38752040163586515,False,False,False,0x82aeca879d3d59d2833abaca1d10c4d04bb16c07ba2f7aa562e4c17ffe06024d
0xd86c13937c939fe18d1399a007a9668c7e451fe0,sell,3215.25625847467,0.35023293496286534,False,False,False,0xceb2462830a18c0d0ad419a64146670d2abf795d354cbfa120092a3302dcdcd3
0xf8c50a7dff1f13e89d15a43ff2908fe3f0d18d75,sell,6638.081548980443,0.7228834153366461,False,False,False,0x47460cf947145187e20f7297e3c672395212ff2f9f25664ccedcdc9d975b9596
0x2ccecf28c70c4e76c43c5c9cd895f219d4ad9d4b,sell,1811.4725489807784,0.19722255957656992,False,False,False,0xd894fecb32ec2230aef2da6de5bc2fb63cf15d13321e5824fba542c44957a15e
0x85d564e97e7208500c3bf9985cf66a23cce043d1,buy,88.72877207202968,0.009855954691173792,False,False,False,0x7c7bf103b7fa10e4f6bb02bb7e3c2fdb2f08540703a26eb7187c71acf6e50b05
0x98ab8cf3a98d5cffdf3d9a2cfa48660095566913,sell,16208.936011601527,1.7638835150790173,False,False,False,0x7f4f752e7e2e7bad761e3f667c62ecd36e48e6f2411a28dc0f3a9d4a101b8e71
0xd026f7a62fad79952d2f136ebd598a71b0053da1,sell,30235.620664581726,3.2861644777689114,False,False,False,0x54b88672931930e471d5e411a5cbcb31ada89bbf8f0ed2a3e186f3a1f47f1a88
0x344ecf72b8ee652ec00fb0b3d3586409eb205016,sell,213.7659111234678,0.023214088841275828,False,False,False,0x778ead2ae60060ca35156bccb28ec6d1008a27c5674ae6956b16cc433c0b5088
0xfbcde59cfddb74fe367876400f1b74ce459a2d78,sell,19015.434254403433,2.063925432016289,False,False,False,0x218dfe40b952f1a3440da84d010e1b62ba12ae2bb00edf76225309518159dbd2
0x3d957c9ea42c8743b462abd451e3c93f249d4ace,sell,22754.122478938993,2.466938244754216,False,False,False,0xf35343dcd48e32f8b8dfa43fe3f7c1d582ca567b477515580cf6c7eed18e53bc
0x1aa2a5faf6a74c2455072a1a17eca0ca5f217e04,sell,1939.9273904400127,0.2090932394160245,False,False,False,0x4c990987d4377dc67bdf08d67eed68bb8a35a4dc57fdbf501257396fd9381e3a
0x2dbf8d4cbd78ef2b1ada1893d59b7c0cbeaf32a8,buy,735.580263434475,0.08086046146316338,False,False,False,0xb2bc70359e5b2146d9a9be55ffaf9708d15275bf9b32e130f2596ff9c5562a33
0x300407454da9ba04f66d284d737aa4db2f06dab3,sell,143.4143022636521,0.015451690765644928,False,False,False,0x796eb5222a446c76ae82b754814aecc1451e8b0587239aa2c9c60d5124259cf9
0x2dbf8d4cbd78ef2b1ada1893d59b7c0cbeaf32a8,buy,735.5565278190122,0.08086046146316338,False,False,False,0xacb8dc44c1fe54e31cbaf4018a25b2cb00a98d02143565f75140f39deeb21ee7
0x8c07088fd67d5803967f9ec7884f0ad8b3172d98,sell,18033.67065936551,1.9421048187192236,False,False,False,0x9b08691d87caf86f7bfb9925c51e3f05a625b627ebcc1fa7db350b04dffa9f57
0x65c98dbb9abda3d96fb7aa267ce8bfbe4238f3c0,sell,3.5548682959448175,0.000382649635178639,False,False,False,0xf4dd1fff3234f6b24829c095c2f85bef892606bbb1f1aba76bfea3917af7d0b3
0x47b6acc9d98d5e711486bf859913f4c0115af871,sell,1248.484036841474,0.13438356478974875,False,False,False,0x661b214180f6492239a18139e319f198e4ec6a107015f7ef80f705256687318a
0xf8c50a7dff1f13e89d15a43ff2908fe3f0d18d75,sell,3837.3430232918,0.4129851000508817,False,False,False,0x6b2fba40cb84ebcd4efb9df91a336d1bd10a9b196dc7566bada8a11e8ce6cb0e
0xda04672a845dd7a2d48aeb5e2482efccb0578931,sell,910.8114839735886,0.09801144687965244,False,False,False,0xdd6c57653068a5aba75dd91be55b71055f3de18a8a18c561a31d7e637b0dd481
0xafa7a7bcd846698be2990a78aee7c979880b5d81,sell,383.8624237073,0.04130558554498218,False,False,False,0x91d31c1d947c0a610fab17bf75ef8d49d2605bf7d13a681d22242e8f98259154
0xf8c50a7dff1f13e89d15a43ff2908fe3f0d18d75,sell,5462.4681300787,0.5876974735216375,False,False,False,0x18f075c6d39c9cce685b46c7f63e9a8a491e11326a7d53110bb2ba101b62c537
0xd026f7a62fad79952d2f136ebd598a71b0053da1,sell,37533.87392844628,4.033513849361727,False,False,False,0x7867a5daa474f354a07c41a4926090b1bab8377b78d904b94791a33cfadda149
0x2c9742d480b3da51e03a19c0c4544e48f30cfbeb,sell,3742.8606240917256,0.40177423889218394,False,False,False,0xfb3f9640cfcccfb052042e5d7da06ee297e59fbb4dead5721a4397d25613859e
0x834e27b21ae759c39d7d1d265642ba99690a9639,sell,3710.721219045647,0.3982445295942182,False,False,False,0xb431de6c352effed0de342b8e9f8f35baca9dd63c1dcb5715868d9c235684b77
0x5b2787b662c4fc14cb6465412365d95b6ed6d9a7,sell,1738.213842209749,0.18652246324098057,False,False,False,0x1c4b3f6a2e74aaabd8c7c3f5a1805f01135a456c3f5e2663128087d3eebe9d21
0xd46557055bc1761e83f62470372cf3aaffdd7304,sell,1398.9336697122546,0.15010268943987023,False,False,False,0x27f36f5d5c23793d1d276a00f314cb147759712bc3a025a2fea4b30561e72685
0xe69c04afac1e0eea166cb0de8c00294efdbb5e6c,sell,2380.5679113055567,0.2554040911187682,False,False,False,0x15d89c4a5543946b882013b3c02453db420881813645fad69aae0dbaa831bf13
0xb7604e92d0c92c7373d3f96666bba8807084b56e,sell,6673.923141458338,0.7158514245583136,False,False,False,0x244c6d739f14a7cbaa7275ff33b43c87d42dc50b6e582a2c27747d3060309ea5
0xb7604e92d0c92c7373d3f96666bba8807084b56e,sell,10010.884712187508,1.0732962906551142,False,False,False,0x31f3acc7b76d3334996aff164bc93d45a65fc7acc6fa74c7826ce7bbefddded5
0x4b81449e67b8d001bbd539f3ea0f6087d97ac14a,sell,6893.448528378752,0.7387315679215003,False,False,False,0x494fed901a277ffb1aaa51ec7ad50599be09f929f41b467203ad3dfe372e3f53
0xb7604e92d0c92c7373d3f96666bba8807084b56e,sell,10010.884712187508,1.072322913128408,False,False,False,0xea851b270f28b6533b83ca914621244e116a3d115725c83397e95ae25878c213
0xf8c50a7dff1f13e89d15a43ff2908fe3f0d18d75,sell,5781.7370498184,0.6190524606640918,False,False,False,0x2d9a902716144586a4db5786e16bc9b5d0bfdd7f538033521f909f940ec02034
0xdf284da4119b295f9a3f31ec58724134ea5268a4,sell,123.28556017872,0.01319813412594838,False,False,False,0x0157e53f796b2389041363c489ae80647252960195ab85c2544b6d0ffb4d00a2
0xed3ad83572cce1e7db2ea644f19abf98fc096684,sell,38578.758535550296,4.125703031445898,False,False,False,0x38321b93183b47f7e09e03d779a7ec2e6c975195c5afba2d16c14bce31bbc82f
0xa219bad2e0bd736db1f4c293092b99932bfe7d1b,sell,10232.503106104876,1.0928570796513828,False,False,False,0xae8200be1226ed4b49d1372c578a4076da930dbc8cb206665ed60140c211ab42
0x152c4e18fee1f0f54f1223290fa78fa3c103a0e8,buy,420.0,0.04575581154295997,False,False,False,0x020e30b029ec517f4a946dae1801915035205a216a6aa1b1b51f603eb07a6bd5
0xed3ad83572cce1e7db2ea644f19abf98fc096684,sell,38645.3085745243,4.122111287070371,False,False,False,0x436baaf04850701556eeb356b1dbc4bc188c0e64d6180990e0d55592a3a8351c
0x2ce7fb0b0e1cf80a39d42acdf27aff6976e1d24b,sell,332.91945260967447,0.035473894658399195,False,False,False,0xa11b53b8128bd60ef2809f751188c2a47dc59a013f333832912d5ec20e84217c
0xf8c50a7dff1f13e89d15a43ff2908fe3f0d18d75,sell,3871.1425575027997,0.41243968283613147,False,False,False,0xe6a742a3f0b5b18b751dc7ae35dfa4eb08550170c009af43aed8d281d3e69707
0xe9b56d44713cd01a609d76de8b9351b0dcf505fc,sell,3336.5083989979726,0.3554100826061361,False,False,False,0xe94297abdb508ec19369d186314a5fcc50a76b7a4125974ce55a6f1c28dcadd6
0x42ba09cb0276dab9cce4afea93ea339b3553e67c,sell,327.40503813731806,0.03487227694294554,False,False,False,0x44744b3e951e8dbaf9caacaa66d142d40c72b8b593ac03f7a41589f0f49c946b
0xc103ad60e8a746a95a5854bd0c4a5439466f4504,sell,8629.193590695186,0.9178831622683888,False,False,False,0x5afbc0a2b712fb749aa14f0602fc201600c5ed93766a9a35022fa47faded9f93
0x2dbf8d4cbd78ef2b1ada1893d59b7c0cbeaf32a8,buy,746.609701272906,0.08095012528438009,False,False,False,0x71f557302357c9e62518bb9cc4727cfd388141a6d4221c8ea1ca59dbbb9cca81
0xf8c50a7dff1f13e89d15a43ff2908fe3f0d18d75,sell,3823.4182468925264,0.40626598147361825,False,False,False,0x3883f39ef235e75bee88fa0ccb0dacfe875c58eb63d311855b482ed7d065947c
0x096b42670e796c77ea62927c0ee19de211189630,sell,4445.6627881577015,0.47227955995315507,False,False,False,0x524111d7738074eb7a9273df3fe97771977d897f63df5c1d0da8e0108e7386f3
0xf9aa91a1a7fcda4bbd182212b195907d3ed78599,sell,2904.848972876,0.30853244798471635,False,False,False,0x343d94d7e8e4dff3a0b646a1496d5d1dd54564d617f0ad7135cf670ec782cd41
0x1ac005e581133718a34de1fcd3c30f083bef8c50,sell,4069.156759915274,0.43211639454651857,False,False,False,0xd042cf8b833bcac8b3278709429b7a79465dd26352ed9a99a85003c699d2fddd
0x881475210e75b814d5b711090a064942b6f30605,sell,8382.119999999999,0.8898271779300586,False,False,False,0x57ec243274ff2c7efa8f323613e2e8daa739a42840a0ab9f2fdf20de06fd9164
0xb64e6db5defa8668512ae1e54f955fb1c67c8bb1,sell,365.77326947863685,0.038820597875605094,False,False,False,0x1a50bd8b961efd876ad6178875fb7210260993a972d7d55fa06ff03984b9ae2d
0xf8c50a7dff1f13e89d15a43ff2908fe3f0d18d75,sell,3794.1205056759227,0.4026364606664317,False,False,False,0xb909f13276a4ca33a79e381748ed6d76cb652443be22a90444cf66d518465de4
0xf8c50a7dff1f13e89d15a43ff2908fe3f0d18d75,sell,3789.4245469152397,0.4020566412640738,False,False,False,0xc32e29a067becade90240e55d28697fd25ca42e08cab79e3e942c36d9edbd95c
0xf8c50a7dff1f13e89d15a43ff2908fe3f0d18d75,sell,3694.685143817812,0.3919264466672746,False,False,False,0x61bde2aa8ab5d26ac4424d7d602ce7f246e2a7f618a0b6692003e707eb3299cc
0x5320bedc1980f5b56d6bdea71a450a287493142f,buy,26875.31550614539,2.9106,False,False,False,0xec6aa3b639d1a0eb4c4f092bf9c9276a07baec8db32958e34712ce90b70e2202
0xb9012a7a62aea07e345e173d10bea681b160864b,sell,636.9713513929589,0.06765920999144952,False,False,False,0x4f665a2fe8476e9373bf935e598a6c789c3c1d2ba71dc83aa0b72aac67987506
0x84d0f74d21a89f86b67e9a38d8559d0b4e10f12d,sell,323.26777572073615,0.034336679039846815,False,False,False,0xa056d8098282ff3f6a94cdd04ea0dba69f43b6f7abe8886b0d138f325c07e0a0
0x20c3c770fb5475d48b0bd1468d75416ab0184fb5,sell,1060.9329509095573,0.1126847897676373,False,False,False,0x5be242649a2ccd122633014283d6545fc5f2f10cd42de6af2c7cfae553d3f9cc
0x9fc9a4f84bbf073d91fe6b9be6623f4ca0b221c9,sell,8148.6294031158595,0.8652674173866794,False,False,False,0x3226a2329b3462383a5051e419fdbc1daeafe81e38f07370c8df98e8923139e8
0xc3d16ee7192c083776b60cd03c7a180363033c8d,sell,47.37248162599257,0.005029175318837925,False,False,False,0xac203707a094471c740122422886a713bee9fe7b367b7ac54545e9c4d283885c
0xd008a97c5e28514d6ad6f13d55aefc8ceabcacad,sell,439.16790000000003,0.04662250250428161,False,False,False,0x3c38bfa2d4e2952401903fab91e53f80208bf29cd96fb817caa645ada8555671
0x4230d47051cf81f931116d1aca42e656fff35255,sell,64924.39354841451,6.8804185898588495,False,False,False,0x057286546ce99dcd6c1dcbebbe6d2d2c4a99eaac32fefe32293cb19e75f6921b
0x333411b580fda17c663059038c3dc6f6796b1da8,sell,857.7226960430631,0.09073837281923691,False,False,False,0x5336a998e90f43d5d4c292e1a2e90af894128fd6b26d802e37c2945111148fe7
0x1b36374d5a26c45726632162188f7162dcf39639,sell,37.22123818204486,0.00393753594422337,False,False,False,0xe1c3aacccaef643216f0ec1773c92423d4e5b5132364afe279c3e131d6811762
0x49224d70a64e7e7dd5dadfad610f039ea6d08c8e,sell,17009.439466261952,1.7985654475311657,False,False,False,0x016e587964dea273a204569152da1e479baa92d3b69e32a7ee06368cbc2d5df7
0x88f5a9430968ca0abbe1bc662fa963cae1dc4a77,sell,955.7331948925444,0.10101010101010101,False,False,False,0x773bc409f3623937d52d63fc661db0d5263b703fd5caf00794689cc6bb3355b2
0x0da492cd26580d9bf9efb2a57e511ad9c8704895,sell,1085.0640060742885,0.11467265224701133,True,False,False,0xe260ae2ff74d428b67945959072eb390b3b0aa85f2459b2f788fdd026a759c7a
0x88f5a9430968ca0abbe1bc662fa963cae1dc4a77,sell,955.823188393698,0.10101010101010101,False,False,False,0x3c4f14cb83f8c9c6994b9bb1bd8ad449c33b61e49b9adfe9f41fa92c835c7c02
0x88f5a9430968ca0abbe1bc662fa963cae1dc4a77,sell,955.823188393698,0.1010049521439034,False,False,False,0xc50a43e503e85e4a005b4a17f8b49ce13fce799e15ca906e8a563b58fba7392e
0x23fc56800a4425cfe6cab4ba863f4305d08529d6,sell,184.7678903812015,0.0195244314642312,False,False,False,0x0bb48ae28cf417c85b8d04d58c4e1fed1c44b86368f0fab2bf76262004da975f
0x23fc56800a4425cfe6cab4ba863f4305d08529d6,sell,202.36479880434752,0.021383676845431795,False,False,False,0xf3be5b40da3ec6b5b72b0c99dadaeac63908b1a80db45200c69423d5d74e431d
0x2e27296db73efa090c33823b0b637f031d1a1f97,buy,4498.875413580073,0.4851,True,False,False,0xba1fe2222024f7107e74604f80999e3190cb58ec75188718874fd35d196f42b6
0xaee989fda15dfa276bebf116b81d26ba233235ce,sell,28622.715399213652,3.0229417905375837,False,False,False,0xaf264fceb023548ef283a7196374ab3825b0e78c1f118add9d9bcd71949dd342
0xc44b50465baf60b318e57debf5e469a95d794f24,sell,204.87235696735434,0.02162067341466192,False,False,False,0x264263669dfdd9be7c572dd0abe66ae5779536906778e4035d83292f3469a4b1
0xc7a226701dc89e56dbedb048a1ca354c6f8795ee,sell,21115.704230351574,2.2271258209251132,False,False,False,0x4e0399490da1d01dbbb285eb691d0aaea7991ad54360e9b762fc0099d45fe733
0xf24022ba0fea5926d30fba8fece6d7a852732989,buy,27042.26094599113,2.9106,True,False,False,0x20291d7e7d0a739df6f9452b005afa89fa29e37156e7e168a47e2a22beb168a0
0xec113fd561e8ef00d16fa907f50643e431ef7a3a,sell,5767.93,0.6088063754538925,False,False,False,0xb9c020cbe23f7830c8be2a9f3637bfc2724c210643b0e7548ec8cc9e8a39f384
0x1482552c252240096d6bce6f45b6fbf61217c6df,sell,6637.849903944479,0.7003950516660731,True,True,True,0x4d1bb8fd6b6da7dd5e4411a9a1536d6cbb33dd50ad61a01f7b6944a710dea843
0x15470ac9dd7502323ba5cad584ff2aa0db6ba748,sell,6947.239468886863,0.7327751275432726,False,False,False,0x3eefaea359e9e8fd332e337a3a430cfa39b8eb164109a08290b8a37c3c2db6b5
0xeebd5f731a1f4572849feeebe4f223ee6391c6b4,buy,76.23108560000087,0.008202395361131301,False,False,False,0x03cdfbaaa5e9b9ebe138ce77314419465dcce59e95a7f1004623ec8ab9852ada
0x1dad9c3f3e5ac6c75b39f6799ff7a63971f8b2f5,sell,3564.1991201945466,0.3758371374187766,False,False,False,0x9ade2cfe7f270ab03d878ec52c25a5fd3230dbaabff2b7f1aa9f2c6e06df8e9d
0xa17bb501c8a40f338d679794d8c3d576a5d4f397,buy,1885.1440805531802,0.20281134210146257,False,False,False,0xcbe9186762a3510e9371656e21b8c190f9ade99b67f03a12445054854d42525b
0xe130bd204787f6d8392deca59cb7b4f4468dd75f,sell,19124.270574270147,2.0155773396174808,False,False,False,0x988e5cf1e54901a4880e696845053a846eadba7e8eaf488b278612f5ba479946
0xf17b0cd3805003f15b6f90bec33e16b4f635da26,sell,497.09110061711135,0.05236229860890196,False,False,False,0xb24cceff5ccb9721e650eb7a5ed66f4ee289615617fb4a1ed3318fe16a30fa9e
0xfd3bd73b200e11e680242c29458403065723b23b,sell,352.3974837574476,0.037119842878643235,False,False,False,0xe43b147680f84e4ca057a0b4e592ac9f8498f90e04763b3de554d262c112ccd7
0xf24022ba0fea5926d30fba8fece6d7a852732989,buy,9025.157297794796,0.9702,True,False,False,0x93fdf845e743396037419cd1dd37578cd6863808195cc52b26be1c3fedb36ed2
0xba366eba66931099f658a418cb79776e8601370e,buy,451.1403654744107,0.04851,False,False,False,0xf2531ce275b2a650a16aa37f18bb6b7f4e94a83f49ef00621a5dfe2212f78651
0xe4f3c2e834de80ecf959a5ed19685c381c47b89f,sell,12231.424566854606,1.2886289655170302,False,False,False,0x3cd35af66eb5fb5ba09334bdf475080edabc93eec3d0fc413716ad7281de1cd0
0xc66cf03579ace4c4e2ace0897fb4c1818352c216,sell,173.08694791421698,0.018229241949795513,False,False,False,0x2524144f351978b88f9653493620a859ea681a4a4d888347dd3402342b20a540
0x31b88334ed07e93e8ee6106a1acfc75168c78e9b,sell,202359.90711467827,21.1954579225052,False,False,False,0x4517be4c8e66772dac888cb5866db1a13be9a90da6d19d4c18cef8f26b2a82b7
0xa661070247f053b6c41945ba258de1f33b53eaa5,sell,43133.95016008028,4.488028445851198,False,False,False,0xa0e5f3ae217214307f112ae489757158766672a0718bc32286f5552ac9536c23
0xec113fd561e8ef00d16fa907f50643e431ef7a3a,sell,5767.930002761396,0.5993525686825204,False,False,False,0x5098a12bc226ef9ab15103d3e5c994f9b1e0e89cd182e5ab43590faef9e07d0b
0x7bb18a5c1e56565f2a3dd5cdeed38a013a388705,sell,1606.2875389191051,0.16687803542428029,False,False,False,0x0e07da508297c75953858a3afab61203d7a1ee13dc5e6cb7fed4aabaf8d97bb5
0xf94eea1d315d32cae8c0b2d7e95b2cc74b54d509,sell,200.0,0.020777088863734423,False,False,False,0x79d1b00b7b743588c3255a4928b8be8864132fcfd01f93a93cd63282ea75824b
0xf94eea1d315d32cae8c0b2d7e95b2cc74b54d509,sell,3724.659304478237,0.38689687795319416,False,False,False,0x2cfec723330aca355ea795127fd0badb30e161ccd82b3ba855a9607569b78a5e
0x8832e2ac20bb587bd16cc38b30017461d7d752e3,sell,632.6363825450536,0.06570701404782713,False,False,False,0x68e975667516445edd191b137f4761001beeb37e0f864b49f17037e1eec4686c
0x5d725c14cf9ee6d24a312350b201e63d10f90d57,buy,18486.609297405084,1.96,False,False,False,0x239eaed49b7820a9ad622a91be2c10acb09f38db0d21a2d4dcce2f922c167243
0x30d6dad8112c8457dbd681952ef54871dfd584fb,sell,52128.38351393651,5.411918946803755,False,False,False,0xcab35c7ee88e22a208679d4709af67fe9f2a44b4b18b3b2784d44d9cbfff8779
0x4fc816200c5d8ad36967eb616f4ffd418ac68f14,buy,16371.332286719271,1.7325,False,False,False,0xb2c9d64417e4941f0a550d9fc2e37f8cc46d9061865a29ee8f0cc9e9d81872f5
0x8b92561449d16c4dbe6e68a1089df2c43f8a94e6,buy,16356.730578008455,1.7325,False,False,False,0x66d5630e3f965f520e7dc214cdbf9b1f0f7ef7edeba3ab05cbdf9715717b52af
0x2b43830fdbd348b5cf396d2358070b369a77e657,buy,16342.148395642918,1.7325,False,False,False,0xa5dd36ff495a5adc66369ed0120aaad2469064311e1890aad3e4811c5cb2d955
0x295b41f029b57c2f7930f196097a385f2f643d8f,buy,16327.585704822326,1.7325,False,False,False,0xba7626360ef27ead9a9b3260052a0b3b30f657b70c9185368ca05db98916ff3d
0xed1b63995406e2c00befbdf52ca5a9f49cfedb5f,buy,16313.042470823833,1.7325,False,False,False,0x344fb55d18c5b8891cceecef7f2e7d080a887e0c13d6901ad02e1e1cec1d6375
0x8a3b1baa9d9f2785fbd5f83e91f3b7f42db64377,buy,16298.517502824649,1.7325,False,False,False,0x1e908e3184077ff07597fd9ad09586760ee4e72f3d9ceb58f3c24b70190c6a1f
0x661473efcf42cfa948b2c21e0e26fd1df29756d4,buy,16284.009155659585,1.7325,False,False,False,0x913cff3eedffeb60d691c89c1255a87e28123ecbb7d51db0a2bf656b183b47db
0x25c289a0a073163a873dd7402fce63424a0d0680,sell,23930.45442629494,2.4948550780606893,False,False,False,0x6fb90c107dd90a920dcef079dedca77588e4d015995a0195d55974aabf65df1c
0x327facc561234ebd02c933a4d4486fab6585c566,sell,10893.107529669596,1.1345847779055187,False,False,False,0xd1ecf2803dd00b557efb018a2e6f925334928ad7de5928a34bfd4fc7cd4b7c0c
0xf94eea1d315d32cae8c0b2d7e95b2cc74b54d509,sell,3724.659304478237,0.3877930674721253,False,False,False,0x4c2c811938454524e3f2e980e7e8eca1b5ed0e4d3f9fa2360c6512efa7b0d16b
0xd26a2bd8a59ea00bd836142cc6be9717361a3b51,sell,5065.629900000001,0.5272829581097707,False,False,False,0xf975e488451d21db151dbc00aecddbc374f26807ec629204e2f4315dd1eb29a1
0x4fc816200c5d8ad36967eb616f4ffd418ac68f14,buy,16307.950995773854,1.7325,False,False,False,0x9160462e552536b46a958c543d029742333b0dbc62d2530d6201a2f84653e926
0x8b92561449d16c4dbe6e68a1089df2c43f8a94e6,buy,16293.431550777133,1.7325,False,False,False,0x5563dca06f4f1a42a5d0283f370fc151efbc981f50d065b77f15f8eb6fb03f43
0x661473efcf42cfa948b2c21e0e26fd1df29756d4,buy,16278.92987181019,1.7325,False,False,False,0xd1589242885c101c342ec2a3b647c5a725d2aa9380db0536f58892dfd6e61a4c
0x295b41f029b57c2f7930f196097a385f2f643d8f,buy,16264.447544673543,1.7325,False,False,False,0xb6c3816f3bcdbf36bbb1a828841085dfed205cbef9a0eed122407568ad0f67cd
0xed1b63995406e2c00befbdf52ca5a9f49cfedb5f,buy,16249.984534950318,1.7325,False,False,False,0x48dec1499993b6376dd9399ed8f6cb43565175857debb1a0e54cd0bc3542d8fa
0x2b43830fdbd348b5cf396d2358070b369a77e657,buy,16235.540808300117,1.7325,False,False,False,0x37107c6bde85759244f201dc3c899d02df5985bfa465cf1d0565a6cd6fd2e4bd
0x8a3b1baa9d9f2785fbd5f83e91f3b7f42db64377,buy,16221.116330458824,1.7325,False,False,False,0xb8a7afeb127c0d4b3c0f2251db5aa39fd28c0c6ad679046f65c9d22947801399
0x2bd9000e3e516a74582e5cdfa2e67fedee38157f,sell,430.616378789897,0.04509634380390021,False,False,False,0xd60922a282840bd9203b6cf79fc137807c932d07a626db7181e7e6c79b873739
0x0ee9a9e0172f224bf5731a430bf1f8c2ea3cab95,buy,10892.750473330936,1.16424,False,False,False,0x0949ae49ab56439b2b32b0540c4b33c5135e273de9ee5f6577f382960f6cbf99
0xa17bb501c8a40f338d679794d8c3d576a5d4f397,buy,3789.323776588305,0.40517385825959684,False,False,False,0x477d44768a909754d22fe1eb8e7d097eb886c89e5f7dc1096b94c6d57124bc1c
0x371c3ddc3cb2a6f98195b12821f020087df2a85b,buy,424.63968975364753,0.045409889684533064,False,False,False,0xec408a918afde65f2117abaa384c073780f71d6ac861dafbe1b6d211bf0c51f2
0xd31081829132c25ca4e8625b5b264c4948bc4248,sell,17795.775664188262,1.8642860695269765,False,False,False,0x9cc88378811079de96cac7c45d0d758585b6463f2124cd9797271ee4e1d6b98f
0x3804a85597ef39efec762a151c4ddfff28b779c0,sell,34451.12148678771,3.603990979547316,False,False,False,0xeb9764cd4aa8cb2d78088ac84967a1ea8bc3b712d07a06c44d4fb42c1554aa2a
0x26f7e591bf4eb57e1ea0f77805aa03ef66b63449,sell,1259.3745656341985,0.1316178532217857,False,False,False,0x954d255e58985a49e017cc1bb3da92d381fa72eb6d86dce7d07532676a9b7e6d
0x5a2ec8fc323180c33638bc02cbaaf139ecf37d94,sell,155.03879359978282,0.01620255931691927,False,False,False,0x5a2cea67373cf5575ef20ad98de5467c9ecb4054e71e48c6339e076c29e58ad9
0xbf56d3dc8e68f39d31a3817a5aa9cbc71458d078,sell,5382.891527463678,0.5624626675636183,False,False,False,0x20d90aaf43f5c8a36370f35ba845fcd78fa9b1274137fcf8ad7ddda2498df211
0xd1cf6d8d922ac54e9b0b9e31c91f63aaa0ec295f,sell,13869.47348209134,1.448476807084966,False,False,False,0x7f6b869c9bda4d092551ebb285e99da489326087388ddb1e04cf7bacda49f3e9
0x0bf17af03bfc7a44a5bb80419b323271bd0155cf,sell,14633.320476595194,1.5270709395268272,False,False,False,0x3d57985d3ad86668a9acd4545def0a5a48633b2527a44c8030be5bcf4e230ec0
0xb19e4456e26181897aaf08e76f09691a27d8cf47,sell,450.0,0.046940906320726165,False,False,False,0x3fc85722cad7444df6f4faf26c4605161bc53f0d0d2caa6a9ee4dc96ddd1c86b
0x8d867c57520dd10558231354495c804f38317485,sell,2796.3405777115036,0.29166939135001596,False,False,False,0x15a8f7a16842af0ed3d35ecef24290d8dc3ffeebbc20e07496cb78784a4ed258
0x88f5a9430968ca0abbe1bc662fa963cae1dc4a77,sell,2421.3934561890824,0.2525252525252525,False,False,False,0xd38018be09f28062f0266f8581951db6ab90b7b5b8f00a3a742437254fd871c8
0x88f5a9430968ca0abbe1bc662fa963cae1dc4a77,sell,4860.9151305197975,0.5068411697669164,False,False,False,0x40ac5079298e5fe83916bdf24e73d3dda99160124cc04674c0314da406f00148
0x88f5a9430968ca0abbe1bc662fa963cae1dc4a77,sell,4860.9151305197975,0.5067078302568938,False,False,False,0x0694e141f42e79d2a03ad09de1bd05da6c4ff2efb0224c912162b6491020487f
0x285c6c5bb53508a72dcf8e63e44bf0ae69baabe9,sell,26327.779568167643,2.74212597280761,False,False,False,0x7e255967e821970fb1992e34c7b56563abe94c2692dcbd011200a7ca83cc25b4
0x285c6c5bb53508a72dcf8e63e44bf0ae69baabe9,sell,26327.779568167643,2.738225259275485,False,False,False,0xd6a3201f1814cb60a4151c589a50fc0367ebc3f56261694c95b2c6d3bbdc668b
0x0b65bca644e2d8eb83db69e8439d731e3a24b968,sell,657.1033402438925,0.0682923266661887,False,False,False,0xc6d81f20656d7dda59a9a3080194e6a3f408c1f77c346308fd60600991c18789
0x85abb63d2fe9814443f841c2aa995d4dbaed3b86,sell,7138.93749314864,0.7417889465810459,False,False,False,0xa1dab5f7a58c5a38121edbdc1e0de4e03bef8b59a3a57d8690e986915d4ddca3
0x05583a1597de1b5589f0b151e7b93d0f489e01b8,sell,3030.027360056109,0.31475601716606927,False,False,False,0x5c81f61bf45e9d6cb8989ef8d47bfd0b697f5addc715a8594cdff006385dde83
0xf7867a5065b8dafdae0e85f9ac4bb5f6018c5ad1,sell,25.52940815756965,0.002651789333001988,False,False,False,0xd2cafcd715cc998a8085fd1c18493d83ed1950b0b66a31c5e77b786463f5e9cc
0xca8ab66188924815df38cac43165ae8c220f1a4b,sell,11973.2791134503,1.2432915674156306,False,False,False,0x3ae969f02187240a2f34e0bf0719104495f6856b37a94a0fc3d58f092f323a9c
0x4ba5f32b3c29b2f609b6542c7f81fcc653479873,sell,604.366823826558,0.06273554354916311,False,False,False,0x998e47fa61ce33d4b3be9f941638163cbd2c50d567236cf37906804210da8024
0xb85f0e5f8b72cf5c81d82f7fc6c35703f5d229ad,sell,88.85979642113045,0.009223807586953256,False,False,False,0xb42e45b112719f782dbbb49c5cba8235d552018d44247334f27d1e094431a845
0xff5e06600acb2dc49a48a27e0c256a7a2af35a51,sell,5.001899341590556,0.000519204882765086,False,False,False,0x379fada5eac8feb21e765245a84bcd56226ee14c0cd37c97d69c155ec5749882
0xc3ea51fa7e72882d1947597c6e05f928d4742807,sell,19580.20970596448,2.03138192244472,False,False,False,0xe73109c2a3f17981a49d9b32f3cda913e22668c1d6604e6f0adf109cd37a996e
0xc3ea51fa7e72882d1947597c6e05f928d4742807,sell,14685.157279473362,1.5221283367834673,False,False,False,0x8a6a7e75da70f9371ce728f623e7dbbdd5f2a46123c9361bc52ce99bf15242f5
0xc3ea51fa7e72882d1947597c6e05f928d4742807,sell,22027.73591921004,2.2809329133070166,False,False,False,0x25c6b8ddc48d5f9fe50dee6d3e2289de7ec9524c8a64b60de9a1266377ca373b
0xc3ea51fa7e72882d1947597c6e05f928d4742807,sell,22027.73591921004,2.278225694088747,False,False,False,0x9ec2e0b871a6685ee4eb08ce232600691049fe266e56d8a5f84a0a165e0cb361
0xd8ed4164a7e08c5b58a61598a7534e58e62d1070,sell,5358.795172492708,0.5538262550605073,False,False,False,0xc1f79463e00b46542469ef093cf19cc02f9ad85326c9355c6b9d898ed6df8c8e
0x65e635f88d7c0d522fee14d504a0cf5bbcb94140,sell,20056.883521021366,2.0714437656175417,False,False,False,0x11ab34fd09e1cd1187f0c82938711b41c69c32c5e0faf368eee43bd9c1ed549f
0x57c5c112da1a7e56c1becc7bd439f980e1d6cfe0,sell,1749.701624645308,0.18060037986064129,False,False,False,0x1fd5af0cfd849b0a1b58c394726cc02fa18f1d9ec82e2f68fe4f5727f4ab667b
0xf24022ba0fea5926d30fba8fece6d7a852732989,buy,4605.884667591226,0.4851,True,False,False,0x3ecceffb14f74d3bcd6a8446900746750191bc60454a2fe0e40ba78f1323e490
0xc8dd1663fbc8adf7662e62a511328c166cba6570,sell,1345.1517923855101,0.13886684504214453,False,False,False,0xceda4c328c0fbfeb4f76edcd2bb8eda210022b4a8485db9035de8ee4ca3f4a70
0x3ef655dc725cabb11aa63b373147681151b41db1,sell,237.58845892644067,0.024526416994971663,False,False,False,0x48adfb2a346dd6021e66bcee7a62e8f685482178a4b62025ad4bc72467895d31
0x59107cd3c95e479096c8fa42b41c12e4b8a91a5d,sell,14992.418032650425,1.5470430753541509,False,False,False,0x4fe35e3beb6f2a1e85686d75e5971b8589d3f1f080df9d0745de77d193dbb500
0x520d62d4942193102353b381d5afe25ecc502d52,sell,12209.959124465342,1.258559459132907,False,False,False,0x5f3afe6e32c49828480745583006a98efc8c894132bb5ea662853d24fbb45f5d
0xf24022ba0fea5926d30fba8fece6d7a852732989,buy,4613.498180623519,0.4851,True,False,False,0xe4070f956fcf52a7498db32dc3f3783613eabf6de338eaf68ce10360c510be39
0xc8d7b228fbc3edfc1061084cc17b559522c0fefe,sell,109.28031747762415,0.011263320036485247,False,False,False,0xf888c2bfe54026ab615d61b4b33a3ba025a4cce8aae47628ffb37ce850145f34
0x0ce86c68da81e719949be022b3d9934615f9fdd2,sell,31096.59833556578,3.202380398383271,False,False,False,0x79b40cf16f7a67555df358ac89701281c91239a455e586b756fb14054c3e0259
0x1943228e3c80088517d74baaf8007a5bd7d31a87,buy,1559.404736363498,0.16372074721518867,False,False,False,0x5cac2d8a71bc5932bf8442d41931f279051fd36eb2b00a7ad31a31356d287923
0x5b3fcc404c541491b5c9662d95fb9cd905f21661,sell,4331.13865757283,0.445641035242817,False,False,False,0xf03c3cf7362c767f74afc820e5828db9640f61789ed93ab65098cb11d924fd2c
0xa750477ae87082726cab101cb94478869c2bb621,sell,4331.0094145063895,0.44552399860039954,False,False,False,0x9f83c44aa166b63bcbb70320cf13b3bfe0b5a9aea2b8f40a784874de5130efc0
0x9b8916c133c1c5ab2f358a26cbd9fc581d2b26e5,sell,4331.010773548286,0.445420437601598,False,False,False,0x1c3e150a1491c5d0fee15599085c625f710cf35d2caa7364e8cb70a30f1adfcc
0x1943228e3c80088517d74baaf8007a5bd7d31a87,buy,390.16461469593816,0.040936661244376386,False,False,False,0x221e5881ecce815aaec96fc5ff0a30ffce348d7cd0006604c40c24d20ba76df1
0x38b229873eec95576cc635ebba813fb27d5c00dd,sell,4688.4874728601835,0.4820782922750455,False,False,False,0x6aa3abca90eeeee6a4ff19dceda0e0777f717c677c49044de644ac1e45a9db46
0x6bf23d9f676ec7d22ce6d76c075d38d5834d3fef,sell,190.7536728674636,0.01961104726842448,False,False,False,0xcb41d8f5cabd93c519ad82ed7f6a176094ddd65df72fc396edb8feb541b2f558
0x9948ed6f180e064a6d7668b0af3304d3044bf4ef,sell,132.89806551122774,0.013662895930217325,False,False,False,0x956d6d7b89f84e7457e3c90ad92705505a9287d454c24b69467bf09747d32e3b
0x6bf23d9f676ec7d22ce6d76c075d38d5834d3fef,sell,47.6884182168659,0.004902695394976179,False,False,False,0x3afa0487f38c52a2ea0270c66026e9820f78fac1d812a87b054b64bdbbf2cdc9
0x6bf23d9f676ec7d22ce6d76c075d38d5834d3fef,sell,107.29894098794827,0.011031018703064908,False,False,False,0x12c6b3505f81246651e12455dea76c1891fd5b658e4f078d47099080700630ed
0x6bf23d9f676ec7d22ce6d76c075d38d5834d3fef,sell,35.766313662649424,0.003676992100386949,False,False,False,0x5c44d68ca963f5e49c6b97ad377fdfa15bb5e0706a728bf48c67f59776b8a961
0xf9d9bd237948a4d7d6125fa64dae3efd227b0d34,sell,11821.447763164711,1.2149288579555493,False,False,False,0x6b00211b2bf786bd67d73bfb789886e8ac17a0f6af7c8644e24a05c02012a28d
0xca8ab66188924815df38cac43165ae8c220f1a4b,sell,20698.7911905944,2.125425382890236,False,False,False,0x71bba9c2963a3fe4f056446a206cf527e3237d480a4aea19d97c6ca2cc15a6a3
0x7fcfaccad8a693349253f9d104d41613617515fa,sell,8687.3768651375,0.8913471683459734,False,False,False,0x0e4f0d8f8b32f4ca57a0c04a8cbfc3e9829f7ac750793f2a8099318363f56198
0xa17bb501c8a40f338d679794d8c3d576a5d4f397,buy,3865.40744716514,0.404601379478913,False,False,False,0x7001a05dfe44c1b517908fefb74a9a40299e2a1e01c7db13921983b3c631cbb6
0x15f578d55bcb1f200222a8e0970bc7f642f70ffc,sell,25350.826524835593,2.599229884113163,False,False,False,0xd60e0e94c749250717a58d32b19a71115ccd0fe6b1aecdb00bd8f78345c64589
0x2bbe17de01119457d46796268547ab1b352ab3c5,buy,371.21894089820665,0.038808,False,False,False,0xf41a80102fe213ba06dfd214e2a0883a738a8305f0c9dab64dbfd6cfaa82906d
0x899536723a207aa8e41c3fc7019407f2a52e7ecf,sell,15940.627595769387,1.6326220305606334,False,False,False,0x93e89c7c914e5704b3df0d9755f943dd65be4af9972b490b5c38fa37c8bbe4e0
0x3d2fa04af6099a759fc3477fe601a9c7aadf0229,sell,10250.0,1.0490681803010593,True,False,False,0x048a090cdaedc8c9159d93846bb01d1f4d04ba9ea445d0a32760007c4fcd0501
0x45f498e2545ab7df017f073d0f824f130ed9412c,sell,110.65319414910138,0.011322000742027941,False,False,False,0x79382446696734a94e9edb885ae19071a84c6ad398fc521d1adf8cdfa204a70d
0xc15add28fa8cba4a09ec79f745e471b8528fca2a,sell,5066.961412706272,0.5183779881582614,False,False,False,0x0f8a96cbfb2000ff7f6523fb404a3b707d3b179b1be0bc42f1da90a7191e1f91
0x1387078be4d40daeaad1c4bce8200afcae93b835,sell,16705.530572281015,1.7080707132615658,False,False,False,0x8b8144f0554dd7edde5b1be23667bdec2ff1dd8d3aeabb657b9eef638ebeaa6e
0x1c43925835ea30480e36a8288dc7ec19cd822791,sell,71.13884407674027,0.007270487623804234,False,False,False,0x18b1e9022e104f11ebe7db7fd4e83114a582632018600aa3c083b66b9158f739
0x9c590a19326575509977353192005628d2ea5ffc,sell,1379.8444298512513,0.14101651550489058,False,False,False,0xdf3ba2275c16ec0ab9fd208cf54d250090509c8f249db87b83b34e38c6dd074b
0xff5e06600acb2dc49a48a27e0c256a7a2af35a51,sell,151.64194657929897,0.015496777141747662,False,False,False,0xe76b52e836d40c3b1f4611723b5b3ff95f8a2002156abd4dfd71b194c3f36941
0x01f3bedb04d4090372f7b1ca0a4f0bb581faaf8f,sell,8255.9339525283,0.8435104055392466,False,False,False,0x7e5994a1015fc6035a3a5010505f251c2cdb6ea37245331d2acdc4f75c424db9
0xa17bb501c8a40f338d679794d8c3d576a5d4f397,buy,3881.106753916128,0.404538247731403,False,False,False,0x0703d7331c2b3eaaba84234385baefc15e3052bd03d8e6ade27a02c6c35b234c
0x966832b9a78e5c47676242a0f09af9242c74d500,sell,4523.300411450876,0.46208599713394355,False,False,False,0xe5ce05e07a027e26ae5bc92737e1fbc9912f48b93d2d7aee4b2184cb0ef2c2e7
0x1b36374d5a26c45726632162188f7162dcf39639,buy,14.575156619096266,0.001519,False,False,False,0xab78c92ea7216eb750ae86e0618bde8c71693a7c57c558a95eb0571093fd7473
0x01f3bedb04d4090372f7b1ca0a4f0bb581faaf8f,sell,8087.226512046001,0.8258870524970823,False,False,False,0xfc5bfa7d2b261046e7aaf89e57f472733d75bea2383a39d6759addb558f919b8
0xafa7a7bcd846698be2990a78aee7c979880b5d81,sell,17043.90618865787,1.7393937283505592,False,False,False,0xc07241b63acfd93260481a580cb4d26c89797be3a853cc61925fe02d2297fccc
0x255b7879959b462d7e9f19c5488cd49019663be2,sell,660.7949971096604,0.0674046081508387,False,False,False,0x3cf708f090cdda5c07c3d3b6dd5927d583cca6eeaa590434d0c56211fae96fa4
0x01f3bedb04d4090372f7b1ca0a4f0bb581faaf8f,sell,8097.0923874416,0.8257539778990564,False,False,False,0xa0b90b32d899c7a083e9c090336112ead9ca2a2ef36cbc0648cee2aed9e4a5ea
0xc5639b1e83a610c0c8098e8b65649108e446b332,sell,232.3145051430611,0.023686509210878875,False,False,False,0xb53c0b947f5b98b4b7c758e9b876a9ae9da7bbd530205f2fda1bbf1e2eb346d0
0x2dbf8d4cbd78ef2b1ada1893d59b7c0cbeaf32a8,buy,19.441276194919542,0.002022444642028194,False,False,False,0xb0f30a8cdda5a3809a524c880ae302eafef240687d33d4777f15073376b355b7
0x4aa0ef835b790fa45bf8af500245e482f59e6537,sell,217.525924626062,0.022178478676069556,False,False,False,0x01e6e539325d07b65d089dab49a01436b60df72c821deeb5b1558ab6c7cc4737
0x6a23e5620c64f4ee58c3cc02c8cafabfe58f5946,sell,665.5308872772298,0.06785450382115334,False,False,False,0xf024717c7e1a4e13b0762e9f7248a6c2056840c73f0b9475879f18d040dc09ac
0x01f3bedb04d4090372f7b1ca0a4f0bb581faaf8f,sell,4138.3876841582005,0.4218769440587444,False,False,False,0x93c5623541e1a6c555035991a5b004bef912989f8c0c69a459a5c52815658702
0x021e56485784dab1ed2a0504d56fe3a0904595c9,sell,33016.73661749718,3.3624593022785394,False,False,False,0x67d4870b04da7f602bb5a10b864037832584e4e543dc70661771844ee1f3946f
0x94949bac02738d56e3ba37b2cb842d8a660454c0,sell,17.397564340385944,0.001770223786250667,False,False,False,0x0b9f35888237bf252d1998809839870c097404cb43c978cf402616d87d5497ee
0xca8ab66188924815df38cac43165ae8c220f1a4b,sell,20294.860458518,2.063909269499512,False,False,False,0x8a1c6beee66921ae874852d545e0738a26559eefbee68fb9fb641b1222acf290
0x4dbce0a7ba56d954283fbf91035f8fcac45acd9b,sell,3095.11268538053,0.3145643015691543,False,False,False,0x8fb2345b8d9cd57e89631f570bd6c54a7c73e5b02296651e6c67e1004ad33917
0x01f3bedb04d4090372f7b1ca0a4f0bb581faaf8f,sell,3507.4171916277,0.3564049800974255,False,False,False,0x6becb1e4b57a85c73285915bfc1efcbd23eb774ecc44ca448b906a1e7060b295
0x2722551ab124eff6b6455dc1ff601365d061b098,sell,61.0300365700327,0.00620095460818076,False,False,False,0xe5e611eb2bc4f75fe65277a8972e73403e5afc6702c54f4fdac62a96e89ab81c
0x910d051607ecba7ec107beff6a114ba77233e087,sell,829.2042983647469,0.08424926782506677,False,False,False,0x4d1975b63e8d20e8778d979ee23fb93bb0d72a188403695283c561237736ff54
0x137ebadabab9d5a6d1b7594759ecf1970bfc2c01,sell,10031.527435253776,1.0189330057529753,False,False,False,0xbff44528e9d19bfcb91df0dc6dca3776743e902778a424e17533a841273116e1
0x7789525ec1b412e57cfc94dec6e489289059fd95,sell,6075.29932012793,0.6168212996938116,False,False,False,0x63be2a0e549c6398d7fe7de0dd63143ad840187b291d8da4b4100b49e3d49b33
0x01f3bedb04d4090372f7b1ca0a4f0bb581faaf8f,sell,3938.3213312177,0.3997483378385538,False,False,False,0xb4c95541e706388dfe97d6c25db79040890a24b2fbc78aa3b40fb10bbe6927d1
0xd207ed863f03fe0f1194a1b30ca81fedad5facbb,sell,50000.97699907536,5.067908350106818,False,False,False,0x768bace1e4bd52e3f41ac8ac4af454e3bdf2c2acc528eab9904607f865857a85
0xf2b1c0000e03ce8c7975cf6604206050396d4bcb,sell,1458.6570067301352,0.1476409987737242,False,False,False,0xc61b4d9de36fd6b3e8014788bdafb2f5ae5e5be2514b2261e3229807eb4b4056
0x7c86783bebd57951dc4ee5a244ec7013ae5d78b1,buy,1028.8421469630155,0.1062495969902591,False,False,False,0xdb404120b7546b4cbfad19d129f11945a40643be285ed42d4dd0bdcbb943320a
0xa9076b5ba0aa393915cc4143653e7a01b96b5e12,sell,31182.241901200945,3.153615958408285,True,True,True,0x6215c04ee04708fabe1f7606502faa5e9b894c3932dc430dccef41a0b773db48
0xd79df36587505d3ad97b4ece1225980b00d56a01,sell,5531.616187124227,0.5588936659103044,False,False,False,0x3d6316f295208bb3a9eed3fc9dfe8f1e7b3b65c0c9cd13b5973b3c0ee954ec7c
0xae5f5ba3afbc4b2472f3e99f5e253b396fc80f1a,sell,519.0151011516957,0.052430876729203144,False,False,False,0x9825d8ec6204faf20dd03af596d182162055bd570217eba6a5808d9c893fa2f1
0x3160712aba46521d60ee8e6988a2e4eb11d740bd,sell,1268.6069982110014,0.12814850455948226,False,False,False,0xe1a86a8e5657759b400254f08aa7ed821c8d8db0d7574bfcadaadcedaced5907
0x339c717aa591bc1a9625c3daf297c4b16799539e,sell,4267.3161683505205,0.4309999346456325,False,False,False,0xc807b2361ffdcb83e8c750260d63efb0339b0b670e9b41a621f00d697599ca08
0xe83aa34b709841555c9276e9b12937e8fe538506,sell,10988.428369032299,1.1093829014572,False,False,False,0x83abcd37d2d102b4cef837c948f13f6dde19989185baae6ce5d769b9f227f8f5
0x9a89cc324321151241235220850d3d8fb5c1117c,sell,4450.261055051406,0.44911005848250607,False,False,False,0x976aafb2ccd38a8ef57f483b3d22c1dad2b966159bb45ac4373400edaa773863
0xca8ab66188924815df38cac43165ae8c220f1a4b,sell,10230.3883455415,1.0320236231679727,False,False,False,0xc9ac3dea40539254c5d64fb8c569004d6f199d9dec99aa7cc38bf90b2ff466ea
0xe3ba37b87eb64cd3f14ceb1ba4d4f1ebc72fd592,buy,9426.323474375333,0.9702,False,False,False,0x2e2a865c5d3188c800006bca4cc94d893bc4f55320055e6e5f3f0ea23d75fabd
0x3d3809bbcc6e2d5ab9fd4c19ec23cb0c15169e69,buy,18838.317114344653,1.9404,False,False,False,0xa754097e5345e29b7c538059233dc1016acf5d566473fa0dd158b8519b9ad94d
0x3d3809bbcc6e2d5ab9fd4c19ec23cb0c15169e69,buy,18819.23486078785,1.9404,False,False,False,0xff0c0c2eaa105b775c72b61dd84fe4fe0cd682f3a9790ce1de751176769a900f
0xca076193bd67ba2af014ce9f67138ef386184d6f,sell,14549.388491527294,1.4704695741624723,False,False,False,0x74d2bc6e02980883ad6f49e1762e696b7b98208b59c85e8da82b2935fdc7977d
0x0bbe8959e5047c52e53c8296425937cfa38482ad,sell,1649.8541922930665,0.16667457997288673,False,False,False,0x335b12025f9ce8577b6b6601a5f460fb4e1218bfca99193a73a49c62239cfc2e
0x8d1356eaaf3d5266ade221def12d2125bdaae5fd,sell,2313.1180664630256,0.23365535905484758,False,False,False,0x9720d844ac4a3b9ef6e60f89dc3de5f6b0e2539fecb18f851fb803b8e7c529a9
0xf777b79d1105378cee614978c68b89383b0ca362,buy,4754.005950530153,0.49,False,False,False,0x96a4e68680a8767826639a3578a2913acfa37edc2128ec70851daa11412112f0
0x1cda6af915399fd20d6b253b8cfdbd9feda73baf,sell,9000.0,0.9090770302080392,False,False,False,0x84e6d85dcbb9f4c7f8e1cb988660a663f32ad5371290b05787ab70cf27725e7d
0x0d74eeb0b00c6a90142e51865f7c05473264841c,sell,407.55729124251474,0.041156457340802075,False,False,False,0xbfb8ab301fe631bea62efad1cb8929492b30f22c3425373feaf22e494bf68091
0x1cd6ea4a854b15083ee993211681f713217f4062,sell,1037.9973937154361,0.10481630740757208,False,False,False,0x2950b73cf8c22768b431626e4904fecc1b3e1ad9e2cde32d135bb777ddc96c28
0xbfd9efa0b2a8dd476000d8965334c34b9f3a660d,sell,1632.8315226740563,0.1648705432095266,False,False,False,0xe2b401714f7cfe30320af17fc1d19567b0ded2d26e3a65477d1f1e790b3bf1cb
0x5c32868520eaae7bb4cf8477db00a059d18ce249,sell,8525.045832991362,0.8605595121109869,False,False,False,0xfbba305ca795f108824e22620433ffb52a1ae24d67fe94faa9c62df77fa84765
0x98dbcefa188211be1808ae16853b0874c74beed8,sell,601.8949735653705,0.060743432075900994,False,False,False,0x097ebf1ae604cc97e7bfa6f9afe4ccd6981d3f3e7c326cfc9faaca6435149109
0x5a5c8e28afff836db854d7817f5937b18946104c,sell,2618.6403653193884,0.2642513529667192,False,False,False,0x2e930183504b88a98996113c8abd2268d60bcadbcd2730aeb861354784e04b21
0x5583d769058701d8d1dd7dab6856c05874d62b5d,sell,50534.132044230675,5.092274787812368,False,False,False,0x7ec0223e4cec82088c48aba2402baf15d5942c857591c6397b02741d7e215135
0xb814b53358501bdaed5e7286c797e176d43c6920,sell,4536.818046351706,0.4565012075328609,False,False,False,0x0fd70e51844c9782636a7c38d4714d33abe54d5ecb1e2a8d085f40198265fe5f
0x3b36357773ff80857f7eb2a8dc182a1223a71018,sell,1041.0830153119682,0.10473974468513328,False,False,False,0x1d41d90960a6ae9b639e389d27321e37b17adbbc9eeac8f855642776f424e656
0x5ecd60d9396caa6cfc8c6724b6b810493bc57a85,sell,6274.137240231622,0.6310963850184231,False,False,False,0xae47614c76eb1a83d49823771e38c5b106109b441095f2f9eab4ee95b8e3d8fe
0x7874d25f0571edb77ec59390bee81487ef8a00a7,sell,37.92896488719545,0.003814539172313731,False,False,False,0x69abc9a7e95cdfeb8e0217a53057e581ac5822f95c0eebb897a2527e3b0cb84c
0x42d69fdf6672a14f9d65f333d7c211ffd13b6e77,sell,4097.1126813163,0.4120038318823395,False,False,False,0x10f10e0d08ffa9f2eb29e5a89a123c11f2f55ee883a8553d691f6aab3da08b2b
0x0d5937d7d7805393cbeab126838941a55509d46b,sell,336.97249445671395,0.033881810278944824,False,False,False,0x2dbc87167b3d48202bbed094a4cb3603e291812659a68bc26a7260ecf2176c88
0xb8e1c263c06f3b0b32390447b58fe2ec2c4d025e,sell,657.2161573726368,0.06607982881878442,False,False,False,0xbb431b8cf4f2e2d74a4d46c625138a2b9f276cf47ebd645cb25ce5fe569520f4
0x681d22c5e615c7a876026ceba3dc36c6dde5b97d,sell,41000.0,4.117787619486646,False,False,False,0x44a8ec6c9b5afabf6c2ca4537051dc986fcb44dfc1636ab27889c7aae20d87cc
0x655a008b0d76cc301006bb676c5194bc03a5fed4,sell,274519.52680175647,27.341576607722242,False,False,False,0x1f1ba237ba249b160168d4cbc372567d3510083ff57fab6a7ce38d7820d18cfd
0x681d22c5e615c7a876026ceba3dc36c6dde5b97d,sell,24999.999999999996,2.470411106046755,False,False,False,0xcc5c9ffcd02b55ec0b981bc8cef6b0bc5b59409c8a03d92fa21cc42fd4c0adf6
0x444f04d7e3ce0e15f876c23f5d782cf113bd8a33,buy,2407.1315043699533,0.24255,False,False,False,0x9fafc464a2cf44daf038903f56a40e8ad118fafc881dbd7d8b4a0329dc37d690
0x681d22c5e615c7a876026ceba3dc36c6dde5b97d,sell,24999.999999999996,2.467478685814784,False,False,False,0xc8536ae432bd2067184fcf2cfd7497c1898034ddfdcd2ecfbef2fd545f602d93
0xf3c5d02488219be9cd0ab5d7b7e9575468019b80,buy,120.43876658280125,0.012120626812909877,False,False,False,0x5adea854efd01687fdccabad28283582872df2301074d54c989dcd7685bae2fa
0x6326409e89243011c5f6ad0ab82890ad38a0af0a,sell,221.5968199492851,0.021857050176108568,False,False,False,0x78f2353a76f01d98587a335171d19d7975f6b3ac847811f0a0d26f6fbe7826fb
0x8c855e11881791823c2ca99c1eaf8855e3dfb42c,sell,3.4373460798375297,0.000339038259115584,False,False,False,0xfdd4fde57cef93522577b9a44d920a0fed821d1181f356b03cfd549ee8a51956
0x9ff195ea970f3f59c827198e33e25de764399835,sell,11337.196935321012,1.117895808723241,False,False,False,0xb4a545de5395349b1b26f11d3c14f2b30ce8937e965fccb9d33dfdbc569254e5
0xd2bf587a280a15e4fad7643551335e6dbce37320,buy,48.23199677599407,0.004851,False,False,False,0xdfedf791aceff97ab23aabc2b085b14cfdd6aa7e7bfa12eff2e2561df135505b
0xc5403e14799018dff883968c05791e7ca0c53681,sell,13261.106371007454,1.3067574724169164,False,False,False,0x6680f0f413f294e941cd0cd30985755701e403a28d2bd31d002687875a5d82ec
0xca8ab66188924815df38cac43165ae8c220f1a4b,sell,18269.511838643626,1.7987941251893202,False,False,False,0x3d533c1290d84990380b4c27fc533b3ae58123fbdcc24232b76229a3fe12c03d
0xed23f41d79b615d6888cf5325ab80fb3463236af,sell,22268.8858877607,2.1902319346290113,False,False,False,0xcd4138dfc3ebb4327ae8b67e4dda82df84c4fb66d7c72d0c4ceba6a2c9ccf520
0x6524be37c49b085a067cee447932e6d2444c9b58,sell,2341.9497612860096,0.2301907388138624,False,False,False,0xfb88e94a3e50c1ca9dac41f0c3231e128fa57d6f8e80453e3dc8dbe536b07606
0x6cbaaab3766d9a2e4912779912f3858b384af7ad,sell,1353.6284981782815,0.13303549430807268,False,False,False,0xf15f2feb14c9b12eb2e5cc086f650d63ac1c27443c5ddc803646bbc3c53ea3ee
0x60d97552d8f7982922d18d0f2a8fbd9d5b0e2c28,sell,25413.214150042248,2.49586936153072,False,False,False,0x518e7184df35252c452053793f519d1037d28a6781c2677b4b7880392555fff9
0x9ff7f0fa21443f6bc68a42cb70728fcbf81dd9bf,buy,3559.2186027491407,0.3564488928,False,False,False,0x74d6a5fb2e44994c9e949443f4653a96e7e3f0b4140e3289fa521f1981380cf1
0xcdba91a0dda105c041d44f698730c96ff3a8dfbf,buy,2786.89787750428,0.279149512059264,False,False,False,0x3b9faa080043f300950207656dd065e585133c7bc7475fe4c1a310d4cd141de0
0x67638ff88b41d9ee7ecf6a2f2f4ef8d9cb8df475,buy,3339.9618090334457,0.334601595140736,False,False,False,0xacfc7b3bbd3e5924305ee265e1e6a4516d0452098928e9ad8c6b2462f69bc2bc
0x67638ff88b41d9ee7ecf6a2f2f4ef8d9cb8df475,buy,3519.124488585371,0.352614590747496,False,False,False,0xee648faa8d0da77d43f6895194c93faeec6e55b1d63f3d2e594a7dd75916c47e
0x9ff7f0fa21443f6bc68a42cb70728fcbf81dd9bf,buy,2812.887756757277,0.2818974312,False,False,False,0xceb8ee5841ba327789d20e354e85918c2784b92b51ed9bb0bc46a42e4a48ab33
0xcdba91a0dda105c041d44f698730c96ff3a8dfbf,buy,3349.083390123586,0.335687978052504,False,False,False,0x05d945d51018d9bd7fa999540fc510962473da811f0dbd6b63dd209d9b0b25fe
0xecdbde77e3556beaf2b79cb07527cdaa3dec6cdc,sell,43510.76897916203,4.26991038261872,False,False,False,0x618d0d5793d8cfa006ed5b22c26d1433fc4687b9ae0e71942757c5dd1188793b
0x4392a7d582c23eeb18900679146573bd432e10ff,sell,2624.997373103384,0.2572906735181774,False,False,False,0x0b01287ec67d1b491aa2f700fc2493d9c6eee57d4917d359e1a036a113556506
0x5320bedc1980f5b56d6bdea71a450a287493142f,buy,29083.877448684685,2.9106,False,False,False,0x819350c0dd73c0a1727574b4a3327d16ec7b6fed990d15bf99e85e679f614340
0x46c0e9b2d3eb29acf4f90bd7ff564274bcc72b12,sell,775.6713228933621,0.07613859810120636,False,False,False,0x245a9bf6aa6e2379d76767358f92cbdbcea1c84d46ed5a621920babcb7184bc8
0x4392a7d582c23eeb18900679146573bd432e10ff,sell,4999.999996387393,0.490717093761488,False,False,False,0x74365aa5042370eb0664f91fc0fb3d10b4f8684c2cc1f2d3f0bfd0d74482690c
0xecdbde77e3556beaf2b79cb07527cdaa3dec6cdc,sell,39159.69208124583,3.8388081134561793,False,False,False,0x08e8205579f684fbb16ded910e1171ffa8b1c4c154fd03a0c8ae71002e5702f2
0x01f3bedb04d4090372f7b1ca0a4f0bb581faaf8f,sell,8391.3736678694,0.8215766587726864,False,False,False,0x66b0fd4ee257a75141f4d94915703ef170a6e8b34af29336070d59edde456446
0xecdbde77e3556beaf2b79cb07527cdaa3dec6cdc,sell,32600.408413914272,3.1883845935625956,False,False,False,0x459667f6221ed6e88b035a43ba2e4a6e0f5176e1d198857c683f45ca70883a6c
0xecdbde77e3556beaf2b79cb07527cdaa3dec6cdc,sell,30133.38305651866,2.9422784969849896,False,False,False,0xfffd0d8171468c381dc5687b068a045dac747a098afcb891ea9a3b01bdd36e3d
0xecdbde77e3556beaf2b79cb07527cdaa3dec6cdc,sell,28547.415527228204,2.7831364586505596,False,False,False,0x8ea4fb998098a317cbeff6000d5833c54afcb7d797e6332f24f26f7211844ecc
0x1c0429fafd0cfb360c6e8a36cfb8e1fc7c2bc362,sell,82056.62518118919,7.9767097169211265,True,False,False,0x39be780ccbaf04eb197310bcb229ee9fa0190816e86955573d9bb47140c97c5a
0x153b93374f4e8edb54ba0569e6ea6b46e5e46a5d,sell,155254.0767007064,14.99905963797892,True,False,False,0xa8fc9f1edd3659076215d8f704dd67ad9e4f44128dfd33225e891f705a7a5d61
0xbb9f2e959902f1a897770680db87b768f14f5e5a,sell,157.28775020668715,0.015134333813445656,False,False,False,0xd1c7db682dcf12d58593b03fd0c255280aa561eb69b6a5fb0d61d7dccddc8a2f
0x3b592bf2afbda5098537332b9a301c4550e1eb41,sell,264.49194151335814,0.02544954813214927,False,False,False,0x4aa5eaff61362bf32c8127dc836c5aee1dda94545f7e95b50fc07b8226a060e5
0xecdbde77e3556beaf2b79cb07527cdaa3dec6cdc,sell,62625.82858117194,6.016031298893471,False,False,False,0xaf28cb2c62e3797af373246349a14532c9d92d4902ed970fbc2180f34f8a10c3
0xd81e909874f9afd0ea8fc61ce32f9a2dd2121087,buy,98.45016439975703,0.009633773615256752,False,False,False,0x25b46e4c36707de938cc10dba90bd1361613cdf5b386d6a80a836e2844a3cbc6
0x79f07f8b7beaa11ff3985417a56a2667d619cae9,sell,1844.9872727345867,0.17693918730228375,False,False,False,0x33c60e76775eee2d48d35e7e75ca01ac98a973affaf699d72f3b2a1a3ecad99d
0x2dbf8d4cbd78ef2b1ada1893d59b7c0cbeaf32a8,sell,2957.505598059332,0.28359721235829016,False,False,False,0x216e5b478b3c26191f3e904b927a89b166e8f48a61b347e18aeb66797df5b262
0xecdbde77e3556beaf2b79cb07527cdaa3dec6cdc,sell,91530.05468664803,8.755352334923531,False,False,False,0xa7130cd82eb484b57d1152b194b4f5f7ed5befe345e275406f9d5b10c10d855d
0x83bbf51cbd0a7dd0ecc5d4df4eed53341a10aa29,sell,1074.5713590795508,0.10254157834444712,False,False,False,0x6c0d1536c0cf1bbfca9f1ec58e15023b5a9665aff4df4f6cbbc4720aa9f5bd36
0x2dbf8d4cbd78ef2b1ada1893d59b7c0cbeaf32a8,buy,413.852122708571,0.04029323471519245,False,False,False,0x8b24fa5f5c15313825aca7c40fd07991771e06b69f51fdc197fa3ab54497d1e0
0xecdbde77e3556beaf2b79cb07527cdaa3dec6cdc,sell,96347.5274043952,9.171024648799857,False,False,False,0xf03cc0e3f5e8bbe970a3555baff696031ecf9ebff72de61ef466b35e5019ede8
0x25ae85c65fef6089ce0d4d4618fb2fd5d8f40bb4,sell,18.016613028858313,0.001710666985084079,False,False,False,0x0c61586f36ed091a1b7af0b5105b04d2e722fe18b85985f893cacba44149bb2e
0x3d3809bbcc6e2d5ab9fd4c19ec23cb0c15169e69,buy,20018.714534289426,1.9404,False,False,False,0x2a7b4813352fee86e51b9b7ae035e3e0c4e1dfb5af044e678fa3586065916f93
0x16070de6bc86d011f88fdc5883aa29498bd8a911,sell,1405.8892880490198,0.133629230254028,False,False,False,0x949f28393fbd8cb4cd36922b6ca9bb35608a95fc6b12ad15c003860d50fd5d1a
0x0b25cd058a879d5bcd6ae1d6faa436de3d434ffc,buy,10102.92469836645,0.98,False,False,False,0x7f1a4a03c0756dd5a0a383428b24dc2a428abb227aedc0594e33e8f80bf72c87
0xa17bb501c8a40f338d679794d8c3d576a5d4f397,buy,4150.186173371501,0.40272495019278454,False,False,False,0x384b536ae8acc21620319ffcd926c16e637994cd04c193c32a351e95c548f551
0x3d3809bbcc6e2d5ab9fd4c19ec23cb0c15169e69,buy,19983.69995528675,1.9404,False,False,False,0xef11634bce6eae6e2a4c17cf45709e3104243e4b134b8d31638eb82400d7598d
0xcdba91a0dda105c041d44f698730c96ff3a8dfbf,buy,1049.5651115991486,0.101968004729052,False,False,False,0x6526678cb364eda899bafb41ca7b7f58ea8946730cffcb6cabeec1edd155d944
0x67638ff88b41d9ee7ecf6a2f2f4ef8d9cb8df475,buy,821.9761895518698,0.079861058070948,False,False,False,0xc6105cf3f0b1251103fbf09ebf48562f1e126e9e3dc1504872a71254ff1159cd
0x9ff7f0fa21443f6bc68a42cb70728fcbf81dd9bf,buy,1124.21066420621,0.1092309372,False,False,False,0x7525f1491871ac2a5e13dc18a62fad51fae995763f350d8517c9b47d97b6935c
0x8d29f723789c78b844d9531c8a2fbae1a906c1ef,sell,375.50854777395114,0.03575993614707029,False,False,False,0x9352bf0195fec674a1c3f8173d096f82e936f285da7049e38fe833e0dbc1652d
0x1b36374d5a26c45726632162188f7162dcf39639,buy,13.66667686108718,0.0013279,False,False,False,0x86732ed073c963cbb382c9717b36a4a5b38bcb515f5a2dd8a36a7c7f32726268
0x3d3809bbcc6e2d5ab9fd4c19ec23cb0c15169e69,buy,9982.633028537584,0.9702,False,False,False,0xcce0e5daec52d3c1605bd5065a7a26339170e6f28c1448789176e0c7b25160d8
0x3d3809bbcc6e2d5ab9fd4c19ec23cb0c15169e69,buy,19949.61414900905,1.9404,False,False,False,0x252591e2fec7d7801b5c32b2172fecc3ce930d47e2a7dd7f3dbbf16e01bd48de
0x01f3bedb04d4090372f7b1ca0a4f0bb581faaf8f,sell,8624.330523779001,0.8223986758476015,False,False,False,0x9e0443740b7d9f62562ad7a916576a563e23e045eec216f79a8173fc70a87c3d
0xe90c0a6c84125e82b1f8f5f3167953e73338f964,buy,45282.82173237236,4.41,False,False,False,0x87dd1f39c269939c4ee70e2b730dbbee7499cc087b15e0b7676bf12204999529
0x74f071928f3e7a0945c0c167af9a43942f649684,sell,7239.2693074428735,0.6916784497879903,False,False,False,0x03ea7638dd8463679ea2a5c1927f35a4dcb09c79b5f3da188f039bcfe5259a0b
0x01f3bedb04d4090372f7b1ca0a4f0bb581faaf8f,sell,4305.0258130455,0.41120185461599285,False,False,False,0x26976b4432c0d47b6b11923166a24c526124034095f63e31ceabb8a9d4cc34ea
0xa17bb501c8a40f338d679794d8c3d576a5d4f397,buy,4131.571235244573,0.4026453382119967,False,False,False,0xa25e15d2617b7bb0d6697f363294061a6e31e0576e0bf8cd672ac434b2c41a93
0xca8ab66188924815df38cac43165ae8c220f1a4b,sell,21538.591141160297,2.056360835696021,False,False,False,0x7967893f0d2015e728f41db21df619be18e6f7621f88fccdf2a5a220aa581b7e
0xf53483f3e48492f0870256ace2674666b16adaed,buy,49761.7367859929,4.851,False,False,False,0x95552d59d6937f181cb1540f40cdc97e4c767470c4b858eb2365070dca171084
0x2dbf8d4cbd78ef2b1ada1893d59b7c0cbeaf32a8,sell,413.852122708571,0.03959256204870342,False,False,False,0x99697a5994b093388d847f3e6b220797226c29bbf362a890bc9b09168532c524
0x0beaa74ea66dbb2f68dab1be749d393e24b10bd7,sell,569782.181674856,53.714160103126524,False,False,False,0xd68f7c95b97fb55b0f1b76cb40da123447dd928fbb789d601b3e247cec59a183
0x7d30cf26d3e8a8e82bfa9ce87773e1a078c97004,buy,102.3581243204076,0.009702,False,False,False,0x4fc4e726e0412f605abbd099f0482f77276d657d628e74883def6d6aece449a3
0x3d3809bbcc6e2d5ab9fd4c19ec23cb0c15169e69,buy,5117.0675851932865,0.4851,False,False,False,0x17d53fcedd0c26c99f81af4356c84245da39977685e0fabae5c1247657a09f12
0x0beaa74ea66dbb2f68dab1be749d393e24b10bd7,sell,569782.181674856,52.18602527875711,False,False,False,0x94d9d5114af01a06056185ff0f495cc94bf046ef9da6ebb5d61efde333fb8c73
0x5320bedc1980f5b56d6bdea71a450a287493142f,buy,31572.338438135812,2.9106,False,False,False,0x7666e52e0d7008fb7830a9dcac386bc1247991e5225fc8cbda5f188afd45760c
0xb19e4456e26181897aaf08e76f09691a27d8cf47,buy,212.15620782249027,0.019574680011264,False,False,False,0xc5eb62d70c6b4b769f0aaa93a3fb67d3699eee18aadbd79a46097e60508f88f2
0xb19e4456e26181897aaf08e76f09691a27d8cf47,buy,321.6324877569651,0.0296759584489788,False,False,False,0x97e1f16961faa425f624713d87dccb6f3f4ea1b1ac395ea7f7b6f6a5adb19229
0x75dd1f21bf8f7ac047f4ebf47df24d24ec9b7521,buy,154.15708774774276,0.014223811706971855,False,False,False,0x5edc174ca41107378df8745f8dcd6ce590314de713f947bbcbd9bc8add51d9e6
0x8293fdc6648dcd00b9194dfa0ab731b51e294f66,buy,6696.682775710549,0.617999570639189,True,False,False,0xfdb569db13e16d25cab581011f6debc32cd68396f6fa692c4cb05605dceb715c
0x3d3809bbcc6e2d5ab9fd4c19ec23cb0c15169e69,buy,5254.970969517433,0.4851,False,False,False,0x897026a42e5cfe7bec18c87ded2340892c59f3a2e548e6d410f2b7e7ea94168a
0x709874171eb69207327da50026dd5e3457f92edc,buy,13241.501609111081,1.2229348236999071,False,False,False,0x531ab96beb06bf417ad73903366f06d1f9c2bb2dbd125767cdd71abbc8b32184
0xc103ad60e8a746a95a5854bd0c4a5439466f4504,buy,377.9056289516551,0.03491407025661241,False,False,False,0x927f96aec2333d64cd3699e2de99e3861532014d9e27ac2811571dae5633fc75
0x8585e035a8cea3741f201c9e42ed8d821ecc6dfd,buy,43823.973958636896,4.053399942739203,False,False,False,0x1f061d71e4c4a844e7ca0cbf92f69befd46f5cd03e8cf9fc6bcbe9af77dd34ee
0x3d3809bbcc6e2d5ab9fd4c19ec23cb0c15169e69,buy,10474.923117848943,0.9702,False,False,False,0x0f435b17d0c5eb6715614942f3318f5d1a3008ff4a2171d61a58c16611691a6f
0x75dd1f21bf8f7ac047f4ebf47df24d24ec9b7521,buy,45.97272022304293,0.004259194540588961,False,False,False,0xea7a28bb8b602930e5b00a02c900cfe4c05223270a678f3a4902f697219eba8f
0x8293fdc6648dcd00b9194dfa0ab731b51e294f66,buy,6668.894447142882,0.6179533814656079,True,False,False,0x4fce0d8415da984774a53c57edb4fec3fb532c2a484de3f04b0ed1ee0b9652ef
0x3d3809bbcc6e2d5ab9fd4c19ec23cb0c15169e69,buy,10465.718038926321,0.9702,False,False,False,0x102f0895ee8dd5e49e201433309f5e502e28161cec1f3e35e61a71dedd232c3c
0xb19e4456e26181897aaf08e76f09691a27d8cf47,buy,120.02572420717945,0.0111297189192,False,False,False,0x0ceb0b93ad263bcfe68120250843bedb0b19966884459514829521670426333d
0x3d3809bbcc6e2d5ab9fd4c19ec23cb0c15169e69,buy,10460.051418875213,0.9702,False,False,False,0xa6e121de20bb7133fe4d24ee8c529ae6a88a79cad55432bcec98d2e04b4499fe
0x68b53aa18d1b8437b7cd9524040c776e2261e06d,buy,5280.72644093667,0.49,True,False,False,0x2d998db4d04714659b0723fa90c8899016fc8ceb6506bb13caeb87e970acf8ea
0x173fc6acc15747ea766a5718a11b9884134427da,buy,15675.345234753013,1.4553,False,False,False,0x544452ba227d7c3c730605b74657b247b91509aebd3459635c5463fe102e4e98
0x8585e035a8cea3741f201c9e42ed8d821ecc6dfd,buy,21816.078794081935,2.0273517678395203,False,False,False,0xcea4ffb024471013cf52dcc18bae340fb202acc711222c704d85410778b2e90b
0x4a1281eb29bc0061123dbbe9da699e3f255ebee7,buy,21834.777337550757,2.0313601482439148,False,False,False,0x90ce34ccbaf4cf0e5d7c2bd754681401b9ceace01d91bd041a88d09f4315b1e6
0x2df71859c4bba5c0dab74b5eaf9769aa0ed542c1,sell,148859.99578885516,13.561504471989155,False,False,False,0xd4d5299b26b53992395acbbdc5c3343ac907cd625fcfae1322b193d588762e3e
0x83c95b5b7e9c9c4209a8d96df9fe0f2235d8f066,buy,218.14714058304241,0.0202009477468799,False,False,False,0x0182c0a246a40128c3c01446ad085a4813682bc8697d0cb11421fa74f1c0f98c
0xf3c5d02488219be9cd0ab5d7b7e9575468019b80,buy,43.0001846179735,0.003981946684492113,False,False,False,0x6c80ab4e58d982264bafb0c366d5f828cd4b453b5262762ad27fbe36bdf826e4
0x1d3548bf065e1ccb3be028c6a0c0d9e361a769ed,buy,4373.400359806848,0.405035794477116,False,False,False,0x719d040930fbd3ab6da049bc1b027f3e8f979b051371a13867a091c4dbde45b4
0x97062cbb30b7fd63cf6c14c1ee7991beee1a3e97,buy,20.952891948134113,0.001940738160474359,False,False,False,0x3da21148bdf2ebb911de50b1129e0c8efd19d578ae34422c85aebeabc3979680
0x53426fb8d9f01b8419bdcd92b8266b3d733c490d,buy,381.4428859400634,0.035331083878417414,False,False,False,0xd02548c47f2d5854eddb5eaa660abb7dfd8fa6bc5facadc297864e39d5b656eb
0x4fc816200c5d8ad36967eb616f4ffd418ac68f14,buy,7480.290564751531,0.693,False,False,False,0x9728e7947fdad59fbdddbb8f54ec377cf9cf7ac6969356559d75866af83d4c4a
0x661473efcf42cfa948b2c21e0e26fd1df29756d4,buy,7477.429139966143,0.693,False,False,False,0x52bbfbb6d2f04d12ecd6fa578d01aa315f0bda315b8e7e43ea420ef59dd05f9d
0x8b92561449d16c4dbe6e68a1089df2c43f8a94e6,buy,7474.569356731846,0.693,False,False,False,0x0cbb765add1e4dc77a5bdcc6cd248662283bb1c4d06559362af1f5936bd716a9
0x295b41f029b57c2f7930f196097a385f2f643d8f,buy,7471.711213793236,0.693,False,False,False,0x60c55750b8578d72ab5b34427ef298d42ac31e62848d694bc641b6a5f1e8e7bd
0xed1b63995406e2c00befbdf52ca5a9f49cfedb5f,buy,7468.8547098961135,0.693,False,False,False,0x4faca52046289475d767a4a19fcac904b8a700f61562f45f047c16e96ebd08f0
0x2b43830fdbd348b5cf396d2358070b369a77e657,buy,7465.999843787477,0.693,False,False,False,0x5d9f156e7efca0ec9e71bd21bc3686f290482a1b30290a688198044e3857361c
0x8a3b1baa9d9f2785fbd5f83e91f3b7f42db64377,buy,7463.146614215523,0.693,False,False,False,0x09f2aaa0ba15b9c4b9ed4aa68fb7f9dbac4e81d9ec9c12e4e5581b5830620362
0xa17bb501c8a40f338d679794d8c3d576a5d4f397,buy,4339.328117432217,0.40305564477206,False,False,False,0xb1cf948708d59d09a73ee6076e7e424a8a882767b944aaa79dcdc3e55fb2bf46
0xcdba91a0dda105c041d44f698730c96ff3a8dfbf,buy,4079.972768871591,0.379047317332992,False,False,False,0xcd733af88864835ca1f4c367b6c826106d3f706248dccffb502248dc09694600
0x9ff7f0fa21443f6bc68a42cb70728fcbf81dd9bf,buy,2883.451266481821,0.2679330192,False,False,False,0xc13f6a66b14bab7c7cae863a2e32874624559b786561f6f748674efcd2b77f69
0x67638ff88b41d9ee7ecf6a2f2f4ef8d9cb8df475,buy,3477.8703089299106,0.323219663467008,False,False,False,0x753ae9e5ce9520a1fef7a614c07ebfb786028c0f1cd373593b59c57ea84f6bdc
0x59f20040a723adaffc8e37504b47f1d3ecb394ab,buy,55.77433901577043,0.00518391814792213,False,False,False,0xb4818759bcaa32999050dcdb39f45760ccc0c9aae31fe7e69b1ed95fd3a566d1
0x778a378490db74d5254444f3c2153cdd7c18d343,sell,5031.863202112761,0.4583192715976938,False,False,False,0x13b49decdc2c47ae72f4823223ef865e50eb4453c6b95202deddcb421ea4ad84
0xf24022ba0fea5926d30fba8fece6d7a852732989,buy,5219.870382921426,0.4851,True,False,False,0x52ce4ff1df7541418f332e2edb35dbf6398e0b58cc6f9c6b24936012c32ad9f4
0x5a2ec8fc323180c33638bc02cbaaf139ecf37d94,sell,116.27909519983712,0.010592546502044472,False,False,False,0xb40b096243dbe57872e8808c5ceb4cf57c0ed4e2f32e91973035cb869689cf32
0x73d6a734018d31b037b8b18688416cc4284fde76,buy,41.84950019623434,0.003889715225083612,False,False,False,0x4bfa060ba6947b297231e01e17fcf82fecbd4189bb30c691b7cee0aa3cc3c443
0x778a378490db74d5254444f3c2153cdd7c18d343,sell,3773.8974015845715,0.34375332636666805,False,False,False,0xfd81c2fb2a6a2a44f3a23b0ae81b276e0afb177bf2e71b2933d7ba5a271543a6
0x3d3809bbcc6e2d5ab9fd4c19ec23cb0c15169e69,buy,10437.590980752027,0.9702,False,False,False,0xa079fe7a7d3a4de5252ec1673d77448c79197bc79fac8781d8aa06df1a554119
0x4a1281eb29bc0061123dbbe9da699e3f255ebee7,buy,21836.971492182372,2.0314802175192237,False,False,False,0x01030ad6be077e91cfd7b160d3eccc82ae29fdaf651abf7c3a212884c3040248
0x5b7f015e43a50be8e64bb149092d22f47534c665,buy,20.828648185616437,0.001938762317645975,False,False,False,0x00909a6cd1fd7df5adb259112a974dc0dd86dc8bc2166caf61966710e562a58a
0x5849706185db8313b4a5a53da27d04888191883a,buy,20.85790837688453,0.001941487975733675,False,False,False,0x2efe033a7f3bcb4e53658232791b293c67cb909468d317e2a0c7b4139e497cdf
0xab2c66dcaa9650c0806d26705c56a90a7188c25d,buy,4727.622095159241,0.44010831721985566,False,False,False,0xcef0ff50990d49edb770e572b2c4d8e2237b751bdd1cf7d0c8b980a0d1edae3c
0x4280fd97f782a3fc6634fcc1c3285e13bcd029ec,buy,3157.495256622275,0.294,False,False,False,0xe844c8a3923777a00b2d3bb354acb482dcd05a1ce0b76cc3702a21fd3408cebb
0x604885c3e7476321d07448e30985441e9c2c72a1,buy,42.732261957751426,0.003979203432838082,False,False,False,0x5997bbc7ca284085d3e9f3c6d10dc7d4da2339513c5ba3a554ac957d5cc3a2e5
0xf3c5d02488219be9cd0ab5d7b7e9575468019b80,buy,42.71133561461049,0.003977263497887102,False,False,False,0x04a9f16ab0211a0f4485daa4297bb3b6e8f297c5407eb3dfa4d69e6f571558bf
0x547081c3d8bea193bd6e11a5fe51f7566bf37022,buy,2175.750316831587,0.202616576687112,False,False,False,0xc9d6253fa82fe0d7f3682b87caff70b6e44b197cad334eacfb4e72268a17bdfe
0x059f0f0d211e59cc2a1c795f4fff2f189b5f1eeb,buy,8.140497079798521,0.000758125603320412,False,False,False,0x23eff65d6eafaf7d2d2a7098286ff4ddc31e2163a7a8e0906e4d748c4c3be976
0xe7efec36596ce0745dc53133d692b1a2cc59801a,buy,441.8478880416963,0.04114982891649006,False,False,False,0xd77582cb1dfb27bc0471844adb0deb8f718e5f05048fb89526aaa775628f1387
0x604885c3e7476321d07448e30985441e9c2c72a1,buy,42.82285377666961,0.003988193801095157,False,False,False,0x84ce5ec92f88ab01a59b8c8d5dab49373a39945620dce725bc37b43d7850a78c
0x4845a9a16850f6407ab5099a71c9182e50c7071f,buy,1456.8072641753956,0.13568112884758138,False,False,False,0x2a08376f4abeb381980848bfb986c447056d054ae6b2af06a84977b928a7659f
0xeae57f53fa40e151d7b7147ed229fd5439f97b3c,buy,215.8829065412093,0.020107322126390995,False,False,False,0x269498341ecef7aad5f56497bb5500f56d3311f437e77cb986b57d3007d86764
0xe089ec6b790d6e274236c5883f079e615b96a3aa,buy,42041.59599660212,3.92,False,False,False,0x3c31b795b34d703c1ee345e7cbb914e5576d57f21e2733fa1974429d0df9d985
0xc18493c66fd2e6500691aeb794833b344de467b5,buy,2099.70024284289,0.196,False,False,False,0xba2e30ad2bcf3d90b85dd01a6de4098874b796438d9f5745ad1099b3a124ec51
0xf0ed62f8877c293221dec1e0198ebf9bbd74a6d2,buy,433.38135212719106,0.040457331738420275,False,False,False,0xd6083c86768a38430afd3c8d4a700b35740ce91040193b7a776ea631c8886888
0x8aae5280543409991f025675b826aabb4911d1f2,sell,498.0060703696769,0.04556500025797526,False,False,False,0xf45314a040497b96ecd0baeee5136def7afcc3689013d6657e5f9b2932559de3
0x3d3809bbcc6e2d5ab9fd4c19ec23cb0c15169e69,buy,10390.215357630555,0.9702,False,False,False,0x22f5cb7cee53b9bdfedcfc430e36ba20a01dbb4cfc8e46a11aa9e589b2981805
0x6fd0e1bc1effc01e847ae2a1f06b76045453f32e,buy,1085.0093991850058,0.10134403455519471,False,False,False,0x0e79b6f681afc362548a70b2d30b80f2456699e9af473885b813216284607c0d
0x2c92d4093187bb78d0497d677d115d546f490b26,buy,1049.1499959648709,0.098,False,False,False,0xdee815a673e043c0107f4764ffd6b5d09508d935a5a754917465d0ec15e3159c
0xe90c0a6c84125e82b1f8f5f3167953e73338f964,buy,52385.5131925197,4.9,False,False,False,0x34a9a0767d94c3814d8806db4c973f3e803ea17ec6f9231201993bc35be4ac35
0x3d3809bbcc6e2d5ab9fd4c19ec23cb0c15169e69,buy,10355.618340387104,0.9702,False,False,False,0x5afae11b4f97a4cbfaeaeb044952121bfe37e5e65056f7974bc6b9389c343a94
0x85eaf67fd7fcad57cfb6189fa2583dc998b0294b,buy,215.5656838802329,0.02020146859650222,False,False,False,0xdf6b899f1e71e94a56751d2d7e28387c53d1d2156d9f08e5423238cd4a302a91
0x3d3809bbcc6e2d5ab9fd4c19ec23cb0c15169e69,buy,5175.68366709761,0.4851,False,False,False,0x87c16dea869ecdc1a36ec10de86f8b50abbe05c4fe73a95f6a9f6d3a6daecd25
0xf5bc7c8d64fc834bb0a68c092c8ee9d7e877e872,buy,103.49878060141131,0.009702,False,False,False,0xf02bea64b19c58e17b8fdb923e819cf80f0999378110a977949f91f7b6650470
0x3be239ed0f9d4691bc997c1110ea43724ec3c2c0,buy,21737.413174540885,2.038815844553866,False,False,False,0x3eeef604d29d306a86217f32f43c36bdbceb8679d012b355a7b49467df943a2f
0xa74ec1a689c5012aa5beba7353af6fa2721c2413,buy,85.610788576894,0.008034198180169445,False,False,False,0x960688d93d200913cbc1263ec5835329aa7f0a4c0ac6ccd59f239ef6b66db142
0xeb456428815f395e6f02d4982f5521116c89c620,buy,12997.978122258079,1.2202143764468296,True,False,False,0x8615827c53ca7317c736bfc1c1be499e7b6f4540016683e479a33065bc6e670e
0x86ee74af308f2a2b336184bbf76212965ee30ff7,sell,251.83048514283217,0.02317854888971064,False,False,False,0x46f800a71b5aa6f568cf3a16be58ae9b4fa0344842779d49e764521bfd798cae
0x9eb42f017e793512e4734f8785de605c4cb3a24e,buy,49492.45223132348,4.653691366002969,True,False,False,0x50762272c846ce5828af109b7ed4015276b621a7e128fcb051aaa3c863a12a81
0x6ca44065dc46956d2ec545634960b0f058c7ee1e,buy,85.36240047340968,0.00803674189914962,False,False,False,0xa3c3dd8926fa2c7722b7eaf07a69e8c60ea7f1efc5226c5c09f326e02946a308
0xcca11a8edb05d64a654092e9551f9122d70ea80e,sell,1080.9383137336836,0.09992156463842107,False,False,False,0xfa77db053d6f54fc9b7ef7a565edf89287cf848fe9a528a8be67ecd4681c66c5
0xa17bb501c8a40f338d679794d8c3d576a5d4f397,buy,4273.9948277243875,0.40314179504774056,False,False,False,0x335767940143b249db34f5741926352d4bd278ca35f640e5389dbededb08119e
0x061e9cf6d13895e681dd9b1f0475dc3957e51591,sell,527.657992602034,0.0487852784297365,False,False,False,0x471ccce28a385385c4d61bce34627a29606831fa92f753f4d2ff2c8c85860b8b
0x8fea2a8377e1b593bb0a7692b655661a90b1a669,buy,51.73623438806982,0.0048804,False,False,False,0x5c41086e5b28915f9e04fadcd5b4cfcfb90e3de35e74c617705af3225aa24e4c
0x1051ff523ba8402b46094514df289c4977cdb365,buy,2316.4483607205957,0.2185293474,False,False,False,0x817cf1c852f1761e1227f4c388edf6bf4337c4296fc206231273849503dd4de0
0x68b53aa18d1b8437b7cd9524040c776e2261e06d,buy,5193.07699542541,0.49,True,False,False,0x96399a51b3d04520f48cff66b46bfded4a56b9fce5c170a30030250613f97dcd
0xc39085be8bcf634cd64f87bb9a771f99bb4f2b77,buy,432.3387791058301,0.04079985,False,False,False,0x0608b86caf6e0c2a373f4530f63657a2407fda7315494e4a1c3702f5d1dbe790
0x9ff7f0fa21443f6bc68a42cb70728fcbf81dd9bf,buy,3354.3244561384918,0.3165788472,False,False,False,0xfa1f30cfed402da3903b089c2bd3b9b8d2843730adb327831b95e433c5417b70
0xcdba91a0dda105c041d44f698730c96ff3a8dfbf,buy,3665.0055430417783,0.34596339821736,False,False,False,0x8e8869c522bb255140feb48f1387719da83fb260e3e5740c0e4ef2f993afbec8
0x67638ff88b41d9ee7ecf6a2f2f4ef8d9cb8df475,buy,3258.6275130489275,0.30765775458264,False,False,False,0xf46a35074c93bfd686d1803317dc24723418d48424014e848941364c2cc21ca0
0xed3ad83572cce1e7db2ea644f19abf98fc096684,buy,19604.334844235793,1.8520029478283455,False,False,False,0xbf3f767fe23c9e415acb7a2e0b0bc8ec3ada729d1aff959496eb5daad429af41
0x0e4acdbaa7674767d0d9b1d9fc8756b766d02289,sell,667.3387422152999,0.06181854177354442,False,False,False,0x1c16ad0b52192e66aa073687acc7e279558189757b6dd063252a3c880a6b9863
0x51c3f2d273c78a7aeb41c0103c47f69fec7be280,buy,518.4365918437163,0.049,False,False,False,0x6ed6976034bfdc2a77ed935604e49f6283e0cee2edf4b1af455cdda932449fc2
0x6f97b7de6be7b7771e975e46bae96c35e332e172,buy,29868.839242073045,2.8252690425881375,True,False,False,0x43d1eff82a325fa85986415c9d28505cc2f571f2eb34f57dd75b302c0dc969e4
0x13de0e5344a5c4ddf857240c3a73591429ce9ebf,buy,12.854806216668836,0.001216864888035733,False,False,False,0x2a8a1b0250316072ddd5e2344ef1bb341f29507c8154bbe1a1bc023a09f5eb02
0x07926900ccfb502cca2748990626e95fdcccc18e,buy,427.38712355174533,0.04045788746294301,False,False,False,0x882f3ce26639a716f549208d180a2f05604bc1f2e06d27a0890478f689aeebff
0x3d3809bbcc6e2d5ab9fd4c19ec23cb0c15169e69,buy,5123.741107021354,0.4851,False,False,False,0x1ecbc3a37d28531ba93041e56615245419eae199bfdff1da59cf7c0993b91bd5
0x04c6285fa9e592e03ed12861d4862297c9192944,buy,4280.010929221044,0.4053167648969673,False,False,False,0x7e813c10a92fced98a82af6dbe1d747cd8c7e29194d6783bacceff2b4b9fe60f
0x6abbf37e80ebd2de7577587e0bb432293ebb99d0,buy,1497.3403447996718,0.14188538763310285,False,False,False,0x48d31416a74f373641de67c2cfb62c49a257a90fd8319bc73f1f3c2c2081b14c
0xc921d2e7f77193c42520aa4248f2769080f3d126,buy,921.4238833434922,0.087318,False,False,False,0xa2afecba84a97df4df2a075acdbfc8b10de66bb76fe082ee8c1ba5f8237e21b1
0x1051ff523ba8402b46094514df289c4977cdb365,buy,7889.638653231327,0.74782575,False,False,False,0x0d662a88c6129b049cfa384e4f6a451c04fe614e3602659b49ee03cce3438d7e
0xc637c20b5374c1a087a1d093df045b493935b59e,buy,3100.8485091825605,0.294,True,False,False,0xc6303cc3c0f118eb0d9276f348de1b2e37b0479479e319f254d5f917f5f103d8
0x6ba9ad599e6271252817933831e3148936cf742a,buy,2583.660401401251,0.245,True,True,True,0x9fce65d6f5f500872a0b548f5d1d838ebcea8d1be0deb31dffd22116b1a5ffb9
0x907d8fb668c36fbbe346d1c5f2585226358445fa,buy,1023.034043367173,0.09702,False,False,False,0xb254b479bd7eff6516c1613c2a90de254d389e058903aef43ed101ce7f30db45
0xcabf12b9d07d5cb30bbf659eeb7921a15e55217d,buy,4029.6072209451295,0.3822,True,False,False,0x0e167e1e19fc0e20694bd5d67ce84b70e8b0cfb1f2ebcc307d2d308945160bca
0xa94fb35292b10e8172695e3bd7980b49191bebf1,buy,4796.091509536787,0.4550033763101658,False,False,False,0xe8b0668d5097d0cbdc46c3506dc12585051db4b41b26d34a72a9da505f87143b
0x11bc74e240c13f7067529b21dfb9933ff7fcb136,buy,30959.57136383381,2.94,False,False,False,0xcde73f6699e1dbb29d4f57a950f4c5cf5159372903cbcae97a6c2ad36b077c44
0x1cdcb0883a5ff2012efb48fe9ede19eb6b27bf0b,buy,2551.9492652716335,0.24255,False,False,False,0x52f1482ba995ca27bbeb88104670fd6e2c79a80d0c9a74197fb53df3a351ea83
0xe8e4eb3fe4a93b45ddc4589abdd8f8e006d0533d,sell,20666.172575571407,1.924235745632089,True,False,False,0x9c086a1fe3c32f09e0acbdb11010c8c87026e3de85110a72a96f5fe9209ab6b6
0x64003eecfba14a3d1bc0aa67516f075ac60c2518,buy,118.46410245433667,0.011248272332148024,False,False,False,0x0c12aa2d358dbabe44e4d4aee07592d376b622d6b6c65f97361928f9decab548
0xa94fb35292b10e8172695e3bd7980b49191bebf1,buy,6314.201269462428,0.5996389190661223,False,False,False,0x36a08a2272841a7e695d404acdd581555a2446d10ef04e0ea120d59b50dd1259
0x28f7219ce74a4e985d6ab83ac2147eb51ffe2f41,buy,4411.258621915761,0.419039082,False,False,False,0x807bcb1f565d9e71bca41aba31ca6be5bde4b3fd13bef21ed57b8763695196d3
0x1c275cc9a69f39f62276f074d4a08be22a0853e8,sell,1307.8904746136411,0.12177799662135377,False,False,False,0x823f01e4c67b10689d3d965e5bddab6385ffc137775c52b8252931a7ba7664db
0xf24022ba0fea5926d30fba8fece6d7a852732989,buy,5105.771202739369,0.4851,True,False,False,0xdc49265f2b4ed38acac65c1826af48deab3eb4716ab6a2599c0d6bc672314605
0x9b524df8307742382f7112dfc5071e7bac2687a8,sell,2510.4488291480675,0.23378743231032315,False,False,False,0x3fc0f5a3eecbc16df4ade882a9eb9f98b6ff481e06819ca72dda954302a61873
0xac2e9698e22c88cabce5e31c7074b7298e5963e2,buy,14322.276186567418,1.361271062003863,False,False,False,0xf10fb4dd6ed80f0a642a0896840290ac0bdf3e97958cabe57ed4b7ac2613e4a9
0x4280fd97f782a3fc6634fcc1c3285e13bcd029ec,buy,2061.2904130781335,0.196,False,False,False,0xc2d044035cf2c2cc4f07fb1e0152712ac71cc26206b5121c765d60837f54c1b5
0xe9b56d44713cd01a609d76de8b9351b0dcf505fc,buy,1219.6681149169046,0.11598330435121525,False,False,False,0x6114f2981e927ed7c0eb9df814a4c5ba72f8c174c6f91950aa2c859c30c3772c
0xac2e9698e22c88cabce5e31c7074b7298e5963e2,buy,23613.702728847395,2.24697081021025,False,False,False,0x4428cea72265d59a43540c8af2a3ecda20374e3f75cebae93768cf5dd4dc2223
0xc36405b8384c21ead7f8ccbbc9c68da380a0c55b,buy,42324.048591100654,4.034253437160834,False,False,False,0x9f89982158c978762d37988a20f71efe31a83e7bb2a1c89e8350d051da4b389c
0xc0b23dc40a1466a6671080eec48362deb3d32ff1,buy,2033.3659373993257,0.19404,False,False,False,0xa220add4f9b489aa69d11ac36aa03ab3010044d6e5a047329b262e6151720a14
0xc36405b8384c21ead7f8ccbbc9c68da380a0c55b,buy,6340.200156621477,0.6051640072162766,False,False,False,0xe29d2b2bbafb1a8955da4760749ad953a15f654ee4d935c4f86cb29cd7dbf541
0xef10604af68b85b4dfb283d88e611b650df9a9b4,sell,100.0,0.00935644507916753,False,False,False,0x7a839a27f7207f3edd131d6fd3f1553073117c4245845fd9ac16b41d659a4d00
0x5140087842da3cbc55ff69ba74b4239af219c4b6,buy,6550.893147214704,0.6254804625649997,True,False,False,0x3a3626b22cb550cbd8c5e19b9fae468c9ca62f42fd7372db19a47c665c06c9fd
0xe8e4eb3fe4a93b45ddc4589abdd8f8e006d0533d,buy,20308.371379134027,1.9404,True,False,False,0xb777d0bcc285da61e626fc6f7a3ae706ea73be6779c3a3bbbd9382cd35e42bfe
0x7ac49b3fa1052eaeb8a1550efe7dcf10be261ff2,buy,9699.819520344216,0.9275094562736621,False,False,False,0xe12deea5b7b73be23c1e8eeea3ba090061e7decc04f56290ec5c0a76165965c9
0x20b88e992c063b0d3dee60b101c09b3d8d74663b,buy,5071.19014829706,0.4851,False,False,False,0x97acd4f41461ed6535438ce594f716d6c2dee2de481cacd128c4476b3f2cae6f
0x20b88e992c063b0d3dee60b101c09b3d8d74663b,buy,3042.072598341024,0.29106,False,False,False,0x66467307e1870eaa36203e981039b9ec5a9ecff79ad15387ca13ba8c34469f77
0x20b88e992c063b0d3dee60b101c09b3d8d74663b,buy,5069.0522124118515,0.4851,False,False,False,0x83ed04a0768aeb3adae07d5e37fb5738fc361e6763f16438ab958f3c28ebe158
0x20b88e992c063b0d3dee60b101c09b3d8d74663b,buy,5067.716688964304,0.4851,False,False,False,0x879de5e9e7d09b92a232871f529a26dd21b234ec6bd51fac6831f3aced0ba10e
0x20b88e992c063b0d3dee60b101c09b3d8d74663b,buy,5066.381693244979,0.4851,False,False,False,0x180fe22ed36e6181863f755d72de79a9607e41375bebe39e31815edb8dd3cc2b
0x20b88e992c063b0d3dee60b101c09b3d8d74663b,buy,5065.047224975875,0.4851,False,False,False,0xf0a47ca1c2da35d5368dacb57d8425bcfae204e1da4334700428d10d18f17c91
0xa5ed75bd2efa265a13d8af481e6ab92d756d4253,buy,7317.520344868727,0.70105414920912,False,False,False,0x81df4455e06a43a881b0ebc9f52fed645fd4f6d5aef5c4dffb6c30b8b98de38d
0xc921d2e7f77193c42520aa4248f2769080f3d126,buy,911.2199320547116,0.087318,False,False,False,0x50f63782d5f1d3713ce25843be4c5734460b70d7ba1375ab2f020575dcceef10
0x5aa8dac3f5c8954c9c2ab8e5711f3678df059ef3,buy,10223.973299066667,0.98,False,False,False,0x858108de42e59890d9cfacd5b16d9241c763e7eb43237c6598cfd6322fbfa7f1
0x5e5f374666b2cc34a767b259eefe5eeab8603b43,buy,1195.8495623097278,0.11466,False,False,False,0x7cfe16d067a26929c4c6d0edd37c7719b743f739bfb3d46e487c935eb2246f36
0x249571f65ef05cf04d76fcf45c106e6990442285,buy,1011.8145871341644,0.09702,False,False,False,0x23ca83f15f92e62129cca5e88b2153e31bdf64a1351a85672894c2222e4b1e0d
0x5def181184f761baf692c2736f7102d757aa91b5,buy,422.2738274835746,0.0404921375596391,False,False,False,0xa9fc1718f2be977ce57f911bec17861bd537c156c082b93fbf7ba49fce351e84
0x5def181184f761baf692c2736f7102d757aa91b5,buy,422.315186448908,0.04049699342984058,False,False,False,0xc39fde11c6076efc05bb261097cdc66084754561b462d47aadabb0cb994d08a0
0x96477abe876a3e5474e4913249da69e26e5e2728,sell,2194.354990930223,0.2062260782866916,False,False,False,0x8074b50b5d5a129e841c9153596aae9775f172e28dd5ec2d429d871f5c78d8ff
0xc39085be8bcf634cd64f87bb9a771f99bb4f2b77,buy,425.5121828911683,0.04079985,False,False,False,0xaebfcae270b3163e1ec0bc2b835ac541ad2223e178802cf17cee00d000a3e81f
0x5f216097dac48811a57485f653a5c2f0d0205a09,buy,549.0270770008871,0.05265826372737818,False,False,False,0x1474677ccfbf9d2a7890f315287177acd4ff659bde97c78ecfb68d4dc0a44073
0x64d071377a40e5a5fb8a539f05da7a05c441a095,buy,2112.9712697821665,0.20267325761608093,False,False,False,0xd14752cd0dd56d3a7369b62b1ec32b692292c6e5e2534416f53aa7c67a51d63b
0x5def181184f761baf692c2736f7102d757aa91b5,buy,422.1732128132839,0.04049693741016257,False,False,False,0x58f288a24fca71c0614a7d52593c567309141ca972a561256d0b995424eae667
0x3031b8e1400072af0ce02e3aea0a0efd0ad51caa,buy,4.251156198248773,0.000407796401404817,False,False,False,0x9c06bd624f8e34f7215e78d6e809b9a03a771bb76b374743d5b301c8f253c550
0x9b524df8307742382f7112dfc5071e7bac2687a8,sell,2645.0341749189115,0.24866144752255423,False,False,False,0xf23751919359d1c4f9ccb654ef4374430932ccbb52b973b922c01805270f1941
0x64d071377a40e5a5fb8a539f05da7a05c441a095,buy,4227.3599326304575,0.4055031106869319,False,False,False,0x9a9bdc319ee402933780ef231075ed427760540c3b62a701168f2f1fc97615c4
0xf44864925bdc2af7afd2bd2c0b2f3466e5b6b82c,buy,864.812234713463,0.0829668,False,False,False,0x0f919591728c6010f139b0e88bbc485da0166c03099bfde626757c16e6ee7a96
0x3d3809bbcc6e2d5ab9fd4c19ec23cb0c15169e69,buy,5055.706320408554,0.4851,False,False,False,0xdf009c2f8865f89d6b564a9b3547a6e9653972e8e65c5cafc4bf5eff5f8bec6f
0x90738366a044c13ea0a1393d1761d7625ed3f0a9,sell,36.00541733937075,0.003386448056894678,False,False,False,0xcd83c09c0a2c440f87e8e2fe6530b3d0a43eb23f8d31c346737666a9fe0117cf
0x90738366a044c13ea0a1393d1761d7625ed3f0a9,sell,108.9405418174834,0.010246238912977037,False,False,False,0x4d9690752e94e463a25dbc39161a3526449b24b2b4ef701f260a677c5c49f6ad
0x5f1d998a2681d13e41b16276640535ae1f422bbe,sell,159.71082072786857,0.015021257195069632,False,False,False,0xd44e66e46954144fdd9688f9f91ffafc8c9a5de6a656fa716a64d989c0598865
0xe3ba37b87eb64cd3f14ceb1ba4d4f1ebc72fd592,buy,10107.581084519841,0.9702,False,False,False,0xf20ab54bb6859ed5b115d109c6d53c27601d97ada26e3114ff95a36277706c00
0xf24022ba0fea5926d30fba8fece6d7a852732989,buy,10102.264145652096,0.9702,True,False,False,0x910ed2739b5b3165752486bd805c4859cdaa31a59e99f823009283e205710629
0x4e39c16c0d973c70955b41003fb4b79104359001,sell,13313.562580772856,1.253061596420928,False,False,False,0x5c5374d9376055f2d3a4729b55dc58ce2b70f6747e01ff91c2e9901c53071c88
0x96653642a7f5c8189cf76ad53acfb71549467f47,buy,1010.6275723321334,0.09702,False,False,False,0x88ea1913ad5477601c1ad5332dae7d80bf45979515e9add321a1faea65e4bc85
0x7ac49b3fa1052eaeb8a1550efe7dcf10be261ff2,buy,9766.831173690925,0.9378765498675775,False,False,False,0x1369ca8f09c632f7f01807e801cfec772725cb39c85c49b37bbdbdafa5249a50
