address,side,canonical_tokens,canonical_ETH,charter_owner,bought_license_in_window,deposited_in_window,tx
0xed1ed6bed9736aeaf55d95686e2e8c05565fe747,buy,407.8502326212605,0.03917488819333921,False,False,False,0x514e689f74f1220e941419857583acd2b6c1bd85a4f38ead62ef16fbd7df13e9
0x368564edf8ec2d3cbe8ec3ad265a3207e663b93c,buy,3060.5610850750777,0.294,True,True,True,0x715710dc895226733bf1832b82c37c99851aece838eadb65d5e706e099213a5c
0x35287d54a46bb7e3e2bb8b6266dc7dfa0ec8bb5e,sell,100.0,0.009415646881461862,False,False,False,0x295c699688c84ee147b23386154976f545e471befe534b2a213b5d41c1da6485
0xc7389bb44f734881bc0a6ef34604df22c333ba72,sell,120.32297795102001,0.01132912236598346,False,False,False,0x43fc05be0622cdf9cb5c5b3d63bcb35acbf25fd0fed729f25d4285c3ff097a74
0x6c59240e64a85376cd6cf566ba078b179caeedbf,sell,142.31387645591764,0.013399605218587476,False,False,False,0xd27a82271aceb142d987c8488b1f7dfd7413aa2aa0c80c064178d4e5280071e5
0x507987982fb9da92a7da7751624598b251acc050,sell,86.69246674637793,0.008162506707258436,False,False,False,0xa1f462cd0753ef3f543771c487927b84e1b948b7ff765c320434a3467bfbfe06
0xf24022ba0fea5926d30fba8fece6d7a852732989,buy,5048.976334690179,0.4851,True,False,False,0xb4595e93b8dd291a2c178d3374917b467f6b8e79f076107a1f688b9c1fd35fe1
0x1e5fbd612b834ee6a7ce6eaa7e6aab8e0ea12a75,sell,881.6734885685596,0.08303350030627255,True,False,False,0x41403fec8e72a18a1cab53bfb9a7cbecea0c9f3bd72cdfae6b690fff6c1aa1ca
0xad223df983dbb09aec07331978e161a5b7bd6ec6,sell,101.06972649256095,0.009518218043268252,False,False,False,0xfb9e830e1340f7c1aefe63d767c2fbece99e1bbda7744ba63076221d6bf983b4
0x658acef2293988d6a03ac53c9486521c35258b3b,sell,113.50146408821172,0.0106889149079905,False,False,False,0xcbd549b9e70ace5bcc74805c7d880557186133b1dc3c916d1cb6786fe8a34baf
0xdb6cb34ab02fe251806a4ede94889a5352322305,sell,337.236383836695,0.03175861338292975,False,False,False,0x19fea7baa1e0e16bfd5472b38b40e345f00765e00bfe3022a907087d14dca441
0xed3ad83572cce1e7db2ea644f19abf98fc096684,buy,10999.11684802309,1.0571465354426726,False,False,False,0xf79546cce3882ce33bd77f569955387fd435f2da62c7cd48a8797b57db8833a1
0x23bf7a10f21ae365448c094b3ee3413d0d55740a,buy,1678.9780328483205,0.1614231502251969,False,False,False,0xbbfdc5de7954a923578a8eb449edd84001f00ae3665ac5c76eb91ede44057ca1
0x0bb9f7c03eb9c1a31c25b3b7e61e2c503c30b81d,buy,508.4361199557633,0.04888571263570622,False,False,False,0x74db858099dd33dd04a372949695b2896c0bceb49904fb2a06d3270f303b98cf
0x4280fd97f782a3fc6634fcc1c3285e13bcd029ec,buy,5095.503604657121,0.49,False,False,False,0x638f978c02269bb7b3e2656169ee5165eef26475e7340556dbd2625029be9e1a
0x9d8939249ddfff51d9d7397f78e26d4ec6019252,sell,2500.0,0.23564000105275756,False,False,False,0x693323888344158e1ff978f7a7a34a997bd97817fd674e2ce2012fa6c657d89b
0x9d8939249ddfff51d9d7397f78e26d4ec6019252,sell,2500.0,0.23560961217512913,False,False,False,0x93d2909ee39b7f04dba9270585c271a7896327f42f63aebf8a784bae7bfeb171
0xed9d9777eed4bdde1b337739c0abf5d059aad7b2,sell,5434.362037501115,0.512050371595721,False,False,False,0xe5a76328153e4ca5018abbe1b743a2c87cf310ba60dd8369348986417c8b5216
0x368564edf8ec2d3cbe8ec3ad265a3207e663b93c,buy,5096.893451803985,0.49,True,True,True,0x6e2d0bdc422d749ceb3deb99355b4bd85abdca7be785a5e58c4c91600ab49bb8
0xb102d533bd560fbeac85d88646f51218d66a8d49,sell,4581.527291679014,0.43169551956500885,False,False,False,0x5e3a3855a0eeb5f094c00482acbf42c01ee2ce685fcaae5aecad42ed8f0191c3
0x9d8939249ddfff51d9d7397f78e26d4ec6019252,sell,2169.87,0.2044209283495348,False,False,False,0xd8965d111e4db3e7f70a39340c5d907be8780d5d85a213ab045f725fd5352ab1
0x9d8939249ddfff51d9d7397f78e26d4ec6019252,sell,1627.4,0.1533004474997533,False,False,False,0x4e7c0fe41526d84f2e6b331e45a8b23959f333a51adc7f84f86e60af6cebfad4
0x9d8939249ddfff51d9d7397f78e26d4ec6019252,sell,1220.55,0.1149668917772913,False,False,False,0x04fbba2fe66a204b7317a6c3e52a9e74faa46e5e5fbce5f2c1520ca879fc142f
0x1a5861a1d957e24eafb5d28111e593bd118f06c5,sell,1522.331786841493,0.14338238914769916,False,False,False,0xbd0b5f81b4db077bd7e68a99182b685e3f0a8f618ef636091207b08877042dbf
0x9d8939249ddfff51d9d7397f78e26d4ec6019252,sell,1830.84,0.17242464399072277,False,False,False,0xbb675de10b4dee9e6e6cd65bb69fcc26870fafde4a5a98e755576ad7771bddc1
0x47b6acc9d98d5e711486bf859913f4c0115af871,sell,7000.000000000001,0.6590951294885106,False,False,False,0x010994a9e6b4aa513da908f7329a49e59a4527e35bd540886a95f956ff84af49
0x9d8939249ddfff51d9d7397f78e26d4ec6019252,sell,1830.84,0.17234614590477854,False,False,False,0x6fb80f2f67c8a87c0192d9dd15a3096871ad8d37fd6047f713a8f9a8814d4604
0x3d3809bbcc6e2d5ab9fd4c19ec23cb0c15169e69,buy,2525.296771710063,0.24255,False,False,False,0x581a1458791716035519d5d7be2b729166611bc29dc359ad601144a10d8b7220
0xbab68c97f51699dda87491f521b83307d04e96ae,sell,6.382290511286022,0.000600847558533118,False,False,False,0xfddd5010ba5b888163963294992fc51bf27bbddd4342228d95fc0618d870db0d
0x81e81e1ba472adda6abe7593bd270d352e8e4bc4,buy,510.12080843164495,0.049,False,False,False,0xa9d1c11552a20fab1ad54508b580bf7174baeb26ce93b6fe611c91b7b6d55b26
0x1931694c73fa7dbc92859657c225d09a26024592,buy,5049.46484610919,0.4851,False,False,False,0xc55585a2db5c1b31c5277eb66af9ed1f1d8e702cfa172d3fb2f34d1d0ca9baf7
0x1931694c73fa7dbc92859657c225d09a26024592,buy,5048.137055582163,0.4851,False,False,False,0x862ba283a44d7c469791640a7cd49855fea9bc9755c09cfad8375a728d364dcb
0xe80a9aa3ca442e7ca1e24d76a660c0ee5f683e52,sell,202.43354921979625,0.019068118970187935,False,False,False,0xa261b9fefc2c8ee197fe16a6266645801e41699946fc19bc9f17bd0b49d01120
0x3031b8e1400072af0ce02e3aea0a0efd0ad51caa,buy,4.243101349795502,0.000407789613848202,False,False,False,0xc64ac2ce6da0b4dc6623afae8794467101c334fe7a909dd3b816b044bcb2cb04
0x35287d54a46bb7e3e2bb8b6266dc7dfa0ec8bb5e,sell,22947.316275971294,2.1602209414874873,False,False,False,0xc219facd3d56e55b4b52639269e8374f02a29f3b67a80a17ca259e7cb85cd699
0x84ae7426eabe2fc0623273ca0e7f4dfbcdb7b846,buy,847.3359420742744,0.08134,False,False,False,0x8fa1bf0d79f4a017ce5e11252320343f68c4fae4c2c8de4ead8d5f979729b829
0x0c8048326b825d6089d4bd2bc9e52586ecc310d7,sell,125.7435681815889,0.011830766454308753,False,False,False,0xcafd481598db49a97a041a9b41aa8efb8ed8a5949f57fc244e1ae3792b0393de
0x92f1306c01b13f384617b6583bbf654a9fa9996e,sell,1061.7704027865655,0.09989515487466982,False,False,False,0xbfbeba93aef8a2018cb009816cf1d6e779e56e5cc7708532dda7cf91e872ea8a
0x0cc667c740a7ba482cd753597770db8ff8450023,sell,41153.35716751055,3.8676469132563795,False,False,False,0x6d7ae3b2f69d16a55b6b8bb5b5a02e71e3ac405f607824e1cd4143ed51c5822b
0x863879e4df119cd5e7576cdb1e72ddaa74301e83,buy,10125.95769787617,0.9702,False,False,False,0x33e029ed1d0a350909a2d6035436883c8a32ea38ae9ba920c2bf39c74dc7f841
0x3bf0578191116a685e16b9d244652baaf7253917,sell,1470.7845337003764,0.13814734164896447,False,False,False,0x3eb662fb26cb74174f135735bb46d38c57b2e9337892f5a7e0a1ca60ec1d780b
0x47174114e71ca12e73a3f9fa1e7d5bd67269b774,sell,1481.0,0.13909628323269954,False,False,False,0xa1150e69e87cb355ce15726c5bcf54b4c50ed65fb88a9402a997d5c69fe2cbc8
0x5a0132d32619a327a821b82ce0e0a9feaaa92a30,buy,14824.53468935514,1.4210916103292617,False,False,False,0xdbed0b4d88a57c02c2b40ee26a96d1cc634d66142032736f4bee4e76d76446df
0x1a5861a1d957e24eafb5d28111e593bd118f06c5,sell,1522.331786841493,0.14307744255965268,False,False,False,0xda814077b6119475958ba00234fc0eabe6c43e43010f508dd694e71c402e3475
0x863879e4df119cd5e7576cdb1e72ddaa74301e83,buy,10115.154532436698,0.9702,False,False,False,0xbfaf1e040f2f6443d54675f8570d65ecdedfe233b3cc18d64a25eaad13a1a51d
0x31caa6199d3fb1e193e968789aea8b7df4ba50af,sell,233311.48960086427,21.8075403116863,False,False,False,0xfc5eb1309319dd56dd39bf954cd450c53df999780d44cc8cc46c0aaf6cd5e21e
0xe28fc48e2bf590cfd71f3992fadae4be7750bc71,buy,10231.728914819172,0.9702,False,False,False,0x6a7e41ac36004c0eefa7c84e3a5af368d762c297852ca56f4cef1f5bebcaf40e
0xa6d2209d2237d785ad2078cef30c251045c2d482,buy,59.994803616204806,0.005691032650577356,False,False,False,0x2ebd3e80f6ab8083087a26bd2fb5f6ba0b27b4f3ee1823f529c9d2bc7c372119
0x9fd634393707ad07739d63c81011ba067681a19a,sell,729.3288528912552,0.06780532232249246,False,False,False,0x5ec9b190e5f60404714375745e9ee8e6a71c9a1b1ccafa1793e35eaa5d1f60a6
0xe28fc48e2bf590cfd71f3992fadae4be7750bc71,buy,2556.881825314784,0.24255,False,False,False,0x9592a6e191606a35ec76ba2851d7fd851f5f0bbbc4becd715517ab0eb93af123
0x2955629032534a0294713fc105202427190b51eb,sell,916.1198217049308,0.08517886234808576,False,False,False,0x4ea739f04632551638c8d50aa6f2e64fa3adab864379ef928ea08f6371e9479e
0x288a5072eaf6421e93baad9b26d59d242efe9e48,sell,315.52624662011976,0.02933603008357722,False,False,False,0x90869caf4e2299e5746040de7d9cf64162116a7e6eafabaecb3021eb8282fd52
0x20f9a11d2668a675e2381151c709b1996de1da5e,buy,85.71977530270797,0.008131561265123023,False,False,False,0xd2d927906780a61d3f0cc25b3d228979b56525f5c6f3146c0426108be85974dc
0x5f4f198ba4c66f3a347a53682f5f851ebc6af1d8,buy,213.20135053665794,0.02022489266787772,False,False,False,0x9528f596d8f67f43f40d80258c802f06691ddf6cda6f38f77d6016cd9c812c76
0xd8e88b6b22b2bf5cfb9ce98d2646bbcc99ea915e,sell,10.550681515585586,0.000980955836852739,False,False,False,0x535a087f29bada207ebd086ccd87700c51f0578ad2cbdb0695fa9a775fca7fd6
0x17c485b4d433ab5aaa1f1cdde3715c7e8e6ed2c3,buy,204.54578355553548,0.019404,False,False,False,0x9c355a747b37622d2791f8b6c0331ae0169645b1b8b9f7e303c85e7b8b295277
0xfefaf388bf9d558b68d9e00e2983c2df93e176d1,sell,512.0,0.04760336864980028,False,False,False,0xf5b13a70457d9c597da5686c4361a7c53e3381086b3ad6eaf8b4341c6fcad6be
0x1b36374d5a26c45726632162188f7162dcf39639,sell,32.73153583111415,0.003043182853852548,False,False,False,0xe59c375e63c73568901f26a8d99f56f13a134709bc29e7101240355ce17f49ee
0xed1ed6bed9736aeaf55d95686e2e8c05565fe747,buy,446.93617926128337,0.04239761690475354,False,False,False,0xf6c358c5564dfdd5b2da39a3088613d2730171cd458507a9568df389893b8c5b
0x5f1d998a2681d13e41b16276640535ae1f422bbe,sell,605.5818790911324,0.05630377057015849,False,False,False,0x06a9281cac09f522def5de2d0caa5dda5b36bc5d22de4e11c137b0201cd4b1d5
0x9d7eadc9f830c76365ea2e402650a4f4314fcb62,buy,212.9843225534439,0.02020400707125757,False,False,False,0x83ead1fbc0d50211d490dff6f9021f5f12ac110c152c6591321c3bb2b3c35717
0x97cf77c586e6a15d1efc1d9bf75e210ab4891e61,sell,2682.885645663469,0.24942212161999702,False,False,False,0x5c4cbf94c5cf278aecf0f26b705a3744ae21460b2d1ce9d75d52a493bf8428d6
0x288a5072eaf6421e93baad9b26d59d242efe9e48,sell,15.77631233100599,0.001466588504668197,False,False,False,0xe5119899069102f6c3974de12b6247e4f90101a8c5ecfbfd2f43d508f6a641df
0x2955629032534a0294713fc105202427190b51eb,sell,45.80599108524654,0.004258183571510792,False,False,False,0xff6dcc2388d8378b31f824c1c70a847a2bec965a5d3af508538510c3feb338ba
0xc921d2e7f77193c42520aa4248f2769080f3d126,sell,1832.6438153982037,0.17035671713397704,False,False,False,0xdb2afc969d8f18638995b331e6d11028c0451b2b1127a7f612e4a9d01df5dd66
0x288a5072eaf6421e93baad9b26d59d242efe9e48,sell,74.93748357227844,0.006965608780793117,False,False,False,0x3e934a47082d330b757d31b71c54946d1d1874390e992c4e21d25e376ad21be7
0x2955629032534a0294713fc105202427190b51eb,sell,217.57845765492107,0.020224258757805334,False,False,False,0x2fac85bf660d64819415ccd6622b1039c608cb1487aed75ed1d9190234dfcd45
0x3b5cb055931ab2160e84bf219eddf288b3702a02,sell,927.584934604978,0.08621794465991355,False,False,False,0x1c292c9f5ee3179d2607747186e71c21c7a71537211d843ef36b69cbb12c8136
0x3d3809bbcc6e2d5ab9fd4c19ec23cb0c15169e69,buy,2557.462464241453,0.24255,False,False,False,0x2b1d9eb01c421e576345a8c63cb31d6bf3ad9049248f97d08651e74e9d7c75c0
0x302d86e24d7474f0408a53e26a1111c041a94093,buy,29360.1711884998,2.7868231844090054,False,False,False,0x400a72042b6f968f004366bb40f03917f3d93d7f3ebcd3d50cf49514c8a00408
0x302d86e24d7474f0408a53e26a1111c041a94093,buy,29315.696513832718,2.7868330991455155,False,False,False,0x2a6a4e078a05a0bd20e601f5301022014e72eac8e038d238885885afa60d5ff9
0x522d51b589ac495ab20a205bd32dcf5beb8d1d0f,buy,164.4394040185696,0.015644018426068232,False,False,False,0x1db11924b0d79605fb4b4b673c9291d4bdd9e83cccaffe62b335f845139255c8
0x59412ef856ce78786ce1b9fbcb0a92eed13bf341,sell,516.6892968003809,0.04817732458367307,False,False,False,0x37c4d181c14db27f317f9d53d4dcf42319bc89affef47a4113db32d7f0b27699
0x9a12a536ab0455949eeb3725b7a7ad10dc0ca7ea,buy,2587.107594353825,0.24613913911817198,False,False,False,0xb888cfbc46e839ea7c867c2818d8b3d72ac06a52bf86b603b5c5ae2f17e41220
0x260879b14cf6ad61c81eab332eca9433a549f1e6,buy,638.4047172691799,0.060743327578314806,False,False,False,0x445b37b1bc6b74d79b7bad13f87070fde6ae9c5d572af575c1fdd1e1db00a475
0x3d3809bbcc6e2d5ab9fd4c19ec23cb0c15169e69,buy,5097.5819197966075,0.4851,False,False,False,0x73986f9932a41f8190594db0833127f709f77415a93d6742cf40570504b77b34
0xe463e91b5ac588e24ac810d403795f08f86822d9,buy,5096.235106331019,0.4851,True,False,False,0xe31a5b4eb250917d25139be078fd1147cc521cde83d3850ec4f5a19a96e8155e
0x1b36374d5a26c45726632162188f7162dcf39639,sell,16.365767915557075,0.001527023742933802,False,False,False,0x3b21737e9104bcdadb0f15d32f74bfaa73f7ed9bc958b13ad308a807e11d506a
0x77de97911c6dce30ac6c345e0678bd19aaccc5f1,buy,61.45551817632466,0.0058506,False,False,False,0xe4700d10e2613f5e1529e1fb5a326b8b232093ec7a9998e043ffa639920ffcbb
0xf9284c163187ddda551faee849582ccbd6554e49,sell,2000.9352380622913,0.18669011904986432,False,False,False,0x7207dcf5429ac8a8a760b88429e73eb64f4fa0b920b3a443e3020afcb188e1d3
0x5a2ec8fc323180c33638bc02cbaaf139ecf37d94,sell,87.20932139987782,0.008136318336889313,False,False,False,0x28c90c5924d599f6e69d774a4b51ebd1d0bd021904f134a96b5f6f9ec657b384
0xb223af6bbb2cc9f6697d73ec5204bba30443d23b,sell,1058.0153537932104,0.09870615409778974,False,False,False,0x0221324ffff9a651a970ddf348137cfacb17ff8280db684808d1617b9e51ef77
0x6d22c8a7fa7018ad176c53cc9ca0df69795622e9,sell,3687.66619305082,0.3440444506173385,False,False,False,0x1436f2f5782f8319ab8d5fd3d95df92f7b6553e3f027f0d1f2e9ee39278426b5
0x539f0cf2989a4d53f84b18b290c15e810aaa15b0,buy,8471.22243640147,0.80647875,False,False,False,0x4d82894c04dda46059b6f3d096f845b9529371096737e0a66c98d05d7f5c392d
0x2589f2c70799487cea39791439869334ade86d88,sell,217.58325272276318,0.020306526916079325,False,False,False,0x41d9f32136818ea367b271b8cd9fcbaa80d2520013716421143dfe424d9349d2
0xa802afd896e4574dced437cd179cf49b87bcbaaa,sell,3150.059414798995,0.29396213376161967,False,False,False,0x70f72a4af7f5d3388eb81121753ed4200992b7f48be6c6e33caf1022d8055b4e
0x1b36374d5a26c45726632162188f7162dcf39639,buy,13.953280698456451,0.001328781314,False,False,False,0xee2d861c7518fc857a59725626bf920d915d54c1e74b57d684b9174d938b4414
0x3d3809bbcc6e2d5ab9fd4c19ec23cb0c15169e69,buy,2546.8024578620643,0.24255,False,False,False,0x9237a1a73de627264d11838ce073b5fada79424f6abf51846cde6b1a62ec1218
0x2589f2c70799487cea39791439869334ade86d88,sell,163.18743954207238,0.015233159767615124,False,False,False,0x2390c2c470e5c8139c2cff6841d5ea8909e32bb3fb06bbd70147266ea37127d4
0xed1ed6bed9736aeaf55d95686e2e8c05565fe747,sell,1001.6448584308066,0.09349837184784673,False,False,False,0x69e0133c25ddd137a03917b5562f7d820ba8cf22fda266476ea79a16812c3e27
0x2589f2c70799487cea39791439869334ade86d88,sell,122.39057965655428,0.011424198542120931,False,False,False,0xc105f697e244c0f709e5dc46886f2dc3988fdd893cb066d8be981855254bff72
0x2589f2c70799487cea39791439869334ade86d88,sell,122.39057965655428,0.01142412675572975,False,False,False,0x5e3da2125ea53efeae02eb939a736f23167a750c14ac7a60de48eb2e1dd131c8
0x2589f2c70799487cea39791439869334ade86d88,sell,91.79293474241572,0.008568047957385132,False,False,False,0x9bbbcc722bd867ecf105e89f0536fbbfe249698ff30fe201b24b22b7767028f1
0x2589f2c70799487cea39791439869334ade86d88,sell,152.98822457069286,0.014279990197607315,False,False,False,0xdac30684055dc0a755b44f9fe7fc3f4d3a76aaadf830edd00701bfae13a13316
0x3c523a57e98637938302a1114b0311e793636ddc,buy,204.89098771829245,0.0195216,False,False,False,0xdb234e996de3258bcc80b522abeb9232c574f1d7451b99239214c2bf2cd807ba
0x1b36374d5a26c45726632162188f7162dcf39639,buy,12.90847073661335,0.0012299,False,False,False,0x132d4fae25b1fc661186cdcea33d30a286cee40239b39b297a0e56d998c14b91
0x28f7219ce74a4e985d6ab83ac2147eb51ffe2f41,buy,9804.332567833411,0.934380216,False,False,False,0xf3e3e7b1dcfff6d64e2b9ec7373b52f0adeda6dfe2d8913f36eceea1a7bc1406
0x1260ef190b554864c410326882178ccc6481cc10,buy,101.77569478955431,0.009702,False,False,False,0x2e0d042bb65512d6d9a84f2023de36965dd04add5ab5dc3be7c5281e200a6834
0x5c7e3ac0a34b892a3b999c07a2a3882fab83712a,buy,212.27677180532132,0.02023593180882966,False,False,False,0xb4a3624390bceed4152c78698356b9bcd7a0f933c8e92505a59e9afad8f9f532
0xc1244cadede96da9f0e0d59f2c0d374679f7d094,buy,850.8415127804716,0.08111130369043187,False,False,False,0xb46d4e151559fa2d45d8b54a4588685659203e017aee2020b9bf82a6db5183b2
0x11bc74e240c13f7067529b21dfb9933ff7fcb136,buy,20548.597823447366,1.96,False,False,False,0x202161b098a7b6798f90a15279afcd796aab4b5adb719a1d45caaa16057e22ca
0xbad991f744ff41f7b69c48288e3666cab201ef75,buy,2554.2000524886635,0.243775,False,False,False,0xe710bc82371d2d861cee6ea941f073f82f69386f19a4462176865037aef03551
0x5ed35a54d2cfeb531c9070ed4dfc27c305344ada,buy,508.23257187445535,0.04851,True,False,False,0x87e3ed930cc2cf5c2e42fa80a8e31b1ad989e99d1d8a4e2525b9ff59549199c4
0xe1b075e6d987aa31d7a62be014d83356fbab1771,buy,50.82251962263155,0.004851,False,False,False,0xbe93adc6e2e48250a933431f4101a19f34ca72768dc7c012276c27e6c091781a
0x9cf3afdaf86be9ef464d1835bb24ce1ade3795f2,buy,424.6632356958883,0.040534526807985576,False,False,False,0x7037085f79d615b52f4a5fcf5175de8be0d291db3184ee1df9c470914117c7ff
0xf53483f3e48492f0870256ace2674666b16adaed,buy,21744.761443986732,2.0772957051,False,False,False,0x25b2915eb0e9b6dc25d528b041ff674490a463d06c1dd21255148d8bfbc2a211
0xf3507e71c5c2deb5f56e9d5c88e4deb880033729,buy,424.8028373196515,0.04060515091606104,False,False,False,0xb7e6953d51252b76b3f4131d3c0c586f47239f19890e9bf98871714ee287dc88
0x742b278560f91c762ad1f0580b37ec3c91592099,sell,116.5788268553566,0.010927777278290612,False,False,False,0x7bc9da2813802ff0f6ccd05c540bc01568ad61a4bbea115833d54f96d4a09c84
0x788159b2fc582750cc665bd88482215d3fff1250,sell,646.5085238502046,0.060600733962771366,False,False,False,0x87cae14bcf2f6f4d3d6225b9ead972157f06981b4e1bf2717cefb6750e012377
0x23bf7a10f21ae365448c094b3ee3413d0d55740a,buy,1684.196352930345,0.16129255051822816,False,False,False,0xd8f48ddfcb1657cba2637be4fff4bde42dad7048907ec8429367415ff6148cb8
0x70062e892b027f0e26900a14f97a384e6d2ca0c2,buy,3069.5312495165244,0.294,False,False,False,0xa059c252c7e02baa63266fc2f4ed0088c21739d91ef4ce3829b97ceacabbaf14
0x4900a41c086e7c14683a618ca67c18afbd35337d,buy,4211.101242412675,0.40341605810309383,False,False,False,0x02affa3fa578f4bfe5301467a17e7708ac4a95d5ad0bbeae706f08f253e9f916
0x6ba9ad599e6271252817933831e3148936cf742a,buy,2684.8498086081704,0.25725,True,True,True,0xd11d6412c10c7be89d83417dc3dca6fa63c7896da72a2f3bfd00765b79fa6d76
0x742b278560f91c762ad1f0580b37ec3c91592099,sell,174.86824028303488,0.016422719956316025,False,False,False,0x83fc678ad830d312e5c41617f2fc1c59d68fc9c436a0a305895274b2b9a7bb5d
0x742b278560f91c762ad1f0580b37ec3c91592099,sell,174.86824028303488,0.016422572061917197,False,False,False,0x13708fd10ad13d5f067c8f862bbb4ffcaf5229264e504c180df330b88d4b3b5c
0xa94fb35292b10e8172695e3bd7980b49191bebf1,buy,4199.8773679164515,0.40260930343658946,False,False,False,0xe5a8030eab5fda687f1d181861b21bbe90856091f2d972854bf259a3e4be9f5f
0x9c5990741bb60b363aabc0f74632660b330d7f87,buy,413.40614430745734,0.03963476119549448,False,False,False,0x3182d1e0fa3debe62df6d12ef9391df13e6bb40b222d96f6ca1c7db653101717
0x3d3809bbcc6e2d5ab9fd4c19ec23cb0c15169e69,buy,5059.063365055719,0.4851,False,False,False,0xa89108f73d5f37583acecbc33632d846e5bc4209e0f02a734a8a713b5f398830
0x11bc74e240c13f7067529b21dfb9933ff7fcb136,buy,30632.518906833477,2.94,False,False,False,0x1c6fd59041e6510df548fb09a0ebcb75d5c6325c5ec7121c1d1518381e9c7984
0x3d3809bbcc6e2d5ab9fd4c19ec23cb0c15169e69,buy,5049.672853604213,0.4851,False,False,False,0x02a1868fe59d002ca27ea2102e13e6add494f4298aa1cf6f7d827bd7625126b1
0x3d3809bbcc6e2d5ab9fd4c19ec23cb0c15169e69,buy,5048.344981036294,0.4851,False,False,False,0x72b3ec60d21708ae3394950e47f99a04bb794e83300379d0617491966e2d98fe
0x5a0132d32619a327a821b82ce0e0a9feaaa92a30,buy,8424.623717033885,0.8098138136595316,False,False,False,0x83d0632fe5a55cc29f241c6fe8f201a95f9c359c56a49c9bd60a29b18efb695a
0x7ab495075b3a93eeb5c5f2670c557f3a36fe128d,buy,1262.8263887140372,0.12141935434778516,False,False,False,0x120a14d2954de3558881b82cbebe131fff7a3c48cc06dd4642574684508b1258
0x0339fc776ce3828d07820f979b47d46026071dbd,buy,371.1630994670936,0.03568843897242103,False,False,False,0xa86d7a62782c938019267178d7b27ff890c7a4b49a6d9ebe0f8f75524ed7afa7
0x3031b8e1400072af0ce02e3aea0a0efd0ad51caa,buy,4.233363462042103,0.000407054503767331,False,False,False,0x3e66677836c43c145e73160165f9bfd47de590ce06e52d611a907122904fe125
0xd26a2bd8a59ea00bd836142cc6be9717361a3b51,buy,5200.736500935042,0.5001390397593922,False,False,False,0xf8cecee7bfb72384042b89abfaf7260fc55bdf364ee65566f46a91b10f512724
0x11bc74e240c13f7067529b21dfb9933ff7fcb136,buy,20367.642852727247,1.96,False,False,False,0x481699a375ed53a56da72ce6059325e1036869de3412cafbe6defc027108e22b
0x3d3809bbcc6e2d5ab9fd4c19ec23cb0c15169e69,buy,5037.6545971822525,0.4851,False,False,False,0x75f607a9dbd00fe55c2651ebf5764eb780afc2f9b7ea78f49dc6050ea4f8d508
0x3d3809bbcc6e2d5ab9fd4c19ec23cb0c15169e69,buy,2518.331120975069,0.24255,False,False,False,0x96048cadc258fa99be04c9ec2feb731cd32a5140e27b87d002459fb038ea6c78
0x3d3809bbcc6e2d5ab9fd4c19ec23cb0c15169e69,buy,2518.000422772716,0.24255,False,False,False,0xc7db60934c651a096e38f48ee0cbc41c04d1e6e130d245048ac22f41f373e615
0xf24022ba0fea5926d30fba8fece6d7a852732989,buy,5035.009011460766,0.4851,True,False,False,0xf2ee2b135b665d9d465ba6f52595900053f9be3cd7387260efbe8aad732c2d44
0xf24022ba0fea5926d30fba8fece6d7a852732989,buy,4027.055335958328,0.38808,True,False,False,0xe6a25c2a70dbcaa42b001b7b95ece842b837f137d20707ea84df06b69785dc64
0x5f1d998a2681d13e41b16276640535ae1f422bbe,sell,1732.471873466242,0.16368816034017583,False,False,False,0x86768273d00e34bc430151e73fbdcac4afd4e1e6dc4218bee668ca7d8915d0a5
0x90738366a044c13ea0a1393d1761d7625ed3f0a9,sell,381.2315171602271,0.036017715690508025,False,False,False,0x59ad07c5e03822898f4b609fefbc16c8dab4fe35ba495adbea532320ce9c0bc7
0x6f7a08594370b39d23f87913e8527a433e415c7a,sell,104.03,0.009828347970217172,False,False,False,0x221fc7fcaa0ee6e14828a5f9e3525ffabe17fb90e6e65d493f79332e7556f4e7
0x2803c2df4cbfb581b03f5857ebc55c47f549d65a,buy,105.69142474174156,0.010188055905115088,False,False,False,0xd6f3e30853262e54d6a6eef50c267c4cc0172e91dad159db03ae9c41ea09d0a1
0x67ff4f9ab75d73cc4abd1414089fecd8e27714ba,buy,1006.4613542297217,0.09702,False,False,False,0x3de8ff62c2e6591e6b655c5fc1d89e5e933f4f8b44d7e47df3160b17a36114bc
0xef730526582a5b6ace5506a6c16f960b29049f71,buy,254.62089100859185,0.024545534124694433,False,False,False,0x789b64eba18b755975892ca22e5a8f0dbfd321382b69179b49b206b3fb5a9652
0x96477abe876a3e5474e4913249da69e26e5e2728,buy,1710.8402954267717,0.164934,False,False,False,0x29ff5722a5c3000a59439c96352347f5226eda6c6857b5411eff4d224f189a27
0x1b36374d5a26c45726632162188f7162dcf39639,buy,13.773525294689588,0.0013279,False,False,False,0xf71de79306839e863dbdae403dd122e10a552a27575cb1bfad5e1a9e9604b80a
0xf777b79d1105378cee614978c68b89383b0ca362,buy,5061.481495839443,0.48804,False,False,False,0x94e5dfb97d131e6c01565ba3b73d4ae3ebfb8e1a1d1fe752f9c2892fe19a780b
0xf9cb8475a5bfe5acd46f734aebf0dd33b60c1060,buy,1012.1359070842486,0.097608,False,False,False,0x9d02e3e7b2a8821a6a101aa7391e259f9afcec4d81e8c368708b655a65945afd
0x0a771437ee59dcd30429dda71a1a011db8957bd1,sell,723.0495413450292,0.06834211001240953,False,False,False,0xd85768aa24e4a9e458062fd8c423a6774914403aa99a3113987e29b65bdb757d
0x56b36af95614bd5ef8e9279da81e9cc65edb177d,sell,270.14931491518365,0.02553365923324682,False,False,False,0xa563a92cd23bbcc5cd419e1d96091a531541941e2135004e35c63e6f37da17ec
0x77de97911c6dce30ac6c345e0678bd19aaccc5f1,buy,398.3869431902216,0.03841894,False,False,False,0x2aff33b8befe40586eed2a2ee8f5fe32a8d38d0951e08ea6a069357ca517d34b
0x3d3809bbcc6e2d5ab9fd4c19ec23cb0c15169e69,buy,5029.554159854059,0.4851,False,False,False,0x77bb167938a12b1fa8fa5e5f0891c192dfe6140c3132b72a0654f524a07e828e
0x20b88e992c063b0d3dee60b101c09b3d8d74663b,buy,5028.234425249573,0.4851,False,False,False,0xaf5ccb71df7671ed308c37eb5f017b2fdf537c02d65b4b5b26b2fb660aafccc0
0x20b88e992c063b0d3dee60b101c09b3d8d74663b,buy,1005.4885626068536,0.09702,False,False,False,0x5e5eba3806a7a8240cfb15e1e37ad674629b5e4044bebee8b1e2396e131f7bca
0x1b36374d5a26c45726632162188f7162dcf39639,sell,39.550783483987345,0.00374042169675406,False,False,False,0x97f96f816bc338b1ca106820085fc8c00f23249c38c021effb816b786225f4a2
0x90742a7bd8518c7b8539badb850fec0cffc39612,sell,159.02822750342563,0.01503964089855083,False,False,False,0x4593780fb1d3f00d4650b8e5e8e25e5387878e7700e97231ba29e604ec00ef37
0x1d69c571f7fff7e37ddca9efc44842b549730cf8,sell,2076.7622683459153,0.19639252227549614,False,False,False,0xe06b757d6b05dcb5231875bfcac84834a5d1b26c5ec65296d9efc435e7a38360
0x3d3809bbcc6e2d5ab9fd4c19ec23cb0c15169e69,buy,5027.2423847490745,0.4851,False,False,False,0xdfb26d9371a0e2e13c68b66b1d9d7eeb1ddc884d412ccf1ab8dfe3b709a170fe
0xf3507e71c5c2deb5f56e9d5c88e4deb880033729,buy,1685.6869006103145,0.16268759717921272,False,False,False,0x11d6bec63f0a8fd8244fc42b7b245e30f546166e5abae26938cee7c9289cb093
0xb179fa373c86fda3beb7adb2524758797c10c574,sell,252.13567889832066,0.023850555850272896,False,False,False,0x8bd63e4193e37b0d15cdfc490ffa654a0bc5da5ee3809f3f4d26dabb086a03d3
0x3d3809bbcc6e2d5ab9fd4c19ec23cb0c15169e69,buy,2512.938231452204,0.24255,False,False,False,0xda157045e1a97fd6021779ca0f42b99e6f6303a0129f096c48a89ace35fefa98
0xb179fa373c86fda3beb7adb2524758797c10c574,buy,201.02081875201918,0.019404,False,False,False,0xe2e359c7f12350f55a9289b5b82e481091b04490725eb467ce521c882eb17cd5
0xef730526582a5b6ace5506a6c16f960b29049f71,buy,287.194161097217,0.02772243467033796,False,False,False,0x7bc2b1e64700b239066ffff5fafe6b9c90915b53040853adc81489142d19a172
0xf3507e71c5c2deb5f56e9d5c88e4deb880033729,buy,842.423995399112,0.08132036070930665,False,False,False,0xa88c393b6fa1e504b4c32d5c74acdd234e439932bc34233f31a463a82d0acae3
0x6446b9817b282df1051ea8d0cff042847fb34600,buy,1705.3223065185086,0.16462808328319764,False,False,False,0x5553ad300c7769b04824731c246f45ad53ceaf11c43d3dd3ed8f971e0ac659d7
0xced113516647ea678d8ac70ddd24d22bd25b526b,buy,3155.1990794257526,0.3046346623793678,False,False,False,0xa53ae0d63594038c2aa7a3176a34c77ddca75bf5db3f6a8344cb9f0dcfd1f038
0x170c5b69504eb7dde8a1a08e55b676738032273f,buy,420.1104363686559,0.04056547392485756,False,False,False,0xecccb0e39898cc13925ad6f03579b58ca6e21f84058c6456b55eafaa8ab471cd
0x3d3809bbcc6e2d5ab9fd4c19ec23cb0c15169e69,buy,5023.153784954489,0.4851,False,False,False,0x59f17379c014c0aae3845949de163b85be80f364050c2dcc05318d93abc443b4
0x6446b9817b282df1051ea8d0cff042847fb34600,buy,2418.7306610790474,0.23362896791125434,False,False,False,0x99ea6a806f8b99dd8e76220516778ee45894abf31b5cb7f5f987d5684a227a43
0x3031b8e1400072af0ce02e3aea0a0efd0ad51caa,buy,4.23036308535409,0.000408643221109341,False,False,False,0xa9b01131cae57a7146a00312264a3467f818af325f1a45e40975c4ba26128e79
0xc2c66aec8165f0e94b692b088c5459e8ece2d493,buy,10041.0860708919,0.9702,False,False,False,0xd7f762adb484fd2e2d35669c9b6bb9b0d44a160fb3a35614e3361368ed36533e
0xc2c66aec8165f0e94b692b088c5459e8ece2d493,buy,10035.822347074492,0.9702,False,False,False,0x2330787386046bb405f7ed8b54a8170281da8978302d6a1b72e827a72c690f8f
0xc2c66aec8165f0e94b692b088c5459e8ece2d493,buy,10030.562761185181,0.9702,False,False,False,0xf099498960ff3395926630104afbcf919849973861eb2298a725c7b4a2d7c244
0xc2c66aec8165f0e94b692b088c5459e8ece2d493,buy,20045.36329474008,1.9404,False,False,False,0x27d2ff95fb5b057cc60a8cd49091b8c3574d7589c967ae3224737a05fdf9c12a
0xc2c66aec8165f0e94b692b088c5459e8ece2d493,buy,20024.374498025725,1.9404,False,False,False,0x11e56b71f80704b82458007c62ea0c1a6bc21a36821affeae7c72b60c15a1716
0xcab21d30dbbe7ef86618e1aea139f6c8a9b44c98,buy,17636.692204370265,1.7107134775500001,True,True,True,0x4be79b0bb222757d3874ed8c70487ef66574f85998b9efb90cac0d2c236a9f29
0xc2c66aec8165f0e94b692b088c5459e8ece2d493,buy,4998.203267912253,0.4851,False,False,False,0x4a198e2fa6cce1f80c552f1486781146ad12bd5afb2516480940021e5926f150
0xcab21d30dbbe7ef86618e1aea139f6c8a9b44c98,buy,37354.26008052021,3.6294359094,True,True,True,0x3c952bbaf527dd1fb0340974ece187333ce38977cae1a40d6d01def7bec5b99b
0xdaac35bca6f338399a89ea230a85ccddaa411725,sell,26110.783981277626,2.487253720476904,False,False,False,0x4096c182ab409515f4d91c2f2cc6c450c01288f2391e2a599aa6f74518b6b0f9
0xc2c66aec8165f0e94b692b088c5459e8ece2d493,buy,9986.468613289451,0.9702,False,False,False,0xb1b72a431452650977fb6e7fda51d3a83c4346f4c36bb1f79664d961fcf589b6
0xfc3c962fad2c1cc77f1a0d46e7b8a2de79a21774,buy,99578.21384173956,9.702,True,False,False,0x35d7c3a2d5eb6df6cf8bfe2246026f23e8bf3afd61334352492a3acbbde9fdbc
0x5f1115f3d02030817f06ce4493966aa10189ba5b,buy,29248.27206826222,2.85933375,False,False,False,0x186d448bfb3443c62c74a43c16ab70e5b13fb94950ba55dca096ebd5381039c3
0xa1a5a372dfae18884b2930b91df4f86cec8da1ad,buy,8030.754302274675,0.785862,False,False,False,0xdc3cf5a9b27f96eb6241b21f46f0be3f2053445692d8660e44a23fbff6cf149e
0xab078f1e310c3f6b9a6b6c91f23c6cb5f09fe61c,buy,5787.9722187051575,0.5665968,True,True,True,0xea24cf7c52f264cc25a6d564a1f631b11801d6ded64fb63d2c261d8341425ac2
0x249571f65ef05cf04d76fcf45c106e6990442285,buy,2477.1895908603565,0.24255,False,False,False,0x052b6a480ee6d09645b70a17274bf62fa8ca79a88880fcce621c973b9eb75f89
0x7895a0a2d2898401aefdacc8b205e7b6b5804f7a,buy,1991.526550164553,0.19502,False,False,False,0x25c11d60532c92a7f1908d05bac87591c696df37845d8ccbc5d3f0ccb1aa5740
0xfc3c962fad2c1cc77f1a0d46e7b8a2de79a21774,buy,98813.50956865614,9.702,True,False,False,0x1a004c85f0777675bd9b83eb3618ddf4e193d424ae48cb28bea67a22333d0621
0x7895a0a2d2898401aefdacc8b205e7b6b5804f7a,buy,1505.5735083900295,0.1482152,False,False,False,0x7bb8a972cf040e8fab6a3f90a7d25a94eb68cda1e8e9997798d6b64e58802237
0x8ed83349a051ab7d8c1baa92bba18cc211b6c4f2,buy,7984.268596002163,0.7862025527490719,False,False,False,0x9259e78a2fab55e75e2110bc34ffc7a84d8a4082ad2bbf12ecb28a1407deda76
0x690de3a521741d3fba8bd95923518e79772ffcbf,buy,12126.041623622705,1.194671215640394,False,False,False,0x9114c5ddbbbd2af02a4e767db851f807754bd25d349c480c914128df5c648f54
0x3d3809bbcc6e2d5ab9fd4c19ec23cb0c15169e69,buy,984.42343000664,0.09702,False,False,False,0x420fc1ca23e1ac2310d7d2be87f8f207091b11c9f2eb2988324524fc87152600
0x3d3809bbcc6e2d5ab9fd4c19ec23cb0c15169e69,buy,9841.426616154402,0.9702,False,False,False,0x264bbdb1b238c09a7dfd61b92f9e8145d28cd6d9d39485da63fad524ccbd8e69
0xfc3c962fad2c1cc77f1a0d46e7b8a2de79a21774,buy,99122.9700019497,9.8,True,False,False,0xb7e21c2c87da7862d2c8c1eff173fd4a4808036e608d2a53a90853be63ad3a7f
0x6c39dbf7d1a6ee9f42a0211f0f59db38123da995,sell,1.322196782049257,0.000128455935833175,False,False,False,0x5e84d5b999064b649f27241be7575a935d9c6445d9c604b2a4d3f689f40e7d19
0x249571f65ef05cf04d76fcf45c106e6990442285,buy,9785.010511401711,0.9702,False,False,False,0xf7ea399048ca41b1d9dbcb05d78d1d84c3c0a79c23101f295f6c1eae6f570a3a
0x7895a0a2d2898401aefdacc8b205e7b6b5804f7a,buy,1002.8259130188319,0.0994602,False,False,False,0xbb1b5532f3c2b5c873409786f20dbd682ae48ff5ac5ab5572c7d0a26c4634a33
0x11bc74e240c13f7067529b21dfb9933ff7fcb136,buy,19751.2239575052,1.96,False,False,False,0xcdfdec8a6d120324634f8baaae3fdbbe16a64de29b0b7c5d836d8b15402e5c60
0xb19e4456e26181897aaf08e76f09691a27d8cf47,buy,100.02144162279951,0.00993077365,False,False,False,0x0bb2c8d02e1a9f972c9c3fa3a49c5c3b27437372ffa05cc2c68268283a7f1be1
0xb19e4456e26181897aaf08e76f09691a27d8cf47,buy,200.0423540753951,0.019861652356,False,False,False,0x32e74ce46fd806fb39dc4292cb1eb7457fab6bb0c436e037584a2577718b543d
0xfc3c962fad2c1cc77f1a0d46e7b8a2de79a21774,buy,98446.05247750203,9.8,True,False,False,0x1c5804f607300f17c532cf775790a719a4f5d6968427946cfc18df6f3dc83437
0xddeb5dae1e53d7ed06e4dbc14621cc9370b09881,buy,19353.45999166945,1.9325971650603293,False,False,False,0x3fd86758aa2641125ef26834459ecc219a3cbf6e425a4a4c2af9b287ad753b78
0xfefc03fbb02f682d87e852a0cccbe393e62494a5,buy,4057.349938374874,0.40626478067484245,False,False,False,0x042c3afa1128cd2ddb30033bfdbc1b1100370b9c7589f02bab1cdd0e3b90aefb
0x463c1d0dcd7634f2ac4cacc87f998be1108f6093,buy,2273.1163394957916,0.22764671131391787,False,False,False,0x9c803c9bfbcc2defd4addb19fa374d0639df58b4b174b89ed969c7ee2160f015
0xb390ef857bd733dd9b788d5757858c542b1715f2,buy,48861.43520077472,4.9,False,False,False,0x022c7a240152bfeb04d15c73a3d7a53e502d3225351b3a9279a0e62532e5363d
0xc252b35e96f8623f78d18faced77518acc68b185,buy,12098.018178221995,1.2152,False,False,False,0x0f082685730545c519f5474a0bcae1a5eeaf1950c861ce09964f93f96e811e61
0x76475295f23efe2a7c3edeb8feab5ddeb72783b9,buy,4827.277162123861,0.4851,False,False,False,0xde01735275adc22448a01fd4bf2570f4b23370475a8953e928c0d644e43647e6
0x76475295f23efe2a7c3edeb8feab5ddeb72783b9,buy,4826.037587618511,0.4851,False,False,False,0x1e22cf53983acf1de7c98b1738c062e17edaf3af8a426e40ffd1ca7590378ccf
0x1b36374d5a26c45726632162188f7162dcf39639,buy,10.12885225115273,0.001018255328857822,False,False,False,0xf998700d320c9bd1a6b52e2f4cc7d56a86cdf3ce51d3eb8859bfe3d53759aa6c
0x0334dae5308f01e0d7e23b9d0a4bbecc58a56e15,buy,4824.795890068262,0.4851,False,False,False,0x2e1565f1e6ca5f117ca775bb4b2391fd386354d4f6895cad127dabf8be92216a
0x98153cf43e104ed590078840c12628d4289bf3df,buy,24105.409700408247,2.4255,True,True,True,0x2233acb276d556bd80a02dea6b29f49b015be45f77d2e2ee953c5d10996a436f
0x8f6581ed8367be44a0a667aafa5671c487f05020,buy,4030.2621866651466,0.4058311210644746,False,False,False,0x7826d322bcf40a4ef91c29d24111fe5b9856275770930d8aeebc22301cd35636
0x8f86b823cd79b0cbc328e18b1cc0c66cc1b583f5,buy,20126.916739814835,2.0280037413306227,False,False,False,0x27511b56daffb1f69e11b06321e439a1a4d13da74ba69aecafa64c1d44e4490e
0x4bf00015f2e85d44e76305b475a2cc3d5cb9ae65,buy,4044.0910934625563,0.4077482214605331,False,False,False,0x15688a176d5f22a7604c47c446b1eb259ba9e407860b2890099f8ab089084361
0x1b36374d5a26c45726632162188f7162dcf39639,buy,9.281355204695497,0.0009359,False,False,False,0x5d71979c917545d8f77ab62367b845eece9630207460dd4265f7f3f24b5165f6
0xfc3c962fad2c1cc77f1a0d46e7b8a2de79a21774,buy,96935.89221940552,9.8,True,False,False,0xc83b72c28f43b934b3dcb6eb3cc58edd84affeeee201b81fb1d38fd6313c32cb
0xe4b5788f40442066140fd74552c8ee8ce42a034a,buy,12017.814329842517,1.2185117539546322,False,False,False,0xba56b3c4439d130eba006c16dc9abf878c351a7dfd543afb9ed36fcfb6c4cdce
0x86b578c35141ae8ad3fd594b5a247b5cacd6a1a0,buy,17108.165511169307,1.73598416376,False,False,False,0x2b160b2edf4659734b45f9259facf22072b9b2bb45d19db6b57e540d329cc069
0x82964982c02890483fe4b2ce66121e10c294a477,buy,4223.041215743553,0.4287610187751314,False,False,False,0xdc0a923dddfc5373d1c0481377e874e18cc9aec89065a126ab7a690bac580794
0x0334dae5308f01e0d7e23b9d0a4bbecc58a56e15,buy,4776.796946774284,0.4851,False,False,False,0xeb98a8114c935496ebf892903ced13c7b78cf132bdb5f31376f5823d7038cbe5
0xe28fc48e2bf590cfd71f3992fadae4be7750bc71,buy,2387.9408756217194,0.24255,False,False,False,0x4887bbef02a7bc52067bdad60039016f946c3eada4abf2fb27f3ed41625fb81e
0xdc6af65e8a9c5b02958e93ea1f9e5d54b5ce1262,buy,397.89840027948395,0.04041869254553364,False,False,False,0x9ef7c65aec9ead07110beb0bba04f26c2905a745d9b26d75ac9dad68beb21527
0x5ab2d1f5069dd2f9aeec3b0a8e923b1cdbe7fc44,buy,3752.7125913739965,0.3812445,True,True,True,0x9f949975904109b504d79716aafd78fd9548e3ca1846a976c7c34cb15b89f810
0xdc6af65e8a9c5b02958e93ea1f9e5d54b5ce1262,buy,397.806673175475,0.04041834820420213,False,False,False,0x58a3d7fea078da273f9015e1ce73e2d89f6418bcc32fe50d5e0712214b93d859
0x1b36374d5a26c45726632162188f7162dcf39639,buy,10.325109551088053,0.001049073475267814,False,False,False,0xab1540ff44a1a88c1c2da34c6b4e78b17adc2321283ce0f48edbbb48e6b09dff
0xdc6af65e8a9c5b02958e93ea1f9e5d54b5ce1262,buy,795.581514315146,0.08083608727842258,False,False,False,0xb2d960b766b1e7fc32882b2c21e8dfaaa68d6010bfbaecb179c602a69e1f3305
0xec9db389ba9b0f9e293d2e01f19277eff54f3572,buy,22233.5612329822,2.26046218125,True,True,True,0x43bdd52d3b4d6192369165c83918a815ca5c7c29d77431f04176dc8b75027dc6
0xeba68f02e7af992b3870422d2ab64b316f20604c,buy,1904.4244973005354,0.1937458833720871,False,False,False,0x39df09ebab7dd398d7738e75f6f0a95e64dbb5b32684dbffe532dc07f3856a81
0x20b88e992c063b0d3dee60b101c09b3d8d74663b,buy,4767.437278375171,0.4851,False,False,False,0x82d2311b9cbae31a07b67d4d77966a58d129ab5e14d1648a252d7ffdea46297c
0x0334dae5308f01e0d7e23b9d0a4bbecc58a56e15,buy,2383.2623856333944,0.24255,False,False,False,0x5bd95dcc685e380a822d48e7a0a9dcc620440c5f6c2c3e5183aab8295bc6b969
0x20b88e992c063b0d3dee60b101c09b3d8d74663b,buy,4765.61255521729,0.4851,False,False,False,0x449ef3bf743d01f93aca8880f44b6c0153eb278db0db6cdbeb877f2ba00fe6e8
0xb85f0e5f8b72cf5c81d82f7fc6c35703f5d229ad,buy,95.29984737200651,0.009702,False,False,False,0x32f0a968670db782fe70124cd6740be69f531289a377c1fc6da74ac5e486b884
0x5ab2d1f5069dd2f9aeec3b0a8e923b1cdbe7fc44,buy,940.1154473543074,0.09571109712507603,True,True,True,0x523666151d39db5a2c355ac61f3a57a9d052dd2d663e521cf2f0a9cb1df82907
0x3d12cd00dcbbe947552ae408020c475394dc8b6d,buy,2408.846715943497,0.24526140749176234,False,False,False,0xf4b853da2e0812deb02385896d29647269e02c670813b6d22524c3202ea12fef
0x514677b2ffdd0cb98bd5831897ffa986794620ce,buy,3298.1343102478922,0.335857274610827,False,False,False,0xd9865329b55e06a3f210005011dc8aeee901f4984d8166a663de3aa6073fe3d9
0xfe343dc8a41e57725ef407647f1bc4e0037a9452,buy,3155.490812869392,0.3213870710960067,False,False,False,0xf4c0705dc84e21a8ab9da01f2bc3f23ad913e99231b8a3eff6500a03a8c2fbfb
0xfc3c962fad2c1cc77f1a0d46e7b8a2de79a21774,buy,95964.50378305052,9.8,True,False,False,0x19db045fee7c7969d78f697f0964000f67028d1b58be83531449a963268b7534
0xdc6af65e8a9c5b02958e93ea1f9e5d54b5ce1262,buy,789.8005238557371,0.08086463668444552,False,False,False,0xf1a79d277851438545a04aa6eaf132bbf201217198f0243e9731388eb29efd14
0x7ae5333221a7dcd26eeb0194374ecd6d2be94479,buy,191.19745592994352,0.01957648686,False,False,False,0xe43a847e94396ed34130beb4db5c2490c553d20ff298d1c4bc89f1e582701f35
0x35db4d9df0e5c161bddb3c6b62bf44d1d160270a,buy,3908.1288574475097,0.4001928,False,False,False,0xad01c844e7beb34ff4896a49a4ab25e308ac6e3a57dc183926a9570ea2d2e3dd
0xabe0cdd036456fcc1b64d1ddb7aa3bdf7d5b98b1,buy,48745.62039592433,4.998615162185558,True,False,False,0x1c712947cba2530fc3580691d798439515b6d7659ecb2bb0afa4cd2348a8332e
0x86a0b3763fdd594bdb77cf7b3dbd82f67abc5409,buy,1926.966804338993,0.19786956182514037,False,False,False,0xf7ec5184e7a048ccb35fe2faef3c58bdbd7d881d82ebb4c77fc4da2450c9c1b7
0x3f9f71d0edafedb92045e41137f4a57553ccbea0,buy,151.16535025774,0.0155232,False,False,False,0x3954159abc33e557ea881c25b408c62563a687b4cf51306770c06f7829d0c0c8
0x7e7546959053ea2dd1e919a2c7b21eaf47d572e0,buy,710.3010752985157,0.0729426469399888,False,False,False,0x9bacfe83d527db7614f9f9c09649e5bff35d956f1e6081f00280bacd94b5018e
0xef4e9abd2df4ebc520422fcace5dc5c000d02ec5,buy,1506.790868447162,0.15474544994391876,False,False,False,0x67075792f2501fa25ef4d8b170b414f5d178d227849315b0eee142802388d203
0x9c26bf36c5b53620abc504d3ff16adc824807a1b,buy,4827.314438457307,0.49584323002220937,False,False,False,0xbe7fc233425b8603901cb5ccb4046e2a47c85a360e54c68ab5d0dd64834c4224
0xd93fcfb0c238a4e3e3699997967fe35c5e8f2e4c,buy,9489.499746167257,0.9751,False,False,False,0x5cde321f9f9507129b58ca06a386227e911dfa7cdaf2a7ff821163b2a65c4149
0x327facc561234ebd02c933a4d4486fab6585c566,buy,4034.909909132248,0.41476059827777423,False,False,False,0xd8210c21378498b5fd22681ad140b9c6c8e3ad6c6ab27f95366db6326e8d4e70
0xabe0cdd036456fcc1b64d1ddb7aa3bdf7d5b98b1,buy,13307.636793265207,1.36857,True,False,False,0xb475cf4d93fe332d45ac87b9f63537473075b62294078a6b46e1a55fe95ca26d
0xd92d735eda65497b12e827455e3cec9d03847a1a,buy,99.25723066026917,0.01021138681625696,False,False,False,0x5b33ec4ab60769b8e2a63f8e1d88d0e959dd01bd78f574c9d910fe1d45abb2f6
0x8c7d734e2d28c08b7286a46f0b151e791d3abecf,buy,9.430558801718485,0.0009702,False,False,False,0x47766ba308218f081b0ad5922fe9469d7199c5df4dc5ebd0a8b65f741e117b04
0x6ba9ad599e6271252817933831e3148936cf742a,buy,3213.608822769774,0.330639309,True,True,True,0x8bc16b13667fb0d235b9a87b5fd5e50b297023dc40d4a27668c489a2b3f1fc24
0xfd84958c76fa6332c79bfd0c34b9baae258a814b,buy,196.82388352261964,0.02025252089228795,False,False,False,0xdc705085aafdf2eb1a6d4663009e22cdc7a2f361fbbe5b01227b991e6850e5e8
0x368564edf8ec2d3cbe8ec3ad265a3207e663b93c,buy,5000.0,0.5145552090002565,True,True,True,0xe6c9527dc2598be2b71251cf76db104eab7e39cf08562aae4a1369fba8cc6565
0xe4385370a92c6ab64758bc7a9f672e5c1d022ba1,buy,18938.182373582356,1.9502,False,False,False,0x3c0cbbe337d2e9ec184d4550a9d15e992fcc559dbdada89eb913966abb97494e
0x7c2496e40e446016abe1fb670779e856656f64b5,buy,946.4028329424755,0.09751,False,False,False,0x9f97d0d548f4ba1e4e6b8d5df54cbc1bbfc073169d2163c36bcfb01050e21eb7
0x362930cb6695b4623b300b96755cf1841a9b6766,buy,9522.426760375643,0.9813933178982366,False,False,False,0x58131f6bf465b756e48378f80a1f8d707db89051dd0cd801d088816f94b5d368
0xcbbfece866a198f01ebd93b4ebe2d674542bec7c,buy,14254.237361072828,1.47,True,True,True,0x9ad30189712251bff8d0e7d829789ce59389150d46afe7ace254eb61cf40d7a0
0x660fa2c5350833408a20389957a97b586e0578b6,buy,2840.166704803212,0.29303332065,True,True,True,0x6f008eacd77918f5ce7e19f399f856b2bce359dea89525880dc0ecbe8d4ada4c
0xa23aeda16421dc59c41dc59b3692e59db80954d6,buy,1583.4409547867706,0.1633904877681696,False,False,False,0xf86e69818fb208c70cfaf90cda87115d96ed86f6ed6a58ad93ff2a21c1609d64
0xa4a5cc8c29353f333d031f7df7a717ef86caa7de,buy,7443.137454941003,0.7682282742982939,True,False,False,0xadc0267b5e534346cdcdf24c58e756c02b1d3a8cd05116909155abc0c19882e1
0x288a5072eaf6421e93baad9b26d59d242efe9e48,sell,224.81245071683534,0.022746230405345524,False,False,False,0x303f72afb49420c70b1b45057707e29f52aaa68d763e900b9266ccd662a4c3ba
0x2955629032534a0294713fc105202427190b51eb,sell,652.7353729647631,0.0660413682267444,False,False,False,0xcd9d34be667f5faceef607077778fc535815466afeec744e9c34d049d5592215
0x539d84b07c598672e3881b8a708c761b596d1cc6,buy,94.93448490136387,0.0098,False,False,False,0x2b48971fe2f9fc338e8279d3e7304cb6d0ebda6350d76aa1cdb62111d3de7f6e
0x1a5861a1d957e24eafb5d28111e593bd118f06c5,buy,234.96076282171973,0.024255,False,False,False,0x52fbb1101a0a791bb5fa1e3decf7f7d13f6db92fab316f9761b7c365e6ac7602
0x1a5861a1d957e24eafb5d28111e593bd118f06c5,buy,234.95778957764412,0.024255,False,False,False,0xf6e0fc89851adc76a60aba278f8bd8d4be088a9a1b6c770f81aa8aac3f3b367a
0xddeb5dae1e53d7ed06e4dbc14621cc9370b09881,buy,39372.8959057116,4.068855345861959,False,False,False,0x3c75697e4a3bace987d49e113ee3be883f5c8ec27dc64316111bddd1dad023d9
0xc348f4b6dbf1b156d802810db2f6d59f36c837bf,buy,6613.387692582009,0.684285,True,True,True,0xf5f279af272a6c8ffcf2898f35d907d1f2c00160f238798cf34f67ab6f5a9f32
0x539d84b07c598672e3881b8a708c761b596d1cc6,sell,94.93448490136387,0.009629056991939276,False,False,False,0x6bd1727e15cb378949435e9d1364a5f3925607336ae58fb18dc0bd863b025fa3
0x8908253a36effaf7c284dc044f22d90fc9a3139d,buy,1388.4317299502025,0.14369083132918065,False,False,False,0x8fc6179564f4ee2768425a840a7a92e0daa97a8fd9cb9e8b188e561717a26a88
0xdc563cd745192b04c207085497431feb1fd41ae7,buy,1895.2552053078523,0.1961601015052973,False,False,False,0x3c59fef1d9852dd53751bbd7817654797358500d365ca1efcc086e241d8fb899
0xdfb394da326cfa4e1b8ba52699dd01c9ee86c5a7,buy,6403.8386865532675,0.662949665671781,False,False,False,0x16b583ada64c0f466fd48a58d377454d0640a2d69b44e6ff97d8896bc5e33a70
0x792c4efe6c9df1e3f3147e52309cec998c856067,buy,3785.6672779232285,0.3920143409217806,False,False,False,0xe5257fbbea1bc0129eeea8b508fc825dfd1fa14074ec01296f42cd43b8610b8d
0xc348f4b6dbf1b156d802810db2f6d59f36c837bf,buy,63.71448110716949,0.0065984625,True,True,True,0xa4feb8da27255ee33092d3f3fc0025477ec846aa2cceeaed7a30fbe34d15b281
0x33634a42b2ebaecc7156bd9a4b463dd8f3fc6afb,buy,562.7928680496169,0.0582855,False,False,False,0xb024430384b2e1eef486d7f4a5c6eee1e999762f83f94a8d8762939f20627813
0xefa988eabbb2b768ab95ce5a194a910b0050f377,buy,46780.451546975346,4.851,True,False,False,0x5cf413787b92a95f09c4d614037a581ee92f4a5e954c96d18fd9bc2d8e3b3571
0xefa988eabbb2b768ab95ce5a194a910b0050f377,buy,46663.08929242314,4.851,True,False,False,0x00914c29bcaec7bac0a6dd5820eccfc1cf07d3951a321d63f7c36d0a407f6c65
0xefa988eabbb2b768ab95ce5a194a910b0050f377,buy,46545.69501663625,4.851,True,False,False,0xc636adc077a301b9c2fa4d7c8a52ae47d78fe020f32b210cc88eaad5cce9a9ee
0x4ff25ae1b4bf1cee786d5458b43f116d3203d374,buy,37986.806723788504,3.9680341093589586,True,False,False,0x645be7ef327d98c59d52a8733d19c2dfd4f5c7d97fe21212e312edae1d658ced
0xefa988eabbb2b768ab95ce5a194a910b0050f377,buy,46334.39143229257,4.851,True,False,False,0x3f8d2dff5d3c3b462f3f477851402ba9b5345ce65ad963d0145c223ff83b1fe3
0xefa988eabbb2b768ab95ce5a194a910b0050f377,buy,46218.97889119332,4.851,True,False,False,0xbc1d9eabd3a9bed35aa048329b4c00a5505be1f5aaaa58b03e0093554b0af573
0xefa988eabbb2b768ab95ce5a194a910b0050f377,buy,46103.465535732656,4.851,True,False,False,0xae784c8b6a17aac6ac640225a3c660062f063e002e1ae82041647143d5af5b09
0x792c4efe6c9df1e3f3147e52309cec998c856067,buy,1863.9513297318163,0.19637775154960077,False,False,False,0x73f876c53c8fe32a1e640c315ecea89ec7e1d9e8d05cfb43c27bca1501705978
0x4ff25ae1b4bf1cee786d5458b43f116d3203d374,buy,146746.73377585702,15.5232,True,False,False,0xa3121f313ee4258fe074ed5822354a85c41a3dd1563b4b98a1579b3a8245ff38
0xa23aeda16421dc59c41dc59b3692e59db80954d6,buy,4997.14277681847,0.5307849765282462,False,False,False,0x1d81d114f57a7d08504f44c98e4c6370ff0d8cbff4d907f6a191f1170295c185
0xe3ba37b87eb64cd3f14ceb1ba4d4f1ebc72fd592,buy,9130.573974684026,0.9702,False,False,False,0x8d86b09794e45c3333100ae18e36e4f20725a9852259e0cb349fe78a2f8cdcf8
0x09f6ac34354fef95ebdd7824f3b36accb30f6b9c,buy,38347.369225769464,4.080009627406579,True,True,True,0x241e5d04f56aba6fe07f8faaf37f076f100396c83e2fc33d081f68976d38ed00
0x09f6ac34354fef95ebdd7824f3b36accb30f6b9c,buy,8622.781908669633,0.9186066282090218,True,True,True,0x34fcf2f43039f48bc5fc11df2cfe4fd80e9be6ff99577fff04ce466f739515be
0x7c2496e40e446016abe1fb670779e856656f64b5,buy,1281.083986616254,0.136514,False,False,False,0x043e124f776f41d39a97fea1a24f4f67d48cc7356ca71b0f4d8a7cf62aa53669
0x698afb8a3d1fc4867d0db52b5f78fd99bf2476ee,sell,1492.0,0.1558234550094568,False,False,False,0x6d198468cea06205b257a39e37abf78333aa4f304e2acf1302375c70249b01e0
0xe28fc48e2bf590cfd71f3992fadae4be7750bc71,buy,910.4883038301379,0.09702,False,False,False,0x8b39100cc1b7640c3179efb509d6a6ef6929c08ebca6aa22c57203f59d564dbc
0xef85438f84e39eea483fe18c03827c400b9ac5c4,buy,7884.939668159497,0.8404068258522317,False,False,False,0x6689c300f0ae3b627350aeeb176467f472c2e001377ab95a2898673e7201779f
0xe28fc48e2bf590cfd71f3992fadae4be7750bc71,buy,910.0511002179421,0.09702,False,False,False,0x1908fe78bf08ca295748cd6fa2ce817c41f71df62faa2c3bc06855d662985b5d
0x922f92543b7e493a5bdc368220f680cf460e04f2,buy,18469.733552590267,1.9700897799653128,False,False,False,0xc7b608d13dc7d4852a317e075e805b07714372b8f22ec41f0551759533a07947
0x327facc561234ebd02c933a4d4486fab6585c566,buy,3805.3755492143673,0.40615066726788207,False,False,False,0xcc8844b00373d21264c185ad0e70176569f4609694d919968c57baac162ea140
0x8c7d734e2d28c08b7286a46f0b151e791d3abecf,buy,45.446027955012354,0.004851,False,False,False,0x43eef9a631f0d99b59b51919f3b4727b66c3ecec5baeedd7206e28306785ee56
0xcea5c73c5691ab5057a6833874f42055799dd474,buy,1541.8664295290453,0.16458904802937802,True,True,True,0x7b7c37bd3f0194c84d29144dc848506032068fc300697f8b269a3149a62c4d55
0xdb93342558502d4f522e774eac55d71bff8e6130,buy,2616.1787183311358,0.2793,True,True,True,0x3dfc1bebb24a2694ada3616d4ae3a693446d6026d383884f3003925367570b56
0x623bd58628b91cb3dad894a8c3956f53b776d3a7,sell,302.58190917221384,0.031662439193606555,False,False,False,0xeb6af20c1ce4c9d487050b9ca6d4c9017d8373bd6a197dc71b8068b7c189e97d
0x3d12cd00dcbbe947552ae408020c475394dc8b6d,sell,2408.846715943497,0.25204536629760665,False,False,False,0x9072280aae9b8989651c1e85dfce71a96dbb1c470bf68ceb0082180936c5f97b
0x514677b2ffdd0cb98bd5831897ffa986794620ce,sell,3298.1343102478922,0.34504110830435775,False,False,False,0x318f5ae61042eb2c4f3a3286b176a9e297c2816731d5f2fb61a2c6bd65325923
0xfe343dc8a41e57725ef407647f1bc4e0037a9452,sell,3155.490812869392,0.3300605404149882,False,False,False,0x3c2b077177d8ce7d0f11ee1d0ac96b65da4fba58fbff924e567d54f0554a6fe1
0xdeda0aa0cd222ce330eaf88de0fec0ce4c832828,buy,227.28948967349967,0.024255,False,False,False,0x90be4d31c08f6c5efbb1c8fbf0f6aadeacacdc65149adf4b26ba9c0907321964
0xdeda0aa0cd222ce330eaf88de0fec0ce4c832828,buy,227.2866668254072,0.024255,False,False,False,0x2b1d224e54838922d88b30e57204d7c25be7240becf92fcd8f18ee4bbf28694d
0x78bb46a3359bcd6cac3455c95b16eea928e185aa,buy,41.653051723963145,0.004445057016346388,False,False,False,0x6034d872ea3a50accee0edbd6cd69902851bd3adafd1fde62b6c537eb24e3834
0xa23aeda16421dc59c41dc59b3692e59db80954d6,buy,10323.759584478254,1.1020248872050786,False,False,False,0xd055befc3601e49b5885b4c52ef99bfb9c2d53340f36a33e9c9072870ed05787
0x88eed6653cb255e03fcc3644befa52fd08c86a97,sell,23832.147481999385,2.4924683804837264,False,False,False,0xde546ffa8f80cd07f17b6cec1e23f80aa7500933a7d77a31b8c1f9b800e2efc8
0x5ed35a54d2cfeb531c9070ed4dfc27c305344ada,buy,453.1208736051052,0.04851,True,False,False,0x1bdf51801ff5de3756950e5af9c26faa99a5febd49a3e3b14bcb5869f792587d
0xc36405b8384c21ead7f8ccbbc9c68da380a0c55b,buy,45255.41006347975,4.851,False,False,False,0x7940391112ab7c16e50980d9ffc1eeb738a8a0179e89391c139895fefb21140d
0x943277b82c45074d2556917e26eb7540b6287050,sell,103.14259993100872,0.010848946070335617,False,False,False,0x332b57d4b3c6bac71cca18e21ff82fb4e9def17cab70092f9ee8d6604c22370a
0x912a54a98f2f4e34de6bd406e08ec901ba8d0ef7,buy,1895.4452256877655,0.2034284382990595,False,False,False,0xa51f3db4da4c702e9acd2c4648931c5dcc164f3a050b787017dffeec9267313e
0x327facc561234ebd02c933a4d4486fab6585c566,buy,2270.6582000940034,0.24372594747176676,False,False,False,0x9c8cf82be3437d16e384606a19239a991a09f1745c9ebf2dd7ff39f74b053b7c
0x912a54a98f2f4e34de6bd406e08ec901ba8d0ef7,buy,1901.4685320241438,0.20412152051423682,False,False,False,0x14e64a40769a9d02d6feb3688c18228c7be1c18366c111dee031f0a8b53bd462
0x5c7e3ac0a34b892a3b999c07a2a3882fab83712a,buy,188.93271101012027,0.02028297643405559,False,False,False,0x2009b2288834cbc03cc18fda857bf2ce1894059116bf0c2eaf4f9aea2c35a5e7
0x1b36374d5a26c45726632162188f7162dcf39639,buy,14.14916552467669,0.001519,False,False,False,0x33930c21de2410f00b001921166f28ea2a2022dac0a66a797500f2948aeda54e
0xd33558a492d4a413fb8ac118824af9e22a127fb7,buy,180.74321365561318,0.019404,False,False,False,0xbb2537b546f2259032d0a0da0414251d5d470c9f3366cd2760d62814118d9372
0x82349f52536137c884b31589fd5d4ddb4626646f,buy,1375.8198806575665,0.14770982109951222,False,False,False,0x32426958b94eb3db0b8dce8f6ccf51b7c65f12f2913c593c98cdeb6de4567b4d
0xc0b23dc40a1466a6671080eec48362deb3d32ff1,buy,1807.197391561749,0.19404,False,False,False,0x7bcd9f317309ebe40045316b11f58ccc81f1fba55892ba7c1098afd6e09fbe5b
0x8ab83793cafe1f88d3c875187a70344c31652c22,buy,2062.1904285962073,0.22144225552006758,False,False,False,0x426707a304d09866f0a461d6f507328723a5fe129ecb7070e0bfcc9d0fb3ffbc
0x4933228adcedc76e1f726d113cf0bef24ba55504,buy,57.015719494041996,0.006122820996078781,False,False,False,0xe7cd7f26beb4b1d46c7ef36070bc9bbf0bb2285ddb9012355043af65683e38f8
0xddd16ea81b895d84c59f5ac90edc478f172e8659,buy,754.8954958123097,0.08106874539005822,False,False,False,0x10067e4bed584b04467c1f76b735a9870906cafa082d0f8a94f59610e3cc3bd2
0x368564edf8ec2d3cbe8ec3ad265a3207e663b93c,sell,1308.77,0.13775072763232718,True,True,True,0xedc3f7f02d7c222acbd399ef4270537af1b5d8dcbfcc6a1c57ff9e3cbe378898
0x65c55b53c252325649eb8607cb9f6121ea716937,buy,755.2822287125574,0.08110787341233996,False,False,False,0x5bd03e758584f03131e114ead4778bf28b3e79c95bcd62cb58a35427a621a561
0x3d0049fb046bc0756911ebad4abca4e9e22ebcee,buy,478.10107899876346,0.05134381717179379,False,False,False,0xe4fa3c34920fad3ae22bd4b3282bd66e845f746fd837902e1224dea9efd4dc76
0x249571f65ef05cf04d76fcf45c106e6990442285,buy,4516.5143043447715,0.4851,False,False,False,0xaef177f112f417627a1a9c0535ad492e3345af78f23d8d6af26887e72d8c7943
0x8908253a36effaf7c284dc044f22d90fc9a3139d,buy,1674.6609026172896,0.1798988829863216,False,False,False,0x21f7a12b28c0e00a30b806e39595d3c148b5bc98d7645f673981fb1e9fc1a2c6
0x2b69c3251b373d8820e90a2580dcf2a84fcd00e6,buy,11250.424573884842,1.208994691513258,False,False,False,0xc63678186a2b8ae6e74697cde2fdf64f8394ae1b7daaf07fc859d90dee3b5d9f
0xc3c570056e06370b9b4022c98174226d576570a5,buy,11349.323591164795,1.2203786420472622,False,False,False,0x2e1bd96f64939ad875bb39ff3dbba1b1e33b65e96935ccf6f49c9390ac5ff883
0xff00ee4bce74c07569f5b8704a0f26642b066300,buy,11405.119067665159,1.2271439419902788,False,False,False,0x34a8598f08afd6d314316b44420c1effe1ecd952d131805371fcf6bd0e6e6e5a
0xd169335ec70ab4f3d3738935bce4d3a61c83382b,buy,11094.713066599359,1.194482724449201,False,False,False,0xa3e23e920f4dfd210a6aef058475b9dadfbe2fa121c636b6dd165b28d6073fb2
0x249571f65ef05cf04d76fcf45c106e6990442285,buy,9006.552932422828,0.9702,False,False,False,0x8c43ff4872eee0c89dca3f120ea504d0a1446bac5b721e4fe0c00d559929d7c1
0x2b69c3251b373d8820e90a2580dcf2a84fcd00e6,buy,11157.348188590762,1.202552567256038,False,False,False,0xfeb0a9f53996c2ef532f9fafa5c99bb55717cbd406dfed75826d1587facb1c2a
0xc3c570056e06370b9b4022c98174226d576570a5,buy,11483.603115401076,1.2384865291345781,False,False,False,0xd5da018f946767981850d85038ae9123b2371034a779734d7a5530ce307073a5
0xd169335ec70ab4f3d3738935bce4d3a61c83382b,buy,11245.597355092588,1.2135755207905314,False,False,False,0x2a899d09c40487a66eff62b43fa55d70a374682144d7b953ca19ad1d9fa1db0c
0xff00ee4bce74c07569f5b8704a0f26642b066300,buy,11079.505910239777,1.1963853828188526,False,False,False,0x4054514ddf57dfb1297842e1606f33a740ff9829204366ca3d00026e234f4e0c
0x2b69c3251b373d8820e90a2580dcf2a84fcd00e6,buy,6548.139673937427,0.7074228087767547,False,False,False,0x1bde4dd46b6849952c2b65524a82451e97475be55bed967978ee9b05c7969a3a
0xff00ee4bce74c07569f5b8704a0f26642b066300,buy,6608.211423651137,0.7141708783700298,False,False,False,0x5899e26c7acd2236ec877d00f500c6cc3986e4b3f4ef0ca4bb3f217a497c0a34
0xd9b19ae1ae4f3b30eb3fadddbf2328498316b980,buy,358.1621871597646,0.038715185324144655,False,False,False,0x52b03519910c21860eb255513b469f23c3ae637cee0e48607535553add6fef65
0x7029bfa9a85ebf4653945be520dc3b7f1181f4af,buy,31613.1612144799,3.4202,True,False,False,0x1884b0f9301216ef21cb3d1277d79da7040787b2e733a8fe53e143c31d9ccb57
0xba8c79d7754274ea438f83cad48718554be76f96,buy,3736.326014333136,0.40462311687627855,False,False,False,0x013264c566f20ace1588e312227353d00dcc819a043131aa9d63e82c7c7e8238
0x492f7c5357f1cac773ff204218b5c00dd6710584,buy,112.07269014539199,0.012138128319865124,False,False,False,0x181fd03829748c572a910af3daa7e106f620e44a24ab7d85ee59bb03d952e647
0x3205c07eb8d4f59fa709d64ca68c51d427094be4,buy,1281.553689724096,0.1388050900886216,False,False,False,0xab540215e3a41973e645b7bd741b220adf7c99b6e520623242f72dc97e33d10a
0xfef5e3e0e1639b0d28e1e52e19e03c4a79b613b8,buy,1873.9883411423552,0.2029893223283737,False,False,False,0xe7caa75cead20447799a2a2af0e03bfe4d024885b2c4f29dbe3b7c328c77d15f
0x72c2509fb0bc0284c0a5ec3d57c75ec40f519b37,buy,184927.50683248742,20.13471642629429,False,False,False,0x57347a497bae5e49853b27c659f6fd38a5e9802885ef05e8c8b827dd24387b65
0x77edd79cb7a68ea1623edecc215e48daa6329a4b,buy,6485.977094327942,0.7099159357007006,False,False,False,0x593e41d396b071720427447e5e0962ce63c868b5a7d60b99df9a6407008e22e3
0xc16840a627035b8085f50843e28ba16176fe7757,buy,3706.7269910132736,0.4058303586967857,False,False,False,0x955d6af1c71c6bd70dd20b321b047142189eaabfca506cb83904b3503274f29b
0x660e0670d461913ccea270fd357ce1f8bd656290,buy,17599.226780169192,1.9279843062109965,False,False,False,0xa4c0132ce87307507a44d1f1fabfec8b87c80bb27af7294e2b282d4391204e03
0xc16840a627035b8085f50843e28ba16176fe7757,buy,3331.751479967628,0.3652027179083307,False,False,False,0xd4fe810a455fad5e8405140358ff79bda0edeb4d72e9f00d00ce04e61b83a5f8
0xc2c66aec8165f0e94b692b088c5459e8ece2d493,sell,4357.706831652302,0.4681424184185998,False,False,False,0xf58473666f05ccac852142ba7673918b2e76a9a116da9bcf63f5a0036f7ca619
0xc16840a627035b8085f50843e28ba16176fe7757,buy,1804.4854853481386,0.1977756528342288,False,False,False,0xf5545a222afaaffbb3e241f5eae86612e31fcf4a3a14835b5d0f4c9efa3f22d9
0xed3a9e617b7307abe3a5a4f14dbd6609b3fad027,buy,1849.4725139485513,0.2027268296196952,False,False,False,0x5fb327065be9c270dcbd35ffad05b83239ff744440d82b622947a9f34266ef8e
0x0d6d67d527462e27167a9f4182b5b462d88ca4d3,buy,11438.571425367743,1.2542387383827769,False,False,False,0xd34642687b99be3b8988494a021d13ba875939d3e01e134ae403720f632c452b
0x910d051607ecba7ec107beff6a114ba77233e087,buy,459.07979824753704,0.05035465437130196,False,False,False,0xc0ad1df5061f6464202273d889c41dc7b59cdeeaaf85b87ea7d7cc61d14aad03
0xc6d2f12d30f51d4c6feae1b67c68ee5a42e2b342,buy,445.60152723135667,0.0488775,False,False,False,0xc030e01ab9647a84b0622ef4ee1a76ffebd78670fafc909259dbfe63992d2904
0x49224d70a64e7e7dd5dadfad610f039ea6d08c8e,buy,8842.748504187739,0.9702,False,False,False,0xca223c02893b7a8b6efdc1dc1b63edfb6154d7f59bd6fab1026a887a56704c96
0xf134e7f84a2cfc459c46432537a71db31cc50025,buy,2678.7660918048905,0.294,False,False,False,0x2051d4794c035acf685f716eb178e0d697c04ab8f14c6eb8d930487f0253b269
0x379c27672ee75c574b24aa463a595100b3b99db5,sell,227.7605163672131,0.024501398194663352,False,False,False,0x88467ce88e6b6f367728ce2c848d896e0fffa37f93b637bd81f51f34c020c55e
0x19bb294144222e0eeb3f8235f6ebd31a43be41a5,buy,11.073877678265486,0.001215455838065,False,False,False,0x2705aa06aed12bdef3e4e5f8f9c91ac29ed9fa42658e80751508faa75c558472
0x3d1797bf7d690342cdbfa2654a38a6b7206eb0ae,buy,64.07151699559942,0.007032429262960683,False,False,False,0x52cad82b720c91600c31599cc45fe0780d04fbd503635a725d2ce600a719a7fc
0x8908253a36effaf7c284dc044f22d90fc9a3139d,buy,886.5198766218282,0.09730614679089397,False,False,False,0xfae96c66ea4915d03b2f9a17e755a1ac8eb4594ed77f21a4608ec45a0fda05fb
0xd46f58a12d1c7e130c0f8f2d5bc9f83f2bf2bcaa,buy,1767.695865564233,0.19404,False,False,False,0x2d0dd94b2f9784890a7a52c3d83931827748c8e89ec2f0eca5970634d906c6eb
0xa91392aea58fc1543b0d9b314b0cfab7e1dc7da6,buy,9239.52869482488,1.0145324414462846,False,False,False,0xb253e57ad7aaf2aab1c9d4ef5cadbce20258b0ee91f951453512bb453d0b78c7
0xefa988eabbb2b768ab95ce5a194a910b0050f377,buy,44113.64934882905,4.851,True,False,False,0x80e743d42a9d91dc5b7e427b68742260147315b3b9dd39ff8208387909768fec
0xefa988eabbb2b768ab95ce5a194a910b0050f377,buy,44005.96826122041,4.851,True,False,False,0x8d2f5d2d04398496a0ab715ff385ed86c467c1ba6e609e9102899d8537b35059
0xefa988eabbb2b768ab95ce5a194a910b0050f377,buy,43898.68127774984,4.851,True,False,False,0xe0ab22026ab4b4f98991c70a52b9e7a47ada35e255ca9b0b1195e9c06ef107c4
0xefa988eabbb2b768ab95ce5a194a910b0050f377,buy,43791.81900696365,4.851,True,False,False,0xfb20aea2cefaddde5d4ae50cc4b066415ccec3cb0270a5cea6ff1f5174c6b07d
0xefa988eabbb2b768ab95ce5a194a910b0050f377,buy,43685.43562415303,4.851,True,False,False,0x5a606bbb38ccf41c53bcf7cec3472466e1b3620cbbfcc27bfb820d9257ae20e1
0xf83e1c0fbd0615913dc12be6bc2ad7b13cf0a055,buy,440.7284961301356,0.049,False,False,False,0x468ba95354fa67366a7a7cf323d77baf29886543765fda0c50e7c222e20ccfe0
0xfb0d8b94027c5109ae89c5f08b025cc598cf6f49,buy,872.6104975282447,0.09702,False,False,False,0x797edd246f56e6ddd50633e98dee1d7efab7137cf685bf8fde468c1a1de1261d
0xfb0d8b94027c5109ae89c5f08b025cc598cf6f49,buy,43576.50245821273,4.851,False,False,False,0x1dd1fafa76a5ff880a2f6a1d0ce74cba8b62b55dcc70c49f5ef447cd8f769909
0xfb0d8b94027c5109ae89c5f08b025cc598cf6f49,buy,43470.83557297506,4.851,False,False,False,0xcffd4dc1969f69e7c6a6f849673c34fd102c7612808c18bb14a3ff4ab4e79709
0xfb0d8b94027c5109ae89c5f08b025cc598cf6f49,buy,43365.55256330203,4.851,False,False,False,0x5172035f1e5995044bbb5b3b6d3213369a55502accfa13b319632261f00e51ea
0x327facc561234ebd02c933a4d4486fab6585c566,buy,4281.014038644015,0.47952500498409883,False,False,False,0x2371a929bc61580178c3c53c917297d5c6cd69a1297d049152f1b4da63d1d54a
0xfb0d8b94027c5109ae89c5f08b025cc598cf6f49,buy,43250.30270758807,4.851,False,False,False,0x70614e80a2cfd3085ffcf7340233176e5830e43a3779f40eeec296027a3ab44e
0x84ae7426eabe2fc0623273ca0e7f4dfbcdb7b846,buy,968.6561074530409,0.10878,False,False,False,0xcdc12693bfe1579ccdf56d8ae540e057f75b1305ede953604b50b7e7ba697a4f
0xc5986fbdc94a47a96886b57a00385536aeeddd35,sell,589.1000129768338,0.06484007989657438,False,False,False,0x0596343c7cff68e0e6f43edb7145b64ccf4a298771b7f1e997695d3b238d2fba
0x49224d70a64e7e7dd5dadfad610f039ea6d08c8e,buy,8637.324025675704,0.9702,False,False,False,0xe9a03de5cb1343dd156e4b26c4938b10aa4c28a6d8cffad96c66c07cc40cbff6
0xf48bf3857ca5774e9b84f9d9506d1e066e556276,sell,2639.29,0.29061104899506396,False,False,False,0xa62eefc9890c89a639aa11d5e1bb532efd202eceff25b84312c6ecf98d888ab5
0x4be8ad83f082a1aed6a22b9331fada9f1c24a8c4,buy,392.56445204392287,0.0441,False,False,False,0x08c873ff4ff141e204b7192b18bafe17c09b26cd12df4750008af0b8fc88a78e
0xd4b4cab5cf150f46448a8b312cf4d96521953c5f,sell,15536.006449946992,1.7098388357754544,True,False,False,0xe2cd28350e969170a1e0d2861f5b81547ac4d906b43d9cb722eac7eccc34bc73
0xaff726578eb3e36219ba17d8a12578a3160c1fcc,sell,611.9403814706482,0.06731789621374915,True,False,False,0xdc2ab2f43bd7f24d937ac1dc15e5ea8dacb9948954232809d34e4f57e79c7a17
0x21d5996bbc760627d71f857f321249b61da96351,buy,87.31348950349154,0.0098,False,False,False,0xbbdb2fe45ecb32a3d14b8b17030c2258f30e9ebd750b867e6ea4638c32688211
0xd852e3a7a2abca6aecd0fa39147851ae96eba5d7,buy,173751.31797128025,19.6,True,False,False,0xff7f35ed41a72f88be67bb1113e8f90981077d8138bd18388930af7d4206c50a
0xb19e4456e26181897aaf08e76f09691a27d8cf47,sell,330.0,0.03668296816141682,False,False,False,0xbf83ccda342acf1e966a268cb4bd587c81b103d9e5561813d441d98c4af80e19
0x698afb8a3d1fc4867d0db52b5f78fd99bf2476ee,sell,500.0,0.055578754267823424,False,False,False,0xb3adc8f9c0625a842b8773ff7216be0d7058065e5ddd81db589f916f19f4be51
0xb19e4456e26181897aaf08e76f09691a27d8cf47,sell,70.0,0.007780881334644218,False,False,False,0xc7cb8be3f63a3a9b83a5ce9eb68cd0a8fe96728999ed6abb1b69f1804af9cdac
0x11bc74e240c13f7067529b21dfb9933ff7fcb136,sell,27508.3998534781,3.0549680643031554,False,False,False,0x3bc4ea93b111e95087213a7c2bbcfbaacf77f48f93021baaa6320ed2b534f590
0xfb0d8b94027c5109ae89c5f08b025cc598cf6f49,buy,85459.17499878776,9.702,False,False,False,0x458211fdf9b62b69267cc2b28a99c413a43b56f0c8f49c744097f81f134bf479
0xd852e3a7a2abca6aecd0fa39147851ae96eba5d7,buy,171190.6530542701,19.6,True,False,False,0xede9cd732167b18e8ac56a3352f241ebafb3ea0f989f45c6d89e3826b0edbb03
0x588295adf8c8a80b055b9fcdf0b73ee863c6e97d,buy,2106.547851250542,0.24255,False,False,False,0xabd159d2507dcea9a5216b47ef3d1d8ad16a847b6b15d889a1ee80f9cd9cff90
0x6f8adc605edf0da9f3970d12405e8e47e9ac7454,buy,264.0256491792856,0.030402559423131217,False,False,False,0x710f0d66944e42079720103231352bc20f050a03fc7252e2ed07e855eac43487
0x327facc561234ebd02c933a4d4486fab6585c566,buy,1185.4748034072459,0.136514,False,False,False,0xea27276099d6d3fbe911c59b108ca6561e233c74f465ebda32fb4b573f4b5ba0
0x59c553e72416c7ea76f47be131c9ad794871391e,buy,174.60037119841934,0.02010710654376629,False,False,False,0x8181623c52c16a6f1ce88c9d579b315a5f09bce0fc7baddf44278f6004e5ed1c
0xd9eb90019424e30d05b7e2a3144092225faa7b0c,sell,4197.67,0.4737245269538534,False,False,False,0x203fe1df94b9ab88c4ef26b2c9299868ce08e2da885f2db2d354f14362f2afbc
0xd9eb90019424e30d05b7e2a3144092225faa7b0c,sell,4197.67,0.4735942215278293,False,False,False,0x392a1ca8b276d6987d1d8193696fc7b4adf8cf0e3a2d3f685a788732e88b0d1d
0xd9eb90019424e30d05b7e2a3144092225faa7b0c,sell,4197.67,0.47346395552935777,False,False,False,0x81b88f8a15fdb460a4b64790d95ecb70a5f90438ae38ffe11b49cff2070deef0
0xd9eb90019424e30d05b7e2a3144092225faa7b0c,sell,4197.67,0.47333374297310776,False,False,False,0x29597f80d134bc88a596a64e7f38b3a14d82215aeb20cfdf4b2cc38da3e8c14f
0x327facc561234ebd02c933a4d4486fab6585c566,buy,5085.085576001965,0.58506,False,False,False,0xf189924d55f4d3e33a45c4f6289b7a213058c76b1b83d31559a93e3ccfd68438
0xd9eb90019424e30d05b7e2a3144092225faa7b0c,sell,4197.67,0.47336285945360573,False,False,False,0xc704c667d591ca532447e06ec083e2fcf70cc19f668afbce4fdc644048ec172d
0xd9eb90019424e30d05b7e2a3144092225faa7b0c,sell,4197.67,0.4732326885975867,False,False,False,0x86b828dba21f728758cf6d285e0f21a3c6933319cf2c2d94a2e636a41d7a84f0
0xd9eb90019424e30d05b7e2a3144092225faa7b0c,sell,4197.67,0.4731025714280429,False,False,False,0x963861818b545b7c2b736c0c0183293102d6080237fd6730c7aeb3235a9ce326
0xa94fb35292b10e8172695e3bd7980b49191bebf1,sell,15310.170146915667,1.72444605583314,False,False,False,0xdee54dd29572298f002d228fea15ecfb5a5e500432888edea01d258cfb686b82
0xd9eb90019424e30d05b7e2a3144092225faa7b0c,sell,4197.67,0.4724985812824584,False,False,False,0x19aab045b9dea1ec0962363daf86377768ca5477efa097bea7969aebebc9e7e2
0x8b3c0a57bc85644b0be7a4f889642602cc2c34f4,sell,907.0377993993519,0.10208102849947663,True,False,False,0x51384c5acc8a11d2a51fe0fdba4f97e9b83caf1c175145a326c7176cd0325272
0xb19e4456e26181897aaf08e76f09691a27d8cf47,sell,50.0,0.005626988815128432,False,False,False,0xdbb7446ed79ab8ddf8aa7bf4f1b710b8d4846cf0d2c56a4d85039edb84dde79a
0xc2c66aec8165f0e94b692b088c5459e8ece2d493,sell,1655.9285960278748,0.18634742940537002,False,False,False,0x5e1abc7d0488ef6ab53c77d0b11af18f97b168e2ce39b0f46b2d99942ec20e75
0xb19e4456e26181897aaf08e76f09691a27d8cf47,sell,264.0,0.02970697550731029,False,False,False,0x38fd9e391dae934222ec2fe489c8b2f72080b27851f5619bf64fbe7eb0753dfc
0xb19e4456e26181897aaf08e76f09691a27d8cf47,sell,283.0,0.0318444074632804,False,False,False,0x51ffe5ce5a3ae3dc585b51e170f83106bb8745027447d0e7ffb34b7cd473d047
0xb19e4456e26181897aaf08e76f09691a27d8cf47,sell,120.0,0.013502750873354136,False,False,False,0xac32b27704120b98db0b8b785f138d44a8bf4a7b10e58a9c0d6a7d6c7b087962
0xb19e4456e26181897aaf08e76f09691a27d8cf47,sell,310.0,0.034881615555269405,False,False,False,0x5a4d4eaef5a2b13cdcdce834aa3d4a57faad2b30d1092bb52dad2bca44543884
0x547a10b63ab4c784a49da5805610b9ee2d74377c,sell,70.92420065076105,0.007980386645609261,False,False,False,0x28a4d246d4fbd8d4d3447ac28437a49104d9e3cb42af835ac52558c745e5979e
0xbb21016a9f51db55e545e75fab5e6088490b5f27,sell,70.91504639563125,0.00797931957071568,False,False,False,0xe7e38f6d17722b9561a9e79e128744c802a7e4dbfa84e270a65063a0e00a9966
0x5638484ba2d2f1d1d35020572b0aa439a9869192,sell,50937.12010469342,5.7218635545565615,False,False,False,0x29ee214930c38780bf663904fd5801c025811e4b39e1f7386c8d51b634e5b475
0x2aa460bce4bd548fe402c8797de1db122fbcd7b6,sell,70.79620218356025,0.0079394189055385,False,False,False,0x8a0162b7264d582b68eeba3d2d69be48324b5e1abba085441fdc28142023282f
0x4883d497b43e981cffa0c15c0008e0c9413af57a,sell,79.1349552404421,0.008874522399920788,False,False,False,0x27f89b7746893ff8182f6871300ee60f7a1948cdce3a0e8bf6c11bd51e146caf
0xfcaaae0c322be427d4cff22d1f5318c12e262975,sell,79.16557952849051,0.00887791081914712,False,False,False,0x2a4f4ecb83a5beab27ebf86715a2475ee59688a4a6dd1dbd98986fc5925c02a4
0x4dd69b23ab6f16f3f8219dba636354b67349b0e0,sell,79.29849041473608,0.008892769880794607,False,False,False,0x3c6f5ddf5caec7125d32fc92366f6f348681577d4499536cec52442ff12eb090
0x7bca08c776a278f49cee431f66ec07013e53709c,sell,79.17579157500354,0.008878964094759637,False,False,False,0x7ca351c28e9997aca113b64667fcd3c66f194b1ff6456d5516c8b03b30d637f3
0x9cd71850a7f491e5c46b2cddd11c811a17532dc9,sell,79.10434871893425,0.008870906447614492,False,False,False,0x566a4bb92c7a5e7f6c6e7bff124d03047e4a9eacf2c69d6abf3b8dba5a0666f9
0xabef5cdfa79287acc6831223bec06e31875019da,sell,70.87844709262326,0.007948399835775938,False,False,False,0x7b26471dae2a6235c3932883b9cf91042aca4c9784575c8d54ab4b2d9024b8c0
0xec230a7dbc09c9715f2918c36d7f217e178ab4cd,sell,79.12475109322489,0.008873107443204253,False,False,False,0x68044d063fa633a9559a2ce9c0ea198bfc252a56af53f79aa3164fe0092d5ac4
0xfb5ea923b63f2dfd2dd609bf56511d0cb28b91c3,sell,79.18600559761443,0.008879930639835528,False,False,False,0x7ea6ad63ac01390b7ac28901658d3611ef6f28d832119681e6bb1c5cf6c717e6
0x8004ce0fc1d60da4ebc15c8e0557532f44cdba9b,sell,79.21665952713377,0.008883322203749457,True,False,False,0x4452e620aed119efa8808150a6b8fe3441fa2cb34eb931774003a26d325b5bb5
0xd1836f28f43e3f451120db79f3e40629e3438cd3,sell,79.19622159683303,0.008880984339892994,False,False,False,0x6242ca9fad41ae31bf8de7d12aa5f1d6821eeef0d166c540d9bffc4f28756b49
0xa37c7dc1f519c427518b409b423aee0b319e71ec,sell,79.2064395731694,0.008882084207713015,False,False,False,0x01a576ec84114865957df2962be2103c5ce6693bf598e574f3b8b8d6cc4f09e8
0x384ea7b9754386f59894312f0bcf2b2d624b36f2,sell,79.22688145923651,0.00888433054218077,False,False,False,0x4413ba17aed6a7b09c6bdcd5a9b74d54094ae94147930caaf8f6e03ca4b24cd0
0xf70d7aacbd551dc76636d7d90369ee12ba20dd5f,sell,79.11454891955857,0.008871687921030161,False,False,False,0xfd0a87bd4356e25d3792656c1abc53664ead9c8876d36347700e8a889d7c11ec
0x56c69177e88ea8c1c44fe5ae713fe1aabd09b94d,sell,79.25755912948114,0.008887678707184272,False,False,False,0x7f45363af9eaccead860f802bde5ba6366cafac7df8902c507c7c07fa824e26f
0x3c86d511803afb9b7478a15527274f9b464bab89,sell,79.2473312598994,0.008886485770240779,False,False,False,0x5f9dc6320eb83fad62fc4e95fb650d179fdf9f4f7d5e417315a275fd4d0322a6
0xc7ea727095266741e48a949dd14a102d123b4e52,sell,79.1553694575656,0.00887612759909175,False,False,False,0xd85f325a348d45b82725e25b6cd2d2544d151a63132b7ee5f3f25f6e4c0d2b1a
0x379cc4bb3eda8cf3ca053d779fb835b7422ba4e8,sell,9.59712499792155,0.001076175370684026,False,False,False,0x32d825ce0003d8f2ee57f7ba92d95297d54f45235376c091c6d7e2ecfd5ce084
0x547a10b63ab4c784a49da5805610b9ee2d74377c,sell,67.377990618223,0.007555424327382095,False,False,False,0x2e4fb0219ff29bfcde704bbd6ae22596651cd2f3bc5a7f279be62edac7b638db
0xbb21016a9f51db55e545e75fab5e6088490b5f27,sell,67.3692940758497,0.007554415885483592,False,False,False,0x3c58f5a8b6d4232161956b324cc341e3f49c21b62b3878e355ffce5761393946
0x4dd69b23ab6f16f3f8219dba636354b67349b0e0,sell,75.33356589399928,0.00844744540549356,False,False,False,0x0c05facbef2b524cdb6772a8bcf8b7d467091105cd2c04bf61ea07fb28c7725b
0xd1836f28f43e3f451120db79f3e40629e3438cd3,sell,75.23641051699138,0.00843650949563433,False,False,False,0xcac044da2a19b62257c038ddc75bf892b9d5b333ab010e6e5a83bec5d67583b6
0xa37c7dc1f519c427518b409b423aee0b319e71ec,sell,75.24611759451093,0.008437556501651814,False,False,False,0xeeba1df92fb0ef1e8f1343f4c93cae32cdd5f16f05b33971070dcb33f28053b1
0x56c69177e88ea8c1c44fe5ae713fe1aabd09b94d,sell,75.29468117300708,0.00844296054733371,False,False,False,0xc6f23cb31e200991866b0ed5b03ba0f9e731ff6b44442821125b509bc2d8de49
0xabef5cdfa79287acc6831223bec06e31875019da,sell,67.3345247379921,0.007550335269042234,False,False,False,0xf7f4c6b887bf38287269256baad586186dc1e0c3d49963f0e90197a707ea3f30
0x2aa460bce4bd548fe402c8797de1db122fbcd7b6,sell,67.25639207438225,0.007541540959716235,False,False,False,0xa5cd36c767390013d2b43024fd90927a4abcf87d43f524c56ad14081ad72e2f5
0x5638484ba2d2f1d1d35020572b0aa439a9869192,sell,48390.26409945875,5.417482798968905,False,False,False,0x0ed3a18b9786a3b64ba8c179a99e3e51d695244095fa6022a0e2c2d0560b6b85
0x7bca08c776a278f49cee431f66ec07013e53709c,sell,75.21700199625336,0.008407531003063944,False,False,False,0xa579bd8043fe816696a50c74a24ce7cb783814bbd684cacc8603cb7322399d92
0xec230a7dbc09c9715f2918c36d7f217e178ab4cd,sell,75.16851353856364,0.008402069894407551,False,False,False,0x9ac2abe09a7ad84e47908b4811ee6eb819515c055c08665ccfbf7a675715b762
0xfcaaae0c322be427d4cff22d1f5318c12e262975,sell,75.20730055206599,0.008406364136723316,False,False,False,0x18976cf3fe4cc5d9b16bc2f229c22f0ffce84bd7e25e9f07ca2531c1332afbb7
0xf70d7aacbd551dc76636d7d90369ee12ba20dd5f,sell,75.15882147358064,0.008400904140840245,False,False,False,0x5a1daf7b02ab852fb8c725caf5dfd4f072c8d944dc307df36d097428b9741d00
0x384ea7b9754386f59894312f0bcf2b2d624b36f2,sell,75.26553738627469,0.008412791072978312,False,False,False,0x11dfc75e93f38813b6207bee07044e608c98882b5ed09cf7ccac40fb3880daec
0x8004ce0fc1d60da4ebc15c8e0557532f44cdba9b,sell,75.25582655077709,0.008411664348052628,True,False,False,0xf8028bd4a284f7bba09acd76e11ea31ae31f1e94aa6d58856d77e18fad60ceca
0xc7ea727095266741e48a949dd14a102d123b4e52,sell,75.19760098468731,0.008405114981210255,False,False,False,0x69f0c18209e8f67468497dba14394d87329ea66200a290b47aa9022e6848e177
0x4883d497b43e981cffa0c15c0008e0c9413af57a,sell,75.17820747841999,0.008402906081984258,False,False,False,0x0402ee716e14b6cc644c987cc2abe1c0dbc5617384560c5fe4991c754ecd40db
0xfb5ea923b63f2dfd2dd609bf56511d0cb28b91c3,sell,75.22670531773369,0.008408285589598977,False,False,False,0xa4148172176a5edf78f577558d85d221b0f9d7ab2ff1263f9ec99fb0c497c281
0x3c86d511803afb9b7478a15527274f9b464bab89,sell,75.28496469690441,0.0084147560825165,False,False,False,0xddd5c070741e53857faf42996437eeb461a333882540199f17b5369d20b98c71
0x9cd71850a7f491e5c46b2cddd11c811a17532dc9,sell,75.14913128298753,0.00839953248697544,False,False,False,0x891e36665715526108e6984d3a4d743ff4f5c6803a65ce7164ab8475f1e5981c
0x379cc4bb3eda8cf3ca053d779fb835b7422ba4e8,sell,9.117268748025474,0.001019048167969969,False,False,False,0xa6e896cfab9c666a8b83504fb75838d966c770cb30cf17067358d356e6ff757c
0x547a10b63ab4c784a49da5805610b9ee2d74377c,sell,64.00909108731184,0.007154356554490384,False,False,False,0xa1cbe657e827d2fde199d8d2a193941bba52f0787b06167a8996736665944e43
0xbb21016a9f51db55e545e75fab5e6088490b5f27,sell,64.00082937205721,0.00715340326725373,False,False,False,0x1da4d05661bd48eca034299ec5c8b32f496bc0e83b2db5e9106655f9d9f61468
0x5638484ba2d2f1d1d35020572b0aa439a9869192,sell,45970.75089448582,5.130469341839121,False,False,False,0x350092b43fe523603cd6f65055ff53cc096a363c95ba2a13b042e8c974c3b4e9
0xabef5cdfa79287acc6831223bec06e31875019da,sell,63.96779850109249,0.00712828897982676,False,False,False,0x727007d603437dd902fddbea951c7a599a99b60643c25e0b3f75ed65b2a18563
0x2aa460bce4bd548fe402c8797de1db122fbcd7b6,sell,63.89357247066314,0.007119987909857413,False,False,False,0xf6eb04fa77c8c1e2ebccf177773d085c9ca37f2c4786ac7f3a227a56d80a50e9
0x379cc4bb3eda8cf3ca053d779fb835b7422ba4e8,sell,8.6614053106242,0.000965182458704591,False,False,False,0x090189c96a82fc6d9c8e13d2d0b07d99a680f53822eabcdc76b1927737363be8
0x547a10b63ab4c784a49da5805610b9ee2d74377c,sell,60.80863653294625,0.006776186360781379,False,False,False,0x724ff945be069d20e1b2bdcf00b98f2a91805481c8c55eabf11e866a0276f9e7
0xbb21016a9f51db55e545e75fab5e6088490b5f27,sell,60.80078790345435,0.006775284917995541,False,False,False,0x430fc3fb605f4fd5dfef8261f9c2486b7519196a591d581df9c05347c79d0576
0xd1836f28f43e3f451120db79f3e40629e3438cd3,sell,71.47458999114181,0.007964676810004977,False,False,False,0xd4ad86c82d9b514edb7d06279f65c5fb96d34cd8778b36416f20efedd15d9b21
0x5638484ba2d2f1d1d35020572b0aa439a9869192,sell,43672.21334976153,4.859632404320965,False,False,False,0x5ff620a39999773e77771665b015e1346431de6fecc17722ed5b240ce897dd97
0x4dd69b23ab6f16f3f8219dba636354b67349b0e0,sell,71.56688759929932,0.00795228760088539,False,False,False,0xa98d5e90931e6759dd1a12f8f7115409bab968d10a93e862f139a2d0f5adb70c
0x56c69177e88ea8c1c44fe5ae713fe1aabd09b94d,sell,71.52994711435672,0.007948145902018849,False,False,False,0xe1b7f7613050ad55b797ae2ef475620406ac6999c5b828b1a0c50d2a2d59f343
0xa37c7dc1f519c427518b409b423aee0b319e71ec,sell,71.48381171478539,0.007942982562571428,False,False,False,0x6228fdfaa7bc76caf68bf1821801802aa8ad16a8acbf0cd6ef46a839e3928b01
0x384ea7b9754386f59894312f0bcf2b2d624b36f2,sell,71.50226051696096,0.007944995571567182,False,False,False,0x6ad89480c47feb545dda326013b17cec38bbd124992f2f318d42d533c3fe2470
0x3c86d511803afb9b7478a15527274f9b464bab89,sell,71.5207164620592,0.007947009345902416,False,False,False,0x48a5c44db3c8c425d14a868755a501d764086142a981735dc7a71c5acafba711
0xabef5cdfa79287acc6831223bec06e31875019da,sell,60.76940857603787,0.006752350984555915,False,False,False,0xb01f969f25f312a76ab9994157b4fcfc1d823bc00baf782ecfa10e2a8e74aa0e
0x8004ce0fc1d60da4ebc15c8e0557532f44cdba9b,sell,71.49303522323824,0.007943865205582256,True,False,False,0x6c06245709a53b6206f5938d3048a6cc68af82b1142bf670c1e6f0a7f0af206a
0xc7ea727095266741e48a949dd14a102d123b4e52,sell,71.43772093545294,0.007937682126802603,False,False,False,0xdca2c64f295b0b312e1c5a3798d4efba486b08e2564314035bf0e0233819de63
0xfb5ea923b63f2dfd2dd609bf56511d0cb28b91c3,sell,71.46537005184702,0.007940717408734928,False,False,False,0xb978747dc6974f6b5a621e219868d3471eaedf57f1158f30732dcc18ae6da566
0x9cd71850a7f491e5c46b2cddd11c811a17532dc9,sell,71.39167471883815,0.007932492060986696,False,False,False,0x1541ae5981aa7dd11a6f5158bfc59d98eaada46a90eee9a0786e62c39b373006
0x4883d497b43e981cffa0c15c0008e0c9413af57a,sell,71.419297104499,0.007935524392334218,False,False,False,0x4e085b6e67d0b3b4e664cdaaf1529b7555ef0c84589a9dc2cf912b8870e6123f
0x2aa460bce4bd548fe402c8797de1db122fbcd7b6,sell,60.69889384712998,0.006744332452029839,False,False,False,0x06dfd614b953d4277a9295dd70e2e0b74be3e503576f0536a00796e6e00e546b
0xfcaaae0c322be427d4cff22d1f5318c12e262975,sell,71.44693552446269,0.007938527122099123,False,False,False,0xf2d497a978b05b99049deb9063c5dd8420abf2bf82d5be9fbe1577df9a315693
0xec230a7dbc09c9715f2918c36d7f217e178ab4cd,sell,71.41008786163546,0.007934396086889135,False,False,False,0x53b99510395575e4392cafac31ba596a77e31e94223993b53bfb0d893bae0f91
0x7bca08c776a278f49cee431f66ec07013e53709c,sell,71.4561518964407,0.007939477388166213,False,False,False,0x57a542128f3a0ff78694c3f6e72225fd9d53896e3ef8f06e82ee87f200e16713
0xf70d7aacbd551dc76636d7d90369ee12ba20dd5f,sell,71.40088039990161,0.007933299328133718,False,False,False,0x789d115c541b092a50db5acba6156b0ba351ff024691e0b1a21a9eff5ec70a9e
0x379cc4bb3eda8cf3ca053d779fb835b7422ba4e8,sell,8.22833504509299,0.000914241889999377,False,False,False,0xde0dd00869454cdd7710df0638c3cf7fe2959dad42edf3b9c3b06df411d0eeb6
0x4ff25ae1b4bf1cee786d5458b43f116d3203d374,sell,184733.54049964555,20.409631296452247,True,False,False,0x4ddc0b14ddaeb7dcbb175337b3f46cde302ab1c7dc726e90f53bd823c78682b6
0xc3c570056e06370b9b4022c98174226d576570a5,sell,22832.92670656587,2.50780410829917,False,False,False,0x05a97f36aaa9bdaa5b4bf79f5a10fc9511d8acbf5bfb39fb2d6d9dc02b33f1f7
0x2b69c3251b373d8820e90a2580dcf2a84fcd00e6,sell,28955.91243641303,3.1757536973974414,False,False,False,0x9c981e41f9bdc0fc5e5974d9e58ab641ce97a62de128bd1a084eb9266644fe70
0xff00ee4bce74c07569f5b8704a0f26642b066300,sell,29092.836401556076,3.185652603909928,False,False,False,0x544887bdbc6cd9605b6d9f77a5fcebac897056743f58f07d8be77d7ed0862e42
0xd169335ec70ab4f3d3738935bce4d3a61c83382b,sell,22340.31042169195,2.4427793528081194,False,False,False,0xc9cffcc687cf4a04d7fef76db45d67d57a217f5ac04ec3058f81f70735b548b5
0x547a10b63ab4c784a49da5805610b9ee2d74377c,sell,57.768204706298945,0.006312700564478791,False,False,False,0x9724529786236ff5d109f8e7ca5d0f96e1f7f1d3d3c57bccaad8e4a4bbfc86cf
0x5638484ba2d2f1d1d35020572b0aa439a9869192,sell,41488.60268227345,4.528528630540275,False,False,False,0xb684cf34bfe2755dc56935fcdde60331647322deba8faf3dedc6ada5d7072de0
0xbb21016a9f51db55e545e75fab5e6088490b5f27,sell,57.76074850828164,0.006297426595466345,False,False,False,0x4c8b83c212ece7e9ddb4afbce4689939cd474edc487ca69ca7045d5310558883
0xabef5cdfa79287acc6831223bec06e31875019da,sell,57.73093814723598,0.006294156437311972,False,False,False,0xb98b77852df18a896c7e4b40cda8b3e48f5334557633353442a0c7baccca8cfd
0x2aa460bce4bd548fe402c8797de1db122fbcd7b6,sell,57.663949154773476,0.006286832903028776,False,False,False,0x73ba1e750535ab54f387bce22a5006c76ac1ca0c57c5f4c6972c0ecca1080fd9
0x379cc4bb3eda8cf3ca053d779fb835b7422ba4e8,sell,7.81691829283834,0.000852240803434996,False,False,False,0x2aaf9b10b72e9b600ad3695a69c10a36feb5951f54dd98e519df73bb0404f834
0x547a10b63ab4c784a49da5805610b9ee2d74377c,sell,32.927876682590394,0.003589963139916983,False,False,False,0x54e4f7b6531cedba01658127ae35f9b268dc3b480de884ff28aede9bad5f8552
0xbb21016a9f51db55e545e75fab5e6088490b5f27,sell,32.92362664972053,0.00358949325960567,False,False,False,0xc84dd61b1df09291ca43101b00e65ddb9b259c7b406a2f8728e7106017f062cd
0x4dd69b23ab6f16f3f8219dba636354b67349b0e0,sell,40.793125931600606,0.004447455147521926,False,False,False,0xd658e1bf4ec4d11f663979d149fdd7922e8a4efc0f8146f957705c2313c43188
0xd1836f28f43e3f451120db79f3e40629e3438cd3,sell,40.74051629495083,0.004441709412000585,False,False,False,0x3b8b6e02d90f9b632e5b96e1789c2e817382fd9f5656369fbc03c97cb9d1945b
0xa37c7dc1f519c427518b409b423aee0b319e71ec,sell,40.745772677427674,0.004442272500617605,False,False,False,0x8e4b37efc2b6dde076e83ea052da9ed06b0bac82b7b6513a451758f55d36a2c3
0x56c69177e88ea8c1c44fe5ae713fe1aabd09b94d,sell,40.77206985518333,0.004445129532109546,False,False,False,0x0c5244e4d5a25f0f73ed1668371cc9a8287b899bad776972941f991d0d780fbf
0x3c86d511803afb9b7478a15527274f9b464bab89,sell,40.76680838337374,0.004444545909258628,False,False,False,0x7d261adf2a33e8f86ca10c7736c0afdc5b2bdb48e8e66deef8a1edfa9295d90f
0x384ea7b9754386f59894312f0bcf2b2d624b36f2,sell,40.75628849466774,0.004443389000486125,False,False,False,0xf58bfbdbb03259f83ac0960ec6c7cc789c2fe28a1d45239752ec89b85e6dc563
0xabef5cdfa79287acc6831223bec06e31875019da,sell,32.906634743924506,0.003587585797400852,False,False,False,0x427738d5a02f28f73d8fbe9f4d40e16bb93711b9e20074fe3017ec4b5ac8e1ba
0x5638484ba2d2f1d1d35020572b0aa439a9869192,sell,23648.503528895868,2.5765518323117154,False,False,False,0x95320bfd9271e78b8619fa67772e16386ac32b6738e9b492f1e1db858ae39530
0xc7ea727095266741e48a949dd14a102d123b4e52,sell,40.71950093320819,0.004433574057169643,False,False,False,0x642c007c8a0d2b75ac88bccc53b547e7378bcd98432fa1af232ff937d68974ce
0x8004ce0fc1d60da4ebc15c8e0557532f44cdba9b,sell,40.751030077245794,0.004436997012458587,True,False,False,0x20593a5d64c7938123041c116e6c5a055c41f8546d234f2d3d70636ac74360d3
0xfb5ea923b63f2dfd2dd609bf56511d0cb28b91c3,sell,40.7352609295528,0.004435270095145374,False,False,False,0x80a15545400afebf24a82a5f0460814c59d57a4c51c458cac2b30f308c397c83
0x9cd71850a7f491e5c46b2cddd11c811a17532dc9,sell,40.69325458973775,0.004430686483987185,False,False,False,0x6a1e972f3f37ba38d091f2fc45dc60f358d0182dbd997d6dd16c3aabf60a6bb0
0x2aa460bce4bd548fe402c8797de1db122fbcd7b6,sell,32.86845101822088,0.003578713667222384,False,False,False,0xb5ee3c38906d9fb0a01d2d7a69dd28c8d8c58accf928578c467f7873c0ccb7e3
0xfcaaae0c322be427d4cff22d1f5318c12e262975,sell,40.72475324894373,0.004434098074755201,False,False,False,0x77540db07cb223b75955fc775ad30687481be9e7dbd8d3a3d78c264c947de002
0xec230a7dbc09c9715f2918c36d7f217e178ab4cd,sell,40.703750081132206,0.004431801308579728,False,False,False,0x8e6a044b5f61151312c6498794e9f455a72f858bdd61cee6096c3f97012a344e
0xf70d7aacbd551dc76636d7d90369ee12ba20dd5f,sell,40.698501827943915,0.004431219938261893,False,False,False,0x333e4e92e2fb368fc6615fb5272a0038096086e949be363818bcbe1994d153cd
0x7bca08c776a278f49cee431f66ec07013e53709c,sell,40.7300065809712,0.004434640195922208,False,False,False,0x3fd084de5e938effb42b503c96892e25d380313d16a46e57ea8b67ac8b16339f
0x4883d497b43e981cffa0c15c0008e0c9413af57a,sell,40.70899934956442,0.004432343000238914,False,False,False,0xe41a0991371ddf9a259d2bf4d8ef0af90870fa3dce91328bf365021f1eab4494
0xb64e6db5defa8668512ae1e54f955fb1c67c8bb1,sell,365.77326947863685,0.03982447248911357,False,False,False,0x6acfe34e6935a7c5086febfb3181ca501feeec4433c15fc2c49712ef66f9d744
0x379cc4bb3eda8cf3ca053d779fb835b7422ba4e8,sell,4.455643426917853,0.000485114285125975,False,False,False,0xdfa6667f647fcf2a1effbdc8f42ee042abaab131d3c2aa71d1da31d5ecebd654
0xe28f3ed9774960e86f6f594dbbc4c1529ab17a6f,sell,1507.5994489477202,0.1641351150169398,False,False,False,0x30e5a0fccc95dba4ab86263a9cefc005c2464d5694adaafa09e27d76ea5b180a
0xe28f3ed9774960e86f6f594dbbc4c1529ab17a6f,sell,753.7997244738601,0.0820624419411928,False,False,False,0xa001aae6e7ffb53052b6a8bf82197a76bb4f775847315992e78dcfc7373bdc4e
0x63e0c6b4390dcb1a8c9670d9b843d7a5a2383bee,sell,4525.582643457118,0.4926060777941503,False,False,False,0x7e5831126d274dc0c49ba5ac4a7b8191d43f01db739825ea9c52a809d3e3839a
0xe90c0a6c84125e82b1f8f5f3167953e73338f964,sell,54190.10349865721,5.889018662846349,False,False,False,0x98486fc688564062ac5ecf9e80fd0b117e4cd897c0161fd9788169540b4a3938
0x249571f65ef05cf04d76fcf45c106e6990442285,buy,350.51984627333394,0.038808,False,False,False,0x01f596dc196b333e6c2b44c395733196e6c9ac6c0d7ef20fbe1aa076007ee6e4
0x7c9457a775015eee6e098cb1a4ba6cf9b0fdf3c0,sell,2265.4301765506902,0.2458141489176376,False,False,False,0x4384f460a0ffbe3867e7aa90f5b99b010b45f503ea4ae12adb3dc17faed69d6c
0x149f9e276e77cb13bc0fee312127122025455c49,buy,57.65565680303706,0.00638265474,False,False,False,0x1cbed1bad6a2600e3401b203e63360f895c2fe0cae65f685050ea449c4474d77
0xe48797eb4ff223565701006472711d1197b2a342,sell,19.34094120124527,0.00209849475137831,False,False,False,0x7c84b729c52091b0d32b146dc51620498456d841de2784b1fb7f83362d0a00ec
0xf0ed62f8877c293221dec1e0198ebf9bbd74a6d2,sell,598.3561060066522,0.06492061542681953,False,False,False,0xcce6c8d71b49869d3cde675630de4b04e9b4fbd9cc0d6ce670933f0ab4fedeb7
0x83c95b5b7e9c9c4209a8d96df9fe0f2235d8f066,sell,471.81904135258543,0.051190052602764866,False,False,False,0x73b0f68ed5ef64c746d08539ba61f6d85e4fb97e7891a2d7de88f8ad3ff75f72
0x98a92a5d8363feabe26047824f579b332c32a988,sell,62.82313661803567,0.006815902021229431,False,False,False,0x43f241e5c25d38b89b7a41b5a78b73f38927ef6ef8915c6bca56dd65475a91f4
0x0ba1c8949eedfba13fad2dc7c5eb90456cc19013,sell,708.0926907627864,0.07682182528961014,False,False,False,0x8a4d96d04609b8a8df64fb8083b54f668c737350bae76a733f920a88c0e4ff2a
0xa9076b5ba0aa393915cc4143653e7a01b96b5e12,buy,30650.920483947637,3.3957,True,False,False,0x61c635d4e7afc281438d605a4842a53601df3b50038ea6ffe8cf174774753080
0xcabe8d7e6c7a96dca2657e63e3d2c8711f9406d1,sell,178.70505132880783,0.019420526846421357,False,False,False,0xa78e194bd30891127499fd1bf82392bd26981f2b7bd6ba82d8d1ca495413bfff
0xb19e4456e26181897aaf08e76f09691a27d8cf47,buy,554.2513877639255,0.0614561199397964,False,False,False,0xe831be4fb41a5d49bfcb38b146cdf948ace037d1950a6c4cde66b99cf0d98409
0x09d619b19f45f8a5d9c86ee90580887d9424d663,sell,69.33871723263371,0.00753547107140988,False,False,False,0xb086533808768bb87b21f1c3ca70257d451213ef91052022a050f244551074b1
0x896ff98445ede107839a46df3cc302ad2ec4c166,sell,341.4048060508192,0.03710217093331455,False,False,False,0x85ffe1296b13083862ffb6b9b80a44ed0c2b525a4b81736799eafab956dff412
0xe28f3ed9774960e86f6f594dbbc4c1529ab17a6f,buy,262.49687336108025,0.029106,False,False,False,0xb0cc551ad5e0cfbb99822b85e5396b8af5b7462cdfe548b11c9af9bfae354ea0
0x4933228adcedc76e1f726d113cf0bef24ba55504,sell,57.015719494041996,0.006196206426284929,False,False,False,0xadd0271153d643733324dd7a31281538f47b38d78cbc1a50bd17cbd51158519d
0x14078a75f65dc072fe76960aa2769157e443b1d1,buy,437.487644035644,0.04851,False,False,False,0x09160a57d8b06c491d3dcd49db8666d8e640ed6357d8cdb213eaad5bb4d5722c
0x14078a75f65dc072fe76960aa2769157e443b1d1,buy,174.9920761089307,0.019404,False,False,False,0xeab91ad469d63b22356fe262e0da260377a1d362826952b92e9026e94a5e1ed2
0x14078a75f65dc072fe76960aa2769157e443b1d1,buy,87.49539917290697,0.009702,False,False,False,0xfaa8cea1eacae33b7a67a23db7229e0154210f08d5dc45d6cb15d7ffb9735047
0xaff726578eb3e36219ba17d8a12578a3160c1fcc,sell,2906.716811985579,0.3158751477657622,True,False,False,0x1890d72bf431401f38546ea8ffd32df7b920a493e14faf7c585c3b00e3472886
0xd4b4cab5cf150f46448a8b312cf4d96521953c5f,sell,73796.03063724822,8.002577961950674,True,False,False,0x95a38ef69c97ea8caa327cc335b8b7f5b34b3950dd74f8fc294d817801fe8501
0xee1338f0f9324b97580f1351ea0a30f474e4a67a,sell,15308.285342596118,1.656006517617841,True,False,False,0xc0397e86d27d978fd795f7c2355808445f7b4a76b48bb3629c34737a1f24b8da
0xa721e490507c0fc7cfbf4fcfe3fafd93fdce36bb,sell,565.6794576578725,0.06131991113234963,False,False,False,0x639593db0059cfd751abfef6707b965e1efa8bb6fd90bea350988ecc9919fb28
0xa6ebe798a17b351b0c04cd61654c7ca38860e253,buy,18218.22384458934,2.015949907468924,True,False,False,0xa500ff205e885b649d6f0b224c54bab6a45872e1c7280b99137ecba0600787f3
0xa6ebe798a17b351b0c04cd61654c7ca38860e253,buy,18199.115590605794,2.015874994514023,True,False,False,0xa08a16eb91496e5317ce7b88f8566959cb8990232f4eed321e5c6de4821ed02f
0xa6ebe798a17b351b0c04cd61654c7ca38860e253,buy,18180.624478207148,2.015865252933899,True,False,False,0xd8687f7a1f7763f86d4cd6f193eaec29fcb7cd6124823873c56a40a8cb2187e4
0xa6ebe798a17b351b0c04cd61654c7ca38860e253,buy,18162.583122492273,2.015902328143956,True,False,False,0x29724a680af05abe45dd33d099df54d42c2a49745c1d3376f123e4f3f746ca36
0x3f6163f2ac7d93d7928d4647098dbcd85f6435d1,buy,1830.114953397397,0.20324126942388743,False,False,False,0x99d9d58620cf4e7c46e07ed052301fe11e27dc0ef1c15f4a95f4b977e40234ab
0x05960f84dcdcdaf5a5c70a6406bb9df42c279be5,buy,365.7011863901111,0.04061499899759548,False,False,False,0x78124256f812a68dd1693c001e818397e2625e28507fa18ae6f51cda6da3b8ec
0x2ea462f78858e6d784b26ad3ba5a641d642af0ad,sell,1285.8460418804684,0.13996146174963392,False,False,False,0x3c6598a947832a3305d2de42e651e698d56590ddf3894fe89b2b9b995cded312
0x3f6163f2ac7d93d7928d4647098dbcd85f6435d1,sell,830.0,0.09033837285513036,False,False,False,0xed65bba1d4e60394301270edfd091951162f59dea13b5053770a63265d331589
0xab79b5c4a2e88758db7069e71b30635650a2aca9,sell,358.46684841557243,0.03901476039628543,False,False,False,0xe2d4432b9cb964159fd428f5d84b84b7d625a228557402944596504707d1e7a2
0x20b88e992c063b0d3dee60b101c09b3d8d74663b,buy,4367.905128385118,0.4851,False,False,False,0xe453698e2261c2a339b3d35f364e0181113386f902a520c3a667aaca296bd6f9
0xed0e290cee16acc5eba616af1557e658a6fd2a72,buy,873.4535616304556,0.09702,False,False,False,0x62906f3209b842309e06ac64c1e9b7b7c151eb723241d82467866a7b3c2e2fc5
0x9882784c24006535c60ee1caf863b0e8ee70836a,buy,4366.630658382722,0.4851,False,False,False,0x9f3d9656887642288eda98498ea68afa4cce0dd3e00a09a20b23ba95c6db20cd
0xa65ce1d604fa901c13aa29f2126a57d9032e412b,sell,89999.85,9.776280945608868,False,False,False,0xc18f1f9926681b0e74ae08f38eae0d8e2ca8bcf4f82918a8f75bbcdd91e4e954
0x9882784c24006535c60ee1caf863b0e8ee70836a,buy,13158.55365855602,1.4553,False,False,False,0x3d548ad663dbfa9659803ec572a330ac7fb3b927579af504647b087e0b103f87
0x7895a0a2d2898401aefdacc8b205e7b6b5804f7a,sell,4499.925971573414,0.4878932533711692,False,False,False,0x390611aca96a553471b606ae14a00549529adb6651dd89bbc2f108ccc1c5e0bb
0xb19e4456e26181897aaf08e76f09691a27d8cf47,sell,334.76,0.03629069399957651,False,False,False,0x1e45c4512b79233b1b8e35523e50a35ddfd1a3bf6319c16a2c68393882e40878
0xd4b4cab5cf150f46448a8b312cf4d96521953c5f,sell,55347.02297793616,5.9909399738326785,True,False,False,0x92694416912c44d0c99c02cf2c7c3ea50bd823155ebe5ffb59a270a3a96eeeac
0xaff726578eb3e36219ba17d8a12578a3160c1fcc,sell,2180.0376089891843,0.2356035324004158,True,False,False,0xc13e2485fc63f95ee17a734f261b24cc68802d57aa64b70d7b4c193bd769910e
0x9f0a0d91dcb95314d1fa41fb039d2a6ebbcc18bf,sell,691.4352893457097,0.07471972972846747,False,False,False,0x025d81b87c270b3cffd64c4cff850d935617279d0f99ddd942ae86e8f87593a2
0xf605c7d652a2aa7a0ab843e130a84b2c2afbdb75,sell,8402.0,0.9077339535431022,False,False,False,0x6c58ad6a2d60c6af5c6ecff32c37c7beedc34df67ae12a7301f48f8e4d19377c
0x9e9bae867391ef072a14879d8bcbe08f43339e71,sell,6.281346748084588,0.000678467346336342,False,False,False,0x4763ccc30dd3853e790696db304771306978b576bdb8f9920647dd3c85fb49ca
0x371c3ddc3cb2a6f98195b12821f020087df2a85b,sell,10275.9574439376,1.1096258470268103,False,False,False,0x21776c02d468c1e6da4305c2421be955f1b7f7b752b3608153430872176b199f
0x2ed95f0e63ec4b4a7d33438f04b5bb25ad945915,sell,500.0,0.053975478837787215,False,False,False,0xb13f7dd3773c0e0c6d38e436134a11ae1ad4bb276035e094d886e602a88d9162
0x24d721bbd26e99995bb173b7f254333c5cf8677e,buy,1794.5020787892481,0.19765856486532124,False,False,False,0x250626cf9bc56c6c4ea45fee396a6aa00888bf102ad3f6780decea6ad35265fe
0x1b36374d5a26c45726632162188f7162dcf39639,sell,30.667371846471042,0.003310851835407371,False,False,False,0x2c008fbab465f906bdbef9040f55e6e2eca03fa781232b9fd70772346394d3f3
0x84828e2bfd655fbfdeee464592d7b5edd9083323,buy,366.35463317896586,0.04035510760294757,False,False,False,0xa6b95f8912c1c5c5efe4daa42ad2cddb59cb8d35932ff9b151a2b207d76faa5a
0x8908253a36effaf7c284dc044f22d90fc9a3139d,buy,1655.8340679947803,0.18240546760579052,False,False,False,0x097e1412442b382054979907448f4a77ea260c1b2bb3a399403468aa7cc50654
0x904cb088b9a2a81deaffeb463ea2f1b64736a301,sell,386.37489428897305,0.04171724075378508,False,False,False,0x13e999845be388e30553054f5043667b988dad9f22fbcb775b36f05b5861aa81
0x8b77af2f1f0153c898148f279e71d3e24c176183,sell,44.719857191233906,0.00482838590403594,False,False,False,0xe21e25d393cc24188bf279ccfaf2e05b7193dfd61be87d3619269bcc5f313f05
0x90738366a044c13ea0a1393d1761d7625ed3f0a9,sell,42.68458462344684,0.004608627305361634,False,False,False,0x9eb6e39edaa1cdd4fbea7dc899f2fcff66201ba672bf1f29f37378144809ca4a
0x0bcb2ff60825998b8eedfdd1434b79dc03ccf327,sell,15.34967440232401,0.001657291903554605,False,False,False,0x7d45294b51d4f193137da2cb61904984184e128fbb986dc18bce82edb7bafc80
0x588295adf8c8a80b055b9fcdf0b73ee863c6e97d,sell,2106.547851250542,0.22742908973280096,False,False,False,0xaddc3351ba7bfad374e5762558f6480dc0b9fc1ae2c24150e0828c7ddfaef7b7
0xf7f15c060c53ef137c8edcea795d0e278c93b45c,sell,53.450910981120145,0.005770376990070234,False,False,False,0xa0040f49c13ab3716a9bd5d17a2a03bd4f965b4cb32c899995056a056f0050f3
0xd81e909874f9afd0ea8fc61ce32f9a2dd2121087,sell,98.45016439975703,0.010628297951099404,False,False,False,0x09bc207db9e1ea7d8c4c9ba4a8eb7c8b7154d973d71c89afda84097447097a97
0xb35f51643dd273c2b74290357d425f8fc3c86886,sell,521.878457254005,0.05633902032796985,False,False,False,0xa9b542070c3783d1e71b624ffbbe6efbca441e1aa19f3009e85fd937c7acba44
0x1b36374d5a26c45726632162188f7162dcf39639,buy,13.790952542607972,0.001519,False,False,False,0x9d9f9c43341bb79e79af9e66b7488c0d8db63e84244f6daf18dc1baba36ec4e5
0xb35f51643dd273c2b74290357d425f8fc3c86886,sell,424.0250989080205,0.04577418299348147,False,False,False,0x1729fc18a9ae81314249479a56261610f8e7a1907372772a659049885c14b108
0xb35f51643dd273c2b74290357d425f8fc3c86886,sell,448.96775178496284,0.04846562702794512,False,False,False,0x4ddef31eb97c820a1ad9fe55afc0c5768bb6d6dc4cfaf25db756944a36b4cea7
0x7b31b9753deb642c84c8a2cb769eb2669db6b2b4,sell,1873.9510208077086,0.2022783424179164,False,False,False,0x9f9e9b2ad18b8ff66b13f0eb7f04d556e2de21581a7830755cda55a6b86b28b2
0x4f92999f3746a34efdbac7227a6640ea776745e2,sell,851.9620470067682,0.0919557910185326,False,False,False,0x316f6f6c3c873898854c6311bfd76cef0400d230beb8c78bd59539e7bc0b0dca
0xf53483f3e48492f0870256ace2674666b16adaed,sell,151533.89882160304,16.287932152482718,False,False,False,0x91324e459c0624def8f77e58245f03b5f34542789af015b2d510e29200196aea
0x6e83146b8c8e09cf7f05816dda67b74eaba2e751,sell,31491.23561077122,3.3680743611978636,False,False,False,0x26c037c01a235d947728f2c7c890f83491b3d9fd7236f34867de795eb748f696
0x5bf5016c2b921f0cd7e5ed93917184b69d35904e,buy,763.4156243961901,0.0832377091940741,False,False,False,0x48fcaffcda618f75ff99feeac08605c07e67e6eaad9fec80544fe104bc9e5359
0x7d2993924016f5bd7c8c1e936e0b7119297f58fb,buy,324.65115488008826,0.035398836768550906,False,False,False,0x2e139b6d268c31f7812b2421afdd8aa3850c988e22eb2281e83afa798289235c
0x5f1115f3d02030817f06ce4493966aa10189ba5b,sell,30002.043691572504,3.203637669635701,False,False,False,0xbd1c2c0162533828501f42c03ec75c4fe1ea76878b1d1f610d10663e3bdbe7dc
0x0974705dba672386fae3329ffffac129879c5342,sell,52.880510511619136,0.005642009650761487,False,False,False,0xf0ea8096dddda242480f1d0a187dcd445439fdb1843087af329e8683e0d35164
0x116cda031c0f1c23954052e595ffac12f804307d,buy,132.73918390076432,0.014450001644149007,False,False,False,0x501a8579ab8870b549db19514c76ff059c4477c80fc65f67abf2b9dd9630f8a7
0x116cda031c0f1c23954052e595ffac12f804307d,buy,677.1525286754076,0.0737165326861667,False,False,False,0xdd35009679208fcd143e16f3b9e0cda9a6c1830d305b5e4460ec17415097d697
0xad84ca8f023225df1817b6de8c4f0c606557c167,sell,664.0876129353162,0.0708556356366903,False,False,False,0xaf5c96a069e6616e37c2d10cec2411241ba2d701709ab7d4abf114bd6237c299
0xcf4e890f43b6fdccae192a414aa0b6247e19663e,sell,1309.1993717377711,0.1396791393325354,False,False,False,0x9be23d7aa7e6a3594f8508ad38f0d3fa7b2d7055736f73ce1432237ceff2c56b
0x00000000cf1cd5867be5d90b99a6ebd683bc031c,sell,321.79859999999996,0.03433133488340193,False,False,False,0x48697c99231d7f74048747a5a46e1e7310eeee1263b19075a4644c86031315b9
0x70bb9c7d457866ae8412a53852c95520fa425c5f,sell,100.2072132926467,0.010690562358126604,False,False,False,0x167e8ce7d8efd874ccb28b0130fcc81ba50c4d34e54d98e26d890464686ece3a
0xe0380e347e1bbd3ba74d2b591424e2175c7da1d5,sell,16534.491518221927,1.7631790146543371,False,False,False,0xc778004e081b4339ac59f61ae6c5178a586756d2136fedae97e7bbf1718cae05
0x7eb103fb3ab84b08c5f58907c7755d95e507b49a,sell,71.61901839821745,0.007633755825536411,False,False,False,0x4ad8018ec114199f748e9a2898b9d9d2fc08a851a772c513aa7ddc0ae9ff1cf6
0x1b36374d5a26c45726632162188f7162dcf39639,sell,33.34374329180926,0.003554045777319402,False,False,False,0x29cb46edf4f406772ec1ed2cb5a38100a705a68489c02e4f348644d40b4a0935
0x1c24cbbeafcd28d634ed13875b73d0eab59e6de5,sell,6249.999999999999,0.6660620187741757,False,False,False,0x4d80b4416651a87572c957951a25c7c8b5b764b8b0b0a8aeffcffe6f15d665b3
0x1b36374d5a26c45726632162188f7162dcf39639,buy,9.510159005838732,0.0010339,False,False,False,0xaf9c547da1f76031c3f327870df3ba073ddb83fdc8ef71a8aaaaf7a5a95d65ef
0xdbecff5e4c8417a542f53903412e20beb04eed1b,sell,39.06964918064434,0.004162941527524634,False,False,False,0xbeb842d3826904c0c5d61223dd14ed76691143a90004d985ba3e19ef7fc4f19d
0x4c9b853f9d2fe1379e66ac46ba5ce7f32d147108,sell,10857.535003444957,1.1565481439308283,False,False,False,0xc33d0602b2b1cea23a623f186cf578304bca37ec99ae0b8dd6eaa26e85244145
0x4c9b853f9d2fe1379e66ac46ba5ce7f32d147108,sell,10857.535003444957,1.1558674423480633,False,False,False,0x2cea6f48d719e691db2cc269ea1505a23ae71af9e78c11afd32edb6848b481e1
0x7cb4d560c1513676f2a2c3330eec9e3380f82bf8,sell,2132.5037464160846,0.2269413692600632,False,False,False,0xebb6a166fb035c8e16cc9f8cd1b4aa09f5654e87f2982cc3936853bdcea1b813
0x3226c61be894a20aa3e1fde48edc056259751361,sell,472.8392430779024,0.05031607026015112,False,False,False,0x009a2bc9240901b6251cb5c6d8daa38c30d945830cc210ae29417fcde9297694
0x16070de6bc86d011f88fdc5883aa29498bd8a911,sell,1239.7374032294013,0.13191760209285014,False,False,False,0xedece05f42d66b447c670a04599bd0d3ec80364e4b57dbd5cd4224c2cdc7871b
0x9f0a0d91dcb95314d1fa41fb039d2a6ebbcc18bf,sell,1382.8705786914195,0.14713761544197926,False,False,False,0x62bdafdb6d3be6bf8d7a86adc0dcc4234b268e224632de305be78103cfcf15cc
0xc6d2f12d30f51d4c6feae1b67c68ee5a42e2b342,sell,445.60152723135667,0.04740971306970626,False,False,False,0x4ab5eef0e0347ac50a0dd617a7be4e7c65c81653207ab45c383d55ccb3936ed9
0x90738366a044c13ea0a1393d1761d7625ed3f0a9,buy,93.0420185252418,0.010100090203810037,False,False,False,0x152cda7072f71b4f4b376091dba13da8957ea4180461ceff8461150493c63636
0x8c3b9a8dc0ec1cedcdab6b87c97f469cd8ba74d0,buy,65.51302625654401,0.007111736794550014,False,False,False,0x122b674a8f74d1b7143f391ff13220fefeb92c3193eddea560d393a0b7417503
0x01f470eea950bcc04d964750189993e6a0532dc1,sell,1751.8149587435232,0.18637463030120097,False,False,False,0x559ea80f8d2ac8a710e9090a5a100eda56480882ec605e922e27d033ace782df
0x65c55b53c252325649eb8607cb9f6121ea716937,sell,641.989139123445,0.0682964410327196,False,False,False,0xd2010708f446ad3798d767a08b28ccd4253832637b69cf4b6245b90cea62667a
0x05fc1c99bb6f9ed82bf329a73645c9d360c392fc,sell,754.089485285565,0.08021892677755459,False,False,False,0x9543ee60501c05d54c323d5bc7d66edb50ad33915b30fdc686f3c2203747ada5
0xcf4e890f43b6fdccae192a414aa0b6247e19663e,buy,1448.3469465616975,0.1572043371543924,False,False,False,0xefb7e4b94ef3d4aadbd08b6c5acaf1c61f2c6d5d2f9c9a920dda7396ce62d2eb
0xee7ac1ed8dff95a5f57caec96b4fe05973c94c44,sell,2288.1027180909373,0.2434042245595433,False,False,False,0xbd38a6109951d23b00bda0ecaccea04532fbb00f0eed08de657ed2563e6036b6
0x73617259d94b37a4d069989daa37162ed28f27fc,buy,44.69670054483769,0.004851,False,False,False,0xa77f2161b39798873502be60873c3a58b73937515a27b9bb0ffb32abe338bba8
0x6594b6de59288e82b9ec6529d2ade6ff8e9c0714,sell,11200.0,1.1910033149001944,False,False,False,0x4cccc30f08302b4aa43645bf52a3c60461872cca28ebedf41e160d449d4ff122
0xd416c92a9899840ceac62031a4936eb46522a37f,sell,3628.7830907776156,0.3857282844765786,False,False,False,0xb90d6fdae94762b656cad3940158f5f50f90740ce0968c0a6de90642e242cc89
0xff218cbb3359497cbb7ebf22cda20e47b775ee64,sell,106.36505914668194,0.011305129006790577,False,False,False,0xb1e18ec089fe496d92024888dc51a9feca3696b4b8e07e53205cea883b31a225
0x1adbf57c96c0a16ca350d1ffca130f11667ce6a8,sell,4720.64534536978,0.5016734771719157,False,False,False,0x59f8ff7be5f1d953297bfef39017a886bb882476f5f49cef3f9047635bb013b5
0xdc563cd745192b04c207085497431feb1fd41ae7,sell,1895.2552053078523,0.20137689376419124,False,False,False,0x869f6392f213e0c843359f1842607fa6a727bad8f1429e190c5cb29e316b8fb2
0x6b411c8aeb50813367bb16f4ee902cb8cc2691f4,buy,1902.4786283893493,0.20624890343247773,False,False,False,0x9f19a8b5f733cb25a8b2ceb1aefafba9ffa9a8fc2dfeddf0cf1c5aba0799db69
0x4b78e5f2a155fca97c2f1431d0d86c016ed7b0ff,sell,739.5919953409798,0.07858657505423491,False,False,False,0xd2dade28b0cc60bf9017ce6ff8e8d2b7dbb6cba7533aab2f86d50a2a7c45df0f
0x57c014e3fca462789060f8b65e9c029d9f0118cf,sell,174.94690912046173,0.01858881360296485,False,False,False,0x0dc6c0ca911cad9b3c17e1c292242a648eaa9296df048335a138e836c8353c19
0x7854e417098202b3a98cb4fe168bbc2d5bf6fbff,sell,11722.369528821111,1.245147605740368,False,False,False,0x6ab30a6a837a3cb0782034475a31a784cc47331fe1ddc3a6ac041d1de13f84bb
0x9a3c72f01e5c2e5e43bef9887155b4931ff0d0ba,sell,1039.7142505421878,0.11040005427575388,False,False,False,0x9d02b656caafb0a447c46b99e7e79930e2adff386965e670ca91f9e36b3e3e0f
0x42d69fdf6672a14f9d65f333d7c211ffd13b6e77,sell,162.97799347991065,0.017304940491859867,False,False,False,0xe2afddc78a914effb40d5febaa4ca0b9a2be1eede68dae405cf8f5d70edfa278
0xba47a33accb9e013dd6817ea981ef6591aca6a39,sell,127.21523493781774,0.013507558418110832,False,False,False,0x8ea919ca4115fda7df2c64efe22362704d4f146b7b9f8a685acb3a60d0358f8f
0x86b578c35141ae8ad3fd594b5a247b5cacd6a1a0,sell,20132.945533732818,2.136519226423065,False,False,False,0x093e79553db5cb16cf4f81add477a7f192032cfdee9a24c42dd55443ce29af00
0x2b66d53d7b030f64ee6a3df5346755bd1a0d798e,sell,121.858,0.012924547681117005,False,False,False,0xec95b8ee5678a9ad30493373eb47b25d0540b361d30f98101409fc938455cf73
0x404367884c995aa010dfef85701fef872614f1ff,sell,540.3273926615057,0.05730737394781195,False,False,False,0xa8c4ead2005b72dda13e00040e267a32dd53e3452cce4bbd81f2126853f91f07
0x2b9433597feb4817426a76c66849052290580539,sell,143.7802263370553,0.01524911512600248,False,False,False,0xba94bf9ddb12ae25c61a2a0b3e881c7cbbff84e7ab85d1ccc282c540703bad41
0x3f6163f2ac7d93d7928d4647098dbcd85f6435d1,sell,1000.1149533973968,0.10606740748158898,False,False,False,0x02b090bc94bb9997db51354f1a0d9b23e94204078a54a6b7ebe47cf4f7d1fec2
0x8adbfae06c613c7e4e356ab385554d9d459f2a86,sell,220.05273445269913,0.02333696952244257,False,False,False,0x6fbb3db8dcce4bde56e89568fffb6ec19fe1be4919ed8a1027445638f96f1ac5
0x1bbc0c1cfe4cfc510804739aa1aa697aeb851011,buy,65.34803149816688,0.007070953790043296,False,False,False,0x034b6295cdf49f0fdeb9e07fdfb47084e38be7ead325003ce8b87b3dba26f621
0xa1b635a796a798c58d4e04247afa32c0c87220fe,sell,535.4428528730996,0.056783673670624674,False,False,False,0x66df4e68742870e0f63aff50edd1ebdcee204304c5fd809ec0dfb5ae06833989
0x53426fb8d9f01b8419bdcd92b8266b3d733c490d,buy,409.5282497200591,0.044312107398857416,False,False,False,0x4b2a6320fff166d07e45cdd030803ac9363e917456be70c8330ebbfcb1a26cab
0x7c7b412019186684b51bdd98d4cbc33ccf1eee7d,sell,4181.038051696242,0.44335209483691224,False,False,False,0x4ad2ca70e80ae7ddb7ff621cff574dfe4290a45c5efdd1e00032c17ad7f0cc1d
0xcb3dfd813ade80200ca7ac932fff1417e3cb79a1,buy,83.79203992156857,0.009064604649830294,False,False,False,0xd7bd790222fb9ac4c1ad9284193646dd1067d376be513c422831fc27ee9ade14
0x53426fb8d9f01b8419bdcd92b8266b3d733c490d,sell,632.0971703259108,0.06701837670639095,False,False,False,0xd0ffd556054538114c048ef2d1d3cd55e14c665dcc5075e3583114d10a6ad7b4
0x17c9a6681c3dba9ba03fb5d802a9f6aa3e928ac2,sell,1846.2308131688906,0.19573429403582862,False,False,False,0x309062b15ce544b04ce5a3a017370c0f5ddc5ec25957b8cb17b874e8322d2349
0xef4e9abd2df4ebc520422fcace5dc5c000d02ec5,sell,1506.790868447162,0.159732945215998,False,False,False,0x79385c98c755b29df1ef0e9a9232f8f0d2e168685f8d91b2374f93b495864730
0xbe7a6e80f19b242c109dc71d1b86238862b5d86d,sell,494.3600812131718,0.05240363286874272,False,False,False,0xee3c053132450f2ffc110eab1d869e1795a5d0aeb6b4448d5fba5496314cd53b
0x885bb38520be02c88d9b14b07e65059430809be7,sell,648.7269000286312,0.0687648457233246,False,False,False,0xdb99b04c3af827ed299fc26179b142a5a3ca76e8b9fc75c78225abc5641892f3
0xcf251e0699333d73bcd58e931d5a12e8f2e7bdc7,buy,1794.0866506775078,0.19404,False,False,False,0xdb1219daee5b15faaa1efb880d00187b5258031f5c4e527bcdd2382ef6c15350
0x408a1cf558879f98000f3b83c41d55843a8f063b,sell,1742.5755547885926,0.18471862031845154,False,False,False,0x84fb41493ce9620acd4a6ebffcd4c3ebc0095d02a0a3d23785f8828a212c7b1c
0x7c7b412019186684b51bdd98d4cbc33ccf1eee7d,sell,3135.0000000000005,0.33227623568645714,False,False,False,0x8667707b02a2651b5f5a3751957c6646955273b00a56f0cdf7692082672181c7
0x09632791d1a1beac212e0a9138a1238abc0eaa69,sell,39.68,0.004205291366242103,False,False,False,0x49ee286fdefb032a78ad6258b0b02abd1dac1cd74db6819be1addfc37f14446d
0x8908253a36effaf7c284dc044f22d90fc9a3139d,sell,863.1415241057,0.09147361213452719,False,False,False,0xd7075314ce35059e375ec2a837d087309d849905c776c2419800d27ec8e1c39c
0xc069384401929b54abe5a61cc637863ed303fc2d,sell,520.402468529125,0.05514890686179546,False,False,False,0xbfe1dd0be85ae3f2d342bcd030cbbc62504987b8f820d69e00b234d24b350efa
0x7c7b412019186684b51bdd98d4cbc33ccf1eee7d,sell,1000.0,0.10596920944775504,False,False,False,0x9e7235b40dc9069f12da309c622814cb5c37bdc137d213cafc560324479a9c83
0x7c7b412019186684b51bdd98d4cbc33ccf1eee7d,sell,2102.0,0.22272858406652898,False,False,False,0x4ce394cb53e37530d2ce35a34b58e2ee8ba89967426ebf19ce5bba4929781dde
0xd4b4cab5cf150f46448a8b312cf4d96521953c5f,sell,83020.53446690424,8.77666809854124,True,False,False,0xe1b5899799596c656d448763face7819485e4ef59d08afa7adad86ffcef6f1d5
0xfdaf72e3cd6ced581cc4735afc6d45410c65c5a8,sell,1117.474983206827,0.11786760635316385,False,False,False,0x13c71d3558cdb4c80e705bd058a1203f937da451984e4f105610b5780c7781e7
0xd4b4cab5cf150f46448a8b312cf4d96521953c5f,sell,83020.53446690424,8.736890534095414,True,False,False,0x366003603dabcc128cbc93ed6c3d7c566bfbde2b076173f10a06f4427f3f9773
0x765a7c163a4ff540da0023284eea5bb16cdae373,sell,408.81060989098313,0.042925618522064495,False,False,False,0x851741f2ef6edff969689b28c58b797e24ec1764fe4c581b8908874671df76c8
0x8224c04a8f66557df682fd0581eb3724bd2bee07,sell,19612.4684285299,2.058223504353799,False,False,False,0x883bcbfa3b28a874a99d15fd23f47d7639b6378298ee048cf280a0cc93c86379
0xfdaf72e3cd6ced581cc4735afc6d45410c65c5a8,sell,372.49166106894234,0.03906997475263914,False,False,False,0x24dcb2bd1165354435ddd54fbd1c1944474b4c06db7aa6142a1a7fa3e7c36745
0x399a150a60ebd8ee91461cbc99829cfc0ada9855,sell,6199.706068186129,0.6501609008193207,False,False,False,0xd6495e13b6445dff9bf4c6be6a741b074c6faa24c52cf8de55c83858e57c784f
0x8224c04a8f66557df682fd0581eb3724bd2bee07,sell,3927.7962133203,0.4117942847625433,False,False,False,0xd88e1b1053c18cd1c92e2b35033f08527ec1facfc35164947a26694d15cd033e
0x35db416c1a67d295f46f9c798f28aefa7584696e,sell,1218.4633545228364,0.12772728800460853,False,False,False,0xa31effa5f417929495bb7a3c9978a590ad844d7497c7dd7de4688e871da22bcc
0xcef7e025740028a5b0f73b80177e7be8d06de535,sell,721.8111904229555,0.07566101328293083,False,False,False,0x674ef1661924af79dd7cc7498d09f6575159289282b1b5689b878cc1c9918dba
0x999ffc38b97d8d6fa21fbd8109d39d6a04ff851c,sell,929.9708752792059,0.09747619901909635,False,False,False,0x4d2056b0d1ef58898275c21eb654e7cd235213374ce7a7e1d472ccb879aac5fb
0xae3e13042a21c7415f3a05016a4221528b35b9f6,sell,144.5566987157866,0.015151474606511514,False,False,False,0xbe5183220f62efeacbad7306410cbc3e24a59ddff57e068d986b252dd5784c7d
0x7c7b412019186684b51bdd98d4cbc33ccf1eee7d,sell,6306.1141550887305,0.6608503575873528,False,False,False,0xef51d604b84502bb70b9837e89c238099cced747b25ce2f131002a9fbf664a26
0x54b788caf38763569b9ddd26314d2ebf31e780fb,sell,439.6696700118653,0.04606689925406116,False,False,False,0xaf0dfe9b6e19812af4031d7683567a77257af9f51bdcec08929d4c12d2efbbfa
0x678ff794230146a64802f8d66895fa451bd1863a,sell,929.0886298152705,0.09734275326746186,False,False,False,0xd75af4dbbbb9ffefd1f546b3decb99b7f87f85dc782125d681fcf6d080ea0469
0x43fecfbb9b06ebe000bf1abdc098b090b80a618e,sell,269.70932770756815,0.028257155401348745,False,False,False,0xd2cbf06182cb04e670783410a25b156fc5b3e0a4337a0c3150d91eb6534d4009
0xba41f2ab5077ff00451a2512ea6721cfd22b905f,sell,7.3364629757368105,0.000768627585110968,False,False,False,0x2c8d6e16ef6d9bf432fe4fae99b565e460918a5c027396149fc877c889aae4c6
0xb5abc2c12fb9b20a4bc471caf0d49446143bfde1,sell,114.60129727567173,0.012006525446745584,False,False,False,0x2f62609a6c383548e525bb80c7b3feb53d85eb4a7ea90f0e172b9229f47b4763
0xcd5dc1fc17cfa54be1a16afb16541b5def29d8df,sell,98.31427940420001,0.010300111464258369,False,False,False,0x34732958c2a51c392b54f51a482519582ebf7590f63381a2f25aa0f2a7f9ceec
0x8224c04a8f66557df682fd0581eb3724bd2bee07,sell,11801.684873212698,1.2360337262553267,False,False,False,0xe7b61630884484a5f6573e382601403109b530c2530cc7811ea5d3e2dc179d1b
0x68ac51f7f0ab45044876612e7c82cf1660a7212b,sell,634.0455421357764,0.06638370481508327,False,False,False,0x6e828819c05fb7c573657cf08561b933f0dc75515f0ce255d9a98bd66df4488b
0x036b2e4241e6754f8a36cc1a46bf7505d3078703,sell,780.2694836870501,0.0816900450700716,False,False,False,0x06bbb3890ec9196bbb3efa059af6f06d89951b7c704f9b311e69275300bfb002
0x412219470302bbd678d2b9170f807853db4e03e5,sell,2057.929742524294,0.21543780151294975,False,False,False,0xd38e7361f19420f93705600802f6bcca80ae96ca587406e50436f98d63e4eb67
0x5140087842da3cbc55ff69ba74b4239af219c4b6,sell,9722.985416040761,1.0175445255192923,True,False,False,0x38504b07e419bec86445f61c0153a952762ad450dd56edeb59f4ecdb6e8fb7d2
0xfefc03fbb02f682d87e852a0cccbe393e62494a5,sell,4057.349938374874,0.4244586039436911,False,False,False,0x06e5a1a3ed04484df5921f27ae5c9db9ae6e63d0e5befa874f5673b82d5025b4
0x154b9f869e8839195cabce575dcfb8afbd9f3117,buy,684.8566944006004,0.07309419644277323,False,False,False,0x9400e5c47d8b5307a4eb16a20399eec7465ba4d98a2c60a27cb8ea03a824c740
0x4280fd97f782a3fc6634fcc1c3285e13bcd029ec,sell,10314.28927435753,1.078650032243561,False,False,False,0x70e2b8e4c7eb073b46eaacf218f1181c45483c5ebe1bf17e650fa0f090dffdbf
0x2b46cde4e5e175218fdf99a9e7df39f2cbebd286,sell,11.138366276546765,0.001164507300392206,False,False,False,0x023c6e63f95d59e24ede8c59e2a82e12581797202b9ef10ab35ace3d43be3f9f
0x861fa17322fcb89de5fd7964e60589fdb59ca3be,buy,106.22993559416649,0.011331786192248013,False,False,False,0xd16ee24c55a91d8916206ca1bd019571a0fd17363baa9821177529772907f093
0x42d69fdf6672a14f9d65f333d7c211ffd13b6e77,sell,306.28404060923134,0.032021663399823805,False,False,False,0x1a2c75d9aa02ea5bb8da2560ae1f9c39452a4e2e357bf9e1898822f1521c794e
0xab4638b54e1d12eb8e65539d5cba2765811560e6,sell,54.96793640741569,0.005746782186297899,False,False,False,0x5693e783298ab626a74936ef1267e6b4681e7261a65e41bd9db04a8bf8539a86
0x8c509e461bcebe90711e3eb99a6ef1f1ddde3351,sell,9954.319155296906,1.0404232644348483,False,False,False,0x6162333633d5d96a97feb7d33dc9a49c5f53cafa8a2c32d5811cc2a078bbee20
0x1b36374d5a26c45726632162188f7162dcf39639,buy,13.070556870652359,0.001393497459109675,False,False,False,0xd3a4ad1f5ee24193ca8ed7f826687d83619aa2d3e802f6fd98fbdb45957c4d0d
0x8c509e461bcebe90711e3eb99a6ef1f1ddde3351,sell,9951.36302415382,1.0395588975352557,False,False,False,0x7c88999940fdccff697d1409bf8077dd1d17b363abd16036061d5d068a6488f8
0x8908253a36effaf7c284dc044f22d90fc9a3139d,buy,654.4475750894692,0.06973689595331833,False,False,False,0xbeaade19fa06ebfbbeea3d5b99db1257cbd751f9a3cf61fddee6a9e7976c0843
0xbf6cc1f7b3cc58ff1be5211ca2db75c29e8fec7c,sell,692.0825753380875,0.07227959195884372,False,False,False,0x15ec5869083630feede4c276ed4734c178227f4425b321168411dbbfb611ce5f
0xcff47b04bddd029c68453b85f373cc2d5366e3e0,sell,190.06742956599234,0.019849756691189144,False,False,False,0xd00fbfda0fc0c1f6c0e38b09244863bdcc566eab94e0cc5b114d530d3b2e5f7e
0x045336526854f9cfbd36c1b6afccae811405bd64,buy,284.105306304892,0.030273147214507447,False,False,False,0x1022fb85b9a40b47f357a2a6079c8ece0e5faedd3138ccd4ece2b67666d5f038
0x32bc88a9922f14c700b5fab047c391e3e08b7d11,sell,537.9314927616307,0.05617882605989295,False,False,False,0x7017d0b6fedca74752a934d0415bdb6605395ec358f5bce2c21f06578c25bd36
0x8c509e461bcebe90711e3eb99a6ef1f1ddde3351,sell,9962.10789455637,1.040098474362502,False,False,False,0x91e62d5b8b24df98703c87ca0cd45a330c602f5f444a762c7cbd2e60a92d3d10
0xe36f225f049f5540988d451b1d0b161a3dd5a2c5,sell,832.572087733855,0.08689987663246922,False,False,False,0x2c10c7671af61297e23f941bfc9d2f1a4485fb8a9a6e62e3a42731dc163435fe
0x9c26bf36c5b53620abc504d3ff16adc824807a1b,sell,4827.314438457307,0.503775334097483,False,False,False,0xe9cc1c2c28d097784a502b44ca16671e38dbe0d74acfe54feffec043005c8026
0x015f316f30450c87c92492df4405bd1c238007d8,buy,4555.887394746563,0.4851,True,False,False,0x22ba4d06ea75ff54c79810af5f293d5c0896a77fdbd104da925b397ca8ffbb75
0x5140087842da3cbc55ff69ba74b4239af219c4b6,sell,8750.686874436686,0.9131086403442649,True,False,False,0x882fa17ff292681381c07440167771e976aa16445c717a787b00f503182288f8
0x93c82118ed2cf4ab22f86521b04916f1ca0f5212,sell,455.09370576256816,0.047475964241337834,False,False,False,0xf15ed442b3b1939e4c5d8a9b794ef4e0b193e834ec471dfba0206f955c977fce
0x98ba4c6ee9bc6be805012e55c918b46f67221b49,buy,13805.668730588473,1.47,True,False,False,0x8328494ed8a7dce829df0cb93e30845356666b64580468de7a7dd0cbae32951d
0xdbf09a3e99117c3131cfbce8ed64068ef1df00e8,sell,26.563379653630264,0.002773166287360753,False,False,False,0xf4a95b99274c568eb5c4ccce88a637515895440efd3135db36dba6879ea962d5
0x1e0cf3c380579586d15331c34267ef08864eea27,sell,3176.4318735697952,0.33158492033821396,False,False,False,0x62795b4f2184ad57601daf28c40da1b9df54e33a690c08e91d9d40a9bcae743f
0xf04707ba30b883d9a7ef5511ab9ddb95125d5d57,sell,4599.332872352234,0.48002005981714313,False,False,False,0x81986c223ce9b13cdc616c09ec202e2e92624c64e4037c289d212caf196e96b2
0xbe0ca442d6b7d81e0faa7dbfd09331019f893f89,buy,3745.030735153266,0.3987861066962431,False,False,False,0x4e8aaa2091235b41c3cd28c1f7fadaeb1e3634f6f0d9905f5202455f48dc9ea3
0xb35f51643dd273c2b74290357d425f8fc3c86886,sell,3939.687981203283,0.4111639420730184,False,False,False,0x2c5ac3af4a7689feac3de0e876a42436a6be8a69d1b403b2c84d4009eaf2ac6c
0x8908253a36effaf7c284dc044f22d90fc9a3139d,buy,205.34013922404972,0.021863170046562456,False,False,False,0x2821f00b41edea2273b711cbcc54f29752f7504e1957762a02b85a0a09b1501d
0xdc97637f36ee0b2eaf196cef46335c4a0eeef02e,sell,6938.1149353845985,0.7238901728336433,False,False,False,0x15adb6d45116d4858b970da0dc5f34e0eb2407a9275f1c05e8bf80954485bbdd
0x76475295f23efe2a7c3edeb8feab5ddeb72783b9,sell,9653.31474974237,1.0067328246153031,False,False,False,0x40acd9f54ac5e885b50f828e7fd3b66a40858b927d2eebb49a902a1735557cb8
0x49224d70a64e7e7dd5dadfad610f039ea6d08c8e,sell,17480.072529863442,1.8216492775045483,False,False,False,0x884d3c8fb8d654a73e4527ad36559060e782679889a5fdae2dab6ca9feb56a3a
0x9ec2bcc1aa4a0f0716057dec17ec6a1389d2d743,sell,13827.116445490961,1.4397544821799257,False,False,False,0x4b8bf051cefcfe5a61e753259a2a45a70c384a658608b89d52807ac43329021e
0x36f552bea24c2fabd6680414e41355542535b727,buy,6192.9786081575485,0.6578060018828021,False,False,False,0x58bdbba5d038944ce71fba2e2eac394dbacd69528ebad42323cfc860c43f9b66
0x8e6b35a59a00f02d58f2947aede22bbca097d9e4,buy,218.22896859288045,0.023183876597367543,False,False,False,0xa447e6c9f44aeb29121ab670d7b9b4769359896fe2e3e1d53337a68c0fbfa25c
0x854f1269b659a727a2268ab86ff77cfb30bfb358,buy,27653.2171536447,2.94,False,False,False,0x1c0b6fa626349b24b0a979b543cb5044ea9d21c69062f49025121afc578755a8
0x03afdf296450f1fd66a9bdceaad117c8e99e5c0b,sell,14260.85099579505,1.4865405821630666,False,False,False,0x8d45e7e6ec353c9b464e28ae11d6928a1096c5bccac49cb90e19d0cfc96d5756
0x8224c04a8f66557df682fd0581eb3724bd2bee07,buy,38344.87824030352,4.080878369784984,False,False,False,0x4946f9d52c80f06917699ad6b69f541f9617b73aa0956c1458693a85ec615936
0xbdedc063f61566c3085dd858a1078df09a26aee0,buy,19.174732815445992,0.002042807234039005,False,False,False,0x00d56907921befe0f635fc4e41dc81a354c9f1c351ec254e3f799a64ff5ec897
0x587c07d5f6bcbf3ebc4c2773c119ed72870268ee,buy,167.01730213416505,0.017793513981436977,False,False,False,0xaf9a145e4df19a411c0a2a70d04902d940bb91c99a33a1ef6c706696f7d2b101
0xbf6cc1f7b3cc58ff1be5211ca2db75c29e8fec7c,buy,817.550047821597,0.08710161519864383,False,False,False,0x078e7c4b8f148b4ba3e9f2edbff184ff89198bdb1c1b24d76afbc7021cd4f5dc
0x4ad44f94f1ef91d54ca62aa517c5fb098ebb1c3c,buy,112.59230922491449,0.01199586434900075,False,False,False,0xbdaeb0624f432e54a77e468ab27eb7f0fbf05cd81974396f013b7348a1aeb564
0xed67db030d30d7188007f4444d9101c85d31a372,buy,1905.8838747011007,0.2030687233922667,False,False,False,0x96ff4a439fc4075507bfb1b00f0ca1c6fd8135d154bc2600f45e31567725e834
0x7492224c70e402d5891391f1d10ef96280ca060b,buy,990.7518454870452,0.10557124035439408,False,False,False,0x8aacb38e67e230b2d0e1dca8979a135e64c61f5c079ff8a2478a40631535e5be
0xcef7e025740028a5b0f73b80177e7be8d06de535,buy,761.8512768015473,0.08118421310834059,False,False,False,0x382a735f6b6adc8d092a6b321970f1b31734068a84bd8134d9ce044361ab6b44
0xf829bdab49a80dbcefec333beff4d2aa5db1fcef,sell,5386.462486322684,0.562498746036671,False,False,False,0x195403237b731957ae3e38335215661f4c60416da8d4e9822320b8e85c323ee7
0x922f92543b7e493a5bdc368220f680cf460e04f2,buy,9533.094359521241,1.0158531273179814,False,False,False,0xc36403fdd6ad9e37e0c3d6a0a3c6818575774556a628b5b4d4ae58d59d694095
0xc94b20fc61de98cdcbe80fe509b8958febf9d741,sell,3.5241016304512787,0.000368152824133517,False,False,False,0xec3e38e19624749478c6ca4f5742ff06618eb3198e6557f18fdb5e9f59a73cbd
0xa5b04e4089c029c8353e09ecdf1178d2968b72ee,buy,9582.03575476965,1.0215979395808843,False,False,False,0x9288f1dbb52e2ded4472be301cc8942eaedd24cfcd91f5ccb013538e84eff311
0x922f92543b7e493a5bdc368220f680cf460e04f2,buy,10836.97653968719,1.156035206896464,False,False,False,0x36c1d83910443bbc1d1f152daf9916b3c11f3b3f6d8f35216914f0c0fbb0d93a
0x80e490d44cbe4e465184b9ae9da4265198eb3fe1,buy,464.6487867489078,0.04958165059227022,False,False,False,0x6395560944b95cedbad203bceadb4bec4f33e91b0d0d30bf32a0be152d8212fd
0xa5b04e4089c029c8353e09ecdf1178d2968b72ee,buy,8967.442622946986,0.9571412056147816,False,False,False,0x7f1ae074bf5db9e3a930598926f9ab7bb663489105384a48123947592246fb67
0x9b190752b3686b25b7c8ae2085bac073717615dc,sell,410.38651356568,0.04294096885555605,False,False,False,0x87da9975b8af7e931c525144e89b280895e2c151807476d73719aa530f329766
0x9b190752b3686b25b7c8ae2085bac073717615dc,buy,498.1872294050815,0.05318657741398016,False,False,False,0x781074a41985e35a64bf1cfcbe87b7bad04e8b6f3efdaf2ecee5555c942db26b
0xc9dfb7e76a4d14114643a46d5bf3616bf154c94b,buy,75.48410119070996,0.00805882468244293,False,False,False,0x73423071261c5ab393df3bda2e78977a52d418509dbea9231e8279f5c77dbee7
0x7458c2251baf3f97f700b3826541b8d2ffc48160,sell,360.7102983971546,0.03774347034441224,False,False,False,0xb93180ebf5ef95c157f5728e23042029f2792834f1d18d07e387dc3849220a71
0xb9b709ad5cd8fdbb1d7927fc2091ad1debed9642,sell,299.0883517313295,0.031295009124233386,False,False,False,0x6d32c442e9c1c74329841bce2ae635d33df74ea99f89c5b188116b08b112f153
0xf79530f911d8d12b38dab41d1f85d25e2041bacd,sell,506.8543349837559,0.05303338375170641,False,False,False,0x040d66d8f8504a3827de356006f4ecb7a610c02582963ae350989a51dc4f15d4
0x8e6b35a59a00f02d58f2947aede22bbca097d9e4,sell,494.85422475005873,0.05177638901120665,False,False,False,0xdc77bff4484e488c3fd97549cb58ef6173df0029397937abf00101a592e6aa1a
0x5140087842da3cbc55ff69ba74b4239af219c4b6,sell,7875.618186993017,0.8238372100941158,True,False,False,0x1c6d8ef318b90b54cf218c5e8d2cbdffbe1b057de35aeeae96c19c8458bc20f4
0x08b36fd2bd5390df9144216db48d44e1926a6499,buy,1552.967555610263,0.16572007026100827,False,False,False,0x59502556505b262fdc615d69d64dbd64c64e34b42580f393e431deb1b4eb72fd
0x14d6217818368e45167022c004e20a42b5d5fa20,sell,846.1450589097075,0.08849859431000195,False,False,False,0x6f365da7d70801665380773fda9af03ef226ad18a2c8708bee2460709a42ca55
0xf493b17c72e8c68bad0f50fd453736fac08928eb,buy,498.86027322702046,0.05323485621867184,False,False,False,0x510466b3eb8a704798c4033fe0a63e61490f52462ed5cf5622fe4b1a1b74c529
0xeaf91dbaee1c9efa2aaf323fe876548a0744ee66,sell,226.58931227663285,0.023699010478312937,False,False,False,0xfcb65a89d2271df67a24b91b89eb175f8aa7a8066dfed3bc8adf7be7c5a81136
0xbabba65772e591b7b399bfa8f3c405a36577a68f,buy,16.117038716041844,0.0017199,False,False,False,0xd4ed145083fb2903aaf473c5584538a3935435cd6c361dd622d658cf96211f1a
0xcf4e890f43b6fdccae192a414aa0b6247e19663e,sell,1451.524907356042,0.1518084947989914,False,False,False,0x1ae94dc67feaaf6a5364ad5261cebf05698ace719cd4d9b4a95e0a5c15f40fcb
0x14d6217818368e45167022c004e20a42b5d5fa20,sell,2062.4785810924122,0.21568503242771642,False,False,False,0x869602534fccea2aede5414fe3b8eff6998966e0e8e19b9951c7d9dc0a19cab2
0xc8307065617249235c2582a649f16f8e7a776f1e,sell,341.62334358766105,0.03572317378402694,False,False,False,0x65d54f79257e68ad678a6730e9077bb820a4b5bbdba52c40845c91e07e92aba9
0xd083d2e970004cdc80600c8309c49b36588e1fad,sell,355.08561508719004,0.03713021326456909,False,False,False,0x25847262af75e6d2956a160f76e3d5559547db652a04967d0c611dbd016224be
0x091ff5ff1fbeb093f538146bf78018826822d2b3,sell,36747.95309479167,3.838792484234578,False,False,False,0xba948d33bb8518cc48458d854744bdf8c1d29a225d89c010ef6327948a2e5cab
0xa08725997a516ed72610a4e31a81521e35a24674,sell,8068.804656991853,0.841875487582506,False,False,False,0x604807e43d9af33a2ea8adc486333211ede759d11e162aec662ab7d92b417259
0xe3bd7db2cf3995f50efff974ada6f918ac68692c,sell,3878.558095768903,0.40454763410624517,False,False,False,0x79eefacb0c44d6dfae7cd7c3f648f4f832ae21a168c83639af124537cde70dff
0x3205c07eb8d4f59fa709d64ca68c51d427094be4,buy,1327.1402687726488,0.14122650564152228,False,False,False,0x1dad9388cfcdc1386cc3cfa996f09952dd4e67a89546e4602a3666adacb95d5d
0xe7cb3d9f743caca99b087f903d780e54753262ff,buy,1520.6429033948534,0.16183041977920787,False,False,False,0x39c085ac458f7d032143a3117c155fc228af5da183e0b00e6d2378d8c99a0e06
0xbdedc063f61566c3085dd858a1078df09a26aee0,sell,19.174732815445992,0.002000093575571879,False,False,False,0xfcd51ccb961c4353539dd83284e153c86977ed08de00c32121a0d0493faf8f9d
0xb814b53358501bdaed5e7286c797e176d43c6920,sell,6124.683946893595,0.6387531500032217,False,False,False,0xf88f7d09cfb21083e96f03e725ee5dda7f06865979adb772c09856fe09c5de7f
0x545322d21d3e186639a1571aab35833855db1ce2,sell,0.7353324440563778,7.6676396385304e-05,False,False,False,0xe17d3899bf6e0e31789709c17a9eeb6a2b2613c30b4ab5e79f65204529240feb
0xf134e7f84a2cfc459c46432537a71db31cc50025,sell,10094.520775507832,1.052315610345926,False,False,False,0x01c1e9499275d24fd53a1fcdace7bac88698de3fe5440c85569daf4449d35b4d
0xcf251e0699333d73bcd58e931d5a12e8f2e7bdc7,buy,456.2041342031993,0.04851,False,False,False,0x6235667fab058e9fd7bb87de00b14fd628ea22ab71958783ba33303c8ee1cfd2
0xbabba65772e591b7b399bfa8f3c405a36577a68f,sell,8.058519358020922,0.000839852417738806,False,False,False,0x3a9328474d63cb50f592da3a76b355a0bb3536ef02c89d0add8014d241c4845f
0x89b585df208c727829232d892a50806c3a20a4e6,sell,18412.866134840493,1.9172015939950666,False,False,False,0xda3f62cbee8834afa675d12b884cbb04f74f91a793a326a02444ca235e81eb20
0xed3ad83572cce1e7db2ea644f19abf98fc096684,sell,34814.13800125552,3.6197827339740165,False,False,False,0x13131eae2b073cd8f8223f129b117d66e40342a9440ea295450e08c0f0f83458
0x22e1b7ced9d2d50260ed2420ac063dd5ba57ded8,sell,39257.55000343682,4.073695572304365,False,False,False,0x8c8f20b624bbb336100887d61bc1cd3568666bb67ea2dedd637fb2843b8afaf5
0xce9df13a38fca853b6c3ef850d5a172e80363864,sell,325.3062882849711,0.03372078617255715,False,False,False,0x8f204c168c0008a59fc2500322ef667872287687d964fc4ba4583118038198e1
0x90738366a044c13ea0a1393d1761d7625ed3f0a9,buy,89.22121135804261,0.00943626712387158,False,False,False,0x5d1119f1821544450e9111d0f56ef42df140c0d386b743e4cea0630c9eab1273
0xee21b7e989bd5c42204592386e5821349e5782a1,sell,19706.290482375076,2.0416416915679183,False,False,False,0x863dbdb67522c2b164fd933e8424794f0189c48519b0916b31f7618f12ca701e
0x6f7a08594370b39d23f87913e8527a433e415c7a,sell,3363.79,0.34828563141219676,False,False,False,0xe2a899c43223cc2de85fbb1392659f6988d1c44717e0e6cad1dcf66f40c2d859
0xb19e4456e26181897aaf08e76f09691a27d8cf47,sell,74.54,0.007717135841315553,False,False,False,0x3906a53cec8aece6eff30a04e974e2a19dcd2c5b64844f99fae02e5919b5c3f9
0xb19e4456e26181897aaf08e76f09691a27d8cf47,sell,236.13,0.024446366383854792,False,False,False,0x73f5c91533c708c2f02162818c33155f3e6bd197d0bafbe2a1729ec9bcf02ba3
0xb16e9fc5153ce4bef10972785d74e990614090e8,sell,1622.8367492962204,0.1680027528679086,False,False,False,0xed8595a456e4e8e27f7c0c7b9cd521a253ebffb14fb927d2ae09e24cbc2a6bbb
0x8224c04a8f66557df682fd0581eb3724bd2bee07,sell,11938.1082977009,1.235434270951284,False,False,False,0x197a45a8eb6af015dd5f53ad441533663428097e14a1ff92e566af03b2e1b36d
0x20e9997cec6bc87e16cd6ec7903a68ab506b3080,sell,1095.0853435474542,0.11328718747357258,False,False,False,0x2acc619b75eae28d8a6d39cc7208c2c8de02212a33eba8ab92036f1e055a1258
0xf75f2f708e489299c992349a73baec209b400aa0,sell,39434.48945083605,4.075105604474478,False,False,False,0x9298a229480d3de19ff459c691ef4f3edada6cfc8c4f02c268fa74bbae4cbc24
0xf75f2f708e489299c992349a73baec209b400aa0,sell,20108.0935891735,2.074641140504755,False,False,False,0x7003d29cd78a2f7dab5e9ab16306d79725a8dfcd9afbe33e4f67d5fea86e0ee4
0xf955dab8bdb1158dc0df449997a057ab9eb4f774,sell,21890.357742883833,2.2559956599515716,True,True,True,0x7a25de11d6b93a2a5996a39b1894fbdd08bdb5fac16e6b2f05fd2a8a844bf0fb
0xf955dab8bdb1158dc0df449997a057ab9eb4f774,sell,21890.357742883833,2.253363231230668,True,True,True,0xec4751c3a01f508e68ce246df6e7873b30a9a2a110f44b0e0230b46eeae50399
0xf955dab8bdb1158dc0df449997a057ab9eb4f774,sell,21890.357742883833,2.250735407332684,True,True,True,0x18139edd9924a431fc0429748cf6995987c44fe6af345811355186e1d2c538b9
0xbe493ceac5425c2634e62aa7b284045bcdb1c1dc,sell,1362.5059336395,0.1400041529863206,False,False,False,0x6496dfac3be79ff9b7544bd03b99b610d34a32c136dae85f3ce2a7b907baac1b
