hour,price,price_ratio,pool_principal_eth,wallet_100k_exit_eth,vault_eth,pending,branches,outside_pool_token_bound,eth_error,token_error,total_buy_spend_eth,speculative_buy_eth,pool_buy_principal_eth,pool_sell_eth,buyback_eth,license_buy_eth,licenses,gross_withdrawn,net_withdrawn_tokens,unsold_requested_tokens,buy_tax_eth,lp_buy_eth,elapsed_days,timestamp_utc,scenario
0.0,0.00011446474352696986,1.0,2424.757715411276,10.9568034823675,111.7189937774005,1326001.07666602,1099,68015931.403879,0.0,0.0,0.0,0.0,0.0,0.0,0.0,0.0,0,0.0,0.0,0.0,0.0,0.0,0.0,2026-09-15 22:45:58 UTC,Observed turnover persists
0.25,0.00011218200714766305,0.9800572970421328,2389.458139982725,10.738627095332848,111.7189937774005,1333292.7433326868,1099,67700524.74123278,8.526512829121202e-14,0.0,8.783286923953442,8.783286923953442,8.52154497361963,43.82112040217089,0.0,0.0,0,0.0,0.0,0.0,0.17566573847906886,0.08607621185474373,0.010416666666666666,2026-09-15 23:00:58 UTC,Observed turnover persists
0.5,0.00010997397225821773,0.960767209794219,2355.02548770653,10.527533755907934,111.7189937774005,1340584.4099993536,1099,67386627.42425811,1.7053025658242404e-13,0.0,17.566573847906884,17.566573847906884,17.04308994723926,86.77531765198546,0.0,0.0,0,0.0,0.0,0.0,0.3513314769581377,0.17215242370948747,0.020833333333333332,2026-09-15 23:15:58 UTC,Observed turnover persists
0.75,0.00010783899751939921,0.9421153990004835,2321.431442213453,10.32345743294049,111.7189937774005,1347876.0766660203,1099,67074249.27470084,2.5579538487363607e-13,0.0,26.349860771860328,26.349860771860328,25.56463492085889,128.8909081186821,0.0,0.0,0,0.0,0.0,0.0,0.5269972154372066,0.2582286355642312,0.03125,2026-09-15 23:30:58 UTC,Observed turnover persists
1.0,0.0001057750144872306,0.924083794083793,2288.6482083192823,10.126167270571532,111.7189937774005,1355167.743332687,1099,66763399.37891697,3.410605131648481e-13,-1.4901161193847656e-08,35.13314769581377,35.13314769581377,34.08617989447852,170.19568698647254,0.0,0.0,0,0.0,0.0,0.0,0.7026629539162754,0.34430484741897494,0.041666666666666664,2026-09-15 23:45:58 UTC,Observed turnover persists
1.25,0.00010377948150883104,0.9066501903652002,2256.648899198289,9.935419927898861,111.7189937774005,1362459.4099993538,1099,66454085.56958733,3.979039320256561e-13,-1.4901161193847656e-08,43.91643461976721,43.91643461976721,42.607724868098146,210.71654108108532,0.0,0.0,0,0.0,0.0,0.0,0.8783286923953443,0.43038105927371867,0.052083333333333336,2026-09-16 00:00:58 UTC,Observed turnover persists
1.5,0.00010181537885943932,0.889491171886039,2225.411111215131,9.746870501018202,111.7189937774005,1369751.0766660206,1099,66146314.99855482,5.115907697472721e-13,-1.4901161193847656e-08,52.69972154372065,52.69972154372065,51.12926984171777,250.47587403786338,0.0,0.0,0,0.0,0.0,0.0,1.0539944308744131,0.5164572711284624,0.0625,2026-09-16 00:15:58 UTC,Observed turnover persists
1.75,9.989964156392395e-05,0.8727546883498313,2194.9230927427016,9.563757022927806,111.7189937774005,1377042.7433326873,1099,65840116.59171978,5.684341886080801e-13,-1.4901161193847656e-08,61.48300846767409,61.48300846767409,59.6508148153374,289.4854374839124,0.0,0.0,0,0.0,0.0,0.0,1.2296601693534819,0.6025334829832061,0.07291666666666667,2026-09-16 00:30:58 UTC,Observed turnover persists
2.0,9.804715155028686e-05,0.8565707529601486,2165.1627940636195,9.386680461683417,111.7189937774005,1384334.409999354,1099,65535516.82348982,6.821210263296962e-13,-1.4901161193847656e-08,70.26629539162754,70.26629539162754,68.17235978895702,327.7672811366142,0.0,0.0,0,0.0,0.0,0.0,1.4053259078325508,0.6886096948379499,0.08333333333333333,2026-09-16 00:45:58 UTC,Observed turnover persists
2.25,9.625410300974971e-05,0.8409061169745302,2136.1064065603746,9.215244425758751,111.7189937774005,1391626.0766660208,1099,65232522.26057293,7.389644451905042e-13,-1.4901161193847656e-08,79.04958231558098,79.04958231558098,76.69390476257665,365.3452136134788,0.0,0.0,0,0.0,0.0,0.0,1.5809916463116198,0.7746859066926937,0.09375,2026-09-16 01:00:58 UTC,Observed turnover persists
2.5,9.451797425681566e-05,0.8257387501553751,2107.7316055234387,9.049278355588953,111.7189937774005,1398917.7433326875,1099,64931139.888197966,8.526512829121202e-13,-1.4901161193847656e-08,87.83286923953442,87.83286923953442,85.21544973619628,402.2415596240344,0.0,0.0,0,0.0,0.0,0.0,1.7566573847906888,0.8607621185474374,0.10416666666666667,2026-09-16 01:15:58 UTC,Observed turnover persists
2.75,9.283743228446359e-05,0.8110570069341001,2080.0166592123505,8.88861736585375,111.7189937774005,1406209.4099993543,1099,64631377.04552599,9.094947017729282e-13,-1.4901161193847656e-08,96.61615616348786,96.61615616348786,93.7369947098159,438.47805090874226,0.0,0.0,0,0.0,0.0,0.0,1.9323231232697577,0.9468383304021812,0.11458333333333333,2026-09-16 01:30:58 UTC,Observed turnover persists
3.0,9.1210088534915e-05,0.7968400201187218,2052.9405715110506,8.7330381845122,111.7189937774005,1413501.076666021,1099,64333239.49236896,1.0231815394945443e-12,-1.4901161193847656e-08,105.3994430874413,105.3994430874413,102.25853968343553,474.0756835836619,0.0,0.0,0,0.0,0.0,0.0,2.1079888617488267,1.032914542256925,0.125,2026-09-16 01:45:58 UTC,Observed turnover persists
3.25,8.963383131728353e-05,0.7830693413135046,2026.48321264009,8.58233667124946,111.7189937774005,1420792.7433326878,1099,64036732.81781844,1.0800249583553523e-12,-2.9802322387695312e-08,114.18273001139474,114.18273001139474,110.78008465705516,509.05458742824226,0.0,0.0,0,0.0,0.0,0.0,2.2836546002278957,1.1189907541116688,0.13541666666666666,2026-09-16 02:00:58 UTC,Observed turnover persists
3.5,8.81065310554032e-05,0.769726365871285,2000.6252680898592,8.436307417033001,111.7189937774005,1428084.4099993545,1099,63741862.22336074,1.1368683772161603e-12,-4.470348358154297e-08,122.96601693534818,122.96601693534818,119.30162963067478,543.4340769520927,0.0,0.0,0,0.0,0.0,0.0,2.4593203387069646,1.2050669659664126,0.14583333333333334,2026-09-16 02:15:58 UTC,Observed turnover persists
3.75,8.662568406939205e-05,0.7567892208571765,1975.3482821348143,8.29471055670317,111.7189937774005,1435376.0766660213,1099,63448632.67057866,1.4779288903810084e-12,-4.470348358154297e-08,131.74930385930162,131.74930385930162,127.82317460429441,577.2326078807575,0.0,0.0,0,0.0,0.0,0.0,2.6349860771860336,1.2911431778211564,0.15625,2026-09-16 02:30:58 UTC,Observed turnover persists
4.0,8.518987820108119e-05,0.7442455692132748,1950.634626854026,8.157422623735231,111.7189937774005,1442667.743332688,1099,63157049.322543286,1.8189894035458565e-12,-4.470348358154297e-08,140.53259078325507,140.53259078325507,136.34471957791405,610.4678081351658,0.0,0.0,0,0.0,0.0,0.0,2.8106518156651026,1.3772193896759002,0.16666666666666666,2026-09-16 02:45:58 UTC,Observed turnover persists
4.25,8.379737039485237e-05,0.7320801830574868,1926.4672453919882,8.024268481486663,111.7189937774005,1449959.4099993547,1099,62867116.81580319,1.5916157281026244e-12,-5.960464477539063e-08,149.31587770720853,149.31587770720853,144.86626455153367,643.1567345708231,0.0,0.0,0,0.0,0.0,0.0,2.9863175541441715,1.463295601530644,0.17708333333333334,2026-09-16 03:00:58 UTC,Observed turnover persists
4.5,8.244644575179729e-05,0.7202780804935932,1902.829755354989,7.8950876306127675,111.7189937774005,1457251.0766660215,1099,62578839.327155024,1.9326762412674725e-12,-7.450580596923828e-08,158.09916463116198,158.09916463116198,153.3878095251533,675.3157695814423,0.0,0.0,0,0.0,0.0,0.0,3.1619832926232405,1.5493718133853878,0.1875,2026-09-16 03:15:58 UTC,Observed turnover persists
4.75,8.113552758296343e-05,0.7088254870710168,1879.706405642972,7.769728097886489,111.7189937774005,1464542.7433326882,1099,62292220.82128887,2.0463630789890885e-12,-5.960464477539063e-08,166.88245155511544,166.88245155511544,161.90935449877293,706.960664267079,0.0,0.0,0,0.0,0.0,0.0,3.3376490311023095,1.6354480252401316,0.19791666666666666,2026-09-16 03:30:58 UTC,Observed turnover persists
5.0,7.986306648533441e-05,0.6977088667177007,1857.0820477185707,7.648041738237696,111.7189937774005,1471834.409999355,1099,62007264.92490315,2.1600499167107046e-12,-5.960464477539063e-08,175.6657384790689,175.6657384790689,170.43089947239255,738.1065671650999,0.0,0.0,0,0.0,0.0,0.0,3.5133147695813784,1.7215242370948753,0.20833333333333334,2026-09-16 03:45:58 UTC,Observed turnover persists
5.25,7.862730252409401e-05,0.6869128440895695,1834.9421456974087,7.529854876909344,111.7189937774005,1479126.0766660217,1099,61723975.008657604,2.5011104298755527e-12,-7.450580596923828e-08,184.44902540302235,184.44902540302235,178.95244444601218,768.7680141598819,0.0,0.0,0,0.0,0.0,0.0,3.6889805080604474,1.8076004489496191,0.21875,2026-09-16 04:00:58 UTC,Observed turnover persists
5.5,7.742696955504239e-05,0.6764263577526757,1813.2727900379325,7.415057045096325,111.7189937774005,1486417.7433326885,1099,61442354.475649126,2.7284841053187847e-12,-8.940696716308594e-08,193.2323123269758,193.2323123269758,187.4739894196318,798.958914792978,0.0,0.0,0,0.0,0.0,0.0,3.8646462465395164,1.893676660804363,0.22916666666666666,2026-09-16 04:15:58 UTC,Observed turnover persists
5.75,7.626081496984936e-05,0.6662384645266863,1792.0605467309858,7.303524803622856,111.7189937774005,1493709.4099993552,1099,61162406.48855444,2.8421709430404007e-12,-8.940696716308594e-08,202.01559925092926,202.01559925092926,195.99553439325143,828.6927030735444,0.0,0.0,0,0.0,0.0,0.0,4.040311985018585,1.9797528726591067,0.23958333333333334,2026-09-16 04:30:58 UTC,Observed turnover persists
6.0,7.512755655556134e-05,0.6563379625959673,1771.2924651472108,7.19513734270281,111.7189937774005,1501001.076666022,1099,60884133.80779822,3.183231456205249e-12,-8.940696716308594e-08,210.7988861748827,210.7988861748827,204.51707936687106,857.9823296309394,0.0,0.0,0,0.0,0.0,0.0,4.215977723497653,2.0658290845138505,0.25,2026-09-16 04:45:58 UTC,Observed turnover persists
6.25,7.402607444145471e-05,0.6467150684176642,1750.9560621091148,7.089785888553527,111.7189937774005,1508292.7433326887,1099,60607538.94578392,3.183231456205249e-12,-1.043081283569336e-07,219.58217309883617,219.58217309883617,213.03862434049068,886.8402776426551,0.0,0.0,0,0.0,0.0,0.0,4.391643461976722,2.1519052963685943,0.2604166666666667,2026-09-16 05:00:58 UTC,Observed turnover persists
6.5,7.295520535725958e-05,0.6373596192968368,1731.0392926850388,6.987359421841611,111.7189937774005,1515584.4099993554,1099,60332624.04592749,3.296918293926865e-12,-1.1920928955078125e-07,228.36546002278962,228.36546002278962,221.5601693141103,915.2785920403508,0.0,0.0,0,0.0,0.0,0.0,4.5673092004557905,2.237981508223338,0.2708333333333333,2026-09-16 05:15:58 UTC,Observed turnover persists
6.75,7.191383877735373e-05,0.6282619133323755,1711.5305496101016,6.887751951380169,111.7189937774005,1522876.0766660222,1099,60059390.993603036,3.183231456205249e-12,-1.1920928955078125e-07,237.14874694674307,237.14874694674307,230.08171428772994,943.3088800889075,0.0,0.0,0,0.0,0.0,0.0,4.742974938934859,2.324057720078082,0.28125,2026-09-16 05:30:58 UTC,Observed turnover persists
7.0,7.090091413537416e-05,0.6194126850829722,1692.418644675708,6.79086224892439,111.7189937774005,1530167.743332689,1099,59787841.434720084,3.296918293926865e-12,-1.1920928955078125e-07,245.93203387069653,245.93203387069653,238.60325926134956,970.9423299969208,0.0,0.0,0,0.0,0.0,0.0,4.9186406774139275,2.4101339319328257,0.2916666666666667,2026-09-16 05:45:58 UTC,Observed turnover persists
7.25,6.991537887879852e-05,0.610802739118751,1673.6927932299814,6.696588716330341,111.7189937774005,1537459.4099993557,1099,59517976.778337754,3.183231456205249e-12,-1.341104507446289e-07,254.71532079464998,254.71532079464998,247.1248042349692,998.1897264162669,0.0,0.0,0,0.0,0.0,0.0,5.094306415892996,2.4962101437875694,0.3020833333333333,2026-09-16 06:00:58 UTC,Observed turnover persists
7.5,6.895626305751138e-05,0.6024236016504427,1655.34260523666,6.604839115902953,111.7189937774005,1544751.0766660224,1099,59249798.24241742,2.9558577807620168e-12,-1.4901161193847656e-07,263.4986077186034,263.4986077186034,255.64634920858882,1025.0614593832079,0.0,0.0,0,0.0,0.0,0.0,5.269972154372065,2.5822863556423132,0.3125,2026-09-16 06:15:58 UTC,Observed turnover persists
7.75,6.802260033043503e-05,0.5942668304184663,1637.3580639897941,6.515523913378044,111.7189937774005,1552042.7433326892,1099,58983306.843208455,2.9558577807620168e-12,-1.341104507446289e-07,272.28189464255684,272.28189464255684,264.16789418220844,1051.5675456036931,0.0,0.0,0,0.0,0.0,0.0,5.445637892851133,2.668362567497057,0.3229166666666667,2026-09-16 06:30:58 UTC,Observed turnover persists
8.0,6.711359425574496e-05,0.5863254674565522,1619.7294974635647,6.4285651378884605,111.7189937774005,1559334.409999356,1099,58718503.46226534,2.7284841053187847e-12,-1.341104507446289e-07,281.06518156651026,281.06518156651026,272.6894391558281,1077.717657103542,0.0,0.0,0,0.0,0.0,0.0,5.621303631330202,2.754438779351801,0.3333333333333333,2026-09-16 06:45:58 UTC,Observed turnover persists
8.25,6.622834273287465e-05,0.5785916317304298,1602.4475498190252,6.343872129174697,111.7189937774005,1566626.0766660227,1099,58455388.60488798,2.5011104298755527e-12,-1.4901161193847656e-07,289.8484684904637,289.8484684904637,281.21098412944775,1103.521149721701,0.0,0.0,0,0.0,0.0,0.0,5.79696936980927,2.8405149912065446,0.34375,2026-09-16 07:00:58 UTC,Observed turnover persists
8.5,6.5365901259964e-05,0.5710570717747921,1585.503226535067,6.261363406779533,111.7189937774005,1573917.7433326894,1099,58193962.55933777,2.5011104298755527e-12,-1.6391277313232422e-07,298.6317554144171,298.6317554144171,289.7325291030674,1128.987017979279,0.0,0.0,0,0.0,0.0,0.0,5.972635108288339,2.9265912030612884,0.3541666666666667,2026-09-16 07:15:58 UTC,Observed turnover persists
8.75,6.452531292573858e-05,0.5637134277117855,1568.8878731457498,6.180934086387733,111.7189937774005,1581209.4099993561,1099,57934225.78799299,2.5011104298755527e-12,-1.6391277313232422e-07,307.41504233837054,307.41504233837054,298.25407407668706,1154.1239163422158,0.0,0.0,0,0.0,0.0,0.0,6.148300846767407,3.012667414916032,0.3645833333333333,2026-09-16 07:30:58 UTC,Observed turnover persists
9.0,6.370606379080311e-05,0.5565562096052123,1552.5931771864318,6.102554311389949,111.7189937774005,1588501.076666023,1099,57676178.638295665,2.7284841053187847e-12,-1.6391277313232422e-07,316.19832926232397,316.19832926232397,306.7756190503067,1178.9401572751535,0.0,0.0,0,0.0,0.0,0.0,6.323966585246476,3.098743626770776,0.375,2026-09-16 07:45:58 UTC,Observed turnover persists
9.25,6.290761245093385e-05,0.5495806875774962,1536.6110158625147,6.026162518268381,111.7189937774005,1595792.7433326896,1099,57419821.349925995,2.7284841053187847e-12,-1.7881393432617188e-07,324.9816161862774,324.9816161862774,315.29716402392637,1203.4438635726904,0.0,0.0,0,0.0,0.0,0.0,6.499632323725544,3.1848198386255198,0.3854166666666667,2026-09-16 08:00:58 UTC,Observed turnover persists
9.5,6.212927252274841e-05,0.5427808651675325,1520.9334892263523,5.951693162981176,111.7189937774005,1603084.4099993564,1099,57165153.32211022,2.7284841053187847e-12,-1.9371509552001953e-07,333.7649031102308,333.7649031102308,323.818708997546,1227.6429351824725,0.0,0.0,0,0.0,0.0,0.0,6.675298062204613,3.2708960504802636,0.3958333333333333,2026-09-16 08:15:58 UTC,Observed turnover persists
9.75,6.137038574118624e-05,0.5361509915647199,1505.5529569025655,5.879083383862321,111.7189937774005,1610376.0766660231,1099,56912173.74461666,2.5011104298755527e-12,-1.9371509552001953e-07,342.54819003418424,342.54819003418424,332.3402539711657,1251.5450124798788,0.0,0.0,0,0.0,0.0,0.0,6.850963800683681,3.3569722623350073,0.40625,2026-09-16 08:30:58 UTC,Observed turnover persists
10.0,6.063032058746068e-05,0.5296855496223178,1490.462027499685,5.808272870867563,111.7189937774005,1617667.7433326899,1099,56660881.600730084,2.5011104298755527e-12,-1.9371509552001953e-07,351.33147695813767,351.33147695813767,340.86179894478533,1275.1574868563787,0.0,0.0,0,0.0,0.0,0.0,7.02662953916275,3.443048474189751,0.4166666666666667,2026-09-16 08:45:58 UTC,Observed turnover persists
10.25,5.990839687060128e-05,0.5233785969780803,1475.653550962237,5.739191284009933,111.7189937774005,1624959.4099993566,1099,56411275.67024665,2.2737367544323206e-12,-2.086162567138672e-07,360.1147638820911,360.1147638820911,349.383343918405,1298.4875083674463,0.0,0.0,0,0.0,0.0,0.0,7.202295277641818,3.529124686044495,0.4270833333333333,2026-09-16 09:00:58 UTC,Observed turnover persists
10.5,5.92039105073199e-05,0.5172239825389592,1461.1206529614558,5.671782181064934,111.7189937774005,1632251.0766660233,1099,56163354.57270305,2.7284841053187847e-12,-2.2351741790771484e-07,368.8980508060445,368.8980508060445,357.90488889202464,1321.5419513418476,0.0,0.0,0,0.0,0.0,0.0,7.377961016120887,3.6152008978992387,0.4375,2026-09-16 09:15:58 UTC,Observed turnover persists
10.75,5.851651203332833e-05,0.511218653275022,1446.8566781608076,5.606006757274688,111.7189937774005,1639542.74333269,1099,55917117.24940719,2.9558577807620168e-12,-2.086162567138672e-07,377.68133772999795,377.68133772999795,366.4264338656443,1344.3274711161155,0.0,0.0,0,0.0,0.0,0.0,7.553626754599955,3.7012771097539825,0.4479166666666667,2026-09-16 09:30:58 UTC,Observed turnover persists
11.0,5.784566421890794e-05,0.5053579157784817,1432.855133486712,5.541813699046665,111.7189937774005,1646834.4099993568,1099,55672561.942080334,2.7284841053187847e-12,-2.086162567138672e-07,386.4646246539514,386.4646246539514,374.94797883926395,1366.8505607638306,0.0,0.0,0,0.0,0.0,0.0,7.729292493079024,3.7873533216087263,0.4583333333333333,2026-09-16 09:45:58 UTC,Observed turnover persists
11.25,5.719085065806368e-05,0.49963725856414937,1419.1097259666385,5.479153679833498,111.7189937774005,1654126.0766660236,1099,55429686.64515708,2.5011104298755527e-12,-2.086162567138672e-07,395.2479115779048,395.2479115779048,383.4695238128836,1389.1175132575236,0.0,0.0,0,0.0,0.0,0.0,7.904958231558092,3.87342953346347,0.46875,2026-09-16 10:00:58 UTC,Observed turnover persists
11.5,5.655157373884474e-05,0.4940523343375178,1405.6143581663096,5.4179788453242645,111.7189937774005,1661417.7433326903,1099,55188489.16458932,2.5011104298755527e-12,-2.2351741790771484e-07,404.0311985018582,404.0311985018582,391.99106878650326,1411.1344260314722,0.0,0.0,0,0.0,0.0,0.0,8.080623970037161,3.959505745318214,0.4791666666666667,2026-09-16 10:15:58 UTC,Observed turnover persists
11.75,5.59273428821179e-05,0.4885988572449862,1392.3631227575536,5.35824297727042,111.7189937774005,1668709.409999357,1099,54948967.1211249,2.7284841053187847e-12,-2.384185791015625e-07,412.81448542581165,412.81448542581165,400.5126137601229,1432.9072064138481,0.0,0.0,0,0.0,0.0,0.0,8.25628970851623,4.045581957172957,0.4895833333333333,2026-09-16 10:30:58 UTC,Observed turnover persists
12.0,5.531771417387215e-05,0.48327294911413793,1379.3502942631906,5.299903344815761,111.7189937774005,1676001.0766660238,1099,54711117.9847238,2.9558577807620168e-12,-2.384185791015625e-07,421.5977723497651,421.5977723497651,409.0341587337426,1454.4415798818309,0.0,0.0,0,0.0,0.0,0.0,8.431955446995298,4.131658169027701,0.5,2026-09-16 10:45:58 UTC,Observed turnover persists
12.25,5.472224589033539e-05,0.4780707509071725,1366.570318238459,5.242917748713162,111.7189937774005,1683292.7433326906,1099,54474939.02487165,2.7284841053187847e-12,-2.384185791015625e-07,430.3810592737185,430.3810592737185,417.5557037073622,1475.7431008801818,0.0,0.0,0,0.0,0.0,0.0,8.607621185474366,4.217734380882445,0.5104166666666666,2026-09-16 11:00:58 UTC,Observed turnover persists
12.5,5.4140512878670184e-05,0.47298854835518633,1354.0178070090662,5.187245571331627,111.7189937774005,1690584.4099993573,1099,54240427.32438846,2.7284841053187847e-12,-2.5331974029541016e-07,439.16434619767193,439.16434619767193,426.0772486809819,1496.8171570831944,0.0,0.0,0,0.0,0.0,0.0,8.783286923953435,4.303810592737189,0.5208333333333334,2026-09-16 11:15:58 UTC,Observed turnover persists
12.75,5.357210584145966e-05,0.4680227657072167,1341.6875340045904,5.132847708439422,111.7189937774005,1697876.076666024,1099,54007579.79310866,2.7284841053187847e-12,-2.5331974029541016e-07,447.94763312162536,447.94763312162536,434.59879365460154,1517.66897506129,0.0,0.0,0,0.0,0.0,0.0,8.958952662432504,4.389886804591932,0.53125,2026-09-16 11:30:58 UTC,Observed turnover persists
13.0,5.30166306315585e-05,0.4631699595698379,1329.5744277739464,5.079686501957617,111.7189937774005,1705167.7433326908,1099,53776393.17099785,3.183231456205249e-12,-2.682209014892578e-07,456.7309200455788,456.7309200455788,443.1203386282212,1538.303626265554,0.0,0.0,0,0.0,0.0,0.0,9.134618400911572,4.475963016446676,0.5416666666666666,2026-09-16 11:45:58 UTC,Observed turnover persists
13.25,5.247370758326327e-05,0.45842681306405547,1317.6735662659914,5.027725676175441,111.7189937774005,1712459.4099993575,1099,53546864.03127085,2.7284841053187847e-12,-2.682209014892578e-07,465.5142069695322,465.5142069695322,451.64188360184085,1558.726032747128,0.0,0.0,0,0.0,0.0,0.0,9.31028413939064,4.56203922830142,0.5520833333333334,2026-09-16 12:00:58 UTC,Observed turnover persists
13.5,5.194297087768068e-05,0.4537901302809631,1305.980171361673,4.976930277223843,111.7189937774005,1719751.0766660243,1099,53318988.78350975,2.5011104298755527e-12,-2.682209014892578e-07,474.29749389348564,474.29749389348564,460.1634285754605,1578.940972625066,0.0,0.0,0,0.0,0.0,0.0,9.48594987786971,4.648115440156164,0.5625,2026-09-16 12:15:58 UTC,Observed turnover persists
13.75,5.1424067940309284e-05,0.44925683101882713,1294.4896036448931,4.927266615620033,111.7189937774005,1727042.743332691,1099,53092763.67678048,2.7284841053187847e-12,-2.682209014892578e-07,483.08078081743906,483.08078081743906,468.68497354908015,1598.9530853154656,0.0,0.0,0,0.0,0.0,0.0,9.661615616348778,4.7341916520109075,0.5729166666666666,2026-09-16 12:30:58 UTC,Observed turnover persists
14.0,5.091665886898022e-05,0.4448239457853971,1283.197357400027,4.878702211701695,111.7189937774005,1734334.4099993578,1099,52868184.80274651,3.183231456205249e-12,-2.682209014892578e-07,491.8640677413925,491.8640677413925,477.2065185226998,1618.766876533952,0.0,0.0,0,0.0,0.0,0.0,9.837281354827846,4.820267863865651,0.5833333333333334,2026-09-16 12:45:58 UTC,Observed turnover persists
14.25,5.042041589042064e-05,0.44048861105027265,1272.0990558247104,4.831205743792975,111.7189937774005,1741626.0766660245,1099,52645248.09877864,3.183231456205249e-12,-2.8312206268310547e-07,500.6473546653459,500.6473546653459,485.72806349631946,1638.3867230828882,0.0,0.0,0,0.0,0.0,0.0,10.012947093306915,4.906344075720395,0.59375,2026-09-16 13:00:58 UTC,Observed turnover persists
14.5,4.9935022843815376e-05,0.43624806473313615,1261.1904464471672,4.7847469989394495,111.7189937774005,1748917.7433326913,1099,52423949.35105921,2.9558577807620168e-12,-2.8312206268310547e-07,509.43064158929934,509.43064158929934,494.2496084699391,1657.8168774340509,0.0,0.0,0,0.0,0.0,0.0,10.188612831785983,4.992420287575139,0.6041666666666666,2026-09-16 13:15:58 UTC,Observed turnover persists
14.75,4.946017468984429e-05,0.43209964191454836,1250.467396737946,4.739296826074473,111.7189937774005,1756209.409999358,1099,52204284.197679795,3.183231456205249e-12,-2.8312206268310547e-07,518.2139285132528,518.2139285132528,502.7711534435588,1677.0614721168918,0.0,0.0,0,0.0,0.0,0.0,10.364278570265052,5.078496499429883,0.6145833333333334,2026-09-16 13:30:58 UTC,Observed turnover persists
15.0,4.899557704376994e-05,0.42804077075685526,1239.9258899065187,4.694827091475524,111.7189937774005,1763501.0766660247,1099,51986248.13173094,3.183231456205249e-12,-2.980232238769531e-07,526.9972154372063,526.9972154372063,511.2926984171784,1696.1245239219388,0.0,0.0,0,0.0,0.0,0.0,10.53994430874412,5.1645727112846265,0.625,2026-09-16 13:45:58 UTC,Observed turnover persists
15.25,4.8540945731238e-05,0.42406896862352134,1229.5620208737075,4.651310636386144,111.7189937774005,1770792.7433326915,1099,51769836.50438292,3.183231456205249e-12,-3.129243850708008e-07,535.7805023611597,535.7805023611597,519.8142433907981,1715.0099379283697,0.0,0.0,0,0.0,0.0,0.0,10.715610047223189,5.25064892313937,0.6354166666666666,2026-09-16 14:00:58 UTC,Observed turnover persists
15.5,4.80960063655371e-05,0.4201818383859381,1219.371992411429,4.60872123668528,111.7189937774005,1778084.4099993582,1099,51555044.527956285,3.410605131648481e-12,-3.129243850708008e-07,544.5637892851132,544.5637892851132,528.3357883644177,1733.721511364268,0.0,0.0,0,0.0,0.0,0.0,10.891275785702257,5.336725134994114,0.6458333333333334,2026-09-16 14:15:58 UTC,Observed turnover persists
15.75,4.766049394514129e-05,0.41637706490742854,1209.3521114416885,4.5670335644849045,111.7189937774005,1785376.076666025,1099,51341867.278981045,3.410605131648481e-12,-3.129243850708008e-07,553.3470762090667,553.3470762090667,536.8573333380373,1752.2629373076281,0.0,0.0,0,0.0,0.0,0.0,11.066941524181326,5.422801346848858,0.65625,2026-09-16 14:30:58 UTC,Observed turnover persists
16.0,4.723415247043059e-05,0.41265241169479766,1199.498785487221,4.526223151561978,111.7189937774005,1792667.7433326917,1099,51130299.70124352,3.410605131648481e-12,-3.129243850708008e-07,562.1303631330202,562.1303631330202,545.3788783116569,1770.6378082357153,0.0,0.0,0,0.0,0.0,0.0,11.242607262660394,5.508877558703602,0.6666666666666666,2026-09-16 14:45:58 UTC,Observed turnover persists
16.25,4.681673457855258e-05,0.409005717708368,1189.8085192665706,4.486266354517336,111.7189937774005,1799959.4099993585,1099,50920336.6088196,3.637978807091713e-12,-3.427267074584961e-07,570.9136500569737,570.9136500569737,553.9004232852765,1788.8496194299855,0.0,0.0,0,0.0,0.0,0.0,11.418273001139463,5.594953770558345,0.6770833333333334,2026-09-16 15:00:58 UTC,Observed turnover persists
16.5,4.640800119545023e-05,0.4054348943219858,1180.277911426796,4.447140118879606,111.7189937774005,1807251.0766660252,1099,50711972.68909364,3.865352482534945e-12,-3.427267074584961e-07,579.6969369809271,579.6969369809271,562.4219682588961,1806.9017722433798,0.0,0.0,0,0.0,0.0,0.0,11.593938739618531,5.681029982413089,0.6875,2026-09-16 15:15:58 UTC,Observed turnover persists
16.75,4.600770455674156e-05,0.40193777698808497,1170.9036528165323,4.408820900157038,111.7189937774005,1814542.743332692,1099,50505202.505761854,3.637978807091713e-12,-3.2782554626464844e-07,588.4802239048806,588.4802239048806,570.9435132325157,1824.797575827263,0.0,0.0,0,0.0,0.0,0.0,11.7696044780976,5.767106194267833,0.6979166666666666,2026-09-16 15:30:58 UTC,Observed turnover persists
17.0,4.5615635141117505e-05,0.39851253526261277,1161.682524536084,4.371289004282007,111.7189937774005,1821834.4099993587,1099,50300020.53220785,3.637978807091713e-12,-3.427267074584961e-07,597.2635108288341,597.2635108288341,579.4650582061353,1842.5402490813308,0.0,0.0,0,0.0,0.0,0.0,11.945270216576668,5.853182406122577,0.7083333333333334,2026-09-16 15:45:58 UTC,Observed turnover persists
17.25,4.5231580294843435e-05,0.3951573113356612,1152.611390731579,4.3345238331125575,111.7189937774005,1829126.0766660254,1099,50096421.1424505,3.637978807091713e-12,-3.5762786865234375e-07,606.0467977527876,606.0467977527876,587.9866031797549,1860.1329278594555,0.0,0.0,0,0.0,0.0,0.0,12.120935955055737,5.939258617977321,0.71875,2026-09-16 16:00:58 UTC,Observed turnover persists
17.5,4.485533090132411e-05,0.3918702782988845,1143.6871953375398,4.298505396181488,111.7189937774005,1836417.7433326922,1099,49894398.54665288,4.092726157978177e-12,-3.5762786865234375e-07,614.8300846767411,614.8300846767411,596.5081481533745,1877.5786682271146,0.0,0.0,0,0.0,0.0,0.0,12.296601693534805,6.025334829832064,0.7291666666666666,2026-09-16 16:15:58 UTC,Observed turnover persists
17.75,4.4486684620971466e-05,0.38864966845000304,1134.906961730082,4.263214350363814,111.7189937774005,1843709.409999359,1099,49693946.842842236,3.637978807091713e-12,-3.725290298461914e-07,623.6133716006946,623.6133716006946,605.0296931269941,1894.8804468081917,0.0,0.0,0,0.0,0.0,0.0,12.472267432013874,6.111411041686808,0.7395833333333334,2026-09-16 16:30:58 UTC,Observed turnover persists
18.0,4.412544562925161e-05,0.38549377100429966,1126.2677901732611,4.228631974875384,111.7189937774005,1851001.0766660257,1099,49495060.02009382,3.637978807091713e-12,-3.8743019104003906e-07,632.396658524648,632.396658524648,613.5512381006137,1912.041163338632,0.0,0.0,0,0.0,0.0,0.0,12.647933170492943,6.197487253541552,0.75,2026-09-16 16:45:58 UTC,Observed turnover persists
18.25,4.377142436598767e-05,0.3824009299044502,1117.7668553519975,4.19474014734227,111.7189937774005,1858292.7433326924,1099,49297731.961422905,3.637978807091713e-12,-3.8743019104003906e-07,641.1799454486015,641.1799454486015,622.0727830742333,1929.0636431335154,0.0,0.0,0,0.0,0.0,0.0,12.823598908972011,6.283563465396296,0.7604166666666666,2026-09-16 17:00:58 UTC,Observed turnover persists
18.5,4.342443729584912e-05,0.37936954172808307,1109.4014039996175,4.161521320941834,111.7189937774005,1865584.4099993592,1099,49101956.44665532,3.865352482534945e-12,-3.8743019104003906e-07,649.963232372555,649.963232372555,630.5943280478529,1945.9506394595153,0.0,0.0,0,0.0,0.0,0.0,12.99926464745108,6.3696396772510395,0.7708333333333334,2026-09-16 17:15:58 UTC,Observed turnover persists
18.75,4.308430667946058e-05,0.3763980536881138,1101.1687526158023,4.128958502550604,111.7189937774005,1872876.076666026,1099,48907727.1552757,4.320099833421409e-12,-4.023313522338867e-07,658.7465192965085,658.7465192965085,639.1158730214725,1962.7048358169504,0.0,0.0,0,0.0,0.0,0.0,13.174930385930148,6.455715889105783,0.78125,2026-09-16 17:30:58 UTC,Observed turnover persists
19.0,4.2750860354595525e-05,0.3734849617211844,1093.0662852709468,4.097035231859507,111.7189937774005,1880167.7433326927,1099,48715037.66925281,4.547473508864641e-12,-4.172325134277344e-07,667.529806220462,667.529806220462,647.637417995092,1979.3288481354257,0.0,0.0,0,0.0,0.0,0.0,13.350596124409217,6.541792100960527,0.7916666666666666,2026-09-16 17:45:58 UTC,Observed turnover persists
19.25,4.242393152695028e-05,0.370628808659799,1085.0914514931326,4.065735561399306,111.7189937774005,1887459.4099993594,1099,48523881.47584111,4.547473508864641e-12,-4.172325134277344e-07,676.3130931444155,676.3130931444155,656.1589629687116,1995.8252268868596,0.0,0.0,0,0.0,0.0,0.0,13.526261862888285,6.627868312815271,0.8020833333333334,2026-09-16 18:00:58 UTC,Observed turnover persists
19.5,4.2103358570022124e-05,0.36782818248399646,1077.2417642341177,4.035044037436353,111.7189937774005,1894751.0766660261,1099,48334251.970358126,4.774847184307873e-12,-4.172325134277344e-07,685.096380068369,685.096380068369,664.6805079423312,2012.1964591194944,0.0,0.0,0,0.0,0.0,0.0,13.701927601367354,6.713944524670015,0.8125,2026-09-16 18:15:58 UTC,Observed turnover persists
19.75,4.178898483364142e-05,0.3650817146486265,1069.514797910902,4.004945681693195,111.7189937774005,1902042.743332693,1099,48146142.458936855,5.229594535194337e-12,-4.172325134277344e-07,693.8796669923224,693.8796669923224,673.2020529159508,2028.44497041633,0.0,0.0,0,0.0,0.0,0.0,13.877593339846422,6.8000207365247585,0.8229166666666666,2026-09-16 18:30:58 UTC,Observed turnover persists
20.0,4.148065846073289e-05,0.36238807848251836,1061.9081865196226,3.9754259738543576,111.7189937774005,1909334.4099993596,1099,47959546.16125263,5.229594535194337e-12,-4.3213367462158203e-07,702.6629539162759,702.6629539162759,681.7235978895704,2044.5731267812291,0.0,0.0,0,0.0,0.0,0.0,14.05325907832549,6.886096948379502,0.8333333333333334,2026-09-16 18:45:58 UTC,Observed turnover persists
20.25,4.117823221190437e-05,0.35974598765603377,1054.419621818677,3.946470834818467,111.7189937774005,1916626.0766660264,1099,47774456.21322401,5.4569682106375694e-12,-4.3213367462158203e-07,711.4462408402294,711.4462408402294,690.24514286319,2060.5832364557946,0.0,0.0,0,0.0,0.0,0.0,14.22892481680456,6.972173160234246,0.84375,2026-09-16 19:00:58 UTC,Observed turnover persists
20.5,4.088156329748327e-05,0.35715419471368376,1047.04685157812,3.9180666106623265,111.7189937774005,1923917.7433326931,1099,47590865.66968694,5.4569682106375694e-12,-4.3213367462158203e-07,720.2295277641829,720.2295277641829,698.7666878368096,2076.477551669971,0.0,0.0,0,0.0,0.0,0.0,14.404590555283628,7.05824937208899,0.8541666666666666,2026-09-16 19:15:58 UTC,Observed turnover persists
20.75,4.059051321664147e-05,0.3546114896686738,1039.787677892538,3.8902000572789937,111.7189937774005,1931209.4099993599,1099,47408767.507041916,5.002220859751105e-12,-4.470348358154297e-07,729.0128146881364,729.0128146881364,707.2882328104292,2092.2582703291723,0.0,0.0,0,0.0,0.0,0.0,14.580256293762696,7.144325583943734,0.8645833333333334,2026-09-16 19:30:58 UTC,Observed turnover persists
21.0,4.030494760326914e-05,0.3521166986564086,1032.6399555547257,3.8628583256603153,111.7189937774005,1938501.0766660266,1099,47228154.62587347,5.4569682106375694e-12,-4.6193599700927734e-07,737.7961016120898,737.7961016120898,715.8097777840488,2107.9275376406044,0.0,0.0,0,0.0,0.0,0.0,14.755922032241765,7.230401795798477,0.875,2026-09-16 19:45:58 UTC,Observed turnover persists
21.25,4.0024736078275556e-05,0.34966868264414575,1025.6015904876206,3.836028947798111,111.7189937774005,1945792.7433326934,1099,47049019.85354164,5.002220859751105e-12,-4.6193599700927734e-07,746.5793885360433,746.5793885360433,724.3313227576684,2123.487447681329,0.0,0.0,0,0.0,0.0,0.0,14.931587770720833,7.316478007653221,0.8854166666666666,2026-09-16 20:00:58 UTC,Observed turnover persists
21.5,3.974975210801284e-05,0.347266336194141,1018.670538232078,3.8096998231584607,111.7189937774005,1953084.40999936,1099,46871355.94674506,5.002220859751105e-12,-4.6193599700927734e-07,755.3626754599968,755.3626754599968,732.852867731288,2138.940044910491,0.0,0.0,0,0.0,0.0,0.0,15.107253509199902,7.402554219507965,0.8958333333333334,2026-09-16 20:15:58 UTC,Observed turnover persists
21.75,3.9479872868534036e-05,0.3449085862777642,1011.8448024881766,3.7838592057232585,111.7189937774005,1960376.0766660268,1099,46695155.59405503,4.547473508864641e-12,-4.76837158203125e-07,764.1459623839503,764.1459623839503,741.3744127049076,2154.287325628012,0.0,0.0,0,0.0,0.0,0.0,15.28291924767897,7.488630431362709,0.90625,2026-09-16 20:30:58 UTC,Observed turnover persists
22.0,3.9214979115412466e-05,0.34259439113820006,1005.1224337078528,3.758495691557556,111.7189937774005,1967667.7433326936,1099,46520411.4184205,4.547473508864641e-12,-4.917383193969727e-07,772.9292493079038,772.9292493079038,749.8959576785272,2169.531239381955,0.0,0.0,0,0.0,0.0,0.0,15.458584986158039,7.574706643217453,0.9166666666666666,2026-09-16 20:45:58 UTC,Observed turnover persists
22.25,3.895495505886357e-05,0.34032273919947337,998.5015277367704,3.7335982068835207,111.7189937774005,1974959.4099993603,1099,46347115.97964335,4.547473508864641e-12,-4.917383193969727e-07,781.7125362318573,781.7125362318573,758.4175026521468,2184.673690326657,0.0,0.0,0,0.0,0.0,0.0,15.634250724637107,7.660782855072196,0.9270833333333334,2026-09-16 21:00:58 UTC,Observed turnover persists
22.5,3.869968824392396e-05,0.3380926480196555,991.9802245034272,3.7091559966372927,111.7189937774005,1982251.076666027,1099,46175261.77682385,4.092726157978177e-12,-4.917383193969727e-07,790.4958231558107,790.4958231558107,766.9390476257664,2199.7165385336193,0.0,0.0,0,0.0,0.0,0.0,15.809916463116176,7.74685906692694,0.9375,2026-09-16 21:15:58 UTC,Observed turnover persists
22.75,3.844906943545474e-05,0.3359031632862173,985.5567067535866,3.6851586134852483,111.7189937774005,1989542.7433326938,1099,46004841.25077585,4.092726157978177e-12,-5.066394805908203e-07,799.2791100797642,799.2791100797642,775.460592599386,2214.6616012570794,0.0,0.0,0,0.0,0.0,0.0,15.985582201595244,7.832935278781684,0.9479166666666666,2026-09-16 21:30:58 UTC,Observed turnover persists
23.0,3.820299250774871e-05,0.3337533578516028,979.2291988282192,3.6615959072829183,111.7189937774005,1996834.4099993606,1099,45835846.7864115,3.637978807091713e-12,-5.066394805908203e-07,808.0623970037177,808.0623970037177,783.9821375730056,2229.5106541560663,0.0,0.0,0,0.0,0.0,0.0,16.161247940074315,7.919011490636428,0.9583333333333334,2026-09-16 21:45:58 UTC,Observed turnover persists
23.25,3.79613543385319e-05,0.3316423308071935,972.9959654832155,3.6384580149488728,111.7189937774005,2004126.0766660273,1099,45668270.71509527,4.547473508864641e-12,-5.066394805908203e-07,816.8456839276712,816.8456839276712,792.5036825466252,2244.26543247469,0.0,0.0,0,0.0,0.0,0.0,16.336913678553383,8.00508770249117,0.96875,2026-09-16 22:00:58 UTC,Observed turnover persists
23.5,3.772405470716068e-05,0.329569206593926,966.8553107492118,3.6157353507408914,111.7189937774005,2011417.743332694,1099,45502105.3169669,4.092726157978177e-12,-5.066394805908203e-07,825.6289708516247,825.6289708516247,801.0252275202448,2258.927632182313,0.0,0.0,0,0.0,0.0,0.0,16.512579417032452,8.091163914345914,0.9791666666666666,2026-09-16 22:15:58 UTC,Observed turnover persists
23.75,3.749099619682588e-05,0.3275331341479165,960.8055768299486,3.5934185969177745,111.7189937774005,2018709.4099993608,1099,45337342.82323333,4.092726157978177e-12,-5.21540641784668e-07,834.4122577755782,834.4122577755782,809.5467724938644,2273.498911075196,0.0,0.0,0,0.0,0.0,0.0,16.68824515551152,8.177240126200658,0.9895833333333334,2026-09-16 22:30:58 UTC,Observed turnover persists
24.0,3.7262084100584546e-05,0.3255332860795251,954.8451430376455,3.57149869475999,111.7189937774005,2026001.0766660275,1099,45173975.41842914,3.637978807091713e-12,-5.364418029785156e-07,843.1955446995316,843.1955446995316,818.068317467484,2287.9808898411184,0.0,0.0,0,0.0,0.0,0.0,16.86391089399059,8.263316338055402,1.0,2026-09-16 22:45:58 UTC,Observed turnover persists
24.25,3.70372263310492e-05,0.323568857884372,948.97242476395,3.5499668359457406,111.7189937774005,2033292.7433326943,1099,45011995.24264548,4.547473508864641e-12,-5.364418029785156e-07,851.9788316234851,851.9788316234851,826.5898624411036,2302.3751530884338,0.0,0.0,0,0.0,0.0,0.0,17.039576632469657,8.349392549910146,1.0104166666666667,2026-09-16 23:00:58 UTC,Observed turnover persists
24.5,3.681633333357285e-05,0.32163906718489516,943.1858724850788,3.528814454256426,111.7189937774005,2040584.409999361,1099,44851394.39372737,4.092726157978177e-12,-5.364418029785156e-07,860.7621185474386,860.7621185474386,835.1114074147232,2316.6832503409246,0.0,0.0,0,0.0,0.0,0.0,17.215242370948726,8.43546876176489,1.0208333333333333,2026-09-16 23:15:58 UTC,Observed turnover persists
24.75,3.659931800277584e-05,0.3197431530011021,937.4839707998341,3.5080332176024602,111.7189937774005,2047876.0766660278,1099,44692164.92943911,3.637978807091713e-12,-5.364418029785156e-07,869.5454054713921,869.5454054713921,843.6329523883428,2330.9066969997884,0.0,0.0,0,0.0,0.0,0.0,17.390908109427794,8.521544973619633,1.03125,2026-09-16 23:30:58 UTC,Observed turnover persists
25.0,3.6386095602268764e-05,0.31788037504924455,931.8652374992329,3.4876150203574183,111.7189937774005,2055167.7433326945,1099,44534298.86959796,3.637978807091713e-12,-5.662441253662109e-07,878.3286923953456,878.3286923953456,852.1544973619624,2345.046975274009,0.0,0.0,0,0.0,0.0,0.0,17.566573847906863,8.607621185474377,1.0416666666666667,2026-09-16 23:45:58 UTC,Observed turnover persists
25.25,3.6176583687431715e-05,0.31605001306719294,926.3282226665348,3.467551975977137,111.7189937774005,2062459.4099993613,1099,44377788.19817561,3.183231456205249e-12,-5.662441253662109e-07,887.111979319299,887.111979319299,860.676042335582,2359.1055350803267,0.0,0.0,0,0.0,0.0,0.0,17.74223958638593,8.693697397329121,1.0520833333333333,2026-09-17 00:00:58 UTC,Observed turnover persists
25.5,3.597070203111826e-05,0.3142513661653638,920.8715078065273,3.4478364099044336,111.7189937774005,2069751.076666028,1099,44222624.86536777,3.637978807091713e-12,-5.662441253662109e-07,895.8952662432525,895.8952662432525,869.1975873092016,2373.0837949139536,0.0,0.0,0,0.0,0.0,0.0,17.917905324865,8.779773609183865,1.0625,2026-09-17 00:15:58 UTC,Observed turnover persists
25.75,3.576837255215787e-05,0.31248375220209385,915.4937050029524,3.42846085273738,111.7189937774005,2077042.7433326948,1099,44068800.78963156,3.637978807091713e-12,-5.811452865600586e-07,904.678553167206,904.678553167206,877.7191322828212,2386.9831426911483,0.0,0.0,0,0.0,0.0,0.0,18.09357106334407,8.865849821038609,1.0729166666666667,2026-09-17 00:30:58 UTC,Observed turnover persists
26.0,3.5569519246537156e-05,0.31074650718241786,910.1934561030223,3.4094180336555198,111.7189937774005,2084334.4099993615,1099,43916307.85969078,4.092726157978177e-12,-5.811452865600586e-07,913.4618400911595,913.4618400911595,886.2406772564408,2400.8049365646984,0.0,0.0,0,0.0,0.0,0.0,18.269236801823137,8.951926032893352,1.0833333333333333,2026-09-17 00:45:58 UTC,Observed turnover persists
26.25,3.537406812114571e-05,0.30903898467925167,904.9694319280107,3.390700874086922,111.7189937774005,2091626.0766660282,1099,43765137.93650899,3.637978807091713e-12,-5.811452865600586e-07,922.245127015113,922.245127015113,894.7622222300604,2414.5505057133296,0.0,0.0,0,0.0,0.0,0.0,18.444902540302206,9.038002244748096,1.09375,2026-09-17 01:00:58 UTC,Observed turnover persists
26.5,3.5181947129978186e-05,0.30736055527603323,899.8203315089552,3.3723024816172935,111.7189937774005,2098917.7433326948,1099,43615282.85523053,4.092726157978177e-12,-5.811452865600586e-07,931.0284139390665,931.0284139390665,903.28376720368,2428.221151106005,0.0,0.0,0,0.0,0.0,0.0,18.620568278781274,9.12407845660284,1.1041666666666667,2026-09-17 01:15:58 UTC,Observed turnover persists
26.75,3.4993086112688786e-05,0.30571060602991534,894.7448813465335,3.354216144115678,111.7189937774005,2106209.4099993613,1099,43466734.42708932,3.637978807091713e-12,-5.960464477539062e-07,939.81170086302,939.81170086302,911.8053121772996,2441.8181462420457,0.0,0.0,0,0.0,0.0,0.0,18.796234017260343,9.210154668457584,1.1145833333333333,2026-09-17 01:30:58 UTC,Observed turnover persists
27.0,3.480741673539984e-05,0.30408853995465085,889.7418346942344,3.3364353240797073,111.7189937774005,2113501.076666028,1099,43319484.4412856,3.637978807091713e-12,-6.109476089477539e-07,948.5949877869734,948.5949877869734,920.3268571509192,2455.3427378679644,0.0,0.0,0,0.0,0.0,0.0,18.97189975573941,9.296230880312327,1.125,2026-09-17 01:45:58 UTC,Observed turnover persists
27.25,3.462487243367014e-05,0.30249377552234613,884.8099708639605,3.3189536531866337,111.7189937774005,2120792.7433326943,1099,43173524.66683058,3.637978807091713e-12,-6.109476089477539e-07,957.3782747109269,957.3782747109269,928.8484021245388,2468.796146671858,0.0,0.0,0,0.0,0.0,0.0,19.14756549421848,9.382307092167071,1.1354166666666667,2026-09-17 02:00:58 UTC,Observed turnover persists
27.5,3.444538835753397e-05,0.3009257461833044,879.9480945532594,3.301764927040874,111.7189937774005,2128084.409999361,1099,43028846.8543591,3.637978807091713e-12,-6.109476089477539e-07,966.1615616348804,966.1615616348804,937.3699470981584,2482.1795679561787,0.0,0.0,0,0.0,0.0,0.0,19.323231232697548,9.468383304021815,1.1458333333333333,2026-09-17 02:15:58 UTC,Observed turnover persists
27.75,3.426890131852484e-05,0.299383899903209,875.1550351933885,3.284863100112219,111.7189937774005,2135376.0766660273,1099,42885442.73791048,3.637978807091713e-12,-6.258487701416016e-07,974.9448485588339,974.9448485588339,945.891492071778,2495.494172289669,0.0,0.0,0,0.0,0.0,0.0,19.498896971176617,9.554459515876559,1.15625,2026-09-17 02:30:58 UTC,Observed turnover persists
28.0,3.409534973860271e-05,0.29786769871693514,870.4296463174693,3.2682422808555587,111.7189937774005,2142667.743332694,1099,42743304.03667736,3.637978807091713e-12,-6.407499313354492e-07,983.7281354827874,983.7281354827874,954.4130370453976,2508.741106139208,0.0,0.0,0,0.0,0.0,0.0,19.674562709655685,9.640535727731303,1.1666666666666667,2026-09-17 02:45:58 UTC,Observed turnover persists
28.25,3.392467360090697e-05,0.29637661829831236,865.7708049480107,3.2518967270053962,111.7189937774005,2149959.4099993603,1099,42602422.45672301,3.637978807091713e-12,-6.407499313354492e-07,992.5114224067408,992.5114224067408,962.9345820190172,2521.9214924822863,0.0,0.0,0,0.0,0.0,0.0,19.850228448134754,9.726611939586046,1.1770833333333333,2026-09-17 03:00:58 UTC,Observed turnover persists
28.5,3.375681440226086e-05,0.2949101475451887,861.1774110031085,3.235820841035995,111.7189937774005,2157251.076666027,1099,42462789.69266691,3.637978807091713e-12,-6.407499313354492e-07,1001.2947093306943,1001.2947093306943,971.4561269926368,2535.036431400808,0.0,0.0,0,0.0,0.0,0.0,20.025894186613822,9.81268815144079,1.1875,2026-09-17 03:15:58 UTC,Observed turnover persists
28.75,3.359171510735658e-05,0.29346778817917674,856.6483867206614,3.220009165783524,111.7189937774005,2164542.7433326934,1099,42324397.429338925,3.637978807091713e-12,-6.556510925292969e-07,1010.0779962546478,1010.0779962546478,979.9776719662564,2548.087000656875,0.0,0.0,0,0.0,0.0,0.0,20.20155992509289,9.898764363295534,1.1979166666666667,2026-09-17 03:30:58 UTC,Observed turnover persists
29.0,3.342932010455342e-05,0.2920490543594928,852.1826760999643,3.2044563802221453,111.7189937774005,2171834.40999936,1099,42187237.3434021,3.637978807091713e-12,-6.407499313354492e-07,1018.8612831786013,1018.8612831786013,988.499216939876,2561.0742562511914,0.0,0.0,0,0.0,0.0,0.0,20.37722566357196,9.984840575150278,1.2083333333333333,2026-09-17 03:45:58 UTC,Observed turnover persists
29.25,3.3269575163224397e-05,0.29065347231032335,847.779244360074,3.189157295387214,111.7189937774005,2179126.0766660264,1099,42051301.10494433,3.637978807091713e-12,-6.556510925292969e-07,1027.6445701025548,1027.6445701025548,997.0207619134956,2573.999232964701,0.0,0.0,0,0.0,0.0,0.0,20.552891402051028,10.070916787005022,1.21875,2026-09-17 04:00:58 UTC,Observed turnover persists
29.5,3.311242739258977e-05,0.2892805799611818,843.4370774143555,3.1741068504428256,111.7189937774005,2186417.743332693,1099,41916580.379038975,3.637978807091713e-12,-6.556510925292969e-07,1036.4278570265083,1036.4278570265083,1005.5423068871152,2586.8629448840393,0.0,0.0,0,0.0,0.0,0.0,20.728557140530096,10.156992998859765,1.2291666666666667,2026-09-17 04:15:58 UTC,Observed turnover persists
29.75,3.295782520197819e-05,0.2879299265997373,839.1551813606478,3.159300108879494,111.7189937774005,2193709.4099993594,1099,41783066.827274635,3.637978807091713e-12,-6.556510925292969e-07,1045.2111439504617,1045.2111439504617,1014.0638518607348,2599.6663859113664,0.0,0.0,0,0.0,0.0,0.0,20.904222879009165,10.24306921071451,1.2395833333333333,2026-09-17 04:30:58 UTC,Observed turnover persists
30.0,3.2805718262459724e-05,0.28660107253662903,834.9325819865161,3.144732254853309,111.7189937774005,2201001.076666026,1099,41650752.109254315,3.637978807091713e-12,-6.705522537231445e-07,1053.9944308744152,1053.9944308744152,1022.5853968343544,2612.410530259118,0.0,0.0,0,0.0,0.0,0.0,21.079888617488233,10.329145422569253,1.25,2026-09-17 04:45:58 UTC,Observed turnover persists
30.25,3.265605746979627e-05,0.2852935887817889,830.7683242890548,3.130398589640116,111.7189937774005,2208292.7433326924,1099,41519627.88406404,3.637978807091713e-12,-6.854534149169922e-07,1062.7777177983687,1062.7777177983687,1031.106941807974,2625.0963329301985,0.0,0.0,0,0.0,0.0,0.0,21.255554355967302,10.415221634423997,1.2604166666666667,2026-09-17 05:00:58 UTC,Observed turnover persists
30.5,3.25087949086585e-05,0.28400705673182997,826.6614720087639,3.1162945282169527,111.7189937774005,2215584.409999359,1099,41389685.81171131,3.183231456205249e-12,-6.854534149169922e-07,1071.5610047223222,1071.5610047223222,1039.6284867815937,2637.724730184109,0.0,0.0,0,0.0,0.0,0.0,21.43122009444637,10.50129784627874,1.2708333333333333,2026-09-17 05:15:58 UTC,Observed turnover persists
30.75,3.236388381805959e-05,0.2827410678680646,822.6111071769986,3.1024155959591644,111.7189937774005,2222876.0766660254,1099,41260917.5545334,3.637978807091713e-12,-7.003545761108398e-07,1080.3442916462757,1080.3442916462757,1048.1500317552134,2650.296639989494,0.0,0.0,0,0.0,0.0,0.0,21.60688583292544,10.587374058133484,1.28125,2026-09-17 05:30:58 UTC,Observed turnover persists
31.0,3.222127855795915e-05,0.2814952234647454,818.6163296765479,3.0887574254465844,111.7189937774005,2230167.743332692,1099,41133314.778575934,3.183231456205249e-12,-7.003545761108398e-07,1089.1275785702292,1089.1275785702292,1056.671576728833,2662.8129624635644,0.0,0.0,0,0.0,0.0,0.0,21.782551571404507,10.673450269988228,1.2916666666666667,2026-09-17 05:45:58 UTC,Observed turnover persists
31.25,3.208093457699185e-05,0.280269134307133,814.676256814888,3.075315753380212,111.7189937774005,2237459.4099993585,1099,41006869.15494175,2.7284841053187847e-12,-7.152557373046875e-07,1097.9108654941826,1097.9108654941826,1065.1931217024528,2675.274580298844,0.0,0.0,0,0.0,0.0,0.0,21.958217309883576,10.759526481842972,1.3020833333333333,2026-09-17 06:00:58 UTC,Observed turnover persists
31.5,3.1942808381278055e-05,0.2790624204190156,810.7900229096924,3.062086417601001,111.7189937774005,2244751.076666025,1099,40881572.36111053,3.183231456205249e-12,-7.152557373046875e-07,1106.6941524181361,1106.6941524181361,1073.7146666760725,2687.6823591776592,0.0,0.0,0,0.0,0.0,0.0,22.133883048362645,10.845602693697716,1.3125,2026-09-17 06:15:58 UTC,Observed turnover persists
31.75,3.1806857504274856e-05,0.27787471079931797,806.9567788861807,3.049065354206583,111.7189937774005,2252042.7433326915,1099,40757416.08222918,3.183231456205249e-12,-7.301568984985352e-07,1115.4774393420896,1115.4774393420896,1082.2362116496922,2700.0371481747907,0.0,0.0,0,0.0,0.0,0.0,22.309548786841713,10.93167890555246,1.3229166666666667,2026-09-17 06:30:58 UTC,Observed turnover persists
32.0,3.167304047762835e-05,0.27670564316745827,803.1756918859209,3.036248594766897,111.7189937774005,2259334.409999358,1099,40634392.01237341,2.7284841053187847e-12,-7.301568984985352e-07,1124.260726266043,1124.260726266043,1090.757756623312,2712.33978014867,0.0,0.0,0,0.0,0.0,0.0,22.48521452532078,11.017755117407203,1.3333333333333333,2026-09-17 06:45:58 UTC,Observed turnover persists
32.25,3.15413168029891e-05,0.27555486371711846,799.4459448867004,3.023632263628932,111.7189937774005,2266626.0766660245,1099,40512491.85578071,3.183231456205249e-12,-7.301568984985352e-07,1133.0440131899966,1133.0440131899966,1099.2793015969316,2724.59107212151,0.0,0.0,0,0.0,0.0,0.0,22.66088026379985,11.103831329261947,1.34375,2026-09-17 07:00:58 UTC,Observed turnover persists
32.5,3.141164692475458e-05,0.2744220268781143,795.7667363330999,3.0112125753106773,111.7189937774005,2273917.743332691,1099,40391707.32805491,2.7284841053187847e-12,-7.301568984985352e-07,1141.82730011395,1141.82730011395,1107.8008465705514,2736.79182564873,0.0,0.0,0,0.0,0.0,0.0,22.83654600227892,11.18990754111669,1.3541666666666667,2026-09-17 07:15:58 UTC,Observed turnover persists
32.75,3.128399220370418e-05,0.27330679508606187,792.1372797774249,2.9989858319820826,111.7189937774005,2281209.4099993575,1099,40272030.15734269,2.2737367544323206e-12,-7.450580596923828e-07,1150.6105870379035,1150.6105870379035,1116.322391544171,2748.942827178025,0.0,0.0,0,0.0,0.0,0.0,23.012211740757987,11.275983752971435,1.3645833333333333,2026-09-17 07:30:58 UTC,Observed turnover persists
33.0,3.115831489149319e-05,0.27220883855954964,788.5568035306499,2.9869484210256383,111.7189937774005,2288501.076666024,1099,40153452.08548232,2.7284841053187847e-12,-7.599592208862305e-07,1159.393873961857,1159.393873961857,1124.8439365177908,2761.0448483984196,0.0,0.0,0,0.0,0.0,0.0,23.187877479237056,11.362059964826178,1.375,2026-09-17 07:45:58 UTC,Observed turnover persists
33.25,3.103457810597405e-05,0.2711278350845365,785.0245503230533,2.975096812676794,111.7189937774005,2295792.7433326906,1099,40035964.869124815,2.7284841053187847e-12,-7.599592208862305e-07,1168.1771608858105,1168.1771608858105,1133.3654814914105,2773.098646579636,0.0,0.0,0,0.0,0.0,0.0,23.363543217716124,11.448136176680922,1.3854166666666667,2026-09-17 08:00:58 UTC,Observed turnover persists
33.5,3.0912745807314505e-05,0.270063469805713,781.5397769742322,2.9634275577441085,111.7189937774005,2303084.409999357,1099,39919560.28082784,2.7284841053187847e-12,-7.599592208862305e-07,1176.960447809764,1176.960447809764,1141.8870264650302,2785.104964902077,0.0,0.0,0,0.0,0.0,0.0,23.539208956195193,11.534212388535666,1.3958333333333333,2026-09-17 08:15:58 UTC,Observed turnover persists
33.75,3.079278277488304e-05,0.2690154350245648,778.1017540721854,2.9519372853940204,111.7189937774005,2310376.0766660236,1099,39804230.11012274,2.7284841053187847e-12,-7.748603820800781e-07,1185.7437347337175,1185.7437347337175,1150.40857143865,2797.064532777743,0.0,0.0,0,0.0,0.0,0.0,23.71487469467426,11.62028860039041,1.40625,2026-09-17 08:30:58 UTC,Observed turnover persists
34.0,3.0674654584873906e-05,0.26798343000389835,774.7097656611868,2.9406227010153487,111.7189937774005,2317667.74333269,1099,39689966.1645548,1.8189894035458565e-12,-7.897615432739258e-07,1194.527021657671,1194.527021657671,1158.9301164122696,2808.978066162361,0.0,0.0,0,0.0,0.0,0.0,23.89054043315333,11.706364812245154,1.4166666666666667,2026-09-17 08:45:58 UTC,Observed turnover persists
34.25,3.055832758864453e-05,0.2669671607785891,771.3631089381582,2.9294805841492972,111.7189937774005,2324959.4099993566,1099,39576760.27069716,1.8189894035458565e-12,-7.897615432739258e-07,1203.3103085816244,1203.3103085816244,1167.4516613858893,2820.8462678590085,0.0,0.0,0,0.0,0.0,0.0,24.0662061716324,11.792441024099897,1.4270833333333333,2026-09-17 09:00:58 UTC,Observed turnover persists
34.5,3.0443768891739682e-05,0.2659663399723305,768.0610939572769,2.9185077864794517,111.7189937774005,2332251.076666023,1099,39464604.27513882,1.3642420526593924e-12,-7.897615432739258e-07,1212.093595505578,1212.093595505578,1175.973206359509,2832.6698278135095,0.0,0.0,0,0.0,0.0,0.0,24.241871910111467,11.878517235954641,1.4375,2026-09-17 09:15:58 UTC,Observed turnover persists
34.75,3.0330946333577472e-05,0.2649806866201642,764.8030433425553,2.9077012298943337,111.7189937774005,2339542.7433326896,1099,39353490.045446575,1.3642420526593924e-12,-8.046627044677734e-07,1220.8768824295314,1220.8768824295314,1184.4947513331288,2844.4494234018507,0.0,0.0,0,0.0,0.0,0.0,24.417537648590535,11.964593447809385,1.4479166666666667,2026-09-17 09:30:58 UTC,Observed turnover persists
35.0,3.021982846777354e-05,0.2640099259965863,761.5882920081427,2.897057904603224,111.7189937774005,2346834.409999356,1099,39243409.471101806,1.3642420526593924e-12,-7.897615432739258e-07,1229.660169353485,1229.660169353485,1193.0162963067485,2856.185719709883,0.0,0.0,0,0.0,0.0,0.0,24.593203387069604,12.050669659664129,1.4583333333333333,2026-09-17 09:45:58 UTC,Observed turnover persists
35.25,3.011038454308059e-05,0.26305378944902863,758.4161868861099,2.886574867315941,111.7189937774005,2354126.0766660227,1099,39134354.46441192,9.094947017729282e-13,-8.046627044677734e-07,1238.4434562774384,1238.4434562774384,1201.5378412803682,2867.879369805535,0.0,0.0,0,0.0,0.0,0.0,24.768869125548672,12.136745871518873,1.46875,2026-09-17 10:00:58 UTC,Observed turnover persists
35.5,3.000258448492131e-05,0.262112014236525,755.2860866614749,2.8762492394741197,111.7189937774005,2361417.743332689,1099,39026316.9613971,9.094947017729282e-13,-8.046627044677734e-07,1247.2267432013919,1247.2267432013919,1210.059386253988,2879.53101500379,0.0,0.0,0,0.0,0.0,0.0,24.94453486402774,12.222822083373616,1.4791666666666667,2026-09-17 10:15:58 UTC,Observed turnover persists
35.75,2.9896398877493623e-05,0.261184343373377,752.1973615142558,2.8660782055431455,111.7189937774005,2368709.4099993557,1099,38919288.922652364,9.094947017729282e-13,-8.195638656616211e-07,1256.0100301253453,1256.0100301253453,1218.5809312276076,2891.1412851246287,0.0,0.0,0,0.0,0.0,0.0,25.12020060250681,12.30889829522836,1.4895833333333333,2026-09-17 10:30:58 UTC,Observed turnover persists
36.0,2.9791798946428248e-05,0.26027052547764445,749.1493928683235,2.856059011352827,111.7189937774005,2376001.076666022,1099,38813262.334185645,9.094947017729282e-13,-8.344650268554688e-07,1264.7933170492988,1264.7933170492988,1227.1024762012273,2902.7107987441805,0.0,0.0,0,0.0,0.0,0.0,25.295866340985878,12.394974507083104,1.5,2026-09-17 10:45:58 UTC,Observed turnover persists
36.25,2.968875654197901e-05,0.25937031462429155,746.141573146853,2.846188962489235,111.7189937774005,2383292.7433326887,1099,38708229.2082318,9.094947017729282e-13,-8.344650268554688e-07,1273.5766039732523,1273.5766039732523,1235.624021174847,2914.240163439271,0.0,0.0,0,0.0,0.0,0.0,25.471532079464946,12.481050718937848,1.5104166666666667,2026-09-17 11:00:58 UTC,Observed turnover persists
36.5,2.9587244122727248e-05,0.25848347020282264,743.1733055341658,2.8364654227381583,111.7189937774005,2390584.409999355,1099,38604181.58404311,9.094947017729282e-13,-8.344650268554688e-07,1282.3598908972058,1282.3598908972058,1244.1455661484667,2925.729976025578,0.0,0.0,0,0.0,0.0,0.0,25.647197817944015,12.567126930792591,1.5208333333333333,2026-09-17 11:15:58 UTC,Observed turnover persists
36.75,2.948723473978253e-05,0.2576097567792552,740.2440037437685,2.8268858125731016,111.7189937774005,2397876.0766660217,1099,38501111.52865659,1.3642420526593924e-12,-8.493661880493164e-07,1291.1431778211593,1291.1431778211593,1252.6671111220865,2937.180822789595,0.0,0.0,0,0.0,0.0,0.0,25.822863556423084,12.653203142647335,1.53125,2026-09-17 11:30:58 UTC,Observed turnover persists
37.0,2.9388702021462457e-05,0.25674894396227754,737.3530917924047,2.8174476076907093,111.7189937774005,2405167.743332688,1099,38399011.13763831,9.094947017729282e-13,-8.493661880493164e-07,1299.9264647451128,1299.9264647451128,1261.1886560957062,2948.5932797145783,0.0,0.0,0,0.0,0.0,0.0,25.998529294902152,12.739279354502079,1.5416666666666667,2026-09-17 11:45:58 UTC,Observed turnover persists
37.25,2.929162015843495e-05,0.25590080627344736,734.5000037799323,2.808148337590297,111.7189937774005,2412459.4099993547,1099,38297872.53580522,9.094947017729282e-13,-8.642673492431641e-07,1308.7097516690662,1308.7097516690662,1269.7102010693259,2959.9679127006702,0.0,0.0,0,0.0,0.0,0.0,26.17419503338122,12.825355566356823,1.5520833333333333,2026-09-17 12:00:58 UTC,Observed turnover persists
37.5,2.9195963889307052e-05,0.2550651230212907,731.6841836748508,2.7989855841951794,111.7189937774005,2419751.0766660213,1099,38197687.87792455,4.547473508864641e-13,-8.642673492431641e-07,1317.4930385930197,1317.4930385930197,1278.2317460429456,2971.3052777793714,0.0,0.0,0,0.0,0.0,0.0,26.34986077186029,12.911431778211567,1.5625,2026-09-17 12:15:58 UTC,Observed turnover persists
37.75,2.910170848664517e-05,0.2542416781791706,728.9050851053161,2.789956980515236,111.7189937774005,2427042.7433326878,1099,38098449.34939137,0.0,-8.642673492431641e-07,1326.2763255169732,1326.2763255169732,1286.7532910165653,2982.6059213225253,0.0,0.0,0,0.0,0.0,0.0,26.525526510339358,12.99750799006631,1.5729166666666667,2026-09-17 12:30:58 UTC,Observed turnover persists
38.0,2.9008829743411902e-05,0.25343026026679494,726.1621711554708,2.781060209353376,111.7189937774005,2434334.4099993543,1099,38000149.166884564,0.0,-8.493661880493164e-07,1335.0596124409267,1335.0596124409267,1295.274835990185,2993.8703802459904,0.0,0.0,0,0.0,0.0,0.0,26.701192248818426,13.083584201921054,1.5833333333333333,2026-09-17 12:45:58 UTC,Observed turnover persists
38.25,2.8917303959805318e-05,0.25263066223524017,723.4549141669354,2.7722930020417684,111.7189937774005,2441626.076666021,1099,37902779.579001375,0.0,-8.791685104370117e-07,1343.8428993648802,1343.8428993648802,1303.7963809638047,3005.099182208145,0.0,0.0,0,0.0,0.0,0.0,26.876857987297495,13.169660413775798,1.59375,2026-09-17 13:00:58 UTC,Observed turnover persists
38.5,2.8827107930487122e-05,0.25184268135537263,720.7827955453092,2.763653137223955,111.7189937774005,2448917.7433326873,1099,37806332.86687109,0.0,-8.791685104370117e-07,1352.6261862888337,1352.6261862888337,1312.3179259374244,3016.292845803391,0.0,0.0,0,0.0,0.0,0.0,27.052523725776563,13.255736625630542,1.6041666666666667,2026-09-17 13:15:58 UTC,Observed turnover persists
38.75,2.873821893218661e-05,0.2510661191095527,718.1453055715303,2.7551384396689365,111.7189937774005,2456209.409999354,1099,37710801.34474803,0.0,-8.791685104370117e-07,1361.4094732127871,1361.4094732127871,1320.8394709110441,3027.4518807507898,0.0,0.0,0,0.0,0.0,0.0,27.22818946425563,13.341812837485286,1.6145833333333333,2026-09-17 13:30:58 UTC,Observed turnover persists
39.0,2.8650614711667793e-05,0.2503007810865117,715.5419432179527,2.746746779118898,111.7189937774005,2463501.0766660203,1099,37616177.3605842,0.0,-8.940696716308594e-07,1370.1927601367406,1370.1927601367406,1329.3610158846639,3038.5767880779867,0.0,0.0,0,0.0,0.0,0.0,27.4038552027347,13.42788904934003,1.625,2026-09-17 13:45:58 UTC,Observed turnover persists
39.25,2.856427347404762e-05,0.2495464768792968,712.9722159690058,2.738476069174317,111.7189937774005,2470792.743332687,1099,37522453.296581976,0.0,-9.08970832824707e-07,1378.976047060694,1378.976047060694,1337.8825608582836,3049.6680603005534,0.0,0.0,0,0.0,0.0,0.0,27.57952094121377,13.513965261194773,1.6354166666666667,2026-09-17 14:00:58 UTC,Observed turnover persists
39.5,2.8479173871453544e-05,0.24880301998617907,710.4356396462965,2.730324266206967,111.7189937774005,2478084.4099993533,1099,37429621.5697271,-4.547473508864641e-13,-9.08970832824707e-07,1387.7593339846476,1387.7593339846476,1346.4041058319033,3060.7261815968823,0.0,0.0,0,0.0,0.0,0.0,27.755186679692837,13.600041473049517,1.6458333333333333,2026-09-17 14:15:58 UTC,Observed turnover persists
39.75,2.839529499200932e-05,0.24807022771443069,707.9317382380323,2.722289368307005,111.7189937774005,2485376.07666602,1099,37337674.63230232,-9.094947017729282e-13,-9.238719940185547e-07,1396.542620908601,1396.542620908601,1354.925650805523,3071.751627978766,0.0,0.0,0,0.0,0.0,0.0,27.930852418171906,13.68611768490426,1.65625,2026-09-17 14:30:58 UTC,Observed turnover persists
40.0,2.831261634913808e-05,0.24734792108687287,705.4600437326359,2.7143694142621406,111.7189937774005,2492667.7433326864,1099,37246604.97238196,-9.094947017729282e-13,-9.387731552124023e-07,1405.3259078325545,1405.3259078325545,1363.4471957791427,3082.7448674577818,0.0,0.0,0,0.0,0.0,0.0,28.106518156650974,13.772193896759005,1.6666666666666667,2026-09-17 14:45:58 UTC,Observed turnover persists
40.25,2.8231117871172358e-05,0.24663592475110577,703.0200959564326,2.706562482560961,111.7189937774005,2499959.409999353,1099,37156405.114307836,-9.094947017729282e-13,-9.387731552124023e-07,1414.109194756508,1414.109194756508,1371.9687407527624,3093.706360207605,0.0,0.0,0,0.0,0.0,0.0,28.282183895130043,13.858270108613748,1.6770833333333333,2026-09-17 15:00:58 UTC,Observed turnover persists
40.5,2.8150779891260967e-05,0.245934066891332,700.6114424152912,2.6988666904286753,111.7189937774005,2507251.0766660194,1099,37067067.619146734,-1.3642420526593924e-12,-9.5367431640625e-07,1422.8924816804615,1422.8924816804615,1380.4902857263821,3104.636558722366,0.0,0.0,0,0.0,0.0,0.0,28.45784963360911,13.944346320468492,1.6875,2026-09-17 15:15:58 UTC,Observed turnover persists
40.75,2.807158313756315e-05,0.24524217914268948,698.2336381401122,2.691280192890208,111.7189937774005,2514542.743332686,1099,36978585.085129805,-9.094947017729282e-13,-9.5367431640625e-07,1431.675768604415,1431.675768604415,1389.0118307000018,3115.5359079711643,0.0,0.0,0,0.0,0.0,0.0,28.63351537208818,14.030422532323236,1.6979166666666667,2026-09-17 15:30:58 UTC,Observed turnover persists
41.0,2.799350872372059e-05,0.244560096508012,695.8862455360471,2.6838011818572216,111.7189937774005,2521834.4099993524,1099,36890950.14807421,-9.094947017729282e-13,-9.5367431640625e-07,1440.4590555283685,1440.4590555283685,1397.5333756736215,3126.404845548849,0.0,0.0,0,0.0,0.0,0.0,28.80918111056725,14.11649874417798,1.7083333333333333,2026-09-17 15:45:58 UTC,Observed turnover persists
41.25,2.7916538139598294e-05,0.24388765727693854,693.5688342353448,2.6764278852428185,111.7189937774005,2529126.076666019,1099,36804155.4817873,-1.3642420526593924e-12,-9.5367431640625e-07,1449.242342452322,1449.242342452322,1406.0549206472413,3137.243801823171,0.0,0.0,0,0.0,0.0,0.0,28.984846849046317,14.202574956032723,1.71875,2026-09-17 16:00:58 UTC,Observed turnover persists
41.5,2.7840653242285867e-05,0.24322470294729776,691.2809809537291,2.6691585661040347,111.7189937774005,2536417.7433326854,1099,36718193.79845367,-1.3642420526593924e-12,-9.685754776000977e-07,1458.0256293762754,1458.0256293762754,1414.576465620861,3148.0532000784065,0.0,0.0,0,0.0,0.0,0.0,29.160512587525385,14.288651167887467,1.7291666666666667,2026-09-17 16:15:58 UTC,Observed turnover persists
41.75,2.7765836247350615e-05,0.2425710781486922,689.0222693501979,2.661991521799548,111.7189937774005,2543709.409999352,1099,36633057.84900542,-1.3642420526593924e-12,-9.834766387939453e-07,1466.808916300229,1466.808916300229,1423.0980105944807,3158.8334566555573,0.0,0.0,0,0.0,0.0,0.0,29.336178326004454,14.374727379742211,1.7395833333333333,2026-09-17 16:30:58 UTC,Observed turnover persists
42.0,2.769206972033451e-05,0.24192663056821317,686.7922898901567,2.654925083180583,111.7189937774005,2551001.0766660185,1099,36548740.423475765,-1.3642420526593924e-12,-9.834766387939453e-07,1475.5922032241824,1475.5922032241824,1431.6195555681004,3169.584981089218,0.0,0.0,0,0.0,0.0,0.0,29.511844064483522,14.460803591596955,1.75,2026-09-17 16:45:58 UTC,Observed turnover persists
42.25,2.761933656848737e-05,0.24129121087821928,684.5906397117913,2.647957613798685,111.7189937774005,2558292.743332685,1099,36465234.35133657,-1.8189894035458565e-12,-9.834766387939453e-07,1484.375490148136,1484.375490148136,1440.14110054172,3180.308176241203,0.0,0.0,0,0.0,0.0,0.0,29.68750980296259,14.546879803451699,1.7604166666666667,2026-09-17 17:00:58 UTC,Observed turnover persists
42.5,2.7547620032728647e-05,0.24066467266611186,682.4169224955881,2.641087509137427,111.7189937774005,2565584.4099993515,1099,36382532.5018199,-1.8189894035458565e-12,-9.834766387939453e-07,1493.1587770720894,1493.1587770720894,1448.6626455153398,3191.0034384310256,0.0,0.0,0,0.0,0.0,0.0,29.86317554144166,14.632956015306442,1.7708333333333333,2026-09-17 17:15:58 UTC,Observed turnover persists
42.75,2.7476903679830635e-05,0.24004687236604522,680.2707483369181,2.6343131958638537,111.7189937774005,2572876.076666018,1099,36300627.78422402,-1.8189894035458565e-12,-9.98377799987793e-07,1501.9420639960429,1501.9420639960429,1457.1841904889595,3201.6711575633153,0.0,0.0,0,0.0,0.0,0.0,30.038841279920728,14.719032227161186,1.78125,2026-09-17 17:30:58 UTC,Observed turnover persists
43.0,2.740717139481613e-05,0.23943766919251017,678.1517336215969,2.6276331311019816,111.7189937774005,2580167.7433326845,1099,36219513.148203954,-1.8189894035458565e-12,-1.0132789611816406e-06,1510.7253509199963,1510.7253509199963,1465.7057354625792,3212.311717252256,0.0,0.0,0,0.0,0.0,0.0,30.214507018399797,14.80510843901593,1.7916666666666667,2026-09-17 17:45:58 UTC,Observed turnover persists
43.25,2.733840737356399e-05,0.23883692507573384,676.0595009043437,2.6210458017254883,111.7189937774005,2587459.409999351,1099,36139181.5840472,-2.7284841053187847e-12,-1.0132789611816406e-06,1519.5086378439498,1519.5086378439498,1474.227280436199,3222.925494943129,0.0,0.0,0,0.0,0.0,0.0,30.390172756878865,14.891184650870674,1.8020833333333333,2026-09-17 18:00:58 UTC,Observed turnover persists
43.5,2.72705961156158e-05,0.23824450459883642,673.9936787900565,2.6145497236690356,111.7189937774005,2594751.0766660175,1099,36059626.12293458,-2.2737367544323206e-12,-1.0132789611816406e-06,1528.2919247679033,1528.2919247679033,1482.7488254098187,3233.5128620310356,0.0,0.0,0,0.0,0.0,0.0,30.565838495357934,14.977260862725418,1.8125,2026-09-17 18:15:58 UTC,Observed turnover persists
43.75,2.720372241717768e-05,0.23766027493669278,671.9539018178267,2.608143441258785,111.7189937774005,2602042.743332684,1099,35980839.83718677,-2.7284841053187847e-12,-1.0132789611816406e-06,1537.0752116918568,1537.0752116918568,1491.2703703834384,3244.0741839768853,0.0,0.0,0,0.0,0.0,0.0,30.741504233837002,15.063337074580161,1.8229166666666667,2026-09-17 18:30:58 UTC,Observed turnover persists
44.0,2.7137771364311063e-05,0.23708410579644498,669.9398103476233,2.6018255265623167,111.7189937774005,2609334.4099993506,1099,35902815.84049657,-2.7284841053187847e-12,-1.0132789611816406e-06,1545.8584986158103,1545.8584986158103,1499.791915357058,3254.6098204207083,0.0,0.0,0,0.0,0.0,0.0,30.91716997231607,15.149413286434905,1.8333333333333333,2026-09-17 18:45:58 UTC,Observed turnover persists
44.25,2.7072728326306682e-05,0.23651586935961538,667.9510504495719,2.595594578752448,111.7189937774005,2616626.076666017,1099,35825547.28814746,-2.7284841053187847e-12,-1.0281801223754883e-06,1554.6417855397638,1554.6417855397638,1508.3134603306778,3265.1201252923793,0.0,0.0,0,0.0,0.0,0.0,31.09283571079514,15.235489498289649,1.84375,2026-09-17 19:00:58 UTC,Observed turnover persists
44.5,2.7008578949236018e-05,0.2359554402257699,665.9872737957558,2.589449223493765,111.7189937774005,2623917.7433326836,1099,35749027.37721846,-2.7284841053187847e-12,-1.0281801223754883e-06,1563.4250724637172,1563.4250724637172,1516.8350053042975,3275.605446919815,0.0,0.0,0,0.0,0.0,0.0,31.268501449274208,15.321565710144393,1.8541666666666667,2026-09-17 19:15:58 UTC,Observed turnover persists
44.75,2.694530914967499e-05,0.23540269535768638,664.048137554478,2.5833881123379796,111.7189937774005,2631209.40999935,1099,35673249.34677582,-2.7284841053187847e-12,-1.043081283569336e-06,1572.2083593876707,1572.2083593876707,1525.3565502779172,3286.0661281347125,0.0,0.0,0,0.0,0.0,0.0,31.444167187753276,15.407641921999137,1.8645833333333333,2026-09-17 19:30:58 UTC,Observed turnover persists
45.0,2.688290510859439e-05,0.23485751402797944,662.1333042869151,2.577409922143655,111.7189937774005,2638501.0766660166,1099,35598206.47805155,-2.7284841053187847e-12,-1.0579824447631836e-06,1580.9916463116242,1580.9916463116242,1533.878095251537,3296.502506375895,0.0,0.0,0,0.0,0.0,0.0,31.619832926232345,15.49371813385388,1.875,2026-09-17 19:45:58 UTC,Observed turnover persists
45.25,2.682135326541221e-05,0.2343197777671396,660.2424418460973,2.5715133545034314,111.7189937774005,2645792.743332683,1099,35523892.09460934,-3.183231456205249e-12,-1.0579824447631836e-06,1589.7749332355777,1589.7749332355777,1542.3996402251566,3306.914913790332,0.0,0.0,0,0.0,0.0,0.0,31.795498664711413,15.579794345708624,1.8854166666666667,2026-09-17 20:00:58 UTC,Observed turnover persists
45.5,2.6760640312202906e-05,0.23378937031294392,658.3752232781617,2.565697135193085,111.7189937774005,2653084.4099993496,1099,35450299.56249801,-3.637978807091713e-12,-1.0579824447631836e-06,1598.5582201595312,1598.5582201595312,1550.9211851987764,3317.3036773318872,0.0,0.0,0,0.0,0.0,0.0,31.971164403190482,15.665870557563368,1.8958333333333333,2026-09-17 20:15:58 UTC,Observed turnover persists
45.75,2.67007531880587e-05,0.23326617756119417,656.5313267258047,2.559960013630183,111.7189937774005,2660376.076666016,1099,35377422.29039262,-3.183231456205249e-12,-1.0728836059570312e-06,1607.3415070834847,1607.3415070834847,1559.442730172396,3327.669118857864,0.0,0.0,0,0.0,0.0,0.0,32.146830141669554,15.751946769418112,1.90625,2026-09-17 20:30:58 UTC,Observed turnover persists
46.0,2.6641679073598695e-05,0.23275008751774695,654.7104353338914,2.5543007623491687,111.7189937774005,2667667.7433326826,1099,35305253.72972385,-3.183231456205249e-12,-1.087784767150879e-06,1616.1247940074381,1616.1247940074381,1567.9642751460158,3338.011555223397,0.0,0.0,0,0.0,0.0,0.0,32.32249588014862,15.838022981272855,1.9166666666666667,2026-09-17 20:45:58 UTC,Observed turnover persists
46.25,2.658340538562107e-05,0.23224099025179368,652.912237157156,2.5487181764911133,111.7189937774005,2674959.409999349,1099,35233787.37479556,-3.183231456205249e-12,-1.087784767150879e-06,1624.9080809313916,1624.9080809313916,1576.4858201196355,3348.331298373752,0.0,0.0,0,0.0,0.0,0.0,32.49816161862769,15.9240991931276,1.9270833333333333,2026-09-17 21:00:58 UTC,Observed turnover persists
46.5,2.652591977189425e-05,0.2317387778503543,651.1364250699409,2.5432110733023987,111.7189937774005,2682251.0766660157,1099,35163016.76289107,-4.092726157978177e-12,-1.087784767150879e-06,1633.691367855345,1633.691367855345,1585.0073650932552,3358.6286554345866,0.0,0.0,0,0.0,0.0,0.0,32.67382735710676,16.01017540498234,1.9375,2026-09-17 21:15:58 UTC,Observed turnover persists
46.75,2.6469210106082855e-05,0.2312433443739491,649.3826966779208,2.5377782916530336,111.7189937774005,2689542.743332682,1099,35092935.4743681,-4.092726157978177e-12,-1.0728836059570312e-06,1642.4746547792986,1642.4746547792986,1593.528910066875,3368.9039288002264,0.0,0.0,0,0.0,0.0,0.0,32.84949309558583,16.096251616837083,1.9479166666666667,2026-09-17 21:30:58 UTC,Observed turnover persists
47.0,2.641326448280453e-05,0.23075458581341346,647.6507542317652,2.532418691560589,111.7189937774005,2696834.4099993487,1099,35023537.132743075,-4.092726157978177e-12,-1.087784767150879e-06,1651.257941703252,1651.257941703252,1602.0504550404946,3379.1574162200013,0.0,0.0,0,0.0,0.0,0.0,33.0251588340649,16.182327828691825,1.9583333333333333,2026-09-17 21:45:58 UTC,Observed turnover persists
47.25,2.6358071212813716e-05,0.23027240004782173,645.9403045426831,2.527131153731118,111.7189937774005,2704126.076666015,1099,34954815.40476455,-4.092726157978177e-12,-1.1026859283447266e-06,1660.0412286272056,1660.0412286272056,1610.5720000141143,3389.389410882703,0.0,0.0,0,0.0,0.0,0.0,33.200824572543965,16.268404040546567,1.96875,2026-09-17 22:00:58 UTC,Observed turnover persists
47.5,2.630361881830864e-05,0.22979668680348772,644.2510588998045,2.5219145791091204,111.7189937774005,2711417.7433326817,1099,34886764.00047634,-4.547473508864641e-12,-1.1026859283447266e-06,1668.824515551159,1668.824515551159,1619.093544987734,3399.600201499201,0.0,0.0,0,0.0,0.0,0.0,33.37649031102303,16.35448025240131,1.9791666666666667,2026-09-17 22:15:58 UTC,Observed turnover persists
47.75,2.624989602835801e-05,0.2293273476140108,642.5827329893549,2.5167678884404063,111.7189937774005,2718709.409999348,1099,34819376.67327053,-4.092726157978177e-12,-1.1324882507324219e-06,1677.6078024751125,1677.6078024751125,1627.6150899613538,3409.7900723832704,0.0,0.0,0,0.0,0.0,0.0,33.5521560495021,16.44055646425605,1.9895833333333333,2026-09-17 22:30:58 UTC,Observed turnover persists
48.0,2.619689177444373e-05,0.22886428578133575,640.9350468155691,2.5116900218467606,111.7189937774005,2726001.0766660147,1099,34752647.21993045,-4.547473508864641e-12,-1.1324882507324219e-06,1686.391089399066,1686.391089399066,1636.1366349349735,3419.959303530676,0.0,0.0,0,0.0,0.0,0.0,33.72782178798117,16.526632676110793,2.0,2026-09-17 22:45:58 UTC,Observed turnover persists
0.0,0.00011446474352696986,1.0,2424.757715411276,10.9568034823675,111.7189937774005,1326001.07666602,1099,68015931.403879,0.0,0.0,0.0,0.0,0.0,0.0,0.0,0.0,0,0.0,0.0,0.0,0.0,0.0,0.0,2026-09-15 22:45:58 UTC,Selling halves every 6h
0.25,0.00011222184518116501,0.9804053346323501,2390.077224768818,10.74243693475728,111.7189937774005,1333292.7433326868,1099,67706098.06959711,8.526512829121202e-14,0.0,8.783286923953442,8.783286923953442,8.52154497361963,43.202035616077865,0.0,0.0,0,0.0,0.0,0.0,0.17566573847906886,0.08607621185474373,0.010416666666666666,2026-09-15 23:00:58 UTC,Selling halves every 6h
0.5,0.00011012740616483997,0.9621076566592932,2357.4282870706993,10.542200285616186,111.7189937774005,1340584.4099993536,1099,67408681.81154436,1.7053025658242404e-13,0.0,17.566573847906884,17.566573847906884,17.04308994723926,84.37251828781609,0.0,0.0,0,0.0,0.0,0.0,0.3513314769581377,0.17215242370948747,0.020833333333333332,2026-09-15 23:15:58 UTC,Selling halves every 6h
0.75,0.00010817115303728718,0.9450172140716866,2326.6789642318417,10.355205630616465,111.7189937774005,1347876.0766660203,1099,67123327.34068859,2.4158453015843406e-13,0.0,26.349860771860328,26.349860771860328,25.56463492085889,123.64338610029336,0.0,0.0,0,0.0,0.0,0.0,0.5269972154372066,0.2582286355642312,0.03125,2026-09-15 23:30:58 UTC,Selling halves every 6h
1.0,0.00010634344742573671,0.9290498030136273,2297.707946597999,10.180500634585169,111.7189937774005,1355167.743332687,1099,66849687.82879337,7.958078640513122e-13,1.4901161193847656e-08,35.13314769581377,35.13314769581377,34.08617989447852,161.13594870775614,0.0,0.0,0,0.0,0.0,0.0,0.7026629539162754,0.34430484741897494,0.041666666666666664,2026-09-15 23:45:58 UTC,Selling halves every 6h
1.25,0.00010463493523582746,0.9141237031748005,2270.4038429778043,10.017191352079463,111.7189937774005,1362459.4099993538,1099,66587424.20696755,3.979039320256561e-13,1.4901161193847656e-08,43.91643461976721,43.91643461976721,42.607724868098146,196.96159730157024,0.0,0.0,0,0.0,0.0,0.0,0.8783286923953443,0.43038105927371867,0.052083333333333336,2026-09-16 00:00:58 UTC,Selling halves every 6h
1.5,0.00010303454089224334,0.9001421548458424,2244.66431113714,9.86339846405555,111.7189937774005,1369751.0766660206,1099,66336205.68604032,5.115907697472721e-13,1.4901161193847656e-08,52.69972154372065,52.69972154372065,51.12926984171777,231.22267411585426,0.0,0.0,0,0.0,0.0,0.0,1.0539944308744131,0.5164572711284624,0.0625,2026-09-16 00:15:58 UTC,Selling halves every 6h
1.75,0.00010149928632421577,0.8867296880833948,2220.400537158056,9.716657727121856,111.7189937774005,1377042.7433326873,1099,66095709.836971425,5.684341886080801e-13,0.0,61.48300846767409,61.48300846767409,59.6508148153374,264.0079930685579,0.0,0.0,0,0.0,0.0,0.0,1.2296601693534819,0.6025334829832061,0.07291666666666667,2026-09-16 00:30:58 UTC,Selling halves every 6h
2.0,0.00010006284917023278,0.8741805213293145,2197.5317896892843,9.579357343931088,111.7189937774005,1384334.409999354,1099,65865651.02124142,6.821210263296962e-13,1.4901161193847656e-08,70.26629539162754,70.26629539162754,68.17235978895702,295.39828551094934,0.0,0.0,0,0.0,0.0,0.0,1.4053259078325508,0.6886096948379499,0.08333333333333333,2026-09-16 00:45:58 UTC,Selling halves every 6h
2.25,9.871829308980636e-05,0.8624340565315348,2175.976786975752,9.450834402756431,111.7189937774005,1391626.0766660208,1099,65645725.75354911,7.389644451905042e-13,2.9802322387695312e-08,79.04958231558098,79.04958231558098,76.69390476257665,325.47483319810135,0.0,0.0,0,0.0,0.0,0.0,1.5809916463116198,0.7746859066926937,0.09375,2026-09-16 01:00:58 UTC,Selling halves every 6h
2.5,9.745928411145819e-05,0.8514349581231107,2155.660135773975,9.330479147649903,111.7189937774005,1398917.7433326875,1099,65435634.556872874,8.526512829121202e-13,1.4901161193847656e-08,87.83286923953442,87.83286923953442,85.21544973619628,354.313029373498,0.0,0.0,0,0.0,0.0,0.0,1.7566573847906888,0.8607621185474374,0.10416666666666667,2026-09-16 01:15:58 UTC,Selling halves every 6h
2.75,9.627904665677946e-05,0.8411240325200612,2136.512205585013,9.217628876047383,111.7189937774005,1406209.4099993543,1099,65235085.73277826,9.094947017729282e-13,2.9802322387695312e-08,96.61615616348786,96.61615616348786,93.7369947098159,381.9825045360799,0.0,0.0,0,0.0,0.0,0.0,1.9323231232697577,0.9468383304021812,0.11458333333333333,2026-09-16 01:30:58 UTC,Selling halves every 6h
3.0,9.517307064141858e-05,0.8314618782070147,2118.468686761993,9.111903415762658,111.7189937774005,1413501.076666021,1099,65043795.81024715,1.0231815394945443e-12,2.9802322387695312e-08,105.3994430874413,105.3994430874413,102.25853968343553,408.5475683327195,0.0,0.0,0,0.0,0.0,0.0,2.1079888617488267,1.032914542256925,0.125,2026-09-16 01:45:58 UTC,Selling halves every 6h
3.25,9.413696671125374e-05,0.8224101484058579,2101.46974327716,9.012854837512464,111.7189937774005,1420792.7433326878,1099,64861488.717838585,1.0800249583553523e-12,2.9802322387695312e-08,114.18273001139474,114.18273001139474,110.78008465705516,434.06805679117224,0.0,0.0,0,0.0,0.0,0.0,2.2836546002278957,1.1189907541116688,0.13541666666666666,2026-09-16 02:00:58 UTC,Selling halves every 6h
3.5,9.316631259671068e-05,0.8139302087787328,2085.4597371801806,8.920058616634,111.7189937774005,1428084.4099993545,1099,64687894.99184927,1.1937117960769683e-12,4.470348358154297e-08,122.96601693534818,122.96601693534818,119.30162963067478,458.59960786177135,0.0,0.0,0,0.0,0.0,0.0,2.4593203387069646,1.2050669659664126,0.14583333333333334,2026-09-16 02:15:58 UTC,Selling halves every 6h
3.75,9.225701201443308e-05,0.8059862729059079,2070.3869368380047,8.833128063878165,111.7189937774005,1435376.0766660213,1099,64522752.296023965,1.2505552149377763e-12,4.470348358154297e-08,131.74930385930162,131.74930385930162,127.82317460429441,482.193953177567,0.0,0.0,0,0.0,0.0,0.0,2.6349860771860336,1.2911431778211564,0.15625,2026-09-16 02:30:58 UTC,Selling halves every 6h
4.0,9.140541688742113e-05,0.7985464700393484,2056.2031718567,8.751712512876532,111.7189937774005,1442667.743332688,1099,64365805.32644242,1.3642420526593924e-12,2.9802322387695312e-08,140.53259078325507,140.53259078325507,136.34471957791405,504.89926313249134,0.0,0.0,0,0.0,0.0,0.0,2.8106518156651026,1.3772193896759002,0.16666666666666666,2026-09-16 02:45:58 UTC,Selling halves every 6h
4.25,9.060810553998635e-05,0.7915809073440813,2042.8635194553249,8.67548516249878,111.7189937774005,1449959.4099993547,1099,64216805.54187027,1.3642420526593924e-12,4.470348358154297e-08,149.31587770720853,149.31587770720853,144.86626455153367,526.7604605074862,0.0,0.0,0,0.0,0.0,0.0,2.9863175541441715,1.463295601530644,0.17708333333333334,2026-09-16 03:00:58 UTC,Selling halves every 6h
4.5,8.986192406595938e-05,0.7850620313038693,2030.3260410181085,8.60414458022852,111.7189937774005,1457251.0766660215,1099,64075511.0570102,1.4779288903810084e-12,2.9802322387695312e-08,158.09916463116198,158.09916463116198,153.3878095251533,547.8194839183222,0.0,0.0,0,0.0,0.0,0.0,3.1619832926232405,1.5493718133853878,0.1875,2026-09-16 03:15:58 UTC,Selling halves every 6h
4.75,8.91639512795538e-05,0.778964321520934,2018.551537810904,8.53741179619002,111.7189937774005,1464542.7433326882,1099,63941686.503382176,1.8189894035458565e-12,2.9802322387695312e-08,166.88245155511544,166.88245155511544,161.90935449877293,568.1155320991468,0.0,0.0,0,0.0,0.0,0.0,3.3376490311023095,1.6354480252401316,0.19791666666666666,2026-09-16 03:30:58 UTC,Selling halves every 6h
5.0,8.851150278766423e-05,0.7732643262928327,2007.5033297998111,8.475030829618202,111.7189937774005,1471834.409999355,1099,63815102.8862827,2.1600499167107046e-12,2.9802322387695312e-08,175.6657384790689,175.6657384790689,170.43089947239255,587.6852850838595,0.0,0.0,0,0.0,0.0,0.0,3.5133147695813784,1.7215242370948753,0.20833333333333334,2026-09-16 03:45:58 UTC,Selling halves every 6h
5.25,8.790209158502098e-05,0.767940318359336,1997.147052927262,8.416753995603337,111.7189937774005,1479126.0766660217,1099,63695537.43718097,2.2737367544323206e-12,2.9802322387695312e-08,184.44902540302235,184.44902540302235,178.95244444601218,606.5631069300284,0.0,0.0,0,0.0,0.0,0.0,3.6889805080604474,1.8076004489496191,0.21875,2026-09-16 04:00:58 UTC,Selling halves every 6h
5.5,8.733317058675484e-05,0.7629700455859375,1987.4504902394283,8.362356720058227,111.7189937774005,1486417.7433326885,1099,63582773.45564516,2.2737367544323206e-12,4.470348358154297e-08,193.2323123269758,193.2323123269758,187.4739894196318,624.7812145914818,0.0,0.0,0,0.0,0.0,0.0,3.8646462465395164,1.893676660804363,0.22916666666666666,2026-09-16 04:15:58 UTC,Selling halves every 6h
5.75,8.680284496364208e-05,0.7583369541485919,1978.3834063577058,8.31164986728143,111.7189937774005,1493709.4099993552,1099,63476600.32027542,2.1600499167107046e-12,2.9802322387695312e-08,202.01559925092926,202.01559925092926,195.99553439325143,642.3698434468238,0.0,0.0,0,0.0,0.0,0.0,4.040311985018585,1.9797528726591067,0.23958333333333334,2026-09-16 04:30:58 UTC,Selling halves every 6h
6.0,8.630913199469582e-05,0.7540237223731682,1969.9173678482189,8.264443112113321,111.7189937774005,1501001.076666022,1099,63376813.17601312,2.0463630789890885e-12,2.9802322387695312e-08,210.7988861748827,210.7988861748827,204.51707936687106,659.3574269299302,0.0,0.0,0,0.0,0.0,0.0,4.215977723497653,2.0658290845138505,0.25,2026-09-16 04:45:58 UTC,Selling halves every 6h
6.25,8.585017749965453e-05,0.7500141515577393,1962.0256149132415,8.22055929277438,111.7189937774005,1508292.7433326887,1099,63283212.69367567,1.8189894035458565e-12,2.9802322387695312e-08,219.58217309883617,219.58217309883617,213.03862434049068,675.770724838527,0.0,0.0,0,0.0,0.0,0.0,4.391643461976722,2.1519052963685943,0.2604166666666667,2026-09-16 05:00:58 UTC,Selling halves every 6h
6.5,8.54242545375251e-05,0.7462931546026457,1954.682948668808,8.179833400586471,111.7189937774005,1515584.4099993554,1099,63195605.06492136,1.7053025658242404e-12,2.9802322387695312e-08,228.36546002278962,228.36546002278962,221.5601693141103,691.63493605658,0.0,0.0,0,0.0,0.0,0.0,4.5673092004557905,2.237981508223338,0.2708333333333333,2026-09-16 05:15:58 UTC,Selling halves every 6h
6.75,8.502975270228379e-05,0.7428466624943717,1947.8656177243222,8.14211154472119,111.7189937774005,1522876.0766660222,1099,63113801.86833301,1.5916157281026244e-12,2.9802322387695312e-08,237.14874694674307,237.14874694674307,230.08171428772994,706.9738119746853,0.0,0.0,0,0.0,0.0,0.0,4.742974938934859,2.324057720078082,0.28125,2026-09-16 05:30:58 UTC,Selling halves every 6h
7.0,8.466516852699302e-05,0.739661540472892,1941.55121454005,8.10724962762836,111.7189937774005,1530167.743332689,1099,63037619.937467135,1.4779288903810084e-12,1.4901161193847656e-08,245.93203387069653,245.93203387069653,238.60325926134956,721.8097601325769,0.0,0.0,0,0.0,0.0,0.0,4.9186406774139275,2.4101339319328257,0.2916666666666667,2026-09-16 05:45:58 UTC,Selling halves every 6h
7.25,8.432908980346245e-05,0.7367254510432993,1935.718580682781,8.07511241637672,111.7189937774005,1537459.4099993557,1099,62966881.23146278,1.8189894035458565e-12,1.4901161193847656e-08,254.71532079464998,254.71532079464998,247.1248042349692,736.1639389634659,0.0,0.0,0,0.0,0.0,0.0,5.094306415892996,2.4962101437875694,0.3020833333333333,2026-09-16 06:00:58 UTC,Selling halves every 6h
7.5,8.402019551606502e-05,0.7340268533976003,1930.3477208228733,8.045575490489055,111.7189937774005,1544751.0766660224,1099,62901412.70875891,2.0463630789890885e-12,2.9802322387695312e-08,263.4986077186034,263.4986077186034,255.64634920858882,750.0563437969936,0.0,0.0,0,0.0,0.0,0.0,5.269972154372065,2.5822863556423132,0.3125,2026-09-16 06:15:58 UTC,Selling halves every 6h
7.75,8.373727010111589e-05,0.7315551279891345,1925.4197220906885,8.018521543792327,111.7189937774005,1552042.7433326892,1099,62841046.21264579,2.1600499167107046e-12,2.9802322387695312e-08,272.28189464255684,272.28189464255684,264.16789418220844,763.505887502798,0.0,0.0,0,0.0,0.0,0.0,5.445637892851133,2.668362567497057,0.3229166666666667,2026-09-16 06:30:58 UTC,Selling halves every 6h
8.0,8.347915944973809e-05,0.7293001921597716,1920.916680244,7.993840269804073,111.7189937774005,1559334.409999356,1099,62785618.334192865,2.2737367544323206e-12,2.9802322387695312e-08,281.06518156651026,281.06518156651026,272.6894391558281,776.5304743231063,0.0,0.0,0,0.0,0.0,0.0,5.621303631330202,2.754438779351801,0.3333333333333333,2026-09-16 06:45:58 UTC,Selling halves every 6h
8.25,8.324478056144048e-05,0.7272525844766042,1916.8216320760293,7.971428154340301,111.7189937774005,1566626.0766660227,1099,62734970.284336425,2.2737367544323206e-12,1.4901161193847656e-08,289.8484684904637,289.8484684904637,281.21098412944775,789.1470674646966,0.0,0.0,0,0.0,0.0,0.0,5.79696936980927,2.8405149912065446,0.34375,2026-09-16 07:00:58 UTC,Selling halves every 6h
8.5,8.303311624687679e-05,0.7254034184535849,1913.118494295373,7.95118796979023,111.7189937774005,1573917.7433326894,1099,62688947.786213614,2.2737367544323206e-12,1.4901161193847656e-08,298.6317554144171,298.6317554144171,289.7325291030674,801.3717502189727,0.0,0.0,0,0.0,0.0,0.0,5.972635108288339,2.9265912030612884,0.3541666666666667,2026-09-16 07:15:58 UTC,Selling halves every 6h
8.75,8.284321025098597e-05,0.7237443399457466,1909.7920064315051,7.933028309494748,111.7189937774005,1581209.4099993561,1099,62647400.959999956,2.3874235921539366e-12,1.4901161193847656e-08,307.41504233837054,307.41504233837054,298.25407407668706,813.2197830564603,0.0,0.0,0,0.0,0.0,0.0,6.148300846767407,3.012667414916032,0.3645833333333333,2026-09-16 07:30:58 UTC,Selling halves every 6h
9.0,8.267416279540555e-05,0.7222674882063235,1906.827678117464,7.916863162136615,111.7189937774005,1588501.076666023,1099,62610184.209596045,2.7284841053187847e-12,1.4901161193847656e-08,316.19832926232397,316.19832926232397,306.7756190503067,824.7056563441213,0.0,0.0,0,0.0,0.0,0.0,6.323966585246476,3.098743626770776,0.375,2026-09-16 07:45:58 UTC,Selling halves every 6h
9.25,8.252512650104063e-05,0.7209654602650316,1904.21174039625,7.9026115224033875,111.7189937774005,1595792.7433326896,1099,62577156.11163003,2.7284841053187847e-12,1.4901161193847656e-08,324.9816161862774,324.9816161862774,315.29716402392637,835.8431390389551,0.0,0.0,0,0.0,0.0,0.0,6.499632323725544,3.1848198386255198,0.3854166666666667,2026-09-16 08:00:58 UTC,Selling halves every 6h
9.5,8.239530265392993e-05,0.7198312783055001,1901.9311006972023,7.890197034425323,111.7189937774005,1603084.4099993564,1099,62548179.30676652,2.9558577807620168e-12,1.4901161193847656e-08,333.7649031102308,333.7649031102308,323.818708997546,846.6453237116227,0.0,0.0,0,0.0,0.0,0.0,6.675298062204613,3.2708960504802636,0.3958333333333333,2026-09-16 08:15:58 UTC,Selling halves every 6h
9.75,8.228393778154336e-05,0.7188583597547297,1899.973301163685,7.879547664832151,111.7189937774005,1610376.0766660231,1099,62523120.39330951,3.296918293926865e-12,2.9802322387695312e-08,342.54819003418424,342.54819003418424,332.3402539711657,857.12466821876,0.0,0.0,0,0.0,0.0,0.0,6.850963800683681,3.3569722623350073,0.40625,2026-09-16 08:30:58 UTC,Selling halves every 6h
10.0,8.219032051016309e-05,0.7180404898281857,1898.3264800446466,7.870595402645349,111.7189937774005,1617667.7433326899,1099,62501849.82308438,3.410605131648481e-12,2.9802322387695312e-08,351.33147695813767,351.33147695813767,340.86179894478533,867.2930343114181,0.0,0.0,0,0.0,0.0,0.0,7.02662953916275,3.443048474189751,0.4166666666666667,2026-09-16 08:45:58 UTC,Selling halves every 6h
10.25,8.211377867710041e-05,0.7173717963012165,1896.9793358904274,7.8632759834892,111.7189937774005,1624959.4099993566,1099,62484241.79958139,3.637978807091713e-12,1.4901161193847656e-08,360.1147638820911,360.1147638820911,349.383343918405,877.1617234392572,0.0,0.0,0,0.0,0.0,0.0,7.202295277641818,3.529124686044495,0.4270833333333333,2026-09-16 09:00:58 UTC,Selling halves every 6h
10.5,8.205367667424234e-05,0.7168467263014404,1895.921094318013,7.857528635891269,111.7189937774005,1632251.0766660233,1099,62470174.178341255,3.865352482534945e-12,2.9802322387695312e-08,368.8980508060445,368.8980508060445,357.90488889202464,886.7415099852915,0.0,0.0,0,0.0,0.0,0.0,7.377961016120887,3.6152008978992387,0.4375,2026-09-16 09:15:58 UTC,Selling halves every 6h
10.75,8.200941300184578e-05,0.7164600249379229,1895.1414771331276,7.853295847647655,111.7189937774005,1639542.74333269,1099,62459528.369560905,3.979039320256561e-12,1.4901161193847656e-08,377.68133772999795,377.68133772999795,366.4264338656443,896.0426721437966,0.0,0.0,0,0.0,0.0,0.0,7.553626754599955,3.7012771097539825,0.4479166666666667,2026-09-16 09:30:58 UTC,Selling halves every 6h
11.0,8.198041801364603e-05,0.716206715601735,1894.6306736164063,7.850523150451297,111.7189937774005,1646834.4099993568,1099,62452189.242896274,4.320099833421409e-12,2.9802322387695312e-08,386.4646246539514,386.4646246539514,374.94797883926395,905.0750206341379,0.0,0.0,0,0.0,0.0,0.0,7.729292493079024,3.7873533216087263,0.4583333333333333,2026-09-16 09:45:58 UTC,Selling halves every 6h
11.25,8.196615183625369e-05,0.7160820817891498,1894.379313798686,7.849158921168032,111.7189937774005,1654126.0766660236,1099,62448045.03443669,4.320099833421409e-12,1.4901161193847656e-08,395.2479115779048,395.2479115779048,383.4695238128836,913.8479254254778,0.0,0.0,0,0.0,0.0,0.0,7.904958231558092,3.87342953346347,0.46875,2026-09-16 10:00:58 UTC,Selling halves every 6h
11.5,8.196610244750937e-05,0.7160816503135461,1894.378443566426,7.849154198278274,111.7189937774005,1661417.7433326903,1099,62446987.25582465,4.320099833421409e-12,2.9802322387695312e-08,404.0311985018582,404.0311985018582,391.99106878650326,922.3703406313575,0.0,0.0,0,0.0,0.0,0.0,8.080623970037161,3.959505745318214,0.4791666666666667,2026-09-16 10:15:58 UTC,Selling halves every 6h
11.75,8.197978389997418e-05,0.7162011757852612,1894.6195014526077,7.85046251218351,111.7189937774005,1668709.409999357,1099,62448910.60549288,4.433786671143025e-12,2.9802322387695312e-08,412.81448542581165,412.81448542581165,400.5126137601229,930.6508277187957,0.0,0.0,0,0.0,0.0,0.0,8.25628970851623,4.045581957172957,0.4895833333333333,2026-09-16 10:30:58 UTC,Selling halves every 6h
12.0,8.20067346770786e-05,0.7164366262503913,1895.0942969813684,7.853039728175807,111.7189937774005,1676001.0766660238,1099,62453712.881989755,4.547473508864641e-12,1.4901161193847656e-08,421.5977723497651,421.5977723497651,409.0341587337426,938.6975771636546,0.0,0.0,0,0.0,0.0,0.0,8.431955446995298,4.131658169027701,0.5,2026-09-16 10:45:58 UTC,Selling halves every 6h
12.25,8.204651617065396e-05,0.7167841698900272,1895.794990446272,7.85684390099846,111.7189937774005,1683292.7433326906,1099,62461294.89936298,4.547473508864641e-12,2.9802322387695312e-08,430.3810592737185,430.3810592737185,417.5557037073622,946.5184286723706,0.0,0.0,0,0.0,0.0,0.0,8.607621185474366,4.217734380882445,0.5104166666666666,2026-09-16 11:00:58 UTC,Selling halves every 6h
12.5,8.209871126964252e-05,0.7172401626907822,1896.7140740125724,7.861835140022938,111.7189937774005,1690584.4099993573,1099,62471560.40457068,4.774847184307873e-12,2.9802322387695312e-08,439.16434619767193,439.16434619767193,426.0772486809819,954.1208900796903,0.0,0.0,0,0.0,0.0,0.0,8.783286923953435,4.303810592737189,0.5208333333333334,2026-09-16 11:15:58 UTC,Selling halves every 6h
12.75,8.216292305074279e-05,0.7178011370058571,1897.8443540433177,7.867975484161661,111.7189937774005,1697876.076666024,1099,62484415.99688809,5.115907697472721e-12,2.9802322387695312e-08,447.94763312162536,447.94763312162536,434.59879365460154,961.5121550225649,0.0,0.0,0,0.0,0.0,0.0,8.958952662432504,4.389886804591932,0.53125,2026-09-16 11:30:58 UTC,Selling halves every 6h
13.0,8.22387735626069e-05,0.7184637909334067,1899.178934557684,7.875228785709862,111.7189937774005,1705167.7433326908,1099,62499771.04927755,5.229594535194337e-12,2.9802322387695312e-08,456.7309200455788,456.7309200455788,443.1203386282212,968.6991194818183,0.0,0.0,0,0.0,0.0,0.0,9.134618400911572,4.475963016446676,0.5416666666666666,2026-09-16 11:45:58 UTC,Selling halves every 6h
13.25,8.232590269597923e-05,0.7192249784457153,1900.711201737687,7.883560602400809,111.7189937774005,1712459.4099993575,1099,62517537.63168875,5.4569682106375694e-12,2.9802322387695312e-08,465.5142069695322,465.5142069695322,451.64188360184085,975.6883972754354,0.0,0.0,0,0.0,0.0,0.0,9.31028413939064,4.56203922830142,0.5520833333333334,2026-09-16 12:00:58 UTC,Selling halves every 6h
13.5,8.24239671328582e-05,0.7200817002087433,1902.4348094064137,7.892938097001506,111.7189937774005,1719751.0766660243,1099,62537630.43625604,5.6843418860808015e-12,4.470348358154297e-08,474.29749389348564,474.29749389348564,460.1634285754605,982.4863345803285,0.0,0.0,0,0.0,0.0,0.0,9.48594987786971,4.648115440156164,0.5625,2026-09-16 12:15:58 UTC,Selling halves every 6h
13.75,8.2532639368387e-05,0.7210310950370573,1904.343665407306,7.903329943863505,111.7189937774005,1727042.743332691,1099,62559966.704358846,6.0254023992456496e-12,2.9802322387695312e-08,483.08078081743906,483.08078081743906,468.68497354908015,989.0990235530562,0.0,0.0,0,0.0,0.0,0.0,9.661615616348778,4.7341916520109075,0.5729166666666666,2026-09-16 12:30:58 UTC,Selling halves every 6h
14.0,8.265160679974052e-05,0.72207043193406,1906.4319188197694,7.9147062418598235,111.7189937774005,1734334.4099993578,1099,62584466.15551128,6.139089236967266e-12,2.9802322387695312e-08,491.8640677413925,491.8640677413925,477.2065185226998,995.5323151142125,0.0,0.0,0,0.0,0.0,0.0,9.837281354827846,4.820267863865651,0.5833333333333334,2026-09-16 12:45:58 UTC,Selling halves every 6h
14.25,8.278057087678174e-05,0.7231971026718564,1908.6939479516732,7.927038433236196,111.7189937774005,1741626.0766660245,1099,62611050.91804667,6.139089236967266e-12,2.9802322387695312e-08,500.6473546653459,500.6473546653459,485.72806349631946,1001.7918309559284,0.0,0.0,0,0.0,0.0,0.0,10.012947093306915,4.906344075720395,0.59375,2026-09-16 13:00:58 UTC,Selling halves every 6h
14.5,8.29192463097177e-05,0.7244086148690885,1911.1243490540378,7.940299227891878,111.7189937774005,1748917.7433326913,1099,62639645.46156263,6.139089236967266e-12,2.9802322387695312e-08,509.43064158929934,509.43064158929934,494.2496084699391,1007.8829748271835,0.0,0.0,0,0.0,0.0,0.0,10.188612831785983,4.992420287575139,0.6041666666666666,2026-09-16 13:15:58 UTC,Selling halves every 6h
14.75,8.30673603293972e-05,0.725702585528662,1913.717925707589,7.954462532702512,111.7189937774005,1756209.409999358,1099,62670176.53109227,6.480149750132114e-12,2.9802322387695312e-08,518.2139285132528,518.2139285132528,502.7711534435588,1013.8109431472521,0.0,0.0,0,0.0,0.0,0.0,10.364278570265052,5.078496499429883,0.6145833333333334,2026-09-16 13:30:58 UTC,Selling halves every 6h
15.0,8.32246519962662e-05,0.727076735000564,1916.469678834801,7.969503385479657,111.7189937774005,1763501.0766660247,1099,62702573.08296704,6.59383658785373e-12,2.9802322387695312e-08,526.9972154372063,526.9972154372063,511.2926984171784,1019.5807349936599,0.0,0.0,0,0.0,0.0,0.0,10.53994430874412,5.1645727112846265,0.625,2026-09-16 13:45:58 UTC,Selling halves every 6h
15.25,8.339087155433411e-05,0.7285288813379099,1919.3747972946815,7.985397893238596,111.7189937774005,1770792.7433326915,1099,62736766.222336896,6.821210263296962e-12,4.470348358154297e-08,535.7805023611597,535.7805023611597,519.8142433907981,1025.1971615073994,0.0,0.0,0,0.0,0.0,0.0,10.715610047223189,5.25064892313937,0.6354166666666666,2026-09-16 14:00:58 UTC,Selling halves every 6h
15.5,8.356577982681078e-05,0.7300569350170365,1922.4286490208376,8.002123174437413,111.7189937774005,1778084.4099993582,1099,62772689.14231342,7.048583938740194e-12,2.9802322387695312e-08,544.5637892851132,544.5637892851132,528.3357883644177,1030.6648547548632,0.0,0.0,0,0.0,0.0,0.0,10.891275785702257,5.336725134994114,0.6458333333333334,2026-09-16 14:15:58 UTC,Selling halves every 6h
15.75,8.374914765035084e-05,0.7316588939948842,1925.6267726663973,8.019657304915828,111.7189937774005,1785376.076666025,1099,62810277.06470191,7.275957614183426e-12,2.9802322387695312e-08,553.3470762090667,553.3470762090667,536.8573333380373,1035.9882760829232,0.0,0.0,0,0.0,0.0,0.0,11.066941524181326,5.422801346848858,0.65625,2026-09-16 14:30:58 UTC,Selling halves every 6h
16.0,8.394075534509528e-05,0.7333328390791126,1928.9648697221114,8.037979267243788,111.7189937774005,1792667.7433326917,1099,62849467.1822883,7.275957614183426e-12,4.470348358154297e-08,562.1303631330202,562.1303631330202,545.3788783116569,1041.1717240008288,0.0,0.0,0,0.0,0.0,0.0,11.242607262660394,5.508877558703602,0.6666666666666666,2026-09-16 14:45:58 UTC,Selling halves every 6h
16.25,8.41403922179288e-05,0.7350769295884009,1932.4387970764924,8.057068903247758,111.7189937774005,1799959.4099993585,1099,62890198.60264744,7.73070496506989e-12,4.470348358154297e-08,570.9136500569737,570.9136500569737,553.9004232852765,1046.2193416200678,0.0,0.0,0,0.0,0.0,0.0,11.418273001139463,5.594953770558345,0.6770833333333334,2026-09-16 15:00:58 UTC,Selling halves every 6h
16.5,8.434785611188091e-05,0.7368893994158744,1936.0445602549464,8.076906870946985,111.7189937774005,1807251.0766660252,1099,62932412.29659024,7.73070496506989e-12,2.9802322387695312e-08,579.6969369809271,579.6969369809271,562.4219682588961,1051.1351234152335,0.0,0.0,0,0.0,0.0,0.0,11.593938739618531,5.681029982413089,0.6875,2026-09-16 15:15:58 UTC,Selling halves every 6h
16.75,8.456294432634526e-05,0.7387684777052839,1939.7783067283774,8.097474492823528,111.7189937774005,1814542.743332692,1099,62976051.045612834,7.958078640513122e-12,2.9802322387695312e-08,588.4802239048806,588.4802239048806,570.9435132325157,1055.9229219154222,0.0,0.0,0,0.0,0.0,0.0,11.7696044780976,5.767106194267833,0.6979166666666666,2026-09-16 15:30:58 UTC,Selling halves every 6h
17.0,8.478547270951064e-05,0.7407125556484886,1943.6363189733506,8.118753441174853,111.7189937774005,1821834.4099993587,1099,63021059.385538,7.73070496506989e-12,2.9802322387695312e-08,597.2635108288341,597.2635108288341,579.4650582061353,1060.5864546440685,0.0,0.0,0,0.0,0.0,0.0,11.945270216576668,5.853182406122577,0.7083333333333334,2026-09-16 15:45:58 UTC,Selling halves every 6h
17.25,8.501526799887377e-05,0.742720119569767,1947.6150089260473,8.14072652530152,111.7189937774005,1829126.0766660254,1099,63067383.55144292,8.185452315956354e-12,4.470348358154297e-08,606.0467977527876,606.0467977527876,587.9866031797549,1065.1293096649918,0.0,0.0,0,0.0,0.0,0.0,12.120935955055737,5.939258617977321,0.71875,2026-09-16 16:00:58 UTC,Selling halves every 6h
17.5,8.525215799926346e-05,0.744789665117946,1951.7109124128617,8.163377754260754,111.7189937774005,1836417.7433326922,1099,63114971.43324769,7.958078640513122e-12,4.470348358154297e-08,614.8300846767411,614.8300846767411,596.5081481533745,1069.5549511517968,0.0,0.0,0,0.0,0.0,0.0,12.296601693534805,6.025334829832064,0.7291666666666666,2026-09-16 16:15:58 UTC,Selling halves every 6h
17.75,8.549597709837017e-05,0.7469197454518024,1955.920683826127,8.186691397239949,111.7189937774005,1843709.409999359,1099,63163772.52858295,8.412825991399586e-12,2.9802322387695312e-08,623.6133716006946,623.6133716006946,605.0296931269941,1073.8667247121514,0.0,0.0,0,0.0,0.0,0.0,12.472267432013874,6.111411041686808,0.7395833333333334,2026-09-16 16:30:58 UTC,Selling halves every 6h
18.0,8.574656594563929e-05,0.7491089684347733,1960.241091079119,8.210652205545141,111.7189937774005,1851001.0766660257,1099,63213737.896330975,8.640199666842818e-12,4.470348358154297e-08,632.396658524648,632.396658524648,613.5512381006137,1078.0678624327793,0.0,0.0,0,0.0,0.0,0.0,12.647933170492943,6.197487253541552,0.75,2026-09-16 16:45:58 UTC,Selling halves every 6h
18.25,8.600377114989517e-05,0.7513559939933051,1964.6690108236019,8.235245500381998,111.7189937774005,1858292.7433326924,1099,63264820.111435026,9.094947017729282e-12,4.470348358154297e-08,641.1799454486015,641.1799454486015,622.0727830742333,1082.1614876619165,0.0,0.0,0,0.0,0.0,0.0,12.823598908972011,6.283563465396296,0.7604166666666666,2026-09-16 17:00:58 UTC,Selling halves every 6h
18.5,8.62674449493884e-05,0.7536595312342819,1969.2014239157784,8.260457145081425,111.7189937774005,1865584.4099993592,1099,63316973.22097388,9.094947017729282e-12,2.9802322387695312e-08,649.963232372555,649.963232372555,630.5943280478529,1086.1506195433594,0.0,0.0,0,0.0,0.0,0.0,12.99926464745108,6.3696396772510395,0.7708333333333334,2026-09-16 17:15:58 UTC,Selling halves every 6h
18.75,8.653744502741846e-05,0.7560183368342476,1973.835411105507,8.28627351677291,111.7189937774005,1872876.076666026,1099,63370152.701369934,9.322320693172514e-12,4.470348358154297e-08,658.7465192965085,658.7465192965085,639.1158730214725,1090.0381773272507,0.0,0.0,0,0.0,0.0,0.0,13.174930385930148,6.455715889105783,0.78125,2026-09-16 17:30:58 UTC,Selling halves every 6h
19.0,8.681363427402475e-05,0.7584312129574637,1978.5681489508186,8.312681489144156,111.7189937774005,1880167.7433326927,1099,63424315.41675894,9.322320693172514e-12,4.470348358154297e-08,667.529806220462,667.529806220462,647.637417995092,1093.8269844555587,0.0,0.0,0,0.0,0.0,0.0,13.350596124409217,6.541792100960527,0.7916666666666666,2026-09-16 17:45:58 UTC,Selling halves every 6h
19.25,8.709588044402672e-05,0.7608970042684404,1983.396905935738,8.339668409344828,111.7189937774005,1887459.4099993594,1099,63479419.57858598,9.549694368615746e-12,4.470348358154297e-08,676.3130931444155,676.3130931444155,656.1589629687116,1097.5197724442592,0.0,0.0,0,0.0,0.0,0.0,13.526261862888285,6.627868312815271,0.8020833333333334,2026-09-16 18:00:58 UTC,Selling halves every 6h
19.5,8.738405597978818e-05,0.7634145963835492,1988.319038780132,8.367222069561974,111.7189937774005,1894751.0766660261,1099,63535424.70629276,1.000444171950221e-11,4.470348358154297e-08,685.096380068369,685.096380068369,664.6805079423312,1101.1191845734852,0.0,0.0,0,0.0,0.0,0.0,13.701927601367354,6.713944524670015,0.8125,2026-09-16 18:15:58 UTC,Selling halves every 6h
19.75,8.767803779796687e-05,0.7659829140080012,1993.331988931593,8.395330689573877,111.7189937774005,1902042.743332693,1099,63592291.58909299,9.777068044058979e-12,4.470348358154297e-08,693.8796669923224,693.8796669923224,673.2020529159508,1104.6277793956435,0.0,0.0,0,0.0,0.0,0.0,13.877593339846422,6.8000207365247585,0.8229166666666666,2026-09-16 18:30:58 UTC,Selling halves every 6h
20.0,8.797766478973375e-05,0.7686005496443951,1998.4332825785457,8.423982531111873,111.7189937774005,1909334.4099993596,1099,63649982.29143431,1.000444171950221e-11,2.9802322387695312e-08,702.6629539162759,702.6629539162759,681.7235978895704,1108.0480307223106,0.0,0.0,0,0.0,0.0,0.0,14.05325907832549,6.886096948379502,0.8333333333333334,2026-09-16 18:45:58 UTC,Selling halves every 6h
20.25,8.828277376590861e-05,0.7712660776207276,2003.620522311729,8.453161185232455,111.7189937774005,1916626.0766660264,1099,63708460.112455904,1.000444171950221e-11,4.470348358154297e-08,711.4462408402294,711.4462408402294,690.24514286319,1111.382335962747,0.0,0.0,0,0.0,0.0,0.0,14.22892481680456,6.972173160234246,0.84375,2026-09-16 19:00:58 UTC,Selling halves every 6h
20.5,8.859334231136474e-05,0.773979302111402,2008.8913841745914,8.482855607352317,111.7189937774005,1923917.7433326931,1099,63767689.45216332,1.0231815394945443e-11,4.470348358154297e-08,720.2295277641829,720.2295277641829,698.7666878368096,1114.6330190735046,0.0,0.0,0,0.0,0.0,0.0,14.404590555283628,7.05824937208899,0.8541666666666666,2026-09-16 19:15:58 UTC,Selling halves every 6h
20.75,8.890926335624558e-05,0.7767392877204764,2014.2436165218442,8.513061059963706,111.7189937774005,1931209.4099993599,1099,63827635.81786086,1.0459189070388675e-11,4.470348358154297e-08,729.0128146881364,729.0128146881364,707.2882328104292,1117.8023316998715,0.0,0.0,0,0.0,0.0,0.0,14.580256293762696,7.144325583943734,0.8645833333333334,2026-09-16 19:30:58 UTC,Selling halves every 6h
21.0,8.923043339895056e-05,0.7795451302254159,2019.675037274044,8.543768132790984,111.7189937774005,1938501.0766660266,1099,63888265.810763866,1.0231815394945443e-11,4.470348358154297e-08,737.7961016120898,737.7961016120898,715.8097777840488,1120.8924559212912,0.0,0.0,0,0.0,0.0,0.0,14.755922032241765,7.230401795798477,0.875,2026-09-16 19:45:58 UTC,Selling halves every 6h
21.25,8.955675235379177e-05,0.7823959552461729,2025.1835313121458,8.574967245316484,111.7189937774005,1945792.7433326934,1099,63949547.09388644,1.0459189070388675e-11,5.960464477539063e-08,746.5793885360433,746.5793885360433,724.3313227576684,1123.905506856809,0.0,0.0,0,0.0,0.0,0.0,14.931587770720833,7.316478007653221,0.8854166666666666,2026-09-16 20:00:58 UTC,Selling halves every 6h
21.5,8.988811872516818e-05,0.785290876085255,2030.7670481431658,8.606649032182283,111.7189937774005,1953084.40999936,1099,64011448.36364407,1.0459189070388675e-11,5.960464477539063e-08,755.3626754599968,755.3626754599968,732.852867731288,1126.8435349994088,0.0,0.0,0,0.0,0.0,0.0,15.107253509199902,7.402554219507965,0.8958333333333334,2026-09-16 20:15:58 UTC,Selling halves every 6h
21.75,9.022444141348421e-05,0.7882290968679433,2036.4235991666017,8.638804234629417,111.7189937774005,1960376.0766660268,1099,64073939.31655662,1.0686562745831907e-11,5.960464477539063e-08,764.1459623839503,764.1459623839503,741.3744127049076,1129.7085289495926,0.0,0.0,0,0.0,0.0,0.0,15.28291924767897,7.488630431362709,0.90625,2026-09-16 20:30:58 UTC,Selling halves every 6h
22.0,9.056563173230087e-05,0.7912098428016139,2042.151255558752,8.671424391394359,111.7189937774005,1967667.7433326936,1099,64136990.61619089,1.0686562745831907e-11,5.960464477539063e-08,772.9292493079038,772.9292493079038,749.8959576785272,1132.502417531062,0.0,0.0,0,0.0,0.0,0.0,15.458584986158039,7.574706643217453,0.9166666666666666,2026-09-16 20:45:58 UTC,Selling halves every 6h
22.25,9.091160187904252e-05,0.7942323468153509,2047.9481461193702,8.704501255987134,111.7189937774005,1974959.4099993603,1099,64200573.86743097,1.0913936421275139e-11,4.470348358154297e-08,781.7125362318573,781.7125362318573,758.4175026521468,1135.2270719440635,0.0,0.0,0,0.0,0.0,0.0,15.634250724637107,7.660782855072196,0.9270833333333334,2026-09-16 21:00:58 UTC,Selling halves every 6h
22.5,9.126226681171516e-05,0.7972958659555481,2053.812455196558,8.73802668696955,111.7189937774005,1982251.076666027,1099,64264661.588749535,1.0913936421275139e-11,5.960464477539063e-08,790.4958231558107,790.4958231558107,766.9390476257664,1137.8843078404952,0.0,0.0,0,0.0,0.0,0.0,15.809916463116176,7.74685906692694,0.9375,2026-09-16 21:15:58 UTC,Selling halves every 6h
22.75,9.161754413720382e-05,0.8003996804100395,2059.7424207033755,8.771992796309155,111.7189937774005,1989542.7433326938,1099,64329227.18506691,1.0913936421275139e-11,5.960464477539063e-08,799.2791100797642,799.2791100797642,775.460592599386,1140.4758873072974,0.0,0.0,0,0.0,0.0,0.0,15.985582201595244,7.832935278781684,0.9479166666666666,2026-09-16 21:30:58 UTC,Selling halves every 6h
23.0,9.197735400512167e-05,0.8035430925807319,2065.7363322213505,8.806391939228975,111.7189937774005,1996834.4099993606,1099,64394244.92138374,1.0913936421275139e-11,5.960464477539063e-08,808.0623970037177,808.0623970037177,783.9821375730056,1143.0035207629421,0.0,0.0,0,0.0,0.0,0.0,16.161247940074315,7.919011490636428,0.9583333333333334,2026-09-16 21:45:58 UTC,Selling halves every 6h
23.25,9.234161900689322e-05,0.8067254262019636,2071.792529186366,8.841216704557674,111.7189937774005,2004126.0766660273,1099,64459689.897166654,1.1141310096718371e-11,4.470348358154297e-08,816.8456839276712,816.8456839276712,792.5036825466252,1145.468868771546,0.0,0.0,0,0.0,0.0,0.0,16.336913678553383,8.00508770249117,0.96875,2026-09-16 22:00:58 UTC,Selling halves every 6h
23.5,9.27102640797738e-05,0.8099460255019894,2077.9093991526724,8.876459905552151,111.7189937774005,2011417.743332694,1099,64525538.02146662,1.1823431123048067e-11,5.960464477539063e-08,825.6289708516247,825.6289708516247,801.0252275202448,1147.87354377886,0.0,0.0,0,0.0,0.0,0.0,16.512579417032452,8.091163914345914,0.9791666666666666,2026-09-16 22:15:58 UTC,Selling halves every 6h
23.75,9.308321641552592e-05,0.8132042544051472,2084.0853761310045,8.91211457116212,111.7189937774005,2018709.4099993608,1099,64591765.988750085,1.1823431123048067e-11,5.960464477539063e-08,834.4122577755782,834.4122577755782,809.5467724938644,1150.2191117741477,0.0,0.0,0,0.0,0.0,0.0,16.68824515551152,8.177240126200658,0.9895833333333334,2026-09-16 22:30:58 UTC,Selling halves every 6h
24.0,9.346039314261447e-05,0.8164993889196422,2090.3189394389497,8.948173787691958,111.7189937774005,2026001.0766660275,1099,64658351.26184513,1.1823431123048067e-11,5.960464477539063e-08,843.1955446995316,843.1955446995316,818.068317467484,1152.5070934398223,0.0,0.0,0,0.0,0.0,0.0,16.86391089399059,8.263316338055402,1.0,2026-09-16 22:45:58 UTC,Selling halves every 6h
24.25,9.384171817594933e-05,0.8198307643421977,2096.608611595936,8.984629463742198,111.7189937774005,2033292.7433326943,1099,64725272.05635238,1.2050804798491299e-11,5.960464477539063e-08,851.9788316234851,851.9788316234851,826.5898624411036,1154.7389662564556,0.0,0.0,0,0.0,0.0,0.0,17.039576632469657,8.349392549910146,1.0104166666666667,2026-09-16 23:00:58 UTC,Selling halves every 6h
24.5,9.422714435854429e-05,0.8231979686945505,2102.952956662499,9.02147566039207,111.7189937774005,2040584.409999361,1099,64792507.28894289,1.1823431123048067e-11,5.960464477539063e-08,860.7621185474386,860.7621185474386,835.1114074147232,1156.9161661635117,0.0,0.0,0,0.0,0.0,0.0,17.215242370948726,8.43546876176489,1.0208333333333333,2026-09-16 23:15:58 UTC,Selling halves every 6h
24.75,9.461660707329402e-05,0.8266004374613457,2109.350579178141,9.058707390962244,111.7189937774005,2047876.0766660278,1099,64860036.567495614,1.1823431123048067e-11,5.960464477539063e-08,869.5454054713921,869.5454054713921,843.6329523883428,1159.0400886214898,0.0,0.0,0,0.0,0.0,0.0,17.390908109427794,8.521544973619633,1.03125,2026-09-16 23:30:58 UTC,Selling halves every 6h
25.0,9.501004356218131e-05,0.8300376223688066,2115.80012281761,9.096318654305279,111.7189937774005,2055167.7433326945,1099,64927840.17448435,1.1823431123048067e-11,7.450580596923828e-08,878.3286923953456,878.3286923953456,852.1544973619624,1161.1120899556404,0.0,0.0,0,0.0,0.0,0.0,17.566573847906863,8.607621185474377,1.0416666666666667,2026-09-16 23:45:58 UTC,Selling halves every 6h
25.25,9.540739285794752e-05,0.8335089907877871,2122.300269101691,9.134303612294197,111.7189937774005,2062459.4099993613,1099,64995899.046696514,1.2050804798491299e-11,5.960464477539063e-08,887.111979319299,887.111979319299,860.676042335582,1163.133488645179,0.0,0.0,0,0.0,0.0,0.0,17.74223958638593,8.693697397329121,1.0520833333333333,2026-09-17 00:00:58 UTC,Selling halves every 6h
25.5,9.580859571889776e-05,0.837014025164208,2128.8497361598456,9.172656591909814,111.7189937774005,2069751.076666028,1099,65064194.755538955,1.2278178473934531e-11,7.450580596923828e-08,895.8952662432525,895.8952662432525,869.1975873092016,1165.105566560644,0.0,0.0,0,0.0,0.0,0.0,17.917905324865,8.779773609183865,1.0625,2026-09-17 00:15:58 UTC,Selling halves every 6h
25.75,9.621359456667321e-05,0.8405522224754178,2135.4472775422155,9.21137207929109,111.7189937774005,2077042.7433326948,1099,65132709.4879144,1.2278178473934531e-11,5.960464477539063e-08,904.678553167206,904.678553167206,877.7191322828212,1167.029570151894,0.0,0.0,0,0.0,0.0,0.0,18.09357106334407,8.865849821038609,1.0729166666666667,2026-09-17 00:30:58 UTC,Selling halves every 6h
26.0,9.662233342683291e-05,0.8441230937110956,2142.0916810786107,9.250444714052401,111.7189937774005,2084334.4099993615,1099,65201426.02765279,1.2278178473934531e-11,5.960464477539063e-08,913.4618400911595,913.4618400911595,886.2406772564408,1168.9067115891185,0.0,0.0,0,0.0,0.0,0.0,18.269236801823137,8.951926032893352,1.0833333333333333,2026-09-17 00:45:58 UTC,Selling halves every 6h
26.25,9.703475787622057e-05,0.8477261634134314,2148.781767849084,9.289869284246096,111.7189937774005,2091626.0766660282,1099,65270327.73817076,1.2505552149377763e-11,5.960464477539063e-08,922.245127015113,922.245127015113,894.7622222300604,1170.7381697922647,0.0,0.0,0,0.0,0.0,0.0,18.444902540302206,9.038002244748096,1.09375,2026-09-17 01:00:58 UTC,Selling halves every 6h
26.5,9.745040566565231e-05,0.8513573932281718,2155.516399633928,9.329629979928214,111.7189937774005,2098917.7433326948,1099,65339398.74707551,1.2732925824820995e-11,5.960464477539063e-08,931.0284139390665,931.0284139390665,903.28376720368,1172.5250829810407,0.0,0.0,0,0.0,0.0,0.0,18.620568278781274,9.12407845660284,1.1041666666666667,2026-09-17 01:15:58 UTC,Selling halves every 6h
26.75,9.786952025596488e-05,0.8550189101057579,2162.294461043113,9.36970064465047,111.7189937774005,2106209.4099993613,1099,65408623.772928506,1.2732925824820995e-11,5.960464477539063e-08,939.81170086302,939.81170086302,911.8053121772996,1174.268566545475,0.0,0.0,0,0.0,0.0,0.0,18.796234017260343,9.210154668457584,1.1145833333333333,2026-09-17 01:30:58 UTC,Selling halves every 6h
27.0,9.829216089534837e-05,0.8587112316570128,2169.114866043467,9.41010084669038,111.7189937774005,2113501.076666028,1099,65477987.81692366,1.2732925824820995e-11,7.450580596923828e-08,948.5949877869734,948.5949877869734,920.3268571509192,1175.969706518741,0.0,0.0,0,0.0,0.0,0.0,18.97189975573941,9.296230880312327,1.125,2026-09-17 01:45:58 UTC,Selling halves every 6h
27.25,9.871827884373483e-05,0.8624339320733734,2175.976557821951,9.450833040994935,111.7189937774005,2120792.7433326943,1099,65547476.38381405,1.2960299500264227e-11,7.450580596923828e-08,957.3782747109269,957.3782747109269,928.8484021245388,1177.629559713877,0.0,0.0,0,0.0,0.0,0.0,19.14756549421848,9.382307092167071,1.1354166666666667,2026-09-17 02:00:58 UTC,Selling halves every 6h
27.5,9.91478249489498e-05,0.8661865819459847,2182.878507933523,9.491892675502408,111.7189937774005,2128084.409999361,1099,65617075.47520598,1.318767317570746e-11,5.960464477539063e-08,966.1615616348804,966.1615616348804,937.3699470981584,1179.2491545759244,0.0,0.0,0,0.0,0.0,0.0,19.323231232697548,9.468383304021815,1.1458333333333333,2026-09-17 02:15:58 UTC,Selling halves every 6h
27.75,9.958074475763915e-05,0.8699687055532188,2189.819715465535,9.533274834502404,111.7189937774005,2135376.0766660273,1099,65686771.57974315,1.318767317570746e-11,5.960464477539063e-08,974.9448485588339,974.9448485588339,945.891492071778,1180.8294920175322,0.0,0.0,0,0.0,0.0,0.0,19.498896971176617,9.554459515876559,1.15625,2026-09-17 02:30:58 UTC,Selling halves every 6h
28.0,0.00010001700316830184,0.8737799962373228,2196.7992059757303,9.57497512553069,111.7189937774005,2142667.743332694,1099,65756551.64901394,1.318767317570746e-11,7.450580596923828e-08,983.7281354827874,983.7281354827874,954.4130370453976,1182.3715464809566,0.0,0.0,0,0.0,0.0,0.0,19.674562709655685,9.640535727731303,1.1666666666666667,2026-09-17 02:45:58 UTC,Selling halves every 6h
28.25,0.00010045655638113824,0.8776200713494715,2203.816030829101,9.616989899508358,111.7189937774005,2149959.4099993603,1099,65826403.08393069,1.3415046851150692e-11,7.450580596923828e-08,992.5114224067408,992.5114224067408,962.9345820190172,1183.8762666012058,0.0,0.0,0,0.0,0.0,0.0,19.850228448134754,9.726611939586046,1.1770833333333333,2026-09-17 03:00:58 UTC,Selling halves every 6h
28.5,0.00010089936173160375,0.8814885581587847,2210.8692664214964,9.659315098452662,111.7189937774005,2157251.076666027,1099,65896313.723901354,1.3642420526593924e-11,7.450580596923828e-08,1001.2947093306943,1001.2947093306943,971.4561269926368,1185.34457598243,0.0,0.0,0,0.0,0.0,0.0,20.025894186613822,9.81268815144079,1.1875,2026-09-17 03:15:58 UTC,Selling halves every 6h
28.75,0.00010134537765379501,0.8853850935324579,2217.9580134313055,9.701946740815965,111.7189937774005,2164542.7433326934,1099,65966271.83343218,1.3642420526593924e-11,7.450580596923828e-08,1010.0779962546478,1010.0779962546478,979.9776719662564,1186.7773739462405,0.0,0.0,0,0.0,0.0,0.0,20.20155992509289,9.898764363295534,1.1979166666666667,2026-09-17 03:30:58 UTC,Selling halves every 6h
29.0,0.00010179456364533457,0.889309323628983,2225.0813960979795,9.744880946832064,111.7189937774005,2171834.40999936,1099,66036266.089124076,1.3642420526593924e-11,7.450580596923828e-08,1018.8612831786013,1018.8612831786013,988.499216939876,1188.1755362531862,0.0,0.0,0,0.0,0.0,0.0,20.37722566357196,9.984840575150278,1.2083333333333333,2026-09-17 03:45:58 UTC,Selling halves every 6h
29.25,0.00010224688023368112,0.8932609036038245,2232.2385615262324,9.788113935295678,111.7189937774005,2179126.0766660264,1099,66106285.56705136,1.3869794202037156e-11,7.450580596923828e-08,1027.6445701025548,1027.6445701025548,997.0207619134956,1189.539915798553,0.0,0.0,0,0.0,0.0,0.0,20.552891402051028,10.070916787005022,1.21875,2026-09-17 04:00:58 UTC,Selling halves every 6h
29.5,0.00010270228894379579,0.8972394973269422,2239.428679014811,9.831642020469872,111.7189937774005,2186417.743332693,1099,66176319.730512016,1.4551915228366852e-11,7.450580596923828e-08,1036.4278570265083,1036.4278570265083,1005.5423068871152,1190.8713432835943,0.0,0.0,0,0.0,0.0,0.0,20.728557140530096,10.156992998859765,1.2291666666666667,2026-09-17 04:15:58 UTC,Selling halves every 6h
29.75,0.00010315988903465658,0.9012372356414736,2246.6509639498777,9.875459666062984,111.7189937774005,2193709.4099993594,1099,66246358.67706968,1.4551915228366852e-11,7.450580596923828e-08,1045.2111439504617,1045.2111439504617,1014.0638518607348,1192.1706033221476,0.0,0.0,0,0.0,0.0,0.0,20.904222879009165,10.24306921071451,1.2395833333333333,2026-09-17 04:30:58 UTC,Selling halves every 6h
30.0,0.00010360923633189481,0.9051628749553149,2253.904751066209,9.919098970968511,111.7189937774005,2201001.076666026,1099,66316398.44932477,1.4551915228366852e-11,7.450580596923828e-08,1053.9944308744152,1053.9944308744152,1022.5853968343544,1193.438361179436,0.0,0.0,0,0.0,0.0,0.0,21.079888617488233,10.329145422569253,1.25,2026-09-17 04:45:58 UTC,Selling halves every 6h
30.25,0.00010406146979012108,0.9091137286792802,2261.189265175089,9.962374897687045,111.7189937774005,2208292.7433326924,1099,66386433.053730324,1.4779288903810084e-11,7.450580596923828e-08,1062.7777177983687,1062.7777177983687,1031.106941807974,1194.6753920441756,0.0,0.0,0,0.0,0.0,0.0,21.255554355967302,10.415221634423997,1.2604166666666667,2026-09-17 05:00:58 UTC,Selling halves every 6h
30.5,0.00010451655483426263,0.9130894947546598,2268.503751081842,10.005875654919427,111.7189937774005,2215584.409999359,1099,66456453.29419055,1.4779288903810084e-11,7.450580596923828e-08,1071.5610047223222,1071.5610047223222,1039.6284867815937,1195.8824511110424,0.0,0.0,0,0.0,0.0,0.0,21.43122009444637,10.50129784627874,1.2708333333333333,2026-09-17 05:15:58 UTC,Selling halves every 6h
30.75,0.00010497445774245992,0.9170898785766828,2275.8474730149046,10.049645326219533,111.7189937774005,2222876.0766660254,1099,66526450.305395715,1.4779288903810084e-11,7.450580596923828e-08,1080.3442916462757,1080.3442916462757,1048.1500317552134,1197.0602741515995,0.0,0.0,0,0.0,0.0,0.0,21.60688583292544,10.587374058133484,1.28125,2026-09-17 05:30:58 UTC,Selling halves every 6h
31.0,0.00010543514562069113,0.9211145927728288,2283.2197140740977,10.093680760210232,111.7189937774005,2230167.743332692,1099,66596415.542651705,1.4779288903810084e-11,7.450580596923828e-08,1089.1275785702292,1089.1275785702292,1056.671576728833,1198.209578066026,0.0,0.0,0,0.0,0.0,0.0,21.782551571404507,10.673450269988228,1.2916666666666667,2026-09-17 05:45:58 UTC,Selling halves every 6h
31.25,0.00010589858637835251,0.9251633569894907,2290.6197756973156,10.137978882420152,111.7189937774005,2237459.4099993585,1099,66666340.77200966,1.4779288903810084e-11,7.450580596923828e-08,1097.9108654941826,1097.9108654941826,1065.1931217024528,1199.331061416428,0.0,0.0,0,0.0,0.0,0.0,21.958217309883576,10.759526481842972,1.3020833333333333,2026-09-17 06:00:58 UTC,Selling halves every 6h
31.5,0.00010636474870475141,0.92923589768661,2298.046977144889,10.182536693025671,111.7189937774005,2244751.076666025,1099,66736218.06068726,1.4779288903810084e-11,7.450580596923828e-08,1106.6941524181361,1106.6941524181361,1073.7146666760725,1200.4254049424744,0.0,0.0,0,0.0,0.0,0.0,22.133883048362645,10.845602693697716,1.3125,2026-09-17 06:15:58 UTC,Selling halves every 6h
31.75,0.00010683360204646937,0.9333319479399134,2305.500655000913,10.227351264691265,111.7189937774005,2252042.7433326915,1099,66806039.76777298,1.4779288903810084e-11,7.450580596923828e-08,1115.4774393420896,1115.4774393420896,1082.2362116496922,1201.49327206007,0.0,0.0,0,0.0,0.0,0.0,22.309548786841713,10.93167890555246,1.3229166666666667,2026-09-17 06:30:58 UTC,Selling halves every 6h
32.0,0.00010730511658714688,0.9374512472643068,2312.980162716061,10.272419740634813,111.7189937774005,2259334.409999358,1099,66875798.53544017,1.5234036254696548e-11,5.960464477539063e-08,1124.260726266043,1124.260726266043,1090.757756623312,1202.5353093185422,0.0,0.0,0,0.0,0.0,0.0,22.48521452532078,11.017755117407203,1.3333333333333333,2026-09-17 06:45:58 UTC,Selling halves every 6h
32.25,0.00010777913623494879,0.9415924319924255,2320.4848713252513,10.317735348536594,111.7189937774005,2266626.0766660245,1099,66945487.329593584,1.5234036254696548e-11,7.450580596923828e-08,1133.0440131899966,1133.0440131899966,1099.2793015969316,1203.5521456829715,0.0,0.0,0,0.0,0.0,0.0,22.66088026379985,11.103831329261947,1.34375,2026-09-17 07:00:58 UTC,Selling halves every 6h
32.5,0.00010825574964111844,0.9457562766094132,2328.0141665082638,10.363291384179952,111.7189937774005,2273917.743332691,1099,67015099.380609006,1.5234036254696548e-11,5.960464477539063e-08,1141.82730011395,1141.82730011395,1107.8008465705514,1204.5443954735788,0.0,0.0,0,0.0,0.0,0.0,22.83654600227892,11.18990754111669,1.3541666666666667,2026-09-17 07:15:58 UTC,Selling halves every 6h
32.75,0.00010873493802878193,0.9499426170745939,2335.5674494122754,10.409091988479327,111.7189937774005,2281209.4099993575,1099,67084628.12663536,1.5234036254696548e-11,7.450580596923828e-08,1150.6105870379035,1150.6105870379035,1116.322391544171,1205.5126575431868,0.0,0.0,0,0.0,0.0,0.0,23.012211740757987,11.275983752971435,1.3645833333333333,2026-09-17 07:30:58 UTC,Selling halves every 6h
33.0,0.00010921667432084668,0.9541512168339709,2343.1441362491214,10.455135642348736,111.7189937774005,2288501.076666024,1099,67154067.254991,1.4779288903810084e-11,7.450580596923828e-08,1159.393873961857,1159.393873961857,1124.8439365177908,1206.4575156799601,0.0,0.0,0,0.0,0.0,0.0,23.187877479237056,11.362059964826178,1.375,2026-09-17 07:45:58 UTC,Selling halves every 6h
33.25,0.00010970081559937452,0.9583808273114868,2350.7436590110337,10.501418241079195,111.7189937774005,2295792.7433326906,1099,67223410.71978194,1.4779288903810084e-11,7.450580596923828e-08,1168.1771608858105,1168.1771608858105,1133.3654814914105,1207.3795378916675,0.0,0.0,0,0.0,0.0,0.0,23.363543217716124,11.448136176680922,1.3854166666666667,2026-09-17 08:00:58 UTC,Selling halves every 6h
33.5,0.00011018727982375509,0.9626307317745667,2358.3654640225027,10.54792299266307,111.7189937774005,2303084.409999357,1099,67292652.82944117,1.4779288903810084e-11,7.450580596923828e-08,1176.960447809764,1176.960447809764,1141.8870264650302,1208.2792778538183,0.0,0.0,0,0.0,0.0,0.0,23.539208956195193,11.534212388535666,1.3958333333333333,2026-09-17 08:15:58 UTC,Selling halves every 6h
33.75,0.00011067621251100186,0.9669022015056072,2366.009010162248,10.59465314039891,111.7189937774005,2310376.0766660236,1099,67361788.00383966,1.4779288903810084e-11,8.940696716308594e-08,1185.7437347337175,1185.7437347337175,1150.40857143865,1209.1572766876925,0.0,0.0,0,0.0,0.0,0.0,23.71487469467426,11.62028860039041,1.40625,2026-09-17 08:30:58 UTC,Selling halves every 6h
34.0,0.00011116758903486718,0.9711950213619636,2373.6737698130332,10.641616362150307,111.7189937774005,2317667.74333269,1099,67430810.85022286,1.4779288903810084e-11,8.940696716308594e-08,1194.527021657671,1194.527021657671,1158.9301164122696,1210.0140620105271,0.0,0.0,0,0.0,0.0,0.0,23.89054043315333,11.706364812245154,1.4166666666666667,2026-09-17 08:45:58 UTC,Selling halves every 6h
34.25,0.00011166138534019984,0.9755089811902693,2381.3592285000886,10.688810357655184,111.7189937774005,2324959.4099993566,1099,67499716.18864186,1.4779288903810084e-11,8.940696716308594e-08,1203.3103085816244,1203.3103085816244,1167.4516613858893,1210.8501482970914,0.0,0.0,0,0.0,0.0,0.0,24.0662061716324,11.792441024099897,1.4270833333333333,2026-09-17 09:00:58 UTC,Selling halves every 6h
34.5,0.00011215670531192744,0.9798362522474127,2389.064891267547,10.736207180258543,111.7189937774005,2332251.076666023,1099,67568499.34333095,1.4779288903810084e-11,1.043081283569336e-07,1212.093595505578,1212.093595505578,1175.973206359509,1211.6660305032528,0.0,0.0,0,0.0,0.0,0.0,24.241871910111467,11.878517235954641,1.4375,2026-09-17 09:15:58 UTC,Selling halves every 6h
34.75,0.00011265428292267461,0.9841832467490859,2396.7902689434763,10.783771860206484,111.7189937774005,2339542.7433326896,1099,67637155.89925283,1.4779288903810084e-11,8.940696716308594e-08,1220.8768824295314,1220.8768824295314,1184.4947513331288,1212.4621978009432,0.0,0.0,0,0.0,0.0,0.0,24.417537648590535,11.964593447809385,1.4479166666666667,2026-09-17 09:30:58 UTC,Selling halves every 6h
35.0,0.00011315420499750338,0.9885507232263383,2404.534884071904,10.8315502578231,111.7189937774005,2346834.409999356,1099,67705681.27202544,1.4779288903810084e-11,8.940696716308594e-08,1229.660169353485,1229.660169353485,1193.0162963067485,1213.2391276461353,0.0,0.0,0,0.0,0.0,0.0,24.593203387069604,12.050669659664129,1.4583333333333333,2026-09-17 09:45:58 UTC,Selling halves every 6h
35.25,0.0001136564496266391,0.9929384902684877,2412.2982710125175,10.879550117824087,111.7189937774005,2354126.0766660227,1099,67774071.06082274,1.4779288903810084e-11,8.940696716308594e-08,1238.4434562774384,1238.4434562774384,1201.5378412803682,1213.9972856791414,0.0,0.0,0,0.0,0.0,0.0,24.768869125548672,12.136745871518873,1.46875,2026-09-17 10:00:58 UTC,Selling halves every 6h
35.5,0.00011416096402644086,0.997346086741046,2420.0799758593985,10.927769006038492,111.7189937774005,2361417.743332689,1099,67842321.05172166,1.4779288903810084e-11,1.043081283569336e-07,1247.2267432013919,1247.2267432013919,1210.059386253988,1214.7371258058802,0.0,0.0,0,0.0,0.0,0.0,24.94453486402774,12.222822083373616,1.4791666666666667,2026-09-17 10:15:58 UTC,Selling halves every 6h
35.75,0.00011466770516829151,1.0017731367324807,2427.8795559787372,10.976200828357774,111.7189937774005,2368709.4099993557,1099,67910427.24051777,1.5234036254696548e-11,8.940696716308594e-08,1256.0100301253453,1256.0100301253453,1218.5809312276076,1215.4590906601616,0.0,0.0,0,0.0,0.0,0.0,25.12020060250681,12.30889829522836,1.4895833333333333,2026-09-17 10:30:58 UTC,Selling halves every 6h
36.0,0.000115176705548959,1.0062199241447773,2435.696579323015,11.024844845532412,111.7189937774005,2376001.076666022,1099,67978385.7629642,1.5234036254696548e-11,1.043081283569336e-07,1264.7933170492988,1264.7933170492988,1227.1024762012273,1216.1636122895034,0.0,0.0,0,0.0,0.0,0.0,25.295866340985878,12.394974507083104,1.5,2026-09-17 10:45:58 UTC,Selling halves every 6h
36.25,0.0001156879451825798,1.0106862743751464,2443.530624472837,11.073702323308593,111.7189937774005,2383292.7433326887,1099,68046192.90953077,1.5234036254696548e-11,1.1920928955078125e-07,1273.5766039732523,1273.5766039732523,1235.624021174847,1216.851112113301,0.0,0.0,0,0.0,0.0,0.0,25.471532079464946,12.481050718937848,1.5104166666666667,2026-09-17 11:00:58 UTC,Selling halves every 6h
36.5,0.00011620140453382238,1.015172016756787,2451.381280361209,11.122771407047848,111.7189937774005,2390584.409999355,1099,68113845.13017654,1.4779288903810084e-11,1.043081283569336e-07,1282.3598908972058,1282.3598908972058,1244.1455661484667,1217.5220011985484,0.0,0.0,0,0.0,0.0,0.0,25.647197817944015,12.567126930792591,1.5208333333333333,2026-09-17 11:15:58 UTC,Selling halves every 6h
36.75,0.00011671701966775336,1.0196765927340137,2459.2481462695605,11.172049018555882,111.7189937774005,2397876.0766660217,1099,68181339.04263966,1.4779288903810084e-11,8.940696716308594e-08,1291.1431778211593,1291.1431778211593,1252.6671111220865,1218.1766802638167,0.0,0.0,0,0.0,0.0,0.0,25.822863556423084,12.653203142647335,1.53125,2026-09-17 11:30:58 UTC,Selling halves every 6h
37.0,0.0001172348089012483,1.0242001623288115,2467.130831055839,11.221531487347837,111.7189937774005,2405167.743332688,1099,68248671.41966577,1.4779288903810084e-11,8.940696716308594e-08,1299.9264647451128,1299.9264647451128,1261.1886560957062,1218.815540451158,0.0,0.0,0,0.0,0.0,0.0,25.998529294902152,12.739279354502079,1.5416666666666667,2026-09-17 11:45:58 UTC,Selling halves every 6h
37.25,0.00011775476151862493,1.0287426319256103,2475.0289531199983,11.271219527359108,111.7189937774005,2412459.4099993547,1099,68315839.1597654,1.5234036254696548e-11,1.043081283569336e-07,1308.7097516690662,1308.7097516690662,1269.7102010693259,1219.4389633606188,0.0,0.0,0,0.0,0.0,0.0,26.17419503338122,12.825355566356823,1.5520833333333333,2026-09-17 12:00:58 UTC,Selling halves every 6h
37.5,0.00011827685967683244,1.0333038456419061,2482.9421401892405,11.321112062806664,111.7189937774005,2419751.0766660213,1099,68382839.30121344,1.5234036254696548e-11,1.043081283569336e-07,1317.4930385930197,1317.4930385930197,1278.2317460429456,1220.0473212649963,0.0,0.0,0,0.0,0.0,0.0,26.34986077186029,12.911431778211567,1.5625,2026-09-17 12:15:58 UTC,Selling halves every 6h
37.75,0.00011880092469473914,1.0378822424631355,2490.8700299749817,11.37120567915194,111.7189937774005,2427042.7433326878,1099,68449669.04067294,1.5234036254696548e-11,1.1920928955078125e-07,1326.2763255169732,1326.2763255169732,1286.7532910165653,1220.6409764528748,0.0,0.0,0,0.0,0.0,0.0,26.525526510339358,12.99750799006631,1.5729166666666667,2026-09-17 12:30:58 UTC,Selling halves every 6h
38.0,0.00011932678089521714,1.0424762876186562,2498.812269563336,11.42147637669304,111.7189937774005,2434334.4099993543,1099,68516325.88933678,1.5234036254696548e-11,1.1920928955078125e-07,1335.0596124409267,1335.0596124409267,1295.274835990185,1221.2202818381402,0.0,0.0,0,0.0,0.0,0.0,26.701192248818426,13.083584201921054,1.5833333333333333,2026-09-17 12:45:58 UTC,Selling halves every 6h
38.25,0.00011985472862082152,1.047088604995491,2506.768513140586,11.471926828841674,111.7189937774005,2441626.076666021,1099,68582807.33540872,1.4779288903810084e-11,1.043081283569336e-07,1343.8428993648802,1343.8428993648802,1303.7963809638047,1221.7855832345094,0.0,0.0,0,0.0,0.0,0.0,26.876857987297495,13.169660413775798,1.59375,2026-09-17 13:00:58 UTC,Selling halves every 6h
38.5,0.0001203847515624049,1.0517190521117987,2514.7384233105363,11.522574703338151,111.7189937774005,2448917.7433326873,1099,68649110.93052037,1.4779288903810084e-11,1.043081283569336e-07,1352.6261862888337,1352.6261862888337,1312.3179259374244,1222.337218038179,0.0,0.0,0,0.0,0.0,0.0,27.052523725776563,13.255736625630542,1.6041666666666667,2026-09-17 13:15:58 UTC,Selling halves every 6h
38.75,0.00012091683377073002,1.0563674896300268,2522.7216708815463,11.57341880478149,111.7189937774005,2456209.409999354,1099,68715234.34524833,1.4779288903810084e-11,1.341104507446289e-07,1361.4094732127871,1361.4094732127871,1320.8394709110441,1222.8755154407886,0.0,0.0,0,0.0,0.0,0.0,27.22818946425563,13.341812837485286,1.6145833333333333,2026-09-17 13:30:58 UTC,Selling halves every 6h
39.0,0.00012144568678237408,1.0609877158704277,2530.7179583967804,11.624322792010393,111.7189937774005,2463501.0766660203,1099,68781176.71421735,1.4779288903810084e-11,1.341104507446289e-07,1370.1927601367406,1370.1927601367406,1329.3610158846639,1223.4007728991742,0.0,0.0,0,0.0,0.0,0.0,27.4038552027347,13.42788904934003,1.625,2026-09-17 13:45:58 UTC,Selling halves every 6h
39.25,0.00012197525913464592,1.0656142264967943,2538.7269756836317,11.675029732181764,111.7189937774005,2470792.743332687,1099,68846938.27897857,1.432454155292362e-11,1.1920928955078125e-07,1378.976047060694,1378.976047060694,1337.8825608582836,1223.9133005859421,0.0,0.0,0,0.0,0.0,0.0,27.57952094121377,13.513965261194773,1.6354166666666667,2026-09-17 14:00:58 UTC,Selling halves every 6h
39.5,0.00012250680768223157,1.0702580017869596,2546.7484155423217,11.725824280885304,111.7189937774005,2478084.4099993533,1099,68912517.06761438,1.432454155292362e-11,1.1920928955078125e-07,1387.7593339846476,1387.7593339846476,1346.4041058319033,1224.4134057008719,0.0,0.0,0,0.0,0.0,0.0,27.755186679692837,13.600041473049517,1.6458333333333333,2026-09-17 14:15:58 UTC,Selling halves every 6h
39.75,0.00012304031786728107,1.0749189145589677,2554.781978236321,11.776805739106699,111.7189937774005,2485376.07666602,1099,68977911.14510068,1.4779288903810084e-11,1.341104507446289e-07,1396.542620908601,1396.542620908601,1354.925650805523,1224.901387980493,0.0,0.0,0,0.0,0.0,0.0,27.930852418171906,13.68611768490426,1.65625,2026-09-17 14:30:58 UTC,Selling halves every 6h
40.0,0.0001235757414811226,1.0795965436466997,2562.8273714549455,11.827972522711988,111.7189937774005,2492667.7433326864,1099,69043118.68060501,1.4779288903810084e-11,1.341104507446289e-07,1405.3259078325545,1405.3259078325545,1363.4471957791427,1225.377539735488,0.0,0.0,0,0.0,0.0,0.0,28.106518156650974,13.772193896759005,1.6666666666666667,2026-09-17 14:45:58 UTC,Selling halves every 6h
40.25,0.00012411296700988935,1.0842899148299425,2570.884310297223,11.879316412701959,111.7189937774005,2499959.409999353,1099,69108137.99935721,1.4779288903810084e-11,1.1920928955078125e-07,1414.109194756508,1414.109194756508,1371.9687407527624,1225.8421458668304,0.0,0.0,0,0.0,0.0,0.0,28.282183895130043,13.858270108613748,1.6770833333333333,2026-09-17 15:00:58 UTC,Selling halves every 6h
40.5,0.00012465211148057095,1.0890000504932837,2578.952516282021,11.93083521657823,111.7189937774005,2507251.0766660194,1099,69172967.48635298,1.4779288903810084e-11,1.1920928955078125e-07,1422.8924816804615,1422.8924816804615,1380.4902857263821,1226.295484855652,0.0,0.0,0,0.0,0.0,0.0,28.45784963360911,13.944346320468492,1.6875,2026-09-17 15:15:58 UTC,Selling halves every 6h
40.75,0.00012519316157112291,1.093726834251153,2587.031717674031,11.982535042994336,111.7189937774005,2514542.743332686,1099,69237605.59059568,1.4779288903810084e-11,1.043081283569336e-07,1431.675768604415,1431.675768604415,1389.0118307000018,1226.7378284372617,0.0,0.0,0,0.0,0.0,0.0,28.63351537208818,14.030422532323236,1.6979166666666667,2026-09-17 15:30:58 UTC,Selling halves every 6h
41.0,0.00012573610425043984,1.0984701522597153,2595.1216493159723,12.034415158118414,111.7189937774005,2521834.4099993524,1099,69302050.84959571,1.432454155292362e-11,1.1920928955078125e-07,1440.4590555283685,1440.4590555283685,1397.5333756736215,1227.1694417689396,0.0,0.0,0,0.0,0.0,0.0,28.80918111056725,14.11649874417798,1.7083333333333333,2026-09-17 15:45:58 UTC,Selling halves every 6h
41.25,0.00012628090189903478,1.1032296758633005,2603.2220525518815,12.086473885770252,111.7189937774005,2529126.076666019,1099,69366301.89086452,1.432454155292362e-11,1.043081283569336e-07,1449.242342452322,1449.242342452322,1406.0549206472413,1227.59058350665,0.0,0.0,0,0.0,0.0,0.0,28.984846849046317,14.202574956032723,1.71875,2026-09-17 16:00:58 UTC,Selling halves every 6h
41.5,0.00012682754943637176,1.1080053606767486,2611.332674942993,12.138708091467038,111.7189937774005,2536417.7433326854,1099,69430357.43645322,1.432454155292362e-11,1.043081283569336e-07,1458.0256293762754,1458.0256293762754,1414.576465620861,1228.0015060891583,0.0,0.0,0,0.0,0.0,0.0,29.160512587525385,14.288651167887467,1.7291666666666667,2026-09-17 16:15:58 UTC,Selling halves every 6h
41.75,0.0001273760519219151,1.112797250901131,2619.4532700963705,12.191117794327583,111.7189937774005,2543709.409999352,1099,69494216.273746,1.432454155292362e-11,1.043081283569336e-07,1466.808916300229,1466.808916300229,1423.0980105944807,1228.4024559094005,0.0,0.0,0,0.0,0.0,0.0,29.336178326004454,14.374727379742211,1.7395833333333333,2026-09-17 16:30:58 UTC,Selling halves every 6h
42.0,0.00012792639742285238,1.1176052422876457,2627.5835975695954,12.243703031107398,111.7189937774005,2551001.0766660185,1099,69557877.26564987,1.432454155292362e-11,1.1920928955078125e-07,1475.5922032241824,1475.5922032241824,1431.6195555681004,1228.7936734097952,0.0,0.0,0,0.0,0.0,0.0,29.511844064483522,14.460803591596955,1.75,2026-09-17 16:45:58 UTC,Selling halves every 6h
42.25,0.00012847857426530573,1.122429232849624,2635.7234227234003,12.296462681927078,111.7189937774005,2558292.743332685,1099,69621339.34981605,1.432454155292362e-11,1.1920928955078125e-07,1484.375490148136,1484.375490148136,1440.14110054172,1229.17539322961,0.0,0.0,0,0.0,0.0,0.0,29.68750980296259,14.546879803451699,1.7604166666666667,2026-09-17 17:00:58 UTC,Selling halves every 6h
42.5,0.00012904449280439872,1.127373275195376,2643.8724813432354,12.349742360148321,111.7189937774005,2565584.4099993515,1099,69684598.47242941,1.432454155292362e-11,1.1920928955078125e-07,1493.1587770720894,1493.1587770720894,1448.6626455153398,1229.5478795833947,0.0,0.0,0,0.0,0.0,0.0,29.86317554144166,14.632956015306442,1.7708333333333333,2026-09-17 17:15:58 UTC,Selling halves every 6h
42.75,0.00012961285435021243,1.1323386604161956,2652.03055101863,12.403899353144629,111.7189937774005,2572876.076666018,1099,69747650.43210202,1.4779288903810084e-11,1.341104507446289e-07,1501.9420639960429,1501.9420639960429,1457.1841904889595,1229.9113548816204,0.0,0.0,0,0.0,0.0,0.0,30.038841279920728,14.719032227161186,1.78125,2026-09-17 17:30:58 UTC,Selling halves every 6h
43.0,0.00013018307952924294,1.1373203269229322,2660.1974154754694,12.458375495614364,111.7189937774005,2580167.7433326845,1099,69810494.4463434,1.4779288903810084e-11,1.341104507446289e-07,1510.7253509199963,1510.7253509199963,1465.7057354625792,1230.2660353984006,0.0,0.0,0,0.0,0.0,0.0,30.214507018399797,14.80510843901593,1.7916666666666667,2026-09-17 17:45:58 UTC,Selling halves every 6h
43.25,0.00013075515759774215,1.1423181808548235,2668.3728636244173,12.51302803312356,111.7189937774005,2587459.409999351,1099,69873129.80351017,1.5234036254696548e-11,1.341104507446289e-07,1519.5086378439498,1519.5086378439498,1474.227280436199,1230.6121322230729,0.0,0.0,0,0.0,0.0,0.0,30.390172756878865,14.891184650870674,1.8020833333333333,2026-09-17 18:00:58 UTC,Selling halves every 6h
43.5,0.0001313289700297905,1.1473311867321585,2676.55668972674,12.567854661935112,111.7189937774005,2594751.0766660175,1099,69935555.86666895,1.4779288903810084e-11,1.341104507446289e-07,1528.2919247679033,1528.2919247679033,1482.7488254098187,1230.9498510943695,0.0,0.0,0,0.0,0.0,0.0,30.565838495357934,14.977260862725418,1.8125,2026-09-17 18:15:58 UTC,Selling halves every 6h
43.75,0.000131904451134593,1.1523587706594918,2684.7486930644213,12.62284235443351,111.7189937774005,2602042.743332684,1099,69997772.14397877,1.4779288903810084e-11,1.1920928955078125e-07,1537.0752116918568,1537.0752116918568,1491.2703703834384,1231.2793927303078,0.0,0.0,0,0.0,0.0,0.0,30.741504233837002,15.063337074580161,1.8229166666666667,2026-09-17 18:30:58 UTC,Selling halves every 6h
44.0,0.00013248175284999602,1.157402260013635,2692.9486773226367,12.67799247429597,111.7189937774005,2609334.4099993506,1099,70059778.12575264,1.4779288903810084e-11,1.043081283569336e-07,1545.8584986158103,1545.8584986158103,1499.791915357058,1231.600953445712,0.0,0.0,0,0.0,0.0,0.0,30.91716997231607,15.149413286434905,1.8333333333333333,2026-09-17 18:45:58 UTC,Selling halves every 6h
44.25,0.0001330608653222564,1.1624615687091893,2701.1564508865913,12.733314653190241,111.7189937774005,2616626.076666017,1099,70121573.33506002,1.4779288903810084e-11,1.043081283569336e-07,1554.6417855397638,1554.6417855397638,1508.3134603306778,1231.9147248553772,0.0,0.0,0,0.0,0.0,0.0,31.09283571079514,15.235489498289649,1.84375,2026-09-17 19:00:58 UTC,Selling halves every 6h
44.5,0.00013364177890780066,1.1675366124968634,2709.371826727598,12.78880825933717,111.7189937774005,2623917.7433326836,1099,70183157.34902367,1.4779288903810084e-11,1.043081283569336e-07,1563.4250724637172,1563.4250724637172,1516.8350053042975,1232.2208939879902,0.0,0.0,0,0.0,0.0,0.0,31.268501449274208,15.321565710144393,1.8541666666666667,2026-09-17 19:15:58 UTC,Selling halves every 6h
44.75,0.0001342265645804859,1.1726454840556193,2717.59461755852,12.844522646115657,111.7189937774005,2631209.40999935,1099,70244529.3726713,1.432454155292362e-11,1.043081283569336e-07,1572.2083593876707,1572.2083593876707,1525.3565502779172,1232.5196481306875,0.0,0.0,0,0.0,0.0,0.0,31.444167187753276,15.407641921999137,1.8645833333333333,2026-09-17 19:30:58 UTC,Selling halves every 6h
45.0,0.0001348136083454847,1.1777740830190242,2725.824644535717,12.900551710582967,111.7189937774005,2638501.0766660166,1099,70305688.33262527,1.432454155292362e-11,8.940696716308594e-08,1580.9916463116242,1580.9916463116242,1533.878095251537,1232.81116612711,0.0,0.0,0,0.0,0.0,0.0,31.619832926232345,15.49371813385388,1.875,2026-09-17 19:45:58 UTC,Selling halves every 6h
45.25,0.00013540243845162179,1.1829182880204387,2734.0617340173276,12.956798345198848,111.7189937774005,2645792.743332683,1099,70366633.95233619,1.432454155292362e-11,8.940696716308594e-08,1589.7749332355777,1589.7749332355777,1542.3996402251566,1233.0956216191194,0.0,0.0,0,0.0,0.0,0.0,31.795498664711413,15.579794345708624,1.8854166666666667,2026-09-17 20:00:58 UTC,Selling halves every 6h
45.5,0.0001359930460434004,1.1880780216954585,2742.305716509021,13.013214119913624,111.7189937774005,2653084.4099993496,1099,70427366.02132656,1.432454155292362e-11,7.450580596923828e-08,1598.5582201595312,1598.5582201595312,1550.9211851987764,1233.3731841010458,0.0,0.0,0,0.0,0.0,0.0,31.971164403190482,15.665870557563368,1.8958333333333333,2026-09-17 20:15:58 UTC,Selling halves every 6h
45.75,0.00013658697019125604,1.1932667298474644,2750.5564232750344,13.06980849875752,111.7189937774005,2660376.076666016,1099,70487884.27159397,1.432454155292362e-11,5.960464477539063e-08,1607.3415070834847,1607.3415070834847,1559.442730172396,1233.644022308652,0.0,0.0,0,0.0,0.0,0.0,32.146830141669554,15.751946769418112,1.90625,2026-09-17 20:30:58 UTC,Selling halves every 6h
46.0,0.00013718788774133678,1.1985165345608184,2758.813683143053,13.12684713907866,111.7189937774005,2667667.7433326826,1099,70548186.49443571,1.432454155292362e-11,5.960464477539063e-08,1616.1247940074381,1616.1247940074381,1567.9642751460158,1233.9083074142532,0.0,0.0,0,0.0,0.0,0.0,32.32249588014862,15.838022981272855,1.9166666666666667,2026-09-17 20:45:58 UTC,Selling halves every 6h
46.25,0.00013779059127530811,1.2037819421911542,2767.0773391491853,13.184379472533978,111.7189937774005,2674959.409999349,1099,70608271.75507839,1.432454155292362e-11,7.450580596923828e-08,1624.9080809313916,1624.9080809313916,1576.4858201196355,1234.1661963817405,0.0,0.0,0,0.0,0.0,0.0,32.49816161862769,15.9240991931276,1.9270833333333333,2026-09-17 21:00:58 UTC,Selling halves every 6h
46.5,0.0001383950726483233,1.2090628815825288,2775.347238066014,13.242114289232372,111.7189937774005,2682251.0766660157,1099,70668140.0512651,1.432454155292362e-11,5.960464477539063e-08,1633.691367855345,1633.691367855345,1585.0073650932552,1234.4178424385314,0.0,0.0,0,0.0,0.0,0.0,32.67382735710676,16.01017540498234,1.9375,2026-09-17 21:15:58 UTC,Selling halves every 6h
46.75,0.0001390013238872368,1.2143592830790357,2783.6232303131915,13.300017463002241,111.7189937774005,2689542.743332682,1099,70727791.41915685,1.432454155292362e-11,5.960464477539063e-08,1642.4746547792986,1642.4746547792986,1593.528910066875,1234.6633951649737,0.0,0.0,0,0.0,0.0,0.0,32.84949309558583,16.096251616837083,1.9479166666666667,2026-09-17 21:30:58 UTC,Selling halves every 6h
47.0,0.00013960936233021063,1.2196712981523108,2791.9051698261405,13.35808872063157,111.7189937774005,2696834.4099993487,1099,70787225.92804368,1.4779288903810084e-11,5.960464477539063e-08,1651.257941703252,1651.257941703252,1602.0504550404946,1234.9030006256448,0.0,0.0,0,0.0,0.0,0.0,33.0251588340649,16.182327828691825,1.9583333333333333,2026-09-17 21:45:58 UTC,Selling halves every 6h
47.25,0.00014021916812339457,1.2249987533528743,2800.192914041083,13.416328899382956,111.7189937774005,2704126.076666015,1099,70846443.67497504,1.4779288903810084e-11,5.960464477539063e-08,1660.0412286272056,1660.0412286272056,1610.5720000141143,1235.136801384322,0.0,0.0,0,0.0,0.0,0.0,33.200824572543965,16.268404040546567,1.96875,2026-09-17 22:00:58 UTC,Selling halves every 6h
47.5,0.0001408307210443379,1.2303414720110368,2808.486323807487,13.474736341517017,111.7189937774005,2711417.7433326817,1099,70905444.8022813,1.432454155292362e-11,4.470348358154297e-08,1668.824515551159,1668.824515551159,1619.093544987734,1235.3649365915371,0.0,0.0,0,0.0,0.0,0.0,33.37649031102303,16.35448025240131,1.9791666666666667,2026-09-17 22:15:58 UTC,Selling halves every 6h
47.75,0.00014144401377075237,1.2356993901569853,2816.785263285631,13.533309251792712,111.7189937774005,2718709.409999348,1099,70964229.48619148,1.432454155292362e-11,4.470348358154297e-08,1677.6078024751125,1677.6078024751125,1627.6150899613538,1235.587542087013,0.0,0.0,0,0.0,0.0,0.0,33.5521560495021,16.44055646425605,1.9895833333333333,2026-09-17 22:30:58 UTC,Selling halves every 6h
48.0,0.00014205904230899272,1.2410724729009783,2825.089599861863,13.592046947114499,111.7189937774005,2726001.0766660147,1099,71022797.93457529,1.3415046851150692e-11,4.470348358154297e-08,1686.391089399066,1686.391089399066,1636.1366349349735,1235.8047504843998,0.0,0.0,0,0.0,0.0,0.0,33.72782178798117,16.526632676110793,2.0,2026-09-17 22:45:58 UTC,Selling halves every 6h
0.0,0.00011446474352696986,1.0,2424.757715411276,10.9568034823675,111.7189937774005,1326001.07666602,1099,68015931.403879,0.0,0.0,0.0,0.0,0.0,0.0,0.0,0.0,0,0.0,0.0,0.0,0.0,0.0,0.0,2026-09-15 22:45:58 UTC,Rapid seller exhaustion: 2h
0.25,0.00011229932448109877,0.9810822181647497,2391.280941889804,10.749845322392607,111.7189937774005,1333292.7433326868,1099,67716928.9053175,8.526512829121202e-14,0.0,8.783286923953442,8.783286923953442,8.52154497361963,41.99831849509155,0.0,0.0,0,0.0,0.0,0.0,0.17566573847906886,0.08607621185474373,0.010416666666666666,2026-09-15 23:00:58 UTC,Rapid seller exhaustion: 2h
0.5,0.00011041807839603908,0.9646470606909863,2361.975675722432,10.569981821585642,111.7189937774005,1340584.4099993536,1099,67450336.56599493,1.7053025658242404e-13,-1.4901161193847656e-08,17.566573847906884,17.566573847906884,17.04308994723926,79.8251296360836,0.0,0.0,0,0.0,0.0,0.0,0.3513314769581377,0.17215242370948747,0.020833333333333332,2026-09-15 23:15:58 UTC,Rapid seller exhaustion: 2h
0.75,0.00010878503910440726,0.950380315828652,2336.35621367935,10.413880598701175,111.7189937774005,1347876.0766660203,1099,67213440.63082244,6.963318810448982e-13,0.0,26.349860771860328,26.349860771860328,25.56463492085889,113.96613665278574,0.0,0.0,0,0.0,0.0,0.0,0.5269972154372066,0.2582286355642312,0.03125,2026-09-15 23:30:58 UTC,Rapid seller exhaustion: 2h
1.0,0.00010736978926461247,0.9380162481149866,2314.004917134227,10.278602165263528,111.7189937774005,1355167.743332687,1099,67003749.68492121,7.958078640513122e-13,0.0,35.13314769581377,35.13314769581377,34.08617989447852,144.8389781715282,0.0,0.0,0,0.0,0.0,0.0,0.7026629539162754,0.34430484741897494,0.041666666666666664,2026-09-15 23:45:58 UTC,Rapid seller exhaustion: 2h
1.25,0.0001061458265251697,0.9273233246721068,2294.5609978085895,10.161611221180252,111.7189937774005,1362459.4099993538,1099,66818976.162664086,1.3073986337985843e-12,0.0,43.91643461976721,43.91643461976721,42.607724868098146,172.80444247078594,0.0,0.0,0,0.0,0.0,0.0,0.8783286923953443,0.43038105927371867,0.052083333333333336,2026-09-16 00:00:58 UTC,Rapid seller exhaustion: 2h
1.5,0.00010509083491701142,0.9181065861755958,2277.711344374092,10.060769427847445,111.7189937774005,1369751.0766660206,1099,66657020.39885569,1.4210854715202004e-12,0.0,52.69972154372065,52.69972154372065,51.12926984171777,198.17564087890332,0.0,0.0,0,0.0,0.0,0.0,1.0539944308744131,0.5164572711284624,0.0625,2026-09-16 00:15:58 UTC,Rapid seller exhaustion: 2h
1.75,0.00010418541266238548,0.9101965325929168,2263.182954953254,9.974222416234374,111.7189937774005,1377042.7433326873,1099,66515955.49267994,1.0231815394945443e-12,0.0,61.48300846767409,61.48300846767409,59.6508148153374,221.2255752733604,0.0,0.0,0,0.0,0.0,0.0,1.2296601693534819,0.6025334829832061,0.07291666666666667,2026-09-16 00:30:58 UTC,Rapid seller exhaustion: 2h
2.0,0.00010341287312323962,0.9034473842058954,2250.73681020923,9.90012939507365,111.7189937774005,1384334.409999354,1099,66394013.349266686,1.1368683772161603e-12,-1.4901161193847656e-08,70.26629539162754,70.26629539162754,68.17235978895702,242.19326499100407,0.0,0.0,0,0.0,0.0,0.0,1.4053259078325508,0.6886096948379499,0.08333333333333333,2026-09-16 00:45:58 UTC,Rapid seller exhaustion: 2h
2.25,0.00010274886288674089,0.8976463819405798,2240.1631018752205,9.836093544742749,111.7189937774005,1391626.0766660208,1099,66289571.80070173,1.1937117960769683e-12,0.0,79.04958231558098,79.04958231558098,76.69390476257665,261.28851829863333,0.0,0.0,0,0.0,0.0,0.0,1.5809916463116198,0.7746859066926937,0.09375,2026-09-16 01:00:58 UTC,Rapid seller exhaustion: 2h
2.5,0.00010218609656680319,0.8927298783727794,2231.2776821060143,9.78230418201293,111.7189937774005,1398917.7433326875,1099,66201145.49027031,1.7621459846850485e-12,-1.4901161193847656e-08,87.83286923953442,87.83286923953442,85.21544973619628,278.69548304145974,0.0,0.0,0,0.0,0.0,0.0,1.7566573847906888,0.8607621185474374,0.10416666666666667,2026-09-16 01:15:58 UTC,Rapid seller exhaustion: 2h
2.75,0.00010172106143910487,0.8886671852380261,2223.916843870822,9.737855471161984,111.7189937774005,1406209.4099993543,1099,66127377.95796798,1.8189894035458565e-12,-1.4901161193847656e-08,96.61615616348786,96.61615616348786,93.7369947098159,294.57786625027165,0.0,0.0,0,0.0,0.0,0.0,1.9323231232697577,0.9468383304021812,0.11458333333333333,2026-09-16 01:30:58 UTC,Rapid seller exhaustion: 2h
3.0,0.00010134387991830576,0.8853720088441679,2217.9342353273187,9.701803583152987,111.7189937774005,1413501.076666021,1099,66067015.59860175,1.4779288903810084e-12,0.0,105.3994430874413,105.3994430874413,102.25853968343553,309.0820197673943,0.0,0.0,0,0.0,0.0,0.0,2.1079888617488267,1.032914542256925,0.125,2026-09-16 01:45:58 UTC,Rapid seller exhaustion: 2h
3.25,0.00010104587282283146,0.8827685251312629,2213.1995629826297,9.673319150019957,111.7189937774005,1420792.7433326878,1099,66018908.17138691,1.9895196601282805e-12,0.0,114.18273001139474,114.18273001139474,110.78008465705516,322.33823708570344,0.0,0.0,0,0.0,0.0,0.0,2.2836546002278957,1.1189907541116688,0.13541666666666666,2026-09-16 02:00:58 UTC,Rapid seller exhaustion: 2h
3.5,0.0001008193881726835,0.8807898839954045,2209.5965525872075,9.651670921102658,111.7189937774005,1428084.4099993545,1099,65982000.79033348,2.1032064978498966e-12,0.0,122.96601693534818,122.96601693534818,119.30162963067478,334.46279245474534,0.0,0.0,0,0.0,0.0,0.0,2.4593203387069646,1.2050669659664126,0.14583333333333334,2026-09-16 02:15:58 UTC,Rapid seller exhaustion: 2h
3.75,0.00010065765620768847,0.8793769426825457,2207.0211769689668,9.636211920844834,111.7189937774005,1435376.0766660213,1099,65955326.091171436,2.1600499167107046e-12,1.4901161193847656e-08,131.74930385930162,131.74930385930162,127.82317460429441,345.5597130466058,0.0,0.0,0,0.0,0.0,0.0,2.6349860771860336,1.2911431778211564,0.15625,2026-09-16 02:30:58 UTC,Rapid seller exhaustion: 2h
4.0,0.00010055466830748172,0.8784772079953974,2205.380147439976,9.626367887621441,111.7189937774005,1442667.743332688,1099,65937997.03356383,2.2737367544323206e-12,0.0,140.53259078325507,140.53259078325507,136.34471957791405,355.72228754921616,0.0,0.0,0,0.0,0.0,0.0,2.8106518156651026,1.3772193896759002,0.16666666666666666,2026-09-16 02:45:58 UTC,Rapid seller exhaustion: 2h
4.25,0.00010050507534977038,0.8780439483192453,2204.5896236963586,9.621627567817063,111.7189937774005,1449959.4099993547,1099,65929200.288367264,2.7853275241795927e-12,-1.4901161193847656e-08,149.31587770720853,149.31587770720853,144.86626455153367,365.03435626645387,0.0,0.0,0,0.0,0.0,0.0,2.9863175541441715,1.463295601530644,0.17708333333333334,2026-09-16 03:00:58 UTC,Rapid seller exhaustion: 2h
4.5,0.00010050410196549925,0.8780354445281114,2204.574105764214,9.621534527279264,111.7189937774005,1457251.0766660215,1099,65928190.16346484,2.8421709430404007e-12,0.0,158.09916463116198,158.09916463116198,153.3878095251533,373.57141917221816,0.0,0.0,0,0.0,0.0,0.0,3.1619832926232405,1.5493718133853878,0.1875,2026-09-16 03:15:58 UTC,Rapid seller exhaustion: 2h
4.75,0.00010054747386402442,0.8784143550746148,2205.265478361411,9.625680210425312,111.7189937774005,1464542.7433326882,1099,65934283.02521394,2.9558577807620168e-12,-1.4901161193847656e-08,166.88245155511544,166.88245155511544,161.90935449877293,381.4015915486407,0.0,0.0,0,0.0,0.0,0.0,3.3376490311023095,1.6354480252401316,0.19791666666666666,2026-09-16 03:30:58 UTC,Rapid seller exhaustion: 2h
5.0,0.0001006313559587055,0.8791471754356835,2206.6021834609983,9.633698030424634,111.7189937774005,1471834.409999355,1099,65946852.175831705,3.069544618483633e-12,0.0,175.6657384790689,175.6657384790689,170.43089947239255,388.5864314226733,0.0,0.0,0,0.0,0.0,0.0,3.5133147695813784,1.7215242370948753,0.20833333333333334,2026-09-16 03:45:58 UTC,Rapid seller exhaustion: 2h
5.25,0.0001007522994607714,0.8802037759079278,2208.5285011691485,9.645258315635187,111.7189937774005,1479126.0766660217,1099,65965323.15009405,3.126388037344441e-12,0.0,184.44902540302235,184.44902540302235,178.95244444601218,395.18165868814276,0.0,0.0,0,0.0,0.0,0.0,3.6889805080604474,1.8076004489496191,0.21875,2026-09-16 04:00:58 UTC,Rapid seller exhaustion: 2h
5.5,0.000100907196454736,0.8815570047641834,2210.9939225065546,9.66006397037133,111.7189937774005,1486417.7433326885,1099,65989169.39756351,3.183231456205249e-12,-1.4901161193847656e-08,193.2323123269758,193.2323123269758,187.4739894196318,401.23778232435643,0.0,0.0,0,0.0,0.0,0.0,3.8646462465395164,1.893676660804363,0.22916666666666666,2026-09-16 04:15:58 UTC,Rapid seller exhaustion: 2h
5.75,0.00010109324074293797,0.8831823461790981,2213.9526004887794,9.677846734309751,111.7189937774005,1493709.4099993552,1099,66017908.31919613,3.296918293926865e-12,0.0,202.01559925092926,202.01559925092926,195.99553439325143,406.80064931575134,0.0,0.0,0,0.0,0.0,0.0,4.040311985018585,1.9797528726591067,0.23958333333333334,2026-09-16 04:30:58 UTC,Rapid seller exhaustion: 2h
6.0,0.00010130789396578373,0.8850576242449174,2217.36286817829,9.69836394569149,111.7189937774005,1501001.076666022,1099,66051097.62962207,3.410605131648481e-12,0.0,210.7988861748827,210.7988861748827,204.51707936687106,411.91192659986064,0.0,0.0,0,0.0,0.0,0.0,4.215977723497653,2.0658290845138505,0.25,2026-09-16 04:45:58 UTC,Rapid seller exhaustion: 2h
6.25,0.00010154885618002116,0.8871627459340309,2221.186814237189,9.72139573027181,111.7189937774005,1508292.7433326887,1099,66088332.01865874,3.467448550509289e-12,0.0,219.58217309883617,219.58217309883617,213.03862434049068,416.60952551458104,0.0,0.0,0,0.0,0.0,0.0,4.391643461976722,2.1519052963685943,0.2604166666666667,2026-09-16 05:00:58 UTC,Rapid seller exhaustion: 2h
6.5,0.00010181404021910528,0.8894794771030623,2225.3899080296446,9.746742551486058,111.7189937774005,1515584.4099993554,1099,66129240.087710485,3.524291969370097e-12,0.0,228.36546002278962,228.36546002278962,221.5601693141103,420.9279766957452,0.0,0.0,0,0.0,0.0,0.0,4.5673092004557905,2.237981508223338,0.2708333333333333,2026-09-16 05:15:58 UTC,Rapid seller exhaustion: 2h
6.75,0.00010210154927454786,0.8919912466364893,2229.940667572887,9.774223068265469,111.7189937774005,1522876.0766660222,1099,66173481.53864705,3.637978807091713e-12,-1.4901161193847656e-08,237.14874694674307,237.14874694674307,230.08171428772994,424.8987621261226,0.0,0.0,0,0.0,0.0,0.0,4.742974938934859,2.324057720078082,0.28125,2026-09-16 05:30:58 UTC,Rapid seller exhaustion: 2h
7.0,0.0001024096572305977,0.8946829746442251,2234.810364667702,9.803672255840178,111.7189937774005,1530167.743332689,1099,66220744.59454327,3.751665644813329e-12,0.0,245.93203387069653,245.93203387069653,238.60325926134956,428.5506100049274,0.0,0.0,0,0.0,0.0,0.0,4.9186406774139275,2.4101339319328257,0.2916666666666667,2026-09-16 05:45:58 UTC,Rapid seller exhaustion: 2h
7.25,0.00010273679136097587,0.8975409212948554,2239.9727623948215,9.834939752185054,111.7189937774005,1537459.4099993557,1099,66270743.6333157,3.353761712787673e-12,-1.4901161193847656e-08,254.71532079464998,254.71532079464998,247.1248042349692,431.909757251427,0.0,0.0,0,0.0,0.0,0.0,5.094306415892996,2.4962101437875694,0.3020833333333333,2026-09-16 06:00:58 UTC,Rapid seller exhaustion: 2h
7.5,0.00010308151992115912,0.9005525784179242,2245.4039259296896,9.867888672270974,111.7189937774005,1544751.0766660224,1099,66323217.45389098,3.865352482534945e-12,0.0,263.4986077186034,263.4986077186034,255.64634920858882,435.000138690179,0.0,0.0,0,0.0,0.0,0.0,5.269972154372065,2.5822863556423132,0.3125,2026-09-16 06:15:58 UTC,Rapid seller exhaustion: 2h
7.75,0.00010343426825767616,0.903634298829362,2251.082125269391,9.902203836714447,111.7189937774005,1552042.7433326892,1099,66377930.27905607,3.979039320256561e-12,-1.4901161193847656e-08,272.28189464255684,272.28189464255684,264.16789418220844,437.8434843240975,0.0,0.0,0,0.0,0.0,0.0,5.445637892851133,2.668362567497057,0.3229166666666667,2026-09-16 06:30:58 UTC,Rapid seller exhaustion: 2h
8.0,0.00010380048291145905,0.906833665223754,2256.9872606238123,9.937427436169896,111.7189937774005,1559334.409999356,1099,66434665.77736477,4.035882739117369e-12,-1.4901161193847656e-08,281.06518156651026,281.06518156651026,272.6894391558281,440.4598939432958,0.0,0.0,0,0.0,0.0,0.0,5.621303631330202,2.754438779351801,0.3333333333333333,2026-09-16 06:45:58 UTC,Rapid seller exhaustion: 2h
8.25,0.00010418031136530926,0.9101519660572392,2263.1009211707706,9.97373479132029,111.7189937774005,1566626.0766660227,1099,66493223.20782573,4.092726157978177e-12,0.0,289.8484684904637,289.8484684904637,281.21098412944775,442.86777836995725,0.0,0.0,0,0.0,0.0,0.0,5.79696936980927,2.8405149912065446,0.34375,2026-09-16 07:00:58 UTC,Rapid seller exhaustion: 2h
8.5,0.00010457277362472263,0.913580639789609,2269.40623781956,10.011249477231503,111.7189937774005,1573917.7433326894,1099,66553418.71005481,4.149569576838985e-12,0.0,298.6317554144171,298.6317554144171,289.7325291030674,445.0840066947876,0.0,0.0,0,0.0,0.0,0.0,5.972635108288339,2.9265912030612884,0.3541666666666667,2026-09-16 07:15:58 UTC,Rapid seller exhaustion: 2h
8.75,0.00010497697167848379,0.9171118411124506,2275.887746578927,10.049885625186262,111.7189937774005,1581209.4099993561,1099,66615083.93917687,4.661160346586257e-12,0.0,307.41504233837054,307.41504233837054,298.25407407668706,447.1240429090408,0.0,0.0,0,0.0,0.0,0.0,6.148300846767407,3.012667414916032,0.3645833333333333,2026-09-16 07:30:58 UTC,Rapid seller exhaustion: 2h
9.0,0.00010539208207416278,0.9207383760863501,2282.531265178155,10.089564495484305,111.7189937774005,1588501.076666023,1099,66678064.77552051,5.172751116333529e-12,-1.4901161193847656e-08,316.19832926232397,316.19832926232397,306.7756190503067,449.0020692834328,0.0,0.0,0,0.0,0.0,0.0,6.323966585246476,3.098743626770776,0.375,2026-09-16 07:45:58 UTC,Rapid seller exhaustion: 2h
9.25,0.00010581734924945698,0.9244536438813983,2289.323781488395,10.130213839897124,111.7189937774005,1595792.7433326896,1099,66742220.14126541,5.229594535194337e-12,0.0,324.9816161862774,324.9816161862774,315.29716402392637,450.7310979468125,0.0,0.0,0,0.0,0.0,0.0,6.499632323725544,3.1848198386255198,0.3854166666666667,2026-09-16 08:00:58 UTC,Rapid seller exhaustion: 2h
9.5,0.00010625207953076981,0.9282515843468867,2296.253352473821,10.171767327883508,111.7189937774005,1603084.4099993564,1099,66807420.915209346,5.286437954055145e-12,0.0,333.7649031102308,333.7649031102308,323.818708997546,452.3230719350063,0.0,0.0,0,0.0,0.0,0.0,6.675298062204613,3.2708960504802636,0.3958333333333333,2026-09-16 08:15:58 UTC,Rapid seller exhaustion: 2h
9.75,0.00010669563572233329,0.9321266307401804,2303.3090125586937,10.214164029268309,111.7189937774005,1610376.0766660231,1099,66873548.937546715,5.343281372915953e-12,0.0,342.54819003418424,342.54819003418424,332.3402539711657,453.7889568237533,0.0,0.0,0,0.0,0.0,0.0,6.850963800683681,3.3569722623350073,0.40625,2026-09-16 08:30:58 UTC,Rapid seller exhaustion: 2h
10.0,0.00010714743221930063,0.9360736670331582,2310.48069043104,10.257347946995418,111.7189937774005,1617667.7433326899,1099,66940496.097215936,5.4001247917767614e-12,0.0,351.33147695813767,351.33147695813767,340.86179894478533,455.1388239250268,0.0,0.0,0,0.0,0.0,0.0,7.02662953916275,3.443048474189751,0.4166666666666667,2026-09-16 08:45:58 UTC,Rapid seller exhaustion: 2h
10.25,0.00010760685305837948,0.9400873119767701,2317.75913444566,10.301266109925477,111.7189937774005,1624959.4099993566,1099,67008163.518889666,5.4569682106375694e-12,0.0,360.1147638820911,360.1147638820911,349.383343918405,456.3819248840264,0.0,0.0,0,0.0,0.0,0.0,7.202295277641818,3.529124686044495,0.4270833333333333,2026-09-16 09:00:58 UTC,Rapid seller exhaustion: 2h
10.5,0.0001080734241028362,0.9441634233633892,2325.1358420591055,10.345864668868881,111.7189937774005,1632251.0766660233,1099,67076460.813267894,5.5138116294983774e-12,0.0,368.8980508060445,368.8980508060445,357.90488889202464,457.52676224420065,0.0,0.0,0,0.0,0.0,0.0,7.377961016120887,3.6152008978992387,0.4375,2026-09-16 09:15:58 UTC,Rapid seller exhaustion: 2h
10.75,0.00010854674384600839,0.9482984935045341,2332.6029973761215,10.391104532197582,111.7189937774005,1639542.74333269,1099,67145305.27320231,5.5706550483591855e-12,0.0,377.68133772999795,377.68133772999795,366.4264338656443,458.58115190080434,0.0,0.0,0,0.0,0.0,0.0,7.553626754599955,3.7012771097539825,0.4479166666666667,2026-09-16 09:30:58 UTC,Rapid seller exhaustion: 2h
11.0,0.00010902639287555411,0.9524888582820754,2340.1534145350242,10.436948875860184,111.7189937774005,1646834.4099993568,1099,67214621.27973978,5.6274984672199935e-12,0.0,386.4646246539514,386.4646246539514,374.94797883926395,459.5522797155213,0.0,0.0,0,0.0,0.0,0.0,7.729292493079024,3.7873533216087263,0.4583333333333333,2026-09-16 09:45:58 UTC,Rapid seller exhaustion: 2h
11.25,0.00010951198062323726,0.9567311055690643,2347.7804857409187,10.483360769373284,111.7189937774005,1654126.0766660236,1099,67284339.71910694,5.6843418860808015e-12,1.4901161193847656e-08,395.2479115779048,395.2479115779048,383.4695238128836,460.44675348324654,0.0,0.0,0,0.0,0.0,0.0,7.904958231558092,3.87342953346347,0.46875,2026-09-16 10:00:58 UTC,Rapid seller exhaustion: 2h
11.5,0.00011000286848689848,0.961019656336188,2355.4781352904256,10.530296055250732,111.7189937774005,1661417.7433326903,1099,67354397.55077948,5.7411853049416095e-12,1.4901161193847656e-08,404.0311985018582,404.0311985018582,391.99106878650326,461.2706489073594,0.0,0.0,0,0.0,0.0,0.0,8.080623970037161,3.959505745318214,0.4791666666666667,2026-09-16 10:15:58 UTC,Rapid seller exhaustion: 2h
11.75,0.00011049901233594729,0.965354125044729,2363.2407719261614,10.577717144843078,111.7189937774005,1668709.409999357,1099,67424737.17243126,5.7980287238024175e-12,0.0,412.81448542581165,412.81448542581165,400.5126137601229,462.02955724524327,0.0,0.0,0,0.0,0.0,0.0,8.25628970851623,4.045581957172957,0.4895833333333333,2026-09-16 10:30:58 UTC,Rapid seller exhaustion: 2h
12.0,0.00011100011030141217,0.9697318744724103,2371.0632514035806,10.625609668121056,111.7189937774005,1676001.0766660238,1099,67495305.89970852,5.8548721426632255e-12,0.0,421.5977723497651,421.5977723497651,409.0341587337426,462.7286227414438,0.0,0.0,0,0.0,0.0,0.0,8.431955446995298,4.131658169027701,0.5,2026-09-16 10:45:58 UTC,Rapid seller exhaustion: 2h
12.25,0.00011150588413529453,0.9741504737572039,2378.940840076306,10.673948568264663,111.7189937774005,1683292.7433326906,1099,67566055.63740638,5.9117155615240335e-12,-1.4901161193847656e-08,430.3810592737185,430.3810592737185,417.5557037073622,463.3725790423382,0.0,0.0,0,0.0,0.0,0.0,8.607621185474366,4.217734380882445,0.5104166666666666,2026-09-16 11:00:58 UTC,Rapid seller exhaustion: 2h
12.5,0.00011201548482089055,0.9786025056221593,2386.8691848932376,10.7226974590165,111.7189937774005,1690584.4099993573,1099,67636942.63585442,5.9685589803848416e-12,-1.4901161193847656e-08,439.16434619767193,439.16434619767193,426.0772486809819,463.9657791990262,0.0,0.0,0,0.0,0.0,0.0,8.783286923953435,4.303810592737189,0.5208333333333334,2026-09-16 11:15:58 UTC,Rapid seller exhaustion: 2h
12.75,0.0001125288413650076,0.9830873498484175,2394.8442775008784,10.771783119213932,111.7189937774005,1697876.076666024,1099,67707927.34801622,6.0254023992456496e-12,-1.4901161193847656e-08,447.94763312162536,447.94763312162536,434.59879365460154,464.5122315650051,0.0,0.0,0,0.0,0.0,0.0,8.958952662432504,4.389886804591932,0.53125,2026-09-16 11:30:58 UTC,Rapid seller exhaustion: 2h
13.0,0.0001130461525947456,0.9876067434520568,2402.862426192904,10.821223549850282,111.7189937774005,1705167.7433326908,1099,67778973.3198144,6.0822458181064576e-12,0.0,456.7309200455788,456.7309200455788,443.1203386282212,465.0156278465993,0.0,0.0,0,0.0,0.0,0.0,9.134618400911572,4.475963016446676,0.5416666666666666,2026-09-16 11:45:58 UTC,Rapid seller exhaustion: 2h
13.25,0.00011356721759749842,0.9921589311973606,2410.920232401151,10.871022189400236,111.7189937774005,1712459.4099993575,1099,67850047.27839144,6.139089236967266e-12,0.0,465.5142069695322,465.5142069695322,451.64188360184085,465.4793666119717,0.0,0.0,0,0.0,0.0,0.0,9.31028413939064,4.56203922830142,0.5520833333333334,2026-09-16 12:00:58 UTC,Rapid seller exhaustion: 2h
13.5,0.00011409183120977762,0.9967421207115676,2419.014567221942,10.921161161153995,111.7189937774005,1719751.0766660243,1099,67921118.9181943,6.195932655828074e-12,0.0,474.29749389348564,474.29749389348564,460.1634285754605,465.9065767648008,0.0,0.0,0,0.0,0.0,0.0,9.48594987786971,4.648115440156164,0.5625,2026-09-16 12:15:58 UTC,Rapid seller exhaustion: 2h
13.75,0.0001146197736418442,1.0013543918423913,2427.1425498455433,10.971620028640736,111.7189937774005,1727042.743332691,1099,67992160.68718858,6.252776074688882e-12,0.0,483.08078081743906,483.08078081743906,468.68497354908015,466.3001391148191,0.0,0.0,0,0.0,0.0,0.0,9.661615616348778,4.7341916520109075,0.5729166666666666,2026-09-16 12:30:58 UTC,Rapid seller exhaustion: 2h
14.0,0.00011515095495164778,1.0059949588277917,2435.301527319184,11.022383932451303,111.7189937774005,1734334.4099993578,1099,68063147.49956258,6.30961949354969e-12,1.4901161193847656e-08,491.8640677413925,491.8640677413925,477.2065185226998,466.662706614798,0.0,0.0,0,0.0,0.0,0.0,9.837281354827846,4.820267863865651,0.5833333333333334,2026-09-16 12:45:58 UTC,Rapid seller exhaustion: 2h
14.25,0.00011568522952866829,1.0106625495684691,2443.48905658782,11.07344279864144,111.7189937774005,1741626.0766660245,1099,68134056.53342801,6.366462912410498e-12,1.4901161193847656e-08,500.6473546653459,500.6473546653459,485.72806349631946,466.99672231978184,0.0,0.0,0,0.0,0.0,0.0,10.012947093306915,4.906344075720395,0.59375,2026-09-16 13:00:58 UTC,Rapid seller exhaustion: 2h
14.5,0.00011622246298237181,1.0153559899864522,2451.7028877514094,11.124783860445687,111.7189937774005,1748917.7433326913,1099,68204867.05589987,6.423306331271306e-12,2.9802322387695312e-08,509.43064158929934,509.43064158929934,494.2496084699391,467.3044361298121,0.0,0.0,0,0.0,0.0,0.0,10.188612831785983,4.992420287575139,0.6041666666666666,2026-09-16 13:15:58 UTC,Rapid seller exhaustion: 2h
14.75,0.00011676248179394353,1.0200737641668003,2459.9409488028955,11.176393736541044,111.7189937774005,1756209.409999358,1099,68275560.26220258,6.480149750132114e-12,0.0,518.2139285132528,518.2139285132528,502.7711534435588,467.58792005194573,0.0,0.0,0,0.0,0.0,0.0,10.364278570265052,5.078496499429883,0.6145833333333334,2026-09-16 13:30:58 UTC,Rapid seller exhaustion: 2h
15.0,0.00011730521513627121,1.0248152533415853,2468.201331233741,11.228259723738947,111.7189937774005,1763501.0766660247,1099,68346119.10508896,6.536993168992922e-12,1.4901161193847656e-08,526.9972154372063,526.9972154372063,511.2926984171784,467.84908259472013,0.0,0.0,0,0.0,0.0,0.0,10.53994430874412,5.1645727112846265,0.625,2026-09-16 13:45:58 UTC,Rapid seller exhaustion: 2h
15.25,0.00011785056270724372,1.0295795812400184,2476.4822771577506,11.280374482598559,111.7189937774005,1770792.7433326915,1099,68416528.12298347,6.59383658785373e-12,1.4901161193847656e-08,535.7805023611597,535.7805023611597,519.8142433907981,468.0896816443301,0.0,0.0,0,0.0,0.0,0.0,10.715610047223189,5.25064892313937,0.6354166666666666,2026-09-16 14:00:58 UTC,Rapid seller exhaustion: 2h
15.5,0.00011839842692310986,1.0343658953397572,2484.7821673693293,11.332729146127376,111.7189937774005,1778084.4099993582,1099,68486773.32423139,6.707523425575346e-12,2.9802322387695312e-08,544.5637892851132,544.5637892851132,528.3357883644177,468.3113364063711,0.0,0.0,0,0.0,0.0,0.0,10.891275785702257,5.336725134994114,0.6458333333333334,2026-09-16 14:15:58 UTC,Rapid seller exhaustion: 2h
15.75,0.00011894842153468662,1.0391708212464594,2493.099510868978,11.385309215483353,111.7189937774005,1785376.076666025,1099,68556842.11905353,6.821210263296962e-12,4.470348358154297e-08,553.3470762090667,553.3470762090667,536.8573333380373,468.515537880342,0.0,0.0,0,0.0,0.0,0.0,11.066941524181326,5.422801346848858,0.65625,2026-09-16 14:30:58 UTC,Rapid seller exhaustion: 2h
16.0,0.00011950055005699563,1.0439943896684594,2501.432933945734,11.438081965603828,111.7189937774005,1792667.7433326917,1099,68626723.31525925,6.480149750132114e-12,2.9802322387695312e-08,562.1303631330202,562.1303631330202,545.3788783116569,468.7036597772053,0.0,0.0,0,0.0,0.0,0.0,11.242607262660394,5.508877558703602,0.6666666666666666,2026-09-16 14:45:58 UTC,Rapid seller exhaustion: 2h
16.25,0.00012005494192808204,1.0488377314172292,2509.781170802359,11.49105885484441,111.7189937774005,1799959.4099993585,1099,68696406.64985418,6.59383658785373e-12,2.9802322387695312e-08,570.9136500569737,570.9136500569737,553.9004232852765,468.8769678941999,0.0,0.0,0,0.0,0.0,0.0,11.418273001139463,5.594953770558345,0.6770833333333334,2026-09-16 15:00:58 UTC,Rapid seller exhaustion: 2h
16.5,0.00012061152627196104,1.0537002272978744,2518.1430553660584,11.54424464854238,111.7189937774005,1807251.0766660252,1099,68765882.86769791,6.707523425575346e-12,4.470348358154297e-08,579.6969369809271,579.6969369809271,562.4219682588961,469.0366283041203,0.0,0.0,0,0.0,0.0,0.0,11.593938739618531,5.681029982413089,0.6875,2026-09-16 15:15:58 UTC,Rapid seller exhaustion: 2h
16.75,0.00012116840562300991,1.058565300453939,2526.5175157051763,11.597616774953963,111.7189937774005,1814542.743332692,1099,68835143.81790704,6.821210263296962e-12,2.9802322387695312e-08,588.4802239048806,588.4802239048806,570.9435132325157,469.1837129386222,0.0,0.0,0,0.0,0.0,0.0,11.7696044780976,5.767106194267833,0.6979166666666666,2026-09-16 15:30:58 UTC,Rapid seller exhaustion: 2h
17.0,0.00012172230395660222,1.063404330503937,2534.9035673477015,11.650850965452888,111.7189937774005,1821834.4099993587,1099,68904184.81175415,6.934897101018578e-12,1.4901161193847656e-08,597.2635108288341,597.2635108288341,579.4650582061353,469.3192062697167,0.0,0.0,0,0.0,0.0,0.0,11.945270216576668,5.853182406122577,0.7083333333333334,2026-09-16 15:45:58 UTC,Rapid seller exhaustion: 2h
17.25,0.00012227817314454278,1.0682605785573787,2543.3002973575485,11.703976129948218,111.7189937774005,1829126.0766660254,1099,68973000.20137972,7.048583938740194e-12,1.4901161193847656e-08,606.0467977527876,606.0467977527876,587.9866031797549,469.44402123348937,0.0,0.0,0,0.0,0.0,0.0,12.120935955055737,5.939258617977321,0.71875,2026-09-16 16:00:58 UTC,Rapid seller exhaustion: 2h
17.5,0.0001228359621515996,1.0731335987544264,2551.7068647131186,11.757277868081987,111.7189937774005,1836417.7433326922,1099,69041584.00944936,6.707523425575346e-12,1.4901161193847656e-08,614.8300846767411,614.8300846767411,596.5081481533745,469.5589988515385,0.0,0.0,0,0.0,0.0,0.0,12.296601693534805,6.025334829832064,0.7291666666666666,2026-09-16 16:15:58 UTC,Rapid seller exhaustion: 2h
17.75,0.0001233956238502605,1.0780229793743117,2560.122494632863,11.810757961074719,111.7189937774005,1843709.409999359,1099,69109930.92141235,6.821210263296962e-12,1.4901161193847656e-08,623.6133716006946,623.6133716006946,605.0296931269941,469.66491390541387,0.0,0.0,0,0.0,0.0,0.0,12.472267432013874,6.111411041686808,0.7395833333333334,2026-09-16 16:30:58 UTC,Rapid seller exhaustion: 2h
18.0,0.00012395696328705057,1.0829270172421623,2568.546473470668,11.864407895483481,111.7189937774005,1851001.0766660257,1099,69178036.26631701,6.934897101018578e-12,1.4901161193847656e-08,632.396658524648,632.396658524648,613.5512381006137,469.7624800412286,0.0,0.0,0,0.0,0.0,0.0,12.647933170492943,6.197487253541552,0.75,2026-09-16 16:45:58 UTC,Rapid seller exhaustion: 2h
18.25,0.00012452006932441582,1.0878464886882548,2576.978143660579,11.918217896585347,111.7189937774005,1858292.7433326924,1099,69245895.94736286,6.59383658785373e-12,2.9802322387695312e-08,641.1799454486015,641.1799454486015,622.0727830742333,469.8523548249368,0.0,0.0,0,0.0,0.0,0.0,12.823598908972011,6.283563465396296,0.7604166666666666,2026-09-16 17:00:58 UTC,Rapid seller exhaustion: 2h
18.5,0.00012508492630571968,1.0927812569312885,2585.4168993964417,11.972192709578954,111.7189937774005,1865584.4099993592,1099,69313506.31689581,6.707523425575346e-12,2.9802322387695312e-08,649.963232372555,649.963232372555,630.5943280478529,469.9351440626938,0.0,0.0,0,0.0,0.0,0.0,12.99926464745108,6.3696396772510395,0.7708333333333334,2026-09-16 17:15:58 UTC,Rapid seller exhaustion: 2h
18.75,0.00012565149996636457,1.0977310226249615,2593.8621825693776,12.02633095278471,111.7189937774005,1872876.076666026,1099,69380864.1897857,6.366462912410498e-12,2.9802322387695312e-08,658.7465192965085,658.7465192965085,639.1158730214725,470.01140586337715,0.0,0.0,0,0.0,0.0,0.0,13.174930385930148,6.455715889105783,0.78125,2026-09-16 17:30:58 UTC,Rapid seller exhaustion: 2h
19.0,0.00012621973852109818,1.102695333357023,2602.313479021539,12.08062930074916,111.7189937774005,1880167.7433326927,1099,69447966.806777,6.480149750132114e-12,4.470348358154297e-08,667.529806220462,667.529806220462,647.637417995092,470.0816543848355,0.0,0.0,0,0.0,0.0,0.0,13.350596124409217,6.541792100960527,0.7916666666666666,2026-09-16 17:45:58 UTC,Rapid seller exhaustion: 2h
19.25,0.0001267896088725665,1.107673899978579,2610.7703150729735,12.135082828936719,111.7189937774005,1887459.4099993594,1099,69514811.8102896,6.59383658785373e-12,2.9802322387695312e-08,676.3130931444155,676.3130931444155,656.1589629687116,470.1463633070207,0.0,0.0,0,0.0,0.0,0.0,13.526261862888285,6.627868312815271,0.8020833333333334,2026-09-16 18:00:58 UTC,Rapid seller exhaustion: 2h
19.5,0.000127361107828716,1.1126666946028454,2619.2322543212167,12.18968988579451,111.7189937774005,1894751.0766660261,1099,69581397.1816335,6.707523425575346e-12,2.9802322387695312e-08,685.096380068369,685.096380068369,664.6805079423312,470.2059690323972,0.0,0.0,0,0.0,0.0,0.0,13.701927601367354,6.713944524670015,0.8125,2026-09-16 18:15:58 UTC,Rapid seller exhaustion: 2h
19.75,0.0001279342104697096,1.1176734995222883,2627.6988947194545,12.24444955973508,111.7189937774005,1902042.743332693,1099,69647721.22115543,6.821210263296962e-12,2.9802322387695312e-08,693.8796669923224,693.8796669923224,673.2020529159508,470.2608736077791,0.0,0.0,0,0.0,0.0,0.0,13.877593339846422,6.8000207365247585,0.8229166666666666,2026-09-16 18:30:58 UTC,Rapid seller exhaustion: 2h
20.0,0.0001285090083781116,1.1226951148309932,2636.169865811591,12.299359680576872,111.7189937774005,1909334.4099993596,1099,69713782.5227969,6.934897101018578e-12,4.470348358154297e-08,702.6629539162759,702.6629539162759,681.7235978895704,470.31144748926226,0.0,0.0,0,0.0,0.0,0.0,14.05325907832549,6.886096948379502,0.8333333333333334,2026-09-16 18:45:58 UTC,Rapid seller exhaustion: 2h
20.25,0.00012909824718157514,1.127842890340792,2644.644821737851,12.354837349164209,111.7189937774005,1916626.0766660264,1099,69779576.5437128,7.048583938740194e-12,4.470348358154297e-08,711.4462408402294,711.4462408402294,690.24514286319,470.35803653662197,0.0,0.0,0,0.0,0.0,0.0,14.22892481680456,6.972173160234246,0.84375,2026-09-16 19:00:58 UTC,Rapid seller exhaustion: 2h
20.5,0.00012968908990910582,1.1330046782356948,2653.1234488833297,12.411182510243306,111.7189937774005,1923917.7433326931,1099,69845099.19886263,7.16227077646181e-12,4.470348358154297e-08,720.2295277641829,720.2295277641829,698.7666878368096,470.40095436476304,0.0,0.0,0,0.0,0.0,0.0,14.404590555283628,7.05824937208899,0.8541666666666666,2026-09-16 19:15:58 UTC,Rapid seller exhaustion: 2h
20.75,0.00013028151810779115,1.1381803173052547,2661.605458291987,12.467779707513483,111.7189937774005,1931209.4099993599,1099,69910349.9059351,7.73070496506989e-12,4.470348358154297e-08,729.0128146881364,729.0128146881364,707.2882328104292,470.440489929726,0.0,0.0,0,0.0,0.0,0.0,14.580256293762696,7.144325583943734,0.8645833333333334,2026-09-16 19:30:58 UTC,Rapid seller exhaustion: 2h
21.0,0.00013087551473380804,1.1433696586492723,2670.090583728702,12.524526075289977,111.7189937774005,1938501.0766660266,1099,69975328.28508621,7.844391802791506e-12,4.470348358154297e-08,737.7961016120898,737.7961016120898,715.8097777840488,470.4769094666308,0.0,0.0,0,0.0,0.0,0.0,14.755922032241765,7.230401795798477,0.875,2026-09-16 19:45:58 UTC,Rapid seller exhaustion: 2h
21.25,0.00013147088911774236,1.1485710365197783,2678.5785799384826,12.581416710244211,111.7189937774005,1945792.7433326934,1099,70040034.16789947,7.958078640513122e-12,4.470348358154297e-08,746.5793885360433,746.5793885360433,724.3313227576684,470.5104582304698,0.0,0.0,0,0.0,0.0,0.0,14.931587770720833,7.316478007653221,0.8854166666666666,2026-09-16 20:00:58 UTC,Rapid seller exhaustion: 2h
21.5,0.00013206769486552938,1.1537849192350829,2687.0692209291287,12.638437440185129,111.7189937774005,1953084.40999936,1099,70104467.62717004,8.071765478234738e-12,5.960464477539063e-08,755.3626754599968,755.3626754599968,732.852867731288,470.54136221344334,0.0,0.0,0,0.0,0.0,0.0,15.107253509199902,7.402554219507965,0.8958333333333334,2026-09-16 20:15:58 UTC,Rapid seller exhaustion: 2h
21.75,0.000132666023978372,1.1590121105466296,2695.5622984549555,12.695595824882393,111.7189937774005,1960376.0766660268,1099,70168628.79527122,8.185452315956354e-12,5.960464477539063e-08,764.1459623839503,764.1459623839503,741.3744127049076,470.5698296612363,0.0,0.0,0,0.0,0.0,0.0,15.28291924767897,7.488630431362709,0.90625,2026-09-16 20:30:58 UTC,Rapid seller exhaustion: 2h
22.0,0.0001332658640574579,1.1642525021344952,2704.0576206490528,12.75289787741004,111.7189937774005,1967667.7433326936,1099,70232517.93312205,8.29913915367797e-12,5.960464477539063e-08,772.9292493079038,772.9292493079038,749.8959576785272,470.59605244075874,0.0,0.0,0,0.0,0.0,0.0,15.458584986158039,7.574706643217453,0.9166666666666666,2026-09-16 20:45:58 UTC,Rapid seller exhaustion: 2h
22.25,0.00013386772424008617,1.1695105419822536,2712.555010641537,12.810345656257013,111.7189937774005,1974959.4099993603,1099,70296135.40202251,8.412825991399586e-12,5.960464477539063e-08,781.7125362318573,781.7125362318573,758.4175026521468,470.62020742189407,0.0,0.0,0,0.0,0.0,0.0,15.634250724637107,7.660782855072196,0.9270833333333334,2026-09-16 21:00:58 UTC,Rapid seller exhaustion: 2h
22.5,0.0001344731863405302,1.1748000493168973,2721.0543052295043,12.868044029969706,111.7189937774005,1982251.076666027,1099,70359480.88266793,8.526512829121202e-12,7.450580596923828e-08,790.4958231558107,790.4958231558107,766.9390476257664,470.64245780754663,0.0,0.0,0,0.0,0.0,0.0,15.809916463116176,7.74685906692694,0.9375,2026-09-16 21:15:58 UTC,Rapid seller exhaustion: 2h
22.75,0.0001350801399726723,1.1801025871415602,2729.555354425882,12.926011608356665,111.7189937774005,1989542.7433326938,1099,70422554.59280723,9.094947017729282e-12,4.470348358154297e-08,799.2791100797642,799.2791100797642,775.460592599386,470.6629535847892,0.0,0.0,0,0.0,0.0,0.0,15.985582201595244,7.832935278781684,0.9479166666666666,2026-09-16 21:30:58 UTC,Rapid seller exhaustion: 2h
23.0,0.0001356885760830258,1.1854180763621356,2738.0580200409195,12.984130747193513,111.7189937774005,1996834.4099993606,1099,70485357.2454418,9.208633855450898e-12,4.470348358154297e-08,808.0623970037177,808.0623970037177,783.9821375730056,470.6818329433713,0.0,0.0,0,0.0,0.0,0.0,16.161247940074315,7.919011490636428,0.9583333333333334,2026-09-16 21:45:58 UTC,Rapid seller exhaustion: 2h
23.25,0.00013629848630986494,1.1907464439279565,2746.562174755213,13.042390004073667,111.7189937774005,2004126.0766660273,1099,70547889.63764907,9.777068044058979e-12,4.470348358154297e-08,816.8456839276712,816.8456839276712,792.5036825466252,470.6992232026978,0.0,0.0,0,0.0,0.0,0.0,16.336913678553383,8.00508770249117,0.96875,2026-09-16 22:00:58 UTC,Rapid seller exhaustion: 2h
23.5,0.00013691511246789837,1.1961334839809328,2755.0677006505575,13.100907023008462,111.7189937774005,2011417.743332694,1099,70610151.74002181,9.890754881780595e-12,4.470348358154297e-08,825.6289708516247,825.6289708516247,801.0252275202448,470.71524228097314,0.0,0.0,0,0.0,0.0,0.0,16.512579417032452,8.091163914345914,0.9791666666666666,2026-09-16 22:15:58 UTC,Rapid seller exhaustion: 2h
23.75,0.00013753495227536932,1.2015485994861266,2763.574489567386,13.159962847387702,111.7189937774005,2018709.4099993608,1099,70672142.33860779,1.000444171950221e-11,4.470348358154297e-08,834.4122577755782,834.4122577755782,809.5467724938644,470.7299983377643,0.0,0.0,0,0.0,0.0,0.0,16.68824515551152,8.177240126200658,0.9895833333333334,2026-09-16 22:30:58 UTC,Rapid seller exhaustion: 2h
24.0,0.00013815627704967355,1.2069766881286164,2772.08244205259,13.219306686866926,111.7189937774005,2026001.0766660275,1099,70733862.38043922,1.0118128557223827e-11,4.470348358154297e-08,843.1955446995316,843.1955446995316,818.068317467484,470.74359082618,0.0,0.0,0,0.0,0.0,0.0,16.86391089399059,8.263316338055402,1.0,2026-09-16 22:45:58 UTC,Rapid seller exhaustion: 2h
24.25,0.00013877908065093253,1.2124176962684916,2780.5914664740963,13.278791047835497,111.7189937774005,2033292.7433326943,1099,70795312.96460356,1.0231815394945443e-11,4.470348358154297e-08,851.9788316234851,851.9788316234851,826.5898624411036,470.75611137829355,0.0,0.0,0,0.0,0.0,0.0,17.039576632469657,8.349392549910146,1.0104166666666667,2026-09-16 23:00:58 UTC,Rapid seller exhaustion: 2h
24.5,0.00013940336970955534,1.2178716818310915,2789.1014784055383,13.338415499479465,111.7189937774005,2040584.409999361,1099,70856495.23812835,1.0800249583553523e-11,4.470348358154297e-08,860.7621185474386,860.7621185474386,835.1114074147232,470.7676444204717,0.0,0.0,0,0.0,0.0,0.0,17.215242370948726,8.43546876176489,1.0208333333333333,2026-09-16 23:15:58 UTC,Rapid seller exhaustion: 2h
24.75,0.00014002915343651288,1.2233387252863552,2797.6124000603368,13.398181178519616,111.7189937774005,2047876.0766660278,1099,70917410.3802541,1.0913936421275139e-11,2.9802322387695312e-08,869.5454054713921,869.5454054713921,843.6329523883428,470.7782677392929,0.0,0.0,0,0.0,0.0,0.0,17.390908109427794,8.521544973619633,1.03125,2026-09-16 23:30:58 UTC,Rapid seller exhaustion: 2h
25.0,0.00014065640042278558,1.2288185522352086,2806.1241597731887,13.458087613168646,111.7189937774005,2055167.7433326945,1099,70978059.61730121,1.1482370609883219e-11,2.9802322387695312e-08,878.3286923953456,878.3286923953456,852.1544973619624,470.78805300006115,0.0,0.0,0,0.0,0.0,0.0,17.566573847906863,8.607621185474377,1.0416666666666667,2026-09-16 23:45:58 UTC,Rapid seller exhaustion: 2h
25.25,0.00014128510620043346,1.2343111236443234,2814.6366915169374,13.51813275037114,111.7189937774005,2062459.4099993613,1099,71038444.21388096,1.2505552149377763e-11,2.9802322387695312e-08,887.111979319299,887.111979319299,860.676042335582,470.7970662299331,0.0,0.0,0,0.0,0.0,0.0,17.74223958638593,8.693697397329121,1.0520833333333333,2026-09-17 00:00:58 UTC,Rapid seller exhaustion: 2h
25.5,0.00014191526664303475,1.2398164034639807,2823.1499344595686,13.578316083861713,111.7189937774005,2069751.076666028,1099,71098565.46485451,1.261923898709938e-11,4.470348358154297e-08,895.8952662432525,895.8952662432525,869.1975873092016,470.80536826092157,0.0,0.0,0,0.0,0.0,0.0,17.917905324865,8.779773609183865,1.0625,2026-09-17 00:15:58 UTC,Rapid seller exhaustion: 2h
25.75,0.00014254691885316238,1.2453347158339274,2831.663832553778,13.638638233108718,111.7189937774005,2077042.7433326948,1099,71158424.68444386,1.2278178473934531e-11,4.470348358154297e-08,904.678553167206,904.678553167206,877.7191322828212,470.8130151403316,0.0,0.0,0,0.0,0.0,0.0,18.09357106334407,8.865849821038609,1.0729166666666667,2026-09-17 00:30:58 UTC,Rapid seller exhaustion: 2h
26.0,0.00014318002655271274,1.25086574381724,2840.178334165135,13.699100605101902,111.7189937774005,2084334.4099993615,1099,71218023.2043763,1.2391865311656147e-11,2.9802322387695312e-08,913.4618400911595,913.4618400911595,886.2406772564408,470.8200585025943,0.0,0.0,0,0.0,0.0,0.0,18.269236801823137,8.951926032893352,1.0833333333333333,2026-09-17 00:45:58 UTC,Rapid seller exhaustion: 2h
26.25,0.00014381457855621347,1.2564093896941138,2848.6933917236656,13.759701113572422,111.7189937774005,2091626.0766660282,1099,71277362.3894044,1.2960299500264227e-11,2.9802322387695312e-08,922.245127015113,922.245127015113,894.7622222300604,470.8265459176837,0.0,0.0,0,0.0,0.0,0.0,18.444902540302206,9.038002244748096,1.09375,2026-09-17 01:00:58 UTC,Rapid seller exhaustion: 2h
26.5,0.00014445057186171829,1.2619656272386026,2857.2089614039455,13.820438528280391,111.7189937774005,2098917.7433326948,1099,71336443.62187354,1.3073986337985843e-11,4.470348358154297e-08,931.0284139390665,931.0284139390665,903.28376720368,470.8325212110235,0.0,0.0,0,0.0,0.0,0.0,18.620568278781274,9.12407845660284,1.1041666666666667,2026-09-17 01:15:58 UTC,Rapid seller exhaustion: 2h
26.75,0.00014508800829550966,1.2675344724056838,2865.72500283056,13.881312622117202,111.7189937774005,2106209.4099993613,1099,71395268.29859453,1.318767317570746e-11,4.470348358154297e-08,939.81170086302,939.81170086302,911.8053121772996,470.83802475802895,0.0,0.0,0,0.0,0.0,0.0,18.796234017260343,9.210154668457584,1.1145833333333333,2026-09-17 01:30:58 UTC,Rapid seller exhaustion: 2h
27.0,0.00014572689072056815,1.2731159502072567,2874.2414788068727,13.942323737494966,111.7189937774005,2113501.076666028,1099,71453837.82489304,1.3301360013429075e-11,4.470348358154297e-08,948.5949877869734,948.5949877869734,920.3268571509192,470.84309375533576,0.0,0.0,0,0.0,0.0,0.0,18.97189975573941,9.296230880312327,1.125,2026-09-17 01:45:58 UTC,Rapid seller exhaustion: 2h
27.25,0.00014636720681576124,1.2787099530020318,2882.7583550656213,14.003471678688369,111.7189937774005,2120792.7433326943,1099,71512153.6192845,1.3415046851150692e-11,4.470348358154297e-08,957.3782747109269,957.3782747109269,928.8484021245388,470.8477624702068,0.0,0.0,0,0.0,0.0,0.0,19.14756549421848,9.382307092167071,1.1354166666666667,2026-09-17 02:00:58 UTC,Rapid seller exhaustion: 2h
27.5,0.0001470089543978031,1.2843164617161376,2891.2756000381737,14.064755632825717,111.7189937774005,2128084.409999361,1099,71570217.11002794,1.3528733688872308e-11,4.470348358154297e-08,966.1615616348804,966.1615616348804,937.3699470981584,470.85206247127417,0.0,0.0,0,0.0,0.0,0.0,19.323231232697548,9.468383304021815,1.1458333333333333,2026-09-17 02:15:58 UTC,Rapid seller exhaustion: 2h
27.75,0.00014765213145056106,1.2899354587360055,2899.7931846422944,14.126175346471937,111.7189937774005,2135376.0766660273,1099,71628029.73196977,1.3642420526593924e-11,4.470348358154297e-08,974.9448485588339,974.9448485588339,945.891492071778,470.8560228407732,0.0,0.0,0,0.0,0.0,0.0,19.498896971176617,9.554459515876559,1.15625,2026-09-17 02:30:58 UTC,Rapid seller exhaustion: 2h
28.0,0.000148296736112286,1.295566927796809,2908.3110820865736,14.187730638502726,111.7189937774005,2142667.743332694,1099,71685592.92493442,1.375610736431554e-11,4.470348358154297e-08,983.7281354827874,983.7281354827874,954.4130370453976,470.8596703701137,0.0,0.0,0,0.0,0.0,0.0,19.674562709655685,9.640535727731303,1.1666666666666667,2026-09-17 02:45:58 UTC,Rapid seller exhaustion: 2h
28.25,0.00014894276666381682,1.301210853879416,2916.8292676902224,14.249421341419074,111.7189937774005,2149959.4099993603,1099,71742908.13226001,1.3869794202037156e-11,4.470348358154297e-08,992.5114224067408,992.5114224067408,962.9345820190172,470.8630297400846,0.0,0.0,0,0.0,0.0,0.0,19.850228448134754,9.726611939586046,1.1770833333333333,2026-09-17 03:00:58 UTC,Rapid seller exhaustion: 2h
28.5,0.00014959022151768406,1.3068672231151948,2925.347718717021,14.311247300305372,111.7189937774005,2157251.076666027,1099,71799976.79946695,1.3983481039758772e-11,4.470348358154297e-08,1001.2947093306943,1001.2947093306943,971.4561269926368,470.86612368690567,0.0,0.0,0,0.0,0.0,0.0,20.025894186613822,9.81268815144079,1.1875,2026-09-17 03:15:58 UTC,Rapid seller exhaustion: 2h
28.75,0.00015023909920804421,1.3125360226980747,2933.866414222318,14.373208371869122,111.7189937774005,2164542.7433326934,1099,71856800.37304801,1.4097167877480388e-11,2.9802322387695312e-08,1010.0779962546478,1010.0779962546478,979.9776719662564,470.86897315522856,0.0,0.0,0,0.0,0.0,0.0,20.20155992509289,9.898764363295534,1.1979166666666667,2026-09-17 03:30:58 UTC,Rapid seller exhaustion: 2h
29.0,0.0001508894538797373,1.3182177256544076,2942.3853349110805,14.435304632124616,111.7189937774005,2171834.40999936,1099,71913380.2979275,1.375610736431554e-11,2.9802322387695312e-08,1018.8612831786013,1018.8612831786013,988.499216939876,470.8715974400852,0.0,0.0,0,0.0,0.0,0.0,20.37722566357196,9.984840575150278,1.2083333333333333,2026-09-17 03:45:58 UTC,Rapid seller exhaustion: 2h
29.25,0.00015154157570321244,1.3239148670044996,2950.904463004558,14.497549471295024,111.7189937774005,2179126.0766660264,1099,71969717.9267064,1.3869794202037156e-11,2.9802322387695312e-08,1027.6445701025548,1027.6445701025548,997.0207619134956,470.8740143202276,0.0,0.0,0,0.0,0.0,0.0,20.552891402051028,10.070916787005022,1.21875,2026-09-17 04:00:58 UTC,Rapid seller exhaustion: 2h
29.5,0.00015219511834711435,1.3296244210887047,2959.4237821313927,14.559949322745778,111.7189937774005,2186417.743332693,1099,72025814.6485035,1.3073986337985843e-11,1.4901161193847656e-08,1036.4278570265083,1036.4278570265083,1005.5423068871152,470.8762401670115,0.0,0.0,0,0.0,0.0,0.0,20.728557140530096,10.156992998859765,1.2291666666666667,2026-09-17 04:15:58 UTC,Rapid seller exhaustion: 2h
29.75,0.00015285008074541424,1.3353463785938604,2967.9432772108107,14.622488151763486,111.7189937774005,2193709.4099993594,1099,72081671.90559714,1.318767317570746e-11,1.4901161193847656e-08,1045.2111439504617,1045.2111439504617,1014.0638518607348,470.8782900612132,0.0,0.0,0,0.0,0.0,0.0,20.904222879009165,10.24306921071451,1.2395833333333333,2026-09-17 04:30:58 UTC,Rapid seller exhaustion: 2h
30.0,0.00015350646191382878,1.3410807309209585,2976.4629343510155,14.685161686748874,111.7189937774005,2201001.076666026,1099,72137291.13665858,1.3301360013429075e-11,0.0,1053.9944308744152,1053.9944308744152,1022.5853968343544,470.8801778946281,0.0,0.0,0,0.0,0.0,0.0,21.079888617488233,10.329145422569253,1.25,2026-09-17 04:45:58 UTC,Rapid seller exhaustion: 2h
30.25,0.00015416414265604375,1.3468264367335085,2984.9827407569114,14.747968312702104,111.7189937774005,2208292.7433326924,1099,72192673.78636876,1.3415046851150692e-11,0.0,1062.7777177983687,1062.7777177983687,1031.106941807974,470.8819164623519,0.0,0.0,0,0.0,0.0,0.0,21.255554355967302,10.415221634423997,1.2604166666666667,2026-09-17 05:00:58 UTC,Rapid seller exhaustion: 2h
30.5,0.0001548231136158849,1.3525834142930302,2993.502684642271,14.810898191396136,111.7189937774005,2215584.409999359,1099,72247821.3495775,1.3415046851150692e-11,1.4901161193847656e-08,1071.5610047223222,1071.5610047223222,1039.6284867815937,470.88351755061194,0.0,0.0,0,0.0,0.0,0.0,21.43122009444637,10.50129784627874,1.2708333333333333,2026-09-17 05:15:58 UTC,Rapid seller exhaustion: 2h
30.75,0.00015548349977634934,1.3583527554902943,3002.022755149017,14.873952585089778,111.7189937774005,2222876.0766660254,1099,72302735.26098862,1.3415046851150692e-11,1.4901161193847656e-08,1080.3442916462757,1080.3442916462757,1048.1500317552134,470.88499201748573,0.0,0.0,0,0.0,0.0,0.0,21.60688583292544,10.587374058133484,1.28125,2026-09-17 05:30:58 UTC,Rapid seller exhaustion: 2h
31.0,0.0001561453004224029,1.3641344540785378,3010.5429422755415,14.93714064178143,111.7189937774005,2230167.743332692,1099,72357416.93769975,1.3869794202037156e-11,1.4901161193847656e-08,1089.1275785702292,1089.1275785702292,1056.671576728833,470.88634986458146,0.0,0.0,0,0.0,0.0,0.0,21.782551571404507,10.673450269988228,1.2916666666666667,2026-09-17 05:45:58 UTC,Rapid seller exhaustion: 2h
31.25,0.00015680851489389378,1.3699285042904674,3019.06323680924,15.000462916985407,111.7189937774005,2237459.4099993585,1099,72411867.79047927,1.3869794202037156e-11,1.4901161193847656e-08,1097.9108654941826,1097.9108654941826,1065.1931217024528,470.8876003045025,0.0,0.0,0,0.0,0.0,0.0,21.958217309883576,10.759526481842972,1.3020833333333333,2026-09-17 06:00:58 UTC,Rapid seller exhaustion: 2h
31.5,0.0001574730752409483,1.3757343124946149,3027.583630264844,15.063917975813837,111.7189937774005,2244751.076666025,1099,72466089.23243907,1.3869794202037156e-11,2.9802322387695312e-08,1106.6941524181361,1106.6941524181361,1073.7146666760725,470.8887518225183,0.0,0.0,0,0.0,0.0,0.0,22.133883048362645,10.845602693697716,1.3125,2026-09-17 06:15:58 UTC,Rapid seller exhaustion: 2h
31.75,0.00015813902913519449,1.3815522951653163,3036.1041148262125,15.127502748875559,111.7189937774005,2252042.7433326915,1099,72520082.68023364,1.3869794202037156e-11,2.9802322387695312e-08,1115.4774393420896,1115.4774393420896,1082.2362116496922,470.8898122347696,0.0,0.0,0,0.0,0.0,0.0,22.309548786841713,10.93167890555246,1.3229166666666667,2026-09-17 06:30:58 UTC,Rapid seller exhaustion: 2h
32.0,0.00015880639479859103,1.3873826114953336,3044.6246832938764,15.191219093360832,111.7189937774005,2259334.409999358,1099,72573849.52379616,1.3869794202037156e-11,4.470348358154297e-08,1124.260726266043,1124.260726266043,1090.757756623312,470.8907887407254,0.0,0.0,0,0.0,0.0,0.0,22.48521452532078,11.017755117407203,1.3333333333333333,2026-09-17 06:45:58 UTC,Rapid seller exhaustion: 2h
32.25,0.0001594751717516241,1.3932252572954835,3053.145329036578,15.255069396222975,111.7189937774005,2266626.0766660245,1099,72627391.14469953,1.3869794202037156e-11,2.9802322387695312e-08,1133.0440131899966,1133.0440131899966,1099.2793015969316,470.8916879716435,0.0,0.0,0,0.0,0.0,0.0,22.66088026379985,11.103831329261947,1.34375,2026-09-17 07:00:58 UTC,Rapid seller exhaustion: 2h
32.5,0.00016014535955161807,1.399080228698412,3061.666045946484,15.319053617232335,111.7189937774005,2273917.743332691,1099,72680708.91662006,1.3415046851150692e-11,1.4901161193847656e-08,1141.82730011395,1141.82730011395,1107.8008465705514,470.89251603535695,0.0,0.0,0,0.0,0.0,0.0,22.83654600227892,11.18990754111669,1.3541666666666667,2026-09-17 07:15:58 UTC,Rapid seller exhaustion: 2h
32.75,0.00016081695778991155,1.4049475221339252,3070.186828397924,15.38317171409974,111.7189937774005,2281209.4099993575,1099,72733804.20512262,1.3415046851150692e-11,1.4901161193847656e-08,1150.6105870379035,1150.6105870379035,1116.322391544171,470.89327855753663,0.0,0.0,0,0.0,0.0,0.0,23.012211740757987,11.275983752971435,1.3645833333333333,2026-09-17 07:30:58 UTC,Rapid seller exhaustion: 2h
33.0,0.0001614899660892495,1.410827134306204,3078.7076712093767,15.44742364753818,111.7189937774005,2288501.076666024,1099,72786678.36747244,1.3415046851150692e-11,2.9802322387695312e-08,1159.393873961857,1159.393873961857,1124.8439365177908,470.89398071970345,0.0,0.0,0,0.0,0.0,0.0,23.187877479237056,11.362059964826178,1.375,2026-09-17 07:45:58 UTC,Rapid seller exhaustion: 2h
33.25,0.00016216438410137458,1.416719062172763,3087.2285696084496,15.511809381027255,111.7189937774005,2295792.7433326906,1099,72839332.75247143,1.3415046851150692e-11,2.9802322387695312e-08,1168.1771608858105,1168.1771608858105,1133.3654814914105,470.8946272942503,0.0,0.0,0,0.0,0.0,0.0,23.363543217716124,11.448136176680922,1.3854166666666667,2026-09-17 08:00:58 UTC,Rapid seller exhaustion: 2h
33.5,0.000162840211504803,1.4226233029250184,3095.7495191996195,15.576328880609825,111.7189937774005,2303084.409999357,1099,72891768.70031665,1.3415046851150692e-11,2.9802322387695312e-08,1176.960447809764,1176.960447809764,1141.8870264650302,470.8952226767001,0.0,0.0,0,0.0,0.0,0.0,23.539208956195193,11.534212388535666,1.3958333333333333,2026-09-17 08:15:58 UTC,Rapid seller exhaustion: 2h
33.75,0.00016351776417068386,1.4285426161126746,3104.270515933443,15.6409839760756,111.7189937774005,2310376.0766660236,1099,72943987.53064439,1.2960299500264227e-11,2.9802322387695312e-08,1185.7437347337175,1185.7437347337175,1150.40857143865,470.8957709164956,0.0,0.0,0,0.0,0.0,0.0,23.71487469467426,11.62028860039041,1.40625,2026-09-17 08:30:58 UTC,Rapid seller exhaustion: 2h
34.0,0.0001641977602368448,1.4344832756136563,3112.791556078298,15.705820579249433,111.7189937774005,2317667.74333269,1099,72995990.2754949,1.2050804798491299e-11,2.9802322387695312e-08,1194.527021657671,1194.527021657671,1158.9301164122696,470.8962757452596,0.0,0.0,0,0.0,0.0,0.0,23.89054043315333,11.706364812245154,1.4166666666666667,2026-09-17 08:45:58 UTC,Rapid seller exhaustion: 2h
34.25,0.00016487917046826872,1.4404362897071479,3121.3126362007747,15.770854823732952,111.7189937774005,2324959.4099993566,1099,73047778.12757161,1.2050804798491299e-11,1.4901161193847656e-08,1203.3103085816244,1203.3103085816244,1167.4516613858893,470.89674059640265,0.0,0.0,0,0.0,0.0,0.0,24.0662061716324,11.792441024099897,1.4270833333333333,2026-09-17 09:00:58 UTC,Rapid seller exhaustion: 2h
34.5,0.00016556199463115662,1.446401656350607,3129.833753138682,15.836038337442073,111.7189937774005,2332251.076666023,1099,73099352.3968572,1.2050804798491299e-11,2.9802322387695312e-08,1212.093595505578,1212.093595505578,1175.973206359509,470.89716863211515,0.0,0.0,0,0.0,0.0,0.0,24.241871910111467,11.878517235954641,1.4375,2026-09-17 09:15:58 UTC,Rapid seller exhaustion: 2h
34.75,0.0001662462325096963,1.4523793736586308,3138.35490397965,15.90135600738965,111.7189937774005,2339542.7433326896,1099,73150714.38422817,1.2050804798491299e-11,4.470348358154297e-08,1220.8768824295314,1220.8768824295314,1184.4947513331288,470.8975627647669,0.0,0.0,0,0.0,0.0,0.0,24.417537648590535,11.964593447809385,1.4479166666666667,2026-09-17 09:30:58 UTC,Rapid seller exhaustion: 2h
35.0,0.00016693194575981762,1.4583699802768142,3146.8760860412895,15.9668084176114,111.7189937774005,2346834.409999356,1099,73201865.3776366,1.2050804798491299e-11,2.9802322387695312e-08,1229.660169353485,1229.660169353485,1193.0162963067485,470.89792567674704,0.0,0.0,0,0.0,0.0,0.0,24.593203387069604,12.050669659664129,1.4583333333333333,2026-09-17 09:45:58 UTC,Rapid seller exhaustion: 2h
35.25,0.00016761916604266538,1.4643737528068757,3155.397296853132,16.03240118818466,111.7189937774005,2354126.0766660227,1099,73252806.62470292,1.2505552149377763e-11,2.9802322387695312e-08,1238.4434562774384,1238.4434562774384,1201.5378412803682,470.8982598385246,0.0,0.0,0,0.0,0.0,0.0,24.768869125548672,12.136745871518873,1.46875,2026-09-17 10:00:58 UTC,Rapid seller exhaustion: 2h
35.5,0.00016830780012664796,1.4703898767483086,3163.918534140147,16.098134895157187,111.7189937774005,2361417.743332689,1099,73303539.39073871,1.2505552149377763e-11,1.4901161193847656e-08,1247.2267432013919,1247.2267432013919,1210.059386253988,470.89856752512924,0.0,0.0,0,0.0,0.0,0.0,24.94453486402774,12.222822083373616,1.4791666666666667,2026-09-17 10:15:58 UTC,Rapid seller exhaustion: 2h
35.75,0.00016899784785508003,1.4764183507322606,3172.4397958071177,16.16400386201623,111.7189937774005,2368709.4099993557,1099,73354064.94045039,1.2505552149377763e-11,2.9802322387695312e-08,1256.0100301253453,1256.0100301253453,1218.5809312276076,470.8988508317784,0.0,0.0,0,0.0,0.0,0.0,25.12020060250681,12.30889829522836,1.4895833333333333,2026-09-17 10:30:58 UTC,Rapid seller exhaustion: 2h
36.0,0.00016968930908334054,1.4824591734952766,3180.9610799244415,16.230006947343675,111.7189937774005,2376001.076666022,1099,73404384.529322,1.2050804798491299e-11,0.0,1264.7933170492988,1264.7933170492988,1227.1024762012273,470.89911168807384,0.0,0.0,0,0.0,0.0,0.0,25.295866340985878,12.394974507083104,1.5,2026-09-17 10:45:58 UTC,Rapid seller exhaustion: 2h
36.25,0.00017038231665426705,1.4885135055941663,3189.4823847148714,16.29614578624052,111.7189937774005,2383292.7433326887,1099,73454499.39354838,1.2050804798491299e-11,-1.4901161193847656e-08,1273.5766039732523,1273.5766039732523,1235.624021174847,470.89935187126366,0.0,0.0,0,0.0,0.0,0.0,25.471532079464946,12.481050718937848,1.5104166666666667,2026-09-17 11:00:58 UTC,Rapid seller exhaustion: 2h
36.5,0.00017107686324943422,1.494581283092864,3198.003708541713,16.362429680820156,111.7189937774005,2390584.409999355,1099,73504410.7137126,1.2050804798491299e-11,-1.4901161193847656e-08,1282.3598908972058,1282.3598908972058,1244.1455661484667,470.8995730180418,0.0,0.0,0,0.0,0.0,0.0,25.647197817944015,12.567126930792591,1.5208333333333333,2026-09-17 11:15:58 UTC,Rapid seller exhaustion: 2h
36.75,0.00017177282402483626,1.5006614153148705,3206.5250498978603,16.428858329518114,111.7189937774005,2397876.0766660217,1099,73554119.70967497,1.1596057447604835e-11,-1.4901161193847656e-08,1291.1431778211593,1291.1431778211593,1252.6671111220865,470.8997766355137,0.0,0.0,0,0.0,0.0,0.0,25.822863556423084,12.653203142647335,1.53125,2026-09-17 11:30:58 UTC,Rapid seller exhaustion: 2h
37.0,0.0001724701988754909,1.5067539013430276,3215.0464073953844,16.495422486231618,111.7189937774005,2405167.743332688,1099,73603627.60105668,1.0686562745831907e-11,-1.4901161193847656e-08,1299.9264647451128,1299.9264647451128,1261.1886560957062,470.89996411160837,0.0,0.0,0,0.0,0.0,0.0,25.998529294902152,12.739279354502079,1.5416666666666667,2026-09-17 11:45:58 UTC,Rapid seller exhaustion: 2h
37.25,0.00017316898770450547,1.5128587403308502,3223.5677797561225,16.562120789438687,111.7189937774005,2412459.4099993547,1099,73652935.5983364,1.0686562745831907e-11,-1.4901161193847656e-08,1308.7097516690662,1308.7097516690662,1269.7102010693259,470.90013672449004,0.0,0.0,0,0.0,0.0,0.0,26.17419503338122,12.825355566356823,1.5520833333333333,2026-09-17 12:00:58 UTC,Rapid seller exhaustion: 2h
37.5,0.0001738648701006052,1.5189381878066206,3232.089165806955,16.628893565075742,111.7189937774005,2419751.0766660213,1099,73702045.25955148,1.0231815394945443e-11,-1.4901161193847656e-08,1317.4930385930197,1317.4930385930197,1278.2317460429456,470.90029564727683,0.0,0.0,0,0.0,0.0,0.0,26.34986077186029,12.911431778211567,1.5625,2026-09-17 12:15:58 UTC,Rapid seller exhaustion: 2h
37.75,0.0001745590781015337,1.5250030072395575,3240.610564465855,16.69548182276927,111.7189937774005,2427042.7433326878,1099,73750959.3146378,1.1141310096718371e-11,-1.4901161193847656e-08,1326.2763255169732,1326.2763255169732,1286.7532910165653,470.90044196199733,0.0,0.0,0,0.0,0.0,0.0,26.525526510339358,12.99750799006631,1.5729166666666667,2026-09-17 12:30:58 UTC,Rapid seller exhaustion: 2h
38.0,0.0001752546702086078,1.5310799186591004,3249.1319747336324,16.76191007691122,111.7189937774005,2434334.4099993543,1099,73799679.10222654,1.1141310096718371e-11,-2.9802322387695312e-08,1335.0596124409267,1335.0596124409267,1295.274835990185,470.9005766678397,0.0,0.0,0,0.0,0.0,0.0,26.701192248818426,13.083584201921054,1.5833333333333333,2026-09-17 12:45:58 UTC,Rapid seller exhaustion: 2h
38.25,0.00017595164635215052,1.5371689214565294,3257.653395690196,16.828436410217464,111.7189937774005,2441626.076666021,1099,73848205.77207628,1.0686562745831907e-11,-2.9802322387695312e-08,1343.8428993648802,1343.8428993648802,1303.7963809638047,470.9007006848956,0.0,0.0,0,0.0,0.0,0.0,26.876857987297495,13.169660413775798,1.59375,2026-09-17 13:00:58 UTC,Rapid seller exhaustion: 2h
38.5,0.0001766500064678631,1.5432700150701104,3266.174826488298,16.89509404401179,111.7189937774005,2448917.7433326873,1099,73896540.46530698,1.1141310096718371e-11,-1.4901161193847656e-08,1352.6261862888337,1352.6261862888337,1312.3179259374244,470.90081486041345,0.0,0.0,0,0.0,0.0,0.0,27.052523725776563,13.255736625630542,1.6041666666666667,2026-09-17 13:15:58 UTC,Rapid seller exhaustion: 2h
38.75,0.0001773455523929588,1.5493465230293653,3274.6962663502604,16.961829345171022,111.7189937774005,2456209.409999354,1099,73944684.62871997,1.1141310096718371e-11,-1.4901161193847656e-08,1361.4094732127871,1361.4094732127871,1320.8394709110441,470.9009199720708,0.0,0.0,0,0.0,0.0,0.0,27.22818946425563,13.341812837485286,1.6145833333333333,2026-09-17 13:30:58 UTC,Rapid seller exhaustion: 2h
39.0,0.0001780390516719013,1.555405150844131,3283.2177145591468,17.028379260497783,111.7189937774005,2463501.0766660203,1099,73992640.91810733,1.0231815394945443e-11,-2.9802322387695312e-08,1370.1927601367406,1370.1927601367406,1329.3610158846639,470.9010167368033,0.0,0.0,0,0.0,0.0,0.0,27.4038552027347,13.42788904934003,1.625,2026-09-17 13:45:58 UTC,Rapid seller exhaustion: 2h
39.25,0.0001787339048773033,1.5614756069862727,3291.7391704528045,17.09474999081139,111.7189937774005,2470792.743332687,1099,74040410.63271654,1.0231815394945443e-11,-1.4901161193847656e-08,1378.976047060694,1378.976047060694,1337.8825608582836,470.90110581676527,0.0,0.0,0,0.0,0.0,0.0,27.57952094121377,13.513965261194773,1.6354166666666667,2026-09-17 14:00:58 UTC,Rapid seller exhaustion: 2h
39.5,0.00017943011196296658,1.567557891052189,3300.2606334215516,17.161203362784775,111.7189937774005,2478084.4099993533,1099,74087994.85581176,1.0231815394945443e-11,-1.4901161193847656e-08,1387.7593339846476,1387.7593339846476,1346.4041058319033,470.9011878216379,0.0,0.0,0,0.0,0.0,0.0,27.755186679692837,13.600041473049517,1.6458333333333333,2026-09-17 14:15:58 UTC,Rapid seller exhaustion: 2h
39.75,0.00018012767288626445,1.5736520026694794,3308.7821029040247,17.227785177921128,111.7189937774005,2485376.07666602,1099,74135394.66255826,1.0231815394945443e-11,0.0,1396.542620908601,1396.542620908601,1354.925650805523,470.9012633127845,0.0,0.0,0,0.0,0.0,0.0,27.930852418171906,13.68611768490426,1.65625,2026-09-17 14:30:58 UTC,Rapid seller exhaustion: 2h
40.0,0.00018082659331799172,1.5797579913799908,3317.3035783833534,17.294495482906992,111.7189937774005,2492667.7433326864,1099,74182611.11976925,1.1141310096718371e-11,-1.4901161193847656e-08,1405.3259078325545,1405.3259078325545,1363.4471957791427,470.9013328070764,0.0,0.0,0,0.0,0.0,0.0,28.106518156650974,13.772193896759005,1.6666666666666667,2026-09-17 14:45:58 UTC,Rapid seller exhaustion: 2h
40.25,0.00018152687567848382,1.5858758783285352,3325.8250593836356,17.361334737449134,111.7189937774005,2499959.409999353,1099,74229645.28391019,1.1596057447604835e-11,-1.4901161193847656e-08,1414.109194756508,1414.109194756508,1371.9687407527624,470.9013967804144,0.0,0.0,0,0.0,0.0,0.0,28.282183895130043,13.858270108613748,1.6770833333333333,2026-09-17 15:00:58 UTC,Rapid seller exhaustion: 2h
40.5,0.0001822285118210598,1.5920055923431449,3334.346545466698,17.428303014365156,111.7189937774005,2507251.0766660194,1099,74276498.20559587,1.1141310096718371e-11,-1.4901161193847656e-08,1422.8924816804615,1422.8924816804615,1380.4902857263821,470.90145567097125,0.0,0.0,0,0.0,0.0,0.0,28.45784963360911,13.944346320468492,1.6875,2026-09-17 15:15:58 UTC,Rapid seller exhaustion: 2h
40.75,0.00018293150171482797,1.5981471331539407,3342.8680362291107,17.495399863800372,111.7189937774005,2514542.743332686,1099,74323170.92819047,1.1141310096718371e-11,0.0,1431.675768604415,1431.675768604415,1389.0118307000018,470.9015098821783,0.0,0.0,0,0.0,0.0,0.0,28.63351537208818,14.030422532323236,1.6979166666666667,2026-09-17 15:30:58 UTC,Rapid seller exhaustion: 2h
41.0,0.00018363584533128641,1.604300500511921,3351.3895312994273,17.562625130278967,111.7189937774005,2521834.4099993524,1099,74369664.48724093,1.1141310096718371e-11,0.0,1440.4590555283685,1440.4590555283685,1397.5333756736215,470.90155978548137,0.0,0.0,0,0.0,0.0,0.0,28.80918111056725,14.11649874417798,1.7083333333333333,2026-09-17 15:45:58 UTC,Rapid seller exhaustion: 2h
41.25,0.00018434155111443222,1.6104657681865,3359.9110303356574,17.62997885005271,111.7189937774005,2529126.076666019,1099,74415979.91030055,1.2050804798491299e-11,-1.4901161193847656e-08,1449.242342452322,1449.242342452322,1406.0549206472413,470.90160572287186,0.0,0.0,0,0.0,0.0,0.0,28.984846849046317,14.202574956032723,1.71875,2026-09-17 16:00:58 UTC,Rapid seller exhaustion: 2h
41.5,0.00018504864039450803,1.6166431225253861,3368.432533022924,17.697462161029396,111.7189937774005,2536417.7433326854,1099,74462118.2110409,1.2050804798491299e-11,0.0,1458.0256293762754,1458.0256293762754,1414.576465620861,470.901648009225,0.0,0.0,0,0.0,0.0,0.0,29.160512587525385,14.288651167887467,1.7291666666666667,2026-09-17 16:15:58 UTC,Rapid seller exhaustion: 2h
41.75,0.00018575708347075225,1.6228323040533847,3376.954039071333,17.76507556833329,111.7189937774005,2543709.409999352,1099,74508080.39910966,1.2050804798491299e-11,0.0,1466.808916300229,1466.808916300229,1423.0980105944807,470.9016869344355,0.0,0.0,0,0.0,0.0,0.0,29.336178326004454,14.374727379742211,1.7395833333333333,2026-09-17 16:30:58 UTC,Rapid seller exhaustion: 2h
42.0,0.0001864668803225139,1.6290333125900824,3385.4755482139853,17.832818109736767,111.7189937774005,2551001.0766660185,1099,74553867.47948991,1.2050804798491299e-11,1.4901161193847656e-08,1475.5922032241824,1475.5922032241824,1431.6195555681004,470.90172276540306,0.0,0.0,0,0.0,0.0,0.0,29.511844064483522,14.460803591596955,1.75,2026-09-17 16:45:58 UTC,Rapid seller exhaustion: 2h
42.25,0.00018717803093074104,1.6352461479690354,3393.9970602051526,17.900689056156015,111.7189937774005,2558292.743332685,1099,74599480.4496469,1.2505552149377763e-11,0.0,1484.375490148136,1484.375490148136,1440.14110054172,470.901755747856,0.0,0.0,0,0.0,0.0,0.0,29.68750980296259,14.546879803451699,1.7604166666666667,2026-09-17 17:00:58 UTC,Rapid seller exhaustion: 2h
42.5,0.00018789053527785705,1.6414708100366888,3402.5185748186004,17.968688402893708,111.7189937774005,2565584.4099993515,1099,74644920.29958922,1.2960299500264227e-11,0.0,1493.1587770720894,1493.1587770720894,1448.6626455153398,470.9017861080283,0.0,0.0,0,0.0,0.0,0.0,29.86317554144166,14.632956015306442,1.7708333333333333,2026-09-17 17:15:58 UTC,Rapid seller exhaustion: 2h
42.75,0.00018860442221389106,1.6477075508359709,3411.0400918460396,18.036816760641976,111.7189937774005,2572876.076666018,1099,74690188.00853899,1.2960299500264227e-11,1.4901161193847656e-08,1501.9420639960429,1501.9420639960429,1457.1841904889595,470.9018140542089,0.0,0.0,0,0.0,0.0,0.0,30.038841279920728,14.719032227161186,1.78125,2026-09-17 17:30:58 UTC,Rapid seller exhaustion: 2h
43.0,0.00018931966358965585,1.6539561244467287,3419.5616110957158,18.10507479344239,111.7189937774005,2580167.7433326845,1099,74735284.54814301,1.2960299500264227e-11,0.0,1510.7253509199963,1510.7253509199963,1465.7057354625792,470.9018397781524,0.0,0.0,0,0.0,0.0,0.0,30.214507018399797,14.80510843901593,1.7916666666666667,2026-09-17 17:45:58 UTC,Rapid seller exhaustion: 2h
43.25,0.00019003625877105944,1.6602165253293355,3428.0831323910875,18.1734621030116,111.7189937774005,2587459.409999351,1099,74780210.88648552,1.2050804798491299e-11,1.4901161193847656e-08,1519.5086378439498,1519.5086378439498,1474.227280436199,470.9018634563995,0.0,0.0,0,0.0,0.0,0.0,30.390172756878865,14.891184650870674,1.8020833333333333,2026-09-17 18:00:58 UTC,Rapid seller exhaustion: 2h
43.5,0.00019075420774537067,1.6664887533725674,3436.604655569627,18.241977834793943,111.7189937774005,2594751.0766660175,1099,74824967.98443994,1.2505552149377763e-11,1.4901161193847656e-08,1528.2919247679033,1528.2919247679033,1482.7488254098187,470.90188525148005,0.0,0.0,0,0.0,0.0,0.0,30.565838495357934,14.977260862725418,1.8125,2026-09-17 18:15:58 UTC,Rapid seller exhaustion: 2h
43.75,0.00019147351050084486,1.6727728084738198,3445.1261804817054,18.31062195571801,111.7189937774005,2602042.743332684,1099,74869556.79572847,1.2050804798491299e-11,0.0,1537.0752116918568,1537.0752116918568,1491.2703703834384,470.90190531302096,0.0,0.0,0,0.0,0.0,0.0,30.741504233837002,15.063337074580161,1.8229166666666667,2026-09-17 18:30:58 UTC,Rapid seller exhaustion: 2h
44.0,0.00019219433262277044,1.6790701372382506,3453.6477069895554,18.37939687914431,111.7189937774005,2609334.4099993506,1099,74913978.25390719,1.1596057447604835e-11,1.4901161193847656e-08,1545.8584986158103,1545.8584986158103,1499.791915357058,470.9019237787902,0.0,0.0,0,0.0,0.0,0.0,30.91716997231607,15.149413286434905,1.8333333333333333,2026-09-17 18:45:58 UTC,Rapid seller exhaustion: 2h
44.25,0.0001929165858855857,1.6853799688996047,3462.1692349663567,18.448310009518426,111.7189937774005,2616626.076666017,1099,74958233.25880188,1.1596057447604835e-11,1.4901161193847656e-08,1554.6417855397638,1554.6417855397638,1508.3134603306778,470.90194077560864,0.0,0.0,0,0.0,0.0,0.0,31.09283571079514,15.235489498289649,1.84375,2026-09-17 19:00:58 UTC,Rapid seller exhaustion: 2h
44.5,0.0001936401938087603,1.6917016352999152,3470.6907642953624,18.517360834273344,111.7189937774005,2623917.7433326836,1099,75002322.740861,1.1596057447604835e-11,1.4901161193847656e-08,1563.4250724637172,1563.4250724637172,1516.8350053042975,470.90195642022263,0.0,0.0,0,0.0,0.0,0.0,31.268501449274208,15.321565710144393,1.8541666666666667,2026-09-17 19:15:58 UTC,Rapid seller exhaustion: 2h
44.75,0.00019436515638378716,1.6980351363648616,3479.212294869098,18.586541685261686,111.7189937774005,2631209.40999935,1099,75046247.62642713,1.1596057447604835e-11,1.4901161193847656e-08,1572.2083593876707,1572.2083593876707,1525.3565502779172,470.9019708201067,0.0,0.0,0,0.0,0.0,0.0,31.444167187753276,15.407641921999137,1.8645833333333333,2026-09-17 19:30:58 UTC,Rapid seller exhaustion: 2h
45.0,0.00019509147360281893,1.7043804720258866,3487.733826588622,18.6558509915597,111.7189937774005,2638501.0766660166,1099,75090008.83498757,1.1596057447604835e-11,2.9802322387695312e-08,1580.9916463116242,1580.9916463116242,1533.878095251537,470.9019840742026,0.0,0.0,0,0.0,0.0,0.0,31.619832926232345,15.49371813385388,1.875,2026-09-17 19:45:58 UTC,Rapid seller exhaustion: 2h
45.25,0.00019581884085581025,1.7107349811138306,3496.2553593628677,18.72528659958196,111.7189937774005,2645792.743332683,1099,75133607.2906486,1.1596057447604835e-11,2.9802322387695312e-08,1589.7749332355777,1589.7749332355777,1542.3996402251566,470.9019962735765,0.0,0.0,0,0.0,0.0,0.0,31.795498664711413,15.579794345708624,1.8854166666666667,2026-09-17 20:00:58 UTC,Rapid seller exhaustion: 2h
45.5,0.00019654696131075485,1.7170960704109297,3504.776893108016,18.794821121410497,111.7189937774005,2653084.4099993496,1099,75177044.04409492,1.1596057447604835e-11,1.4901161193847656e-08,1598.5582201595312,1598.5582201595312,1550.9211851987764,470.90200750204804,0.0,0.0,0,0.0,0.0,0.0,31.971164403190482,15.665870557563368,1.8958333333333333,2026-09-17 20:15:58 UTC,Rapid seller exhaustion: 2h
45.75,0.0001972764330299933,1.723468964777889,3513.2984277468654,18.864446293370104,111.7189937774005,2660376.076666016,1099,75220320.03671297,1.1141310096718371e-11,2.9802322387695312e-08,1607.3415070834847,1607.3415070834847,1559.442730172396,470.9020178368178,0.0,0.0,0,0.0,0.0,0.0,32.146830141669554,15.751946769418112,1.90625,2026-09-17 20:30:58 UTC,Rapid seller exhaustion: 2h
46.0,0.00019800725600785052,1.7298536641651288,3521.8199632083515,18.934182840481725,111.7189937774005,2667667.7433326826,1099,75263436.15896343,1.0686562745831907e-11,2.9802322387695312e-08,1616.1247940074381,1616.1247940074381,1567.9642751460158,470.9020273489509,0.0,0.0,0,0.0,0.0,0.0,32.32249588014862,15.838022981272855,1.9166666666666667,2026-09-17 20:45:58 UTC,Rapid seller exhaustion: 2h
46.25,0.00019873943023909158,1.7362501685269156,3530.341499427053,19.00404750833728,111.7189937774005,2674959.409999349,1099,75306393.29477136,1.0686562745831907e-11,4.470348358154297e-08,1624.9080809313916,1624.9080809313916,1576.4858201196355,470.90203610386925,0.0,0.0,0,0.0,0.0,0.0,32.49816161862769,15.9240991931276,1.9270833333333333,2026-09-17 21:00:58 UTC,Rapid seller exhaustion: 2h
46.5,0.00019947295571888792,1.7426584778210652,3538.863036342746,19.074040293471448,111.7189937774005,2682251.0766660157,1099,75349192.32158385,1.1141310096718371e-11,4.470348358154297e-08,1633.691367855345,1633.691367855345,1585.0073650932552,470.9020441617963,0.0,0.0,0,0.0,0.0,0.0,32.67382735710676,16.01017540498234,1.9375,2026-09-17 21:15:58 UTC,Rapid seller exhaustion: 2h
46.75,0.00020020783244278578,1.7490785920086684,3547.384573899992,19.144161192458167,111.7189937774005,2689542.743332682,1099,75391834.11042711,1.1141310096718371e-11,4.470348358154297e-08,1642.4746547792986,1642.4746547792986,1593.528910066875,470.9020515781699,0.0,0.0,0,0.0,0.0,0.0,32.84949309558583,16.096251616837083,1.9479166666666667,2026-09-17 21:30:58 UTC,Rapid seller exhaustion: 2h
47.0,0.00020094406040667713,1.755510511053836,3555.9061120477572,19.21441020190005,111.7189937774005,2696834.4099993487,1099,75434319.5259632,1.1141310096718371e-11,2.9802322387695312e-08,1651.257941703252,1651.257941703252,1602.0504550404946,470.9020584040245,0.0,0.0,0,0.0,0.0,0.0,33.0251588340649,16.182327828691825,1.9583333333333333,2026-09-17 21:45:58 UTC,Rapid seller exhaustion: 2h
47.25,0.00020168163960677325,1.7619542349234687,3564.427650739066,19.28478731843058,111.7189937774005,2704126.076666015,1099,75476649.42654635,1.1596057447604835e-11,2.9802322387695312e-08,1660.0412286272056,1660.0412286272056,1610.5720000141143,470.90206468633596,0.0,0.0,0,0.0,0.0,0.0,33.200824572543965,16.268404040546567,1.96875,2026-09-17 22:00:58 UTC,Rapid seller exhaustion: 2h
47.5,0.00020242057003957948,1.768409763587036,3572.949189930675,19.355292538714565,111.7189937774005,2711417.7433326817,1099,75518824.66427867,1.2505552149377763e-11,2.9802322387695312e-08,1668.824515551159,1668.824515551159,1619.093544987734,470.9020704683476,0.0,0.0,0,0.0,0.0,0.0,33.37649031102303,16.35448025240131,1.9791666666666667,2026-09-17 22:15:58 UTC,Rapid seller exhaustion: 2h
47.75,0.00020316085170187252,1.774877097016378,3581.470729582777,19.425925859441513,111.7189937774005,2718709.409999348,1099,75560846.08506557,1.2960299500264227e-11,2.9802322387695312e-08,1677.6078024751125,1677.6078024751125,1627.6150899613538,470.90207578986565,0.0,0.0,0,0.0,0.0,0.0,33.5521560495021,16.44055646425605,1.9895833333333333,2026-09-17 22:30:58 UTC,Rapid seller exhaustion: 2h
48.0,0.00020390247402710056,1.781356142898775,3589.9922696587287,19.496687177781922,111.7189937774005,2726001.0766660147,1099,75602714.52917825,1.2505552149377763e-11,4.470348358154297e-08,1686.391089399066,1686.391089399066,1636.1366349349735,470.90208068753327,0.0,0.0,0,0.0,0.0,0.0,33.72782178798117,16.526632676110793,2.0,2026-09-17 22:45:58 UTC,Rapid seller exhaustion: 2h
0.0,0.00011446474352696986,1.0,2424.757715411276,10.9568034823675,111.7189937774005,1326001.07666602,1099,68015931.403879,0.0,0.0,0.0,0.0,0.0,0.0,0.0,0.0,0,0.0,0.0,0.0,0.0,0.0,0.0,2026-09-15 22:45:58 UTC,Demand fades too
0.25,0.0001122141924253821,0.9803384777509462,2389.9583091365753,10.741705109805775,111.7189937774005,1333292.7433326868,1099,67705038.38565706,-5.684341886080802e-14,1.4901161193847656e-08,8.657663573749344,8.657663573749344,8.399665199251613,43.199071473952245,0.0,0.0,0,0.0,0.0,0.0,0.17315327147498688,0.08484510302274358,0.010416666666666666,2026-09-15 23:00:58 UTC,Demand fades too
0.5,0.00011009747034388912,0.9618461279122883,2356.959618849647,10.539338916731044,111.7189937774005,1340584.4099993536,1099,67404425.54192752,-1.9895196601282805e-13,1.4901161193847656e-08,17.068860271408894,17.068860271408894,16.560208235320907,84.3583047969496,0.0,0.0,0,0.0,0.0,0.0,0.34137720542817784,0.16727483065980717,0.020833333333333332,2026-09-15 23:15:58 UTC,Demand fades too
0.75,0.00010810541044443343,0.9444428661036744,2325.6409773788896,10.348921935458401,111.7189937774005,1347876.0766660203,1099,67113728.6409109,-9.947598300641403e-14,1.4901161193847656e-08,25.240606526510902,25.240606526510902,24.488436452020878,123.60517448440714,0.0,0.0,0,0.0,0.0,0.0,0.504812130530218,0.24735794395980687,0.03125,2026-09-15 23:30:58 UTC,Demand fades too
1.0,0.00010622934921509552,0.9280530051601965,2295.8913844224885,10.169594671219865,111.7189937774005,1355167.743332687,1099,66832596.62553605,-1.7053025658242404e-13,2.9802322387695312e-08,33.179719028344856,33.179719028344856,32.19096340130018,161.05729439008746,0.0,0.0,0,0.0,0.0,0.0,0.6635943805668971,0.3251612464777796,0.041666666666666664,2026-09-15 23:45:58 UTC,Demand fades too
1.25,0.00010446082764948257,0.9126026445415466,2267.6089165687226,10.000548817468033,111.7189937774005,1362459.4099993538,1099,66560690.73958947,-5.684341886080802e-14,2.9802322387695312e-08,40.89282040828843,40.89282040828843,39.67421436012144,196.8230132026747,0.0,0.0,0,0.0,0.0,0.0,0.8178564081657687,0.40074964000122665,0.052083333333333336,2026-09-16 00:00:58 UTC,Demand fades too
1.5,0.00010278292805534478,0.8979439859674115,2240.7001689250296,9.839349480912242,111.7189937774005,1369751.0766660206,1099,66297684.70728547,-1.4210854715202004e-13,1.4901161193847656e-08,48.38634476425961,48.38634476425961,46.94443169028468,231.00197817653088,0.0,0.0,0,0.0,0.0,0.0,0.9677268952851923,0.4741861786897443,0.0625,2026-09-16 00:15:58 UTC,Demand fades too
1.75,0.00010116457928925621,0.8838055821565711,2215.0863812111324,9.684665501940481,111.7189937774005,1377042.7433326873,1099,66043266.71221175,5.684341886080802e-14,1.4901161193847656e-08,55.66654302789809,55.66654302789809,54.00768004566674,263.6790142458103,0.0,0.0,0,0.0,0.0,0.0,1.113330860557962,0.5455321216734014,0.07291666666666667,2026-09-16 00:30:58 UTC,Demand fades too
2.0,9.963528082823923e-05,0.870445149818236,2190.6930470739135,9.538487771123178,111.7189937774005,1384334.409999354,1099,65797160.06150593,-1.1368683772161603e-13,1.4901161193847656e-08,62.73948817895388,62.73948817895388,60.86985143122106,294.9345197685834,0.0,0.0,0,0.0,0.0,0.0,1.2547897635790775,0.614846984153748,0.08333333333333333,2026-09-16 00:45:58 UTC,Demand fades too
2.25,9.818862785131349e-05,0.8578067344219276,2167.445449562635,9.400204163995454,111.7189937774005,1391626.0766660208,1099,65559071.93521061,-5.115907697472721e-13,2.9802322387695312e-08,69.6110803112321,69.6110803112321,67.5366701179574,324.84893596659776,0.0,0.0,0,0.0,0.0,0.0,1.392221606224642,0.6821885870500747,0.09375,2026-09-16 01:00:58 UTC,Demand fades too
2.5,9.681844556655675e-05,0.8458363910433666,2145.2746640935848,9.269191557322728,111.7189937774005,1398917.7433326875,1099,65328720.42381854,-6.252776074688882e-13,2.9802322387695312e-08,76.28705155432024,76.28705155432024,74.01369741800151,353.4967487356921,0.0,0.0,0,0.0,0.0,0.0,1.5257410310864046,0.7476131052323384,0.10416666666666667,2026-09-16 01:15:58 UTC,Demand fades too
2.75,9.551861195822828e-05,0.8344806358275939,2124.1172512350186,9.144935636546466,111.7189937774005,1406209.4099993543,1099,65105834.39716177,-7.958078640513122e-13,2.9802322387695312e-08,82.77297085520328,82.77297085520328,80.30633632371823,380.94680049997487,0.0,0.0,0,0.0,0.0,0.0,1.6554594171040653,0.8111751143809921,0.11458333333333333,2026-09-16 01:30:58 UTC,Demand fades too
3.0,9.428562469438453e-05,0.8237088713012248,2103.914443360522,9.027066266685514,111.7189937774005,1413501.076666021,1099,64890153.845754474,-8.526512829121202e-13,4.470348358154297e-08,89.07424862375584,89.07424862375584,86.41983601476791,407.263108065521,0.0,0.0,0,0.0,0.0,0.0,1.7814849724751163,0.8729276365128071,0.125,2026-09-16 01:45:58 UTC,Demand fades too
3.25,9.311502781229272e-05,0.8134821687723716,2084.6115900152136,8.915155761918003,111.7189937774005,1420792.7433326878,1099,64681427.58520843,-1.4779288903810084e-12,4.470348358154297e-08,95.19614124598577,95.19614124598577,92.35929623685539,432.5054216329163,0.0,0.0,0,0.0,0.0,0.0,1.9039228249197149,0.9329221842106604,0.13541666666666666,2026-09-16 02:00:58 UTC,Demand fades too
3.5,9.200269302344601e-05,0.8037644622142415,2066.158001321722,8.80881443102567,111.7189937774005,1428084.4099993545,1099,64479413.913534954,-1.3642420526593924e-12,4.470348358154297e-08,101.14375546879475,101.14375546879475,98.12967155582466,456.7293856453771,0.0,0.0,0,0.0,0.0,0.0,2.0228751093758945,0.9912088035941884,0.14583333333333334,2026-09-16 02:15:58 UTC,Demand fades too
3.75,9.094496556291038e-05,0.7945238224509032,2048.5065865561082,8.707691013752289,111.7189937774005,1435376.0766660213,1099,64283880.29560775,-6.821210263296962e-13,4.470348358154297e-08,106.92205265991315,106.92205265991315,103.73577549064773,479.98690434581476,0.0,0.0,0,0.0,0.0,0.0,2.1384410531982625,1.0478361160671488,0.15625,2026-09-16 02:30:58 UTC,Demand fades too
4.0,8.993840838366395e-05,0.7857302223585808,2031.613532946341,8.611457177684128,111.7189937774005,1442667.743332688,1099,64094602.89077623,-5.115907697472721e-13,2.9802322387695312e-08,112.53585294656283,112.53585294656283,109.18228452875525,502.3264669936898,0.0,0.0,0,0.0,0.0,0.0,2.250717058931256,1.1028513588763156,0.16666666666666666,2026-09-16 02:45:58 UTC,Demand fades too
4.25,8.897984212037017e-05,0.7773558860017451,2015.4380390277133,8.519809117481392,111.7189937774005,1449959.4099993547,1099,63911366.26398567,-4.547473508864641e-13,4.470348358154297e-08,117.98983923630026,117.98983923630026,114.47374202705849,523.7934184106207,0.0,0.0,0,0.0,0.0,0.0,2.359796784726005,1.1563004245157424,0.17708333333333334,2026-09-16 03:00:58 UTC,Demand fades too
4.5,8.806635554174473e-05,0.7693753799482789,1999.9420639308494,8.43246514350909,111.7189937774005,1457251.0766660215,1099,63733963.06042309,-3.410605131648481e-13,2.9802322387695312e-08,123.28856112339403,123.28856112339403,119.61456200191688,544.4302134823431,0.0,0.0,0,0.0,0.0,0.0,2.4657712224678807,1.2082278990092614,0.1875,2026-09-16 03:15:58 UTC,Demand fades too
4.75,8.719495888539458e-05,0.7617625846936,1985.09011554083,8.349141732993646,111.7189937774005,1464542.7433326882,1099,63562193.67540048,-2.2737367544323206e-13,2.9802322387695312e-08,128.4364386839953,128.4364386839953,124.60903281121223,564.2766326816579,0.0,0.0,0,0.0,0.0,0.0,2.568728773679906,1.258677099103154,0.19791666666666666,2026-09-16 03:30:58 UTC,Demand fades too
5.0,8.636339635139832e-05,0.7544977928601186,1970.849058763385,8.269631670544763,111.7189937774005,1471834.409999355,1099,63395866.09166871,-4.547473508864641e-13,2.9802322387695312e-08,133.43776616326738,133.43776616326738,129.461320731602,583.3699773794924,0.0,0.0,0,0.0,0.0,0.0,2.668755323265348,1.3076901084000205,0.20833333333333334,2026-09-16 03:45:58 UTC,Demand fades too
5.25,8.55694361566346e-05,0.7475615068885642,1957.1878481211643,8.193715422212735,111.7189937774005,1479126.0766660217,1099,63234795.36210819,-4.547473508864641e-13,2.9802322387695312e-08,138.29671555754945,138.29671555754945,134.17547343393446,601.7453407240457,0.0,0.0,0,0.0,0.0,0.0,2.765934311150989,1.3553078124639848,0.21875,2026-09-16 04:00:58 UTC,Demand fades too
5.5,8.481093280085443e-05,0.7409349830139751,1944.0774019565752,8.121187975382286,111.7189937774005,1486417.7433326885,1099,63078803.30797354,-3.410605131648481e-13,4.470348358154297e-08,143.01734009454344,143.01734009454344,138.75542335972602,619.4357368144265,0.0,0.0,0,0.0,0.0,0.0,2.860346801890869,1.4015699329265259,0.22916666666666666,2026-09-16 04:15:58 UTC,Demand fades too
5.75,8.408587042373831e-05,0.7346006100465882,1931.4904601835165,8.05185544102554,111.7189937774005,1493709.4099993552,1099,62927718.338525616,-6.821210263296962e-13,2.9802322387695312e-08,147.60357761442657,147.60357761442657,143.20499100151662,636.4722462292755,0.0,0.0,0,0.0,0.0,0.0,2.9520715522885315,1.4465150606213804,0.23958333333333334,2026-09-16 04:30:58 UTC,Demand fades too
6.0,8.339239726244454e-05,0.7285422104038163,1919.401449589823,7.985543786585611,111.7189937774005,1501001.076666022,1099,62781375.19715886,-4.547473508864641e-13,2.9802322387695312e-08,152.0592538547101,152.0592538547101,147.5278880898397,652.8841539112923,0.0,0.0,0,0.0,0.0,0.0,3.0411850770942026,1.4901806877761592,0.25,2026-09-16 04:45:58 UTC,Demand fades too
6.25,8.272881422461935e-05,0.7227449402804718,1907.7863484076756,7.922089207640085,111.7189937774005,1508292.7433326887,1099,62639614.70935864,-6.821210263296962e-13,2.9802322387695312e-08,156.38808564158475,156.38808564158475,151.72772068946549,668.6990876930652,0.0,0.0,0,0.0,0.0,0.0,3.127761712831696,1.5326032392875308,0.2604166666666667,2026-09-16 05:00:58 UTC,Demand fades too
6.5,8.209351412376719e-05,0.71719475878985,1896.622572555019,7.8613381550148524,111.7189937774005,1515584.4099993554,1099,62502283.510217525,-4.547473508864641e-13,2.9802322387695312e-08,160.59368399041455,160.59368399041455,155.80799220750015,683.9431350637567,0.0,0.0,0,0.0,0.0,0.0,3.2118736798082916,1.5738181031060627,0.2708333333333333,2026-09-16 05:15:58 UTC,Demand fades too
6.75,8.148499756543269e-05,0.7118785667504111,1885.8888732424978,7.803147372452704,111.7189937774005,1522876.0766660222,1099,62369233.83336376,-4.547473508864641e-13,2.9802322387695312e-08,164.67955711796554,164.67955711796554,159.77210631585012,698.6409484846279,0.0,0.0,0,0.0,0.0,0.0,3.2935911423593116,1.6138596597560626,0.28125,2026-09-16 05:30:58 UTC,Demand fades too
7.0,8.09018642205622e-05,0.7067841304471217,1875.565240856165,7.7473830637606875,111.7189937774005,1530167.743332689,1099,62240323.28836014,-2.2737367544323206e-13,1.4901161193847656e-08,168.6491133688825,168.6491133688825,163.62336979048976,712.8158443456005,0.0,0.0,0,0.0,0.0,0.0,3.3729822673776506,1.6527613110150488,0.2916666666666667,2026-09-16 05:45:58 UTC,Demand fades too
7.25,8.034280492218058e-05,0.7019000125855385,1865.6328169918322,7.693920138480095,111.7189937774005,1537459.4099993557,1099,62115414.64731883,0.0,1.4901161193847656e-08,172.5056640588543,172.5056640588543,167.36499526990042,726.4898936893442,0.0,0.0,0,0.0,0.0,0.0,3.450113281177087,1.6905555077767724,0.3020833333333333,2026-09-16 06:00:58 UTC,Demand fades too
7.5,7.980659449715818e-05,0.6972155096678688,1856.0738138483218,7.6426407138950045,111.7189937774005,1544751.0766660224,1099,61994375.64038332,-2.2737367544323206e-13,2.9802322387695312e-08,176.25242623683988,176.25242623683988,171.00010393498204,739.6840054979359,0.0,0.0,0,0.0,0.0,0.0,3.5250485247367984,1.7272737771210311,0.3125,2026-09-16 06:15:58 UTC,Demand fades too
7.75,7.929201253162488e-05,0.6927199597747085,1846.871442127651,7.593423855792409,111.7189937774005,1552042.7433326892,1099,61877078.759735614,-3.410605131648481e-13,2.9802322387695312e-08,179.89252536865914,179.89252536865914,174.53172811267305,752.4180013962975,0.0,0.0,0,0.0,0.0,0.0,3.5978505073731832,1.7629467486128596,0.3229166666666667,2026-09-16 06:30:58 UTC,Demand fades too
8.0,7.879797049366793e-05,0.6884038531489111,1838.0098545183896,7.546176669031959,111.7189937774005,1559334.409999356,1099,61763401.09458534,-4.547473508864641e-13,2.9802322387695312e-08,183.42899794418705,183.42899794418705,177.96281380545022,764.7106746983361,0.0,0.0,0,0.0,0.0,0.0,3.6685799588837416,1.7976041798530331,0.3333333333333333,2026-09-16 06:45:58 UTC,Demand fades too
8.25,7.832355159243936e-05,0.6842591804172871,1829.4740606914409,7.500805517111332,111.7189937774005,1566626.0766660227,1099,61653224.16759906,-4.547473508864641e-13,1.4901161193847656e-08,186.86479401032616,186.86479401032616,181.2962231488184,776.579877868653,0.0,0.0,0,0.0,0.0,0.0,3.7372958802065237,1.8312749813011964,0.34375,2026-09-16 07:00:58 UTC,Demand fades too
8.5,7.786779837948971e-05,0.6802775770090528,1821.249870803303,7.457216768547764,111.7189937774005,1573917.7433326894,1099,61546433.654301114,-2.2737367544323206e-13,1.4901161193847656e-08,190.20277963187024,190.20277963187024,184.53473679884044,788.042581406813,0.0,0.0,0,0.0,0.0,0.0,3.804055592637405,1.8639872403923283,0.3541666666666667,2026-09-16 07:15:58 UTC,Demand fades too
8.75,7.742978747278114e-05,0.6764509759683107,1813.323854082527,7.415326544982715,111.7189937774005,1581209.4099993561,1099,61442919.288331844,-1.1368683772161603e-13,1.4901161193847656e-08,193.44573928231173,193.44573928231173,187.68105625169878,799.1149175804476,0.0,0.0,0,0.0,0.0,0.0,3.868914785646235,1.895768244966655,0.3645833333333333,2026-09-16 07:30:58 UTC,Demand fades too
9.0,7.700872063939637e-05,0.6727724036812418,1805.6832865485205,7.375056352301098,111.7189937774005,1588501.076666023,1099,61342574.72315349,1.1368683772161603e-13,1.4901161193847656e-08,196.59637816658804,196.59637816658804,190.73780609722363,809.8122349599792,0.0,0.0,0,0.0,0.0,0.0,3.9319275633317607,1.9266445060325628,0.375,2026-09-16 07:45:58 UTC,Demand fades too
9.25,7.660380693308265e-05,0.6692349501926196,1798.3161025398933,7.3363301062007436,111.7189937774005,1595792.7433326896,1099,61245297.337306194,0.0,1.4901161193847656e-08,199.657324477703,199.657324477703,193.70753620826736,820.14914907965,0.0,0.0,0,0.0,0.0,0.0,3.9931464895540603,1.9566417798814895,0.3854166666666667,2026-09-16 08:00:58 UTC,Demand fades too
9.5,7.621428322961551e-05,0.6658319486092075,1791.2108567750654,7.299074464597384,111.7189937774005,1603084.4099993564,1099,61150988.10998817,1.1368683772161603e-13,1.4901161193847656e-08,202.6311315891075,202.6311315891075,196.59272386775197,830.1395825039626,0.0,0.0,0,0.0,0.0,0.0,4.05262263178215,1.9857850895732532,0.3958333333333333,2026-09-16 08:15:58 UTC,Demand fades too
9.75,7.583944630175042e-05,0.6625572553166237,1784.356687803051,7.263224510326317,111.7189937774005,1610376.0766660231,1099,61059551.48847072,4.547473508864641e-13,2.9802322387695312e-08,205.5202801846667,205.5202801846667,199.3957758351635,839.7968034433889,0.0,0.0,0,0.0,0.0,0.0,4.110405603693334,2.0140987458097332,0.40625,2026-09-16 08:30:58 UTC,Demand fades too
10.0,7.5478651794952e-05,0.6594052410309899,1777.7432780173363,7.228717255544573,111.7189937774005,1617667.7433326899,1099,60970895.256560154,6.821210263296962e-13,2.9802322387695312e-08,208.32718032799156,208.32718032799156,202.11903035421727,849.1334677481577,0.0,0.0,0,0.0,0.0,0.0,4.166543606559831,2.041606367214317,0.4166666666666667,2026-09-16 08:45:58 UTC,Demand fades too
10.25,7.51312726230339e-05,0.6563704273301558,1771.3608207686686,7.195492761369683,111.7189937774005,1624959.4099993566,1099,60884930.386939354,5.684341886080801e-13,1.4901161193847656e-08,211.05417347286027,211.05417347286027,204.7647591033689,858.1616537459768,0.0,0.0,0,0.0,0.0,0.0,4.221083469457205,2.0683309000340304,0.4270833333333333,2026-09-16 09:00:58 UTC,Demand fades too
10.5,7.479671598686578e-05,0.6534476353344765,1765.1999910233503,7.1634943648050164,111.7189937774005,1632251.0766660233,1099,60801570.932036735,5.684341886080801e-13,2.9802322387695312e-08,213.70353441640714,213.70353441640714,207.33516909079808,866.8928934787243,0.0,0.0,0,0.0,0.0,0.0,4.274070688328142,2.0942946372807896,0.4375,2026-09-16 09:15:58 UTC,Demand fades too
10.75,7.447442110662966e-05,0.6506319658950899,1759.2519167272571,7.132668462170934,111.7189937774005,1639542.74333269,1099,60720733.90674557,7.958078640513122e-13,1.4901161193847656e-08,216.2774731967078,216.2774731967078,209.8324044954458,875.3382031794654,0.0,0.0,0,0.0,0.0,0.0,4.325549463934156,2.119519237327736,0.4479166666666667,2026-09-16 09:30:58 UTC,Demand fades too
11.0,7.416385712997736e-05,0.6479187813189228,1753.5081521829459,7.102964309322624,111.7189937774005,1646834.4099993568,1099,60642339.17603188,7.958078640513122e-13,2.9802322387695312e-08,218.7781369363438,218.7781369363438,212.25854845564064,883.5081116839715,0.0,0.0,0,0.0,0.0,0.0,4.375562738726876,2.144025741976169,0.4583333333333333,2026-09-16 09:45:58 UTC,Demand fades too
11.25,7.386452120052523e-05,0.6453036884944531,1747.9606532771306,7.074333837170763,111.7189937774005,1654126.0766660236,1099,60566309.34721708,6.821210263296962e-13,1.4901161193847656e-08,221.20761163348485,221.20761163348485,214.6156248068069,891.4126869409529,0.0,0.0,0,0.0,0.0,0.0,4.424152232669696,2.167834594008151,0.46875,2026-09-16 10:00:58 UTC,Demand fades too
11.5,7.357593667266425e-05,0.6427825232957298,1742.601754410655,7.0467314811810065,111.7189937774005,1661417.7433326903,1099,60492569.66673077,5.684341886080801e-13,2.9802322387695312e-08,223.56792390198183,223.56792390198183,216.90559976970266,899.0615607703241,0.0,0.0,0,0.0,0.0,0.0,4.471358478039636,2.1909656542394216,0.4791666666666667,2026-09-16 10:15:58 UTC,Demand fades too
11.75,7.329765146003544e-05,0.6403513361541343,1737.4241469963658,7.020114023622732,111.7189937774005,1668709.409999357,1099,60421047.92113749,5.684341886080801e-13,2.9802322387695312e-08,225.8610426619234,225.8610426619234,219.13038359059797,906.4639520055086,0.0,0.0,0,0.0,0.0,0.0,4.5172208532384674,2.213438218086849,0.4895833333333333,2026-09-16 10:30:58 UTC,Demand fades too
12.0,7.302923650624407e-05,0.6380063786980584,1732.4208594022916,6.99444044750001,111.7189937774005,1676001.0766660238,1099,60351674.342249714,6.821210263296962e-13,1.4901161193847656e-08,228.08888078206516,228.08888078206516,221.29183213475952,913.6286881437445,0.0,0.0,0,0.0,0.0,0.0,4.561777615641303,2.2352710316642384,0.5,2026-09-16 10:45:58 UTC,Demand fades too
12.25,7.277028436748016e-05,0.6357440913702326,1727.585238228327,6.969671801156433,111.7189937774005,1683292.7433326906,1099,60284381.516147316,5.684341886080801e-13,2.9802322387695312e-08,230.25329667550247,230.25329667550247,223.3917484345724,920.564225617522,0.0,0.0,0,0.0,0.0,0.0,4.605065933510049,2.2564823074199243,0.5104166666666666,2026-09-16 11:00:58 UTC,Demand fades too
12.5,7.252040789769025e-05,0.6335610919409713,1722.9109308143636,6.945771072682391,111.7189937774005,1690584.4099993573,1099,60219104.29593147,4.547473508864641e-13,2.9802322387695312e-08,232.35609584991735,232.35609584991735,225.43188419358972,927.2786687905025,0.0,0.0,0,0.0,0.0,0.0,4.647121916998347,2.2770897393291905,0.5208333333333334,2026-09-16 11:15:58 UTC,Demand fades too
12.75,7.227923902782072e-05,0.6314541648432601,1718.3918688866033,6.922703073298185,111.7189937774005,1697876.076666024,1099,60155779.71804883,5.684341886080801e-13,2.9802322387695312e-08,234.39903241369285,234.39903241369285,227.4139412477647,933.7797877724379,0.0,0.0,0,0.0,0.0,0.0,4.687980648273857,2.2971105176541906,0.53125,2026-09-16 11:30:58 UTC,Demand fades too
13.0,7.204642763143893e-05,0.6294202512624646,1714.0222532567539,6.900434328985341,111.7189937774005,1705167.7433326908,1099,60094346.92202855,6.821210263296962e-13,2.9802322387695312e-08,236.3838105391513,236.3838105391513,229.33957298508452,940.0750351396073,0.0,0.0,0,0.0,0.0,0.0,4.727676210783026,2.316561343283684,0.5416666666666666,2026-09-16 11:45:58 UTC,Demand fades too
13.25,7.182164046974288e-05,0.6274564399196025,1709.796539496009,6.878932979703406,111.7189937774005,1712459.4099993575,1099,60034747.07348218,9.094947017729282e-13,2.9802322387695312e-08,238.31208588413722,238.31208588413722,231.21038572478986,946.1715616400577,0.0,0.0,0,0.0,0.0,0.0,4.766241717682744,2.335458441664546,0.5520833333333334,2026-09-16 12:00:58 UTC,Demand fades too
13.5,7.16045602096032e-05,0.6255599584926509,1705.709424512242,6.8581686855770725,111.7189937774005,1719751.0766660243,1099,59976923.29022289,6.821210263296962e-13,4.470348358154297e-08,240.18546697313002,240.18546697313002,233.02794005733065,952.0762309563652,0.0,0.0,0,0.0,0.0,0.0,4.8037093394626,2.353817576336675,0.5625,2026-09-16 12:15:58 UTC,Demand fades too
13.75,7.139488450885233e-05,0.6237281656253435,1701.755833964764,6.8381125395079945,111.7189937774005,1727042.743332691,1099,59920820.571367,5.684341886080801e-13,2.9802322387695312e-08,242.00551653903963,242.00551653903963,234.79375214617616,957.7956335926888,0.0,0.0,0,0.0,0.0,0.0,4.840110330780792,2.371654062082589,0.5729166666666666,2026-09-16 12:30:58 UTC,Demand fades too
14.0,7.119232516354865e-05,0.6219585434774029,1697.93091045637,6.818736985700286,111.7189937774005,1734334.4099993578,1099,59866385.72928695,6.821210263296962e-13,2.9802322387695312e-08,243.7737528268036,243.7737528268036,236.50929499256475,963.3360999474714,0.0,0.0,0,0.0,0.0,0.0,4.875475056536072,2.388982777702676,0.5833333333333334,2026-09-16 12:45:58 UTC,Demand fades too
14.25,7.099660731240689e-05,0.6202486907741934,1694.2300024473063,6.80001574365483,111.7189937774005,1741626.0766660245,1099,59813567.32429076,9.094947017729282e-13,2.9802322387695312e-08,245.49165085987315,245.49165085987315,238.17599966424885,968.7037126282194,0.0,0.0,0,0.0,0.0,0.0,4.909833017197463,2.405818178426758,0.59375,2026-09-16 13:00:58 UTC,Demand fades too
14.5,7.080746869400439e-05,0.6185963163174426,1690.6486538402162,6.7819236724221055,111.7189937774005,1748917.7433326913,1099,59762315.601908915,9.094947017729282e-13,2.9802322387695312e-08,247.16064367064516,247.16064367064516,239.79525648925986,973.9043180603205,0.0,0.0,0,0.0,0.0,0.0,4.943212873412903,2.4221743079723237,0.6041666666666666,2026-09-16 13:15:58 UTC,Demand fades too
14.75,7.062465895275082e-05,0.6169992329219735,1687.1825941891832,6.764436416167316,111.7189937774005,1756209.409999358,1099,59712582.43267455,5.684341886080801e-13,2.9802322387695312e-08,248.78212349586593,248.78212349586593,241.36841621568905,978.9435374377824,0.0,0.0,0,0.0,0.0,0.0,4.975642469917318,2.4380648102594873,0.6145833333333334,2026-09-16 13:30:58 UTC,Demand fades too
15.0,7.044793391238534e-05,0.6154553073871747,1683.8277295434582,6.747531134268525,111.7189937774005,1763501.0766660247,1099,59664321.25428859,7.958078640513122e-13,2.9802322387695312e-08,250.35744293800406,250.35744293800406,242.89679113845148,983.82677700627,0.0,0.0,0,0.0,0.0,0.0,5.007148858760081,2.453502940792441,0.625,2026-09-16 13:45:58 UTC,Demand fades too
15.25,7.027706426823718e-05,0.6139625364353234,1680.58013410586,6.731186402432838,111.7189937774005,1770792.7433326915,1099,59617487.01682835,4.547473508864641e-13,4.470348358154297e-08,251.88791609356153,251.88791609356153,244.38165619397336,988.5592374993898,0.0,0.0,0,0.0,0.0,0.0,5.03775832187123,2.4685015777169044,0.6354166666666666,2026-09-16 14:00:58 UTC,Demand fades too
15.5,7.01118379995127e-05,0.6125190677860833,1677.436041458739,6.715381420594581,111.7189937774005,1778084.4099993582,1099,59572036.13030646,2.2737367544323206e-13,2.9802322387695312e-08,253.37481964926377,253.37481964926377,245.82425002371568,993.1459239762528,0.0,0.0,0,0.0,0.0,0.0,5.067496392985276,2.4830732325627864,0.6458333333333334,2026-09-16 14:15:58 UTC,Demand fades too
15.75,6.99520462684877e-05,0.611123076967414,1674.3918368258098,6.700096219244549,111.7189937774005,1785376.076666025,1099,59527926.40896705,2.2737367544323206e-13,2.9802322387695312e-08,254.81939394704335,254.81939394704335,247.22577600742144,997.5916545928878,0.0,0.0,0,0.0,0.0,0.0,5.096387878940868,2.4972300606810265,0.65625,2026-09-16 14:30:58 UTC,Demand fades too
16.0,6.979748928733264e-05,0.6097728185700005,1671.444050094513,6.685311693983526,111.7189937774005,1792667.7433326917,1099,59485117.02474559,2.2737367544323206e-13,4.470348358154297e-08,256.22284401870576,256.22284401870576,248.58740326694831,1001.9010685837115,0.0,0.0,0,0.0,0.0,0.0,5.124456880374116,2.5109838713833184,0.6666666666666666,2026-09-16 14:45:58 UTC,Demand fades too
16.25,6.964797584941991e-05,0.6084666221526077,1668.5893489707057,6.671009560738444,111.7189937774005,1799959.4099993585,1099,59443568.45989419,0.0,4.470348358154297e-08,257.58634059114013,257.58634059114013,249.91026764152414,1006.0786340820944,0.0,0.0,0,0.0,0.0,0.0,5.151726811822804,2.524346137793175,0.6770833333333334,2026-09-16 15:00:58 UTC,Demand fades too
16.5,6.950332288929874e-05,0.607202888397881,1665.8245325166577,6.657172313707215,111.7189937774005,1807251.0766660252,1099,59403242.461436994,-2.2737367544323206e-13,2.9802322387695312e-08,258.91102106291356,258.91102106291356,251.19547263523873,1010.1286555298568,0.0,0.0,0,0.0,0.0,0.0,5.178220421258272,2.537328006416555,0.6875,2026-09-16 15:15:58 UTC,Demand fades too
16.75,6.936335506932089e-05,0.6059800855009796,1663.1465250475019,6.643782952342353,111.7189937774005,1814542.743332692,1099,59364101.99737736,-4.547473508864641e-13,2.9802322387695312e-08,260.1979904530639,260.1979904530639,252.44409033756259,1014.0552807013362,0.0,0.0,0,0.0,0.0,0.0,5.203959809061279,2.549940306440028,0.6979166666666666,2026-09-16 15:30:58 UTC,Demand fades too
17.0,6.922790439106129e-05,0.6047967457748246,1660.5523703631216,6.630825097013316,111.7189937774005,1821834.4099993587,1099,59326111.214582436,-2.2737367544323206e-13,2.9802322387695312e-08,261.4483223228819,261.4483223228819,253.65716231766004,1017.8625073658143,0.0,0.0,0,0.0,0.0,0.0,5.228966446457639,2.5621935587642444,0.7083333333333334,2026-09-16 15:45:58 UTC,Demand fades too
17.25,6.909680608401328e-05,0.6036514297324476,1658.03922631138,6.618283413969202,111.7189937774005,1829126.0766660254,1099,59289235.39827374,0.0,4.470348358154297e-08,262.6630596714524,262.6630596714524,254.83570049324314,1021.5541895931392,0.0,0.0,0,0.0,0.0,0.0,5.253261193429049,2.574097984780235,0.71875,2026-09-16 16:00:58 UTC,Demand fades too
17.5,6.896989897151982e-05,0.6025427292838805,1655.6043599605302,6.606143525108086,111.7189937774005,1836417.7433326922,1099,59253440.93330571,0.0,4.470348358154297e-08,263.8432158057009,263.8432158057009,255.98068797469102,1025.1340434254366,0.0,0.0,0,0.0,0.0,0.0,5.276864316114019,2.5856635148958707,0.7291666666666666,2026-09-16 16:15:58 UTC,Demand fades too
17.75,6.884704599691819e-05,0.6014694470590121,1653.2451423041132,6.594391412591455,111.7189937774005,1843709.409999359,1099,59218695.269116424,2.2737367544323206e-13,2.9802322387695312e-08,264.98977518567165,264.98977518567165,257.09307988513865,1028.6056529923017,0.0,0.0,0,0.0,0.0,0.0,5.299795503713435,2.596899796819584,0.7395833333333334,2026-09-16 16:30:58 UTC,Demand fades too
18.0,6.872810505153271e-05,0.6004303415517563,1650.9590433387573,6.58301348620181,111.7189937774005,1851001.0766660257,1099,59184966.87786918,4.547473508864641e-13,4.470348358154297e-08,266.10369424574253,266.10369424574253,258.1738041572194,1031.9724762297385,0.0,0.0,0,0.0,0.0,0.0,5.322073884914853,2.607816203608279,0.75,2026-09-16 16:45:58 UTC,Demand fades too
18.25,6.861293973986386e-05,0.5994242211681318,1648.7436280343209,6.57199670194409,111.7189937774005,1858292.7433326924,1099,59152225.22265203,4.547473508864641e-13,4.470348358154297e-08,267.1859021924612,267.1859021924612,259.22376230712587,1035.2378496840815,0.0,0.0,0,0.0,0.0,0.0,5.343718043849226,2.618421841486122,0.7604166666666666,2026-09-16 17:00:58 UTC,Demand fades too
18.5,6.850141910861759e-05,0.5984499418589749,1646.5965521901915,6.561328536154583,111.7189937774005,1865584.4099993592,1099,59120440.7241972,2.2737367544323206e-13,2.9802322387695312e-08,268.23730177966866,268.23730177966866,260.2438301866345,1038.4049934077193,0.0,0.0,0,0.0,0.0,0.0,5.364746035593376,2.6287255574407546,0.7708333333333334,2026-09-16 17:15:58 UTC,Demand fades too
18.75,6.839341739040622e-05,0.5975064048808317,1644.5155584949296,6.550996960997322,111.7189937774005,1872876.076666026,1099,59089584.72868441,4.547473508864641e-13,4.470348358154297e-08,269.2587700615564,269.2587700615564,261.234858713722,1041.4770156300688,0.0,0.0,0,0.0,0.0,0.0,5.38517540123113,2.6387359466032545,0.78125,2026-09-16 17:30:58 UTC,Demand fades too
19.0,6.828881376170362e-05,0.5965925546813775,1642.4984727873668,6.540990421333427,111.7189937774005,1880167.7433326927,1099,59059629.47673516,2.2737367544323206e-13,4.470348358154297e-08,270.2511591242856,270.2511591242856,262.1976745823819,1044.4569172062913,0.0,0.0,0,0.0,0.0,0.0,5.405023182485715,2.648461359418001,0.7916666666666666,2026-09-16 17:45:58 UTC,Demand fades too
19.25,6.818749211413958e-05,0.5957073769013725,1640.543200507196,6.531297812854868,111.7189937774005,1887459.4099993594,1099,59030548.07354908,4.547473508864641e-13,4.470348358154297e-08,271.21529679677855,271.21529679677855,263.1330809522346,1047.3475958563151,0.0,0.0,0,0.0,0.0,0.0,5.424305935935575,2.6579099086084317,0.8020833333333334,2026-09-16 18:00:58 UTC,Demand fades too
19.5,6.808934083828325e-05,0.5948498964857265,1638.6477233238927,6.521908461424441,111.7189937774005,1894751.0766660261,1099,59002314.460135296,4.547473508864641e-13,4.470348358154297e-08,272.15198734127495,272.15198734127495,264.041858118505,1050.1518502058886,0.0,0.0,0,0.0,0.0,0.0,5.4430397468255025,2.6670894759444965,0.8125,2026-09-16 18:15:58 UTC,Demand fades too
19.75,6.799425261912842e-05,0.5940191758967931,1636.8100959335604,6.512812103520475,111.7189937774005,1902042.743332693,1099,58974903.38559449,4.547473508864641e-13,4.470348358154297e-08,273.06201212422974,273.06201212422974,264.9247641629278,1052.8723836406439,0.0,0.0,0,0.0,0.0,0.0,5.461240242484599,2.676007718817454,0.8229166666666666,2026-09-16 18:30:58 UTC,Demand fades too
20.0,6.790212424254664e-05,0.5932143134234843,1635.0284430139627,6.503998867738441,111.7189937774005,1909334.4099993596,1099,58948290.38040846,4.547473508864641e-13,2.9802322387695312e-08,273.9461302681117,273.9461302681117,265.7825355861221,1055.5118079834358,0.0,0.0,0,0.0,0.0,0.0,5.478922605362238,2.684672076627497,0.8333333333333334,2026-09-16 18:45:58 UTC,Demand fades too
20.25,6.781285641202941e-05,0.5924344415802717,1633.3009563286705,6.495459257274674,111.7189937774005,1916626.0766660264,1099,58922451.730696864,2.2737367544323206e-13,4.470348358154297e-08,274.80507928464647,274.80507928464647,266.61588792196414,1058.07264700457,0.0,0.0,0,0.0,0.0,0.0,5.496101585692934,2.693089776989538,0.84375,2026-09-16 19:00:58 UTC,Demand fades too
20.5,6.772635357508481e-05,0.5916787255905337,1631.625891971821,6.487184133326268,111.7189937774005,1923917.7433326931,1099,58897364.453401886,4.547473508864641e-13,4.470348358154297e-08,275.6395756900325,275.6395756900325,267.42551633446965,1060.5573397739252,0.0,0.0,0,0.0,0.0,0.0,5.512791513800654,2.7012678417623213,0.8541666666666666,2026-09-16 19:15:58 UTC,Demand fades too
20.75,6.764252375870061e-05,0.5909463619491085,1630.0015677455497,6.4791646993683365,111.7189937774005,1931209.4099993599,1099,58873006.272363625,4.547473508864641e-13,4.470348358154297e-08,276.45031560264283,276.45031560264283,268.2120961976842,1062.9682438634109,0.0,0.0,0,0.0,0.0,0.0,5.529006312052862,2.709213092905903,0.8645833333333334,2026-09-16 19:30:58 UTC,Demand fades too
21.0,6.756127841332518e-05,0.5902365770592635,1628.426360662666,6.471392486234738,111.7189937774005,1938501.0766660266,1099,58849355.5952508,4.547473508864641e-13,4.470348358154297e-08,277.2379753237119,277.2379753237119,268.9762836590654,1065.3076384076758,0.0,0.0,0,0.0,0.0,0.0,5.544759506474243,2.71693215817238,0.875,2026-09-16 19:45:58 UTC,Demand fades too
21.25,6.748253226485478e-05,0.5895486259396086,1626.8987045675995,6.463859337971842,111.7189937774005,1945792.7433326934,1099,58826391.49131251,2.2737367544323206e-13,5.960464477539063e-08,278.00321190149066,278.00321190149066,269.7187161868263,1067.5777270305032,0.0,0.0,0,0.0,0.0,0.0,5.560064238029818,2.724431476634612,0.8854166666666666,2026-09-16 20:00:58 UTC,Demand fades too
21.5,6.740620317415168e-05,0.5888817909968026,1625.4170878691111,6.456557398404898,111.7189937774005,1953084.40999936,1099,58804093.66991882,2.2737367544323206e-13,5.960464477539063e-08,278.7466636793418,278.7466636793418,270.4400131016975,1069.7806406438626,0.0,0.0,0,0.0,0.0,0.0,5.57493327358684,2.7317173040575526,0.8958333333333334,2026-09-16 20:15:58 UTC,Demand fades too
21.75,6.73322120036479e-05,0.5882353808601621,1623.9800513786483,6.449479098388561,111.7189937774005,1960376.0766660268,1099,58782442.45985874,2.2737367544323206e-13,5.960464477539063e-08,279.4689508282316,279.4689508282316,271.14077609355036,1071.9184401261782,0.0,0.0,0,0.0,0.0,0.0,5.589379016564636,2.7387957181166724,0.90625,2026-09-16 20:30:58 UTC,Demand fades too
22.0,6.726048249062077e-05,0.5876087292745564,1622.5861862486174,6.44261714369172,111.7189937774005,1967667.7433326936,1099,58761418.78936625,0.0,5.960464477539063e-08,280.1706758640628,280.1706758640628,271.8215897233138,1073.9931188859723,0.0,0.0,0,0.0,0.0,0.0,5.60341351728126,2.745672623467818,0.9166666666666666,2026-09-16 20:45:58 UTC,Demand fades too
22.25,6.719094112675267e-05,0.5870011940482034,1621.234132005194,6.435964503479374,111.7189937774005,1974959.4099993603,1099,58741004.16684571,-2.2737367544323206e-13,4.470348358154297e-08,280.85242415027994,280.85242415027994,272.48302191060174,1076.0066053166836,0.0,0.0,0,0.0,0.0,0.0,5.617048483005604,2.7523537566727465,0.9270833333333334,2026-09-16 21:00:58 UTC,Demand fades too
22.5,6.712351704361318e-05,0.586412156052206,1619.9225746706275,6.429514399368808,111.7189937774005,1982251.076666027,1099,58721180.66226944,0.0,5.960464477539063e-08,281.5147643861667,281.5147643861667,273.12562440745904,1077.9607651481076,0.0,0.0,0,0.0,0.0,0.0,5.630295287723339,2.758844690984436,0.9375,2026-09-16 21:15:58 UTC,Demand fades too
22.75,6.705814190372563e-05,0.5858410182688749,1618.650244970297,6.42326029501291,111.7189937774005,1989542.7433326938,1099,58701930.889221646,2.2737367544323206e-13,5.960464477539063e-08,282.1582490812419,282.1582490812419,273.74993325862096,1079.8574036996001,0.0,0.0,0,0.0,0.0,0.0,5.643164981624842,2.765150840996173,0.9479166666666666,2026-09-16 21:30:58 UTC,Demand fades too
23.0,6.699474979690194e-05,0.5852872048860777,1617.4159166200666,6.417195886189417,111.7189937774005,1996834.4099993606,1099,58683237.98756358,2.2737367544323206e-13,5.960464477539063e-08,282.78341501615085,282.78341501615085,274.35646924866967,1081.6982680398794,0.0,0.0,0,0.0,0.0,0.0,5.655668300323023,2.771277467158281,0.9583333333333334,2026-09-16 21:45:58 UTC,Demand fades too
23.25,6.693327714154919e-05,0.5847501604350213,1616.2184046897507,6.411315091363483,111.7189937774005,2004126.0766660273,1099,58665085.6066963,2.2737367544323206e-13,4.470348358154297e-08,283.39078369043614,283.39078369043614,274.9457383364612,1083.4850490579868,0.0,0.0,0,0.0,0.0,0.0,5.667815673808728,2.7772296801662764,0.96875,2026-09-16 22:00:58 UTC,Demand fades too
23.5,6.687366259067152e-05,0.5842293489690555,1615.0565640387576,6.405612042703467,111.7189937774005,2011417.743332694,1099,58647457.88939804,2.2737367544323206e-13,4.470348358154297e-08,283.9808617575604,283.9808617575604,275.51823207718513,1085.2193834497036,0.0,0.0,0,0.0,0.0,0.0,5.679617235151213,2.783012445224094,0.9791666666666666,2026-09-16 22:15:58 UTC,Demand fades too
23.75,6.681584694230722e-05,0.5837242532812233,1613.929287820198,6.40008107751424,111.7189937774005,2018709.4099993608,1099,58630339.45621445,0.0,5.960464477539063e-08,284.55414144754576,284.55414144754576,276.07442803240895,1086.902855623487,0.0,0.0,0,0.0,0.0,0.0,5.69108282895092,2.788630586185951,0.9895833333333334,2026-09-16 22:30:58 UTC,Demand fades too
24.0,6.675977305415806e-05,0.5832343741584352,1612.8355060499807,6.394716730078282,111.7189937774005,2026001.0766660275,1099,58613715.390380815,-2.2737367544323206e-13,4.470348358154297e-08,285.1111009775812,285.1111009775812,276.61479016844936,1088.5369995297444,0.0,0.0,0,0.0,0.0,0.0,5.702222019551629,2.7940887895802984,1.0,2026-09-16 22:45:58 UTC,Demand fades too
24.25,6.670538576218251e-05,0.5827592296702746,1611.7741842376072,6.389513617740783,111.7189937774005,2033292.7433326943,1099,58597571.223256156,0.0,5.960464477539063e-08,285.65220495094053,285.65220495094053,277.1397692434026,1090.1233004170713,0.0,0.0,0,0.0,0.0,0.0,5.713044099018815,2.79939160851922,1.0104166666666667,2026-09-16 23:00:58 UTC,Demand fades too
24.5,6.665263180293926e-05,0.5822983544905663,1610.7443220755626,6.384466530078775,111.7189937774005,2040584.409999361,1099,58581892.92025005,-2.2737367544323206e-13,5.960464477539063e-08,286.17790474454426,286.17790474454426,277.64980318315696,1091.66319651887,0.0,0.0,0,0.0,0.0,0.0,5.7235580948908895,2.8045434664965363,1.0208333333333333,2026-09-16 23:15:58 UTC,Demand fades too
24.75,6.660145973947923e-05,0.5818512992499457,1609.7449521844017,6.3795705664246425,111.7189937774005,2047876.0766660278,1099,58566666.86722377,-2.2737367544323206e-13,4.470348358154297e-08,286.68863888548816,286.68863888548816,278.1453174467007,1093.158080673575,0.0,0.0,0,0.0,0.0,0.0,5.733772777709767,2.8095486610777862,1.03125,2026-09-16 23:30:58 UTC,Demand fades too
25.0,6.655181989059889e-05,0.5814176299177933,1608.775138910771,6.374820992956063,111.7189937774005,2055167.7433326945,1099,58551879.85734819,2.2737367544323206e-13,5.960464477539063e-08,287.18483341685277,287.18483341685277,278.62672538103067,1094.6093018815359,0.0,0.0,0,0.0,0.0,0.0,5.743696668337059,2.8144113674851594,1.0416666666666667,2026-09-16 23:45:58 UTC,Demand fades too
25.25,6.6503664263276e-05,0.5809969272119725,1607.833977175762,6.370213236017457,111.7189937774005,2062459.4099993613,1099,58537519.07840142,-2.2737367544323206e-13,5.960464477539063e-08,287.66690225309924,287.66690225309924,279.094428565957,1096.018166801471,0.0,0.0,0,0.0,0.0,0.0,5.753338045061989,2.819135642080375,1.0520833333333333,2026-09-17 00:00:58 UTC,Demand fades too
25.5,6.645694648812277e-05,0.5805887860349276,1606.9205913711714,6.3657428760358306,111.7189937774005,2069751.076666028,1099,58523572.10049016,-2.2737367544323206e-13,5.960464477539063e-08,288.13524752534744,288.13524752534744,279.5488171490922,1097.3859411891965,0.0,0.0,0,0.0,0.0,0.0,5.762704950506953,2.8237254257484072,1.0625,2026-09-17 00:15:58 UTC,Demand fades too
25.75,6.641161951259995e-05,0.5801927953208774,1606.034134303952,6.361405644246011,111.7189937774005,2077042.7433326948,1099,58510026.8641791,0.0,5.960464477539063e-08,288.59025991682483,288.59025991682483,279.99027017130356,1098.7138512786275,0.0,0.0,0,0.0,0.0,0.0,5.7718051983365015,2.8281845471848857,1.0729166666666667,2026-09-17 00:30:58 UTC,Demand fades too
26.0,6.636763208601336e-05,0.5798085073276384,1605.1737862832713,6.357197513372111,111.7189937774005,2084334.4099993615,1099,58496871.669052996,-2.2737367544323206e-13,5.960464477539063e-08,289.03231898876584,289.03231898876584,280.4191558829007,1100.0030850109051,0.0,0.0,0,0.0,0.0,0.0,5.780646379775321,2.8325167260899073,1.0833333333333333,2026-09-17 00:45:58 UTC,Demand fades too
26.25,6.632495292710183e-05,0.5794356487722749,1604.3387540473732,6.353114535073978,111.7189937774005,2091626.0766660282,1099,58484095.1635639,-4.547473508864641e-13,7.450580596923828e-08,289.4617934970332,289.4617934970332,280.83583205082175,1101.2547934147242,0.0,0.0,0,0.0,0.0,0.0,5.789235869940669,2.836725576270928,1.09375,2026-09-17 01:00:58 UTC,Demand fades too
26.5,6.628354155816779e-05,0.57907386602889,1603.5282697009156,6.349152837426045,111.7189937774005,2098917.7433326948,1099,58471686.33231075,-6.821210263296962e-13,5.960464477539063e-08,289.87904169972626,289.87904169972626,281.2406462570745,1102.4700919674342,0.0,0.0,0,0.0,0.0,0.0,5.797580833994529,2.840814608657319,1.1041666666666667,2026-09-17 01:15:58 UTC,Demand fades too
26.75,6.624335884255091e-05,0.5787228171873101,1602.741589935509,6.3453086767698865,111.7189937774005,2106209.4099993613,1099,58459634.48654392,-6.821210263296962e-13,7.450580596923828e-08,290.28441165603147,290.28441165603147,281.6339361886818,1103.6500616644482,0.0,0.0,0,0.0,0.0,0.0,5.805688233120633,2.84478723422911,1.1145833333333333,2026-09-17 01:30:58 UTC,Demand fades too
27.0,6.620436693559266e-05,0.5783821716246957,1601.9779951770383,6.341578433014463,111.7189937774005,2113501.076666028,1099,58447929.25424596,-2.2737367544323206e-13,7.450580596923828e-08,290.678241516566,290.678241516566,282.0160299193724,1104.7957501536098,0.0,0.0,0,0.0,0.0,0.0,5.813564830331324,2.8486467668623483,1.125,2026-09-17 01:45:58 UTC,Demand fades too
27.25,6.616652923727971e-05,0.5780516095918193,1601.2367887589699,6.337958605116116,111.7189937774005,2120792.7433326943,1099,58436560.570416726,-2.2737367544323206e-13,7.450580596923828e-08,291.0608598054554,291.0608598054554,282.38724618325284,1105.9081728355588,0.0,0.0,0,0.0,0.0,0.0,5.821217196109111,2.852396426093464,1.1354166666666667,2026-09-17 02:00:58 UTC,Demand fades too
27.5,6.612981034688023e-05,0.5777308218167537,1600.5172961282296,6.334445806735675,111.7189937774005,2128084.409999361,1099,58425518.66767433,0.0,7.450580596923828e-08,291.4325856943809,291.4325856943809,282.7478946406884,1106.9883139237347,0.0,0.0,0,0.0,0.0,0.0,5.828651713887623,2.856039339804935,1.1458333333333333,2026-09-17 02:15:58 UTC,Demand fades too
27.75,6.609417601947582e-05,0.5774195091251211,1599.8188640821725,6.331036762084348,111.7189937774005,2135376.0766660273,1099,58414794.06716055,2.2737367544323206e-13,5.960464477539063e-08,291.7937292688258,291.7937292688258,283.09827613661486,1108.0371274657186,0.0,0.0,0,0.0,0.0,0.0,5.835874585376521,2.859578546834495,1.15625,2026-09-17 02:30:58 UTC,Demand fades too
28.0,6.605959312429653e-05,0.5771173820760954,1599.1408600352306,6.327728301937014,111.7189937774005,2142667.743332694,1099,58404377.569739945,2.2737367544323206e-13,7.450580596923828e-08,292.14459178674144,292.14459178674144,283.43868295149656,1109.055538327542,0.0,0.0,0,0.0,0.0,0.0,5.842891835734833,2.863016999510068,1.1666666666666667,2026-09-17 02:45:58 UTC,Demand fades too
28.25,6.602602960477324e-05,0.5768241606134065,1598.482671313924,6.32451735981336,111.7189937774005,2149959.4099993603,1099,58394260.247482575,2.2737367544323206e-13,7.450580596923828e-08,292.48546592985,292.48546592985,283.7693990451405,1110.0444431424928,0.0,0.0,0,0.0,0.0,0.0,5.849709318597005,2.8663575661125322,1.1770833333333333,2026-09-17 03:00:58 UTC,Demand fades too
28.5,6.599345444022429e-05,0.576539573730623,1597.8437044789507,6.321400968314726,111.7189937774005,2157251.076666027,1099,58384433.43542015,2.2737367544323206e-13,8.940696716308594e-08,292.8166360477934,292.8166360477934,284.09070029356917,1111.0047112258947,0.0,0.0,0,0.0,0.0,0.0,5.856332720955872,2.869603033268377,1.1875,2026-09-17 03:15:58 UTC,Demand fades too
28.75,6.596183760909955e-05,0.5762633591500409,1597.2233846731724,6.318376255607613,111.7189937774005,2164542.7433326934,1099,58374888.72356629,2.2737367544323206e-13,8.940696716308594e-08,293.13837839533096,293.13837839533096,284.4028547191501,1111.937185457254,0.0,0.0,0,0.0,0.0,0.0,5.862767567906624,2.8727561082742454,1.1979166666666667,2026-09-17 03:30:58 UTC,Demand fades too
29.0,6.593115005370814e-05,0.5759952630145336,1596.6211549943475,6.315440442050996,111.7189937774005,2171834.40999936,1099,58365617.9491916,0.0,8.940696716308594e-08,293.45096136278545,293.45096136278545,284.7061227141745,1112.842683131103,0.0,0.0,0,0.0,0.0,0.0,5.869019227255714,2.8758194213552994,1.2083333333333333,2026-09-17 03:45:58 UTC,Demand fades too
29.25,6.59013636463608e-05,0.5757350395917614,1596.0364758915402,6.312590836957954,111.7189937774005,2179126.0766660264,1099,58356613.189344764,0.0,8.940696716308594e-08,293.75464569992806,293.75464569992806,285.0007572580703,1113.721996777806,0.0,0.0,0,0.0,0.0,0.0,5.875092913998566,2.8787955278592974,1.21875,2026-09-17 04:00:58 UTC,Demand fades too
29.5,6.587245115686108e-05,0.5754824509901636,1595.4688245841733,6.3098248354874205,111.7189937774005,2186417.743332693,1099,58347866.753611326,0.0,8.940696716308594e-08,294.0496847334902,294.0496847334902,285.2870041284323,1114.575894955535,0.0,0.0,0,0.0,0.0,0.0,5.880993694669809,2.8816869103882063,1.2291666666666667,2026-09-17 04:15:58 UTC,Demand fades too
29.75,6.584438622128307e-05,0.5752372668861919,1594.9176945027516,6.307139915658567,111.7189937774005,2193709.4099993594,1099,58339371.17710178,2.2737367544323206e-13,8.940696716308594e-08,294.3363245784829,294.3363245784829,285.5651021060442,1115.4051230145687,0.0,0.0,0,0.0,0.0,0.0,5.886726491569663,2.8844959808691346,1.2395833333333333,2026-09-17 04:30:58 UTC,Demand fades too
30.0,6.581714331197726e-05,0.5749992642622713,1594.3825947503317,6.304533635480757,111.7189937774005,2201001.076666026,1099,58331119.213661395,2.2737367544323206e-13,7.450580596923828e-08,294.6148043435006,294.6148043435006,285.8352831740644,1116.210403835009,0.0,0.0,0,0.0,0.0,0.0,5.892296086870017,2.8872250825663084,1.25,2026-09-17 04:45:58 UTC,Demand fades too
30.25,6.579069770874826e-05,0.5747682271550003,1593.8630495838545,6.302003630197955,111.7189937774005,2208292.7433326924,1099,58323103.829293974,4.547473508864641e-13,8.940696716308594e-08,294.8853563301803,294.8853563301803,286.097772711541,1116.992438538963,0.0,0.0,0,0.0,0.0,0.0,5.897707126603611,2.889876492035769,1.2604166666666667,2026-09-17 05:00:58 UTC,Demand fades too
30.5,6.576502547115191e-05,0.5745439464131289,1593.3585979145057,6.299547609639901,111.7189937774005,2215584.409999359,1099,58315318.1957925,4.547473508864641e-13,1.043081283569336e-07,295.14820622698215,295.14820622698215,286.35278968141813,1117.751907178189,0.0,0.0,0,0.0,0.0,0.0,5.902964124539648,2.8924524210244273,1.2708333333333333,2026-09-17 05:15:58 UTC,Demand fades too
30.75,6.574010341186146e-05,0.5743262194648779,1592.8687928263016,6.29716335567384,111.7189937774005,2222876.0766660254,1099,58307755.68456958,6.821210263296962e-13,8.940696716308594e-08,295.4035732974541,295.4035732974541,286.60054681319,1118.489469398165,0.0,0.0,0,0.0,0.0,0.0,5.908071465949087,2.8949550183150525,1.28125,2026-09-17 05:30:58 UTC,Demand fades too
31.0,6.571590907105524e-05,0.5741148500941815,1592.393201112147,6.294848719753747,111.7189937774005,2230167.743332692,1099,58300409.860680945,6.821210263296962e-13,8.940696716308594e-08,295.6516705631364,295.6516705631364,286.841250780355,1119.2057650794848,0.0,0.0,0,0.0,0.0,0.0,5.913033411262733,2.8973863715187393,1.2916666666666667,2026-09-17 05:45:58 UTC,Demand fades too
31.25,6.569242069178102e-05,0.5739096482254622,1591.931402826644,6.2926016205694575,111.7189937774005,2237459.4099993585,1099,58293274.47703559,1.1368683772161603e-12,8.940696716308594e-08,295.89270498125967,295.89270498125967,287.07510237281815,1119.9014149574512,0.0,0.0,0,0.0,0.0,0.0,5.917854099625197,2.899748508816347,1.3020833333333333,2026-09-17 06:00:58 UTC,Demand fades too
31.5,6.5669617196254e-05,0.5737104297165625,1591.482990854955,6.290420041772549,111.7189937774005,2244751.076666025,1099,58286343.46878631,1.1368683772161603e-12,1.043081283569336e-07,296.12687761738374,296.12687761738374,287.3022966643857,1120.5770212207078,0.0,0.0,0,0.0,0.0,0.0,5.922537552347679,2.902043400650363,1.3125,2026-09-17 06:15:58 UTC,Demand fades too
31.75,6.564747816304768e-05,0.573517016159478,1591.047570497077,6.2883020298003744,111.7189937774005,2252042.7433326915,1099,58279610.94789457,1.1368683772161603e-12,8.940696716308594e-08,296.35438381312247,296.35438381312247,287.5230231754914,1121.2331680896916,0.0,0.0,0,0.0,0.0,0.0,5.927087676262453,2.9042729613686022,1.3229166666666667,2026-09-17 06:30:58 UTC,Demand fades too
32.0,6.562598380513932e-05,0.5733292346885547,1590.6247590668886,6.286245691774193,111.7189937774005,2259334.409999358,1099,58273071.19786402,1.3642420526593924e-12,8.940696716308594e-08,296.57541334909297,296.57541334909297,287.73746603128996,1121.8704223756786,0.0,0.0,0,0.0,0.0,0.0,5.931508266981863,2.9064390508211133,1.3333333333333333,2026-09-17 06:45:58 UTC,Demand fades too
32.25,6.560511494877314e-05,0.5731469177958316,1590.214185505387,6.284249193476264,111.7189937774005,2266626.0766660245,1099,58266718.66863695,1.3642420526593924e-12,1.043081283569336e-07,296.79015060322666,296.79015060322666,287.94580411525044,1122.4893340211408,0.0,0.0,0,0.0,0.0,0.0,5.935803012064537,2.9085434759116233,1.34375,2026-09-17 07:00:58 UTC,Demand fades too
32.5,6.558485301310605e-05,0.5729699031532196,1589.815490007538,6.282310757406122,111.7189937774005,2273917.743332691,1099,58260547.971648365,1.3642420526593924e-12,8.940696716308594e-08,296.9987747045732,296.9987747045732,288.14821121837684,1123.0904366221162,0.0,0.0,0,0.0,0.0,0.0,5.939975494091467,2.910587992104819,1.3541666666666667,2026-09-17 07:15:58 UTC,Demand fades too
32.75,6.556517999060345e-05,0.572798033441233,1589.4283236622018,6.280428660902564,111.7189937774005,2281209.4099993575,1099,58254553.875032656,1.3642420526593924e-12,8.940696716308594e-08,297.2014596827258,297.2014596827258,288.3448561841805,1123.674247933256,0.0,0.0,0,0.0,0.0,0.0,5.944029193654519,2.9125743048907147,1.3645833333333333,2026-09-17 07:30:58 UTC,Demand fades too
33.0,6.554607842815287e-05,0.5726311561839921,1589.0523481046146,6.278601234339321,111.7189937774005,2288501.076666024,1099,58248731.29897753,1.5916157281026244e-12,8.940696716308594e-08,297.39837461299305,297.39837461299305,288.5359030495258,1124.2412703561888,0.0,0.0,0,0.0,0.0,0.0,5.947967492259864,2.914504071207334,1.375,2026-09-17 07:45:58 UTC,Demand fades too
33.25,6.552753140886578e-05,0.5724691235902377,1588.687235180937,6.276826859384448,111.7189937774005,2295792.7433326906,1099,58243075.31122073,1.3642420526593924e-12,8.940696716308594e-08,297.58968375743774,297.58968375743774,288.72151118146604,1124.7919914118063,0.0,0.0,0,0.0,0.0,0.0,5.951793675148758,2.9163789008228918,1.3854166666666667,2026-09-17 08:00:58 UTC,Demand fades too
33.5,6.550952253453894e-05,0.5723117924001094,1588.332666624391,6.275103967321263,111.7189937774005,2303084.409999357,1099,58237581.12268471,1.3642420526593924e-12,8.940696716308594e-08,297.7755467019005,297.7755467019005,288.9018354101838,1125.32688419707,0.0,0.0,0,0.0,0.0,0.0,5.9555109340380135,2.918200357678627,1.3958333333333333,2026-09-17 08:15:58 UTC,Demand fades too
33.75,6.549203590874804e-05,0.5721590237374444,1587.9883337425422,6.273431037432358,111.7189937774005,2310376.0766660236,1099,58232244.08324484,1.1368683772161603e-12,8.940696716308594e-08,297.95611848912296,297.95611848912296,289.077026158147,1125.846407826882,0.0,0.0,0,0.0,0.0,0.0,5.959122369782462,2.9199699611934067,1.40625,2026-09-17 08:30:58 UTC,Demand fades too
34.0,6.547505612054756e-05,0.572010682967376,1587.6539371152917,6.271806595439191,111.7189937774005,2317667.74333269,1099,58227059.677626796,6.821210263296962e-13,8.940696716308594e-08,298.1315497480808,298.1315497480808,289.2472295655879,1126.351007861573,0.0,0.0,0,0.0,0.0,0.0,5.962630994961619,2.921689187531193,1.4166666666666667,2026-09-17 08:45:58 UTC,Demand fades too
34.25,6.54585682287526e-05,0.5718666395590135,1587.3291863031693,6.270229212002327,111.7189937774005,2324959.4099993566,1099,58222023.52142901,6.821210263296962e-13,1.043081283569336e-07,298.3019868196351,298.3019868196351,289.4125876124098,1126.8411167205172,0.0,0.0,0,0.0,0.0,0.0,5.9660397363927045,2.923359470832425,1.4270833333333333,2026-09-17 09:00:58 UTC,Demand fades too
34.5,6.544255774677837e-05,0.5717267669529962,1587.0137995655357,6.268697501267561,111.7189937774005,2332251.076666023,1099,58217131.3572661,6.821210263296962e-13,8.940696716308594e-08,298.46757187860675,298.46757187860675,289.57323823662415,1127.317154082365,0.0,0.0,0,0.0,0.0,0.0,5.969351437572138,2.9249822044103477,1.4375,2026-09-17 09:15:58 UTC,Demand fades too
34.75,6.542701062801589e-05,0.57159094243373,1586.7075035883133,6.267210117108359,111.7189937774005,2339542.7433326896,1099,58212379.051029466,9.094947017729282e-13,8.940696716308594e-08,298.62844305237553,298.62844305237553,289.7293154494146,1127.7795272723781,0.0,0.0,0,0.0,0.0,0.0,5.972568861047514,2.926558741913282,1.4479166666666667,2026-09-17 09:30:58 UTC,Demand fades too
35.0,6.541191325172151e-05,0.5714590470061145,1586.4100332208927,6.2657657251684125,111.7189937774005,2346834.409999356,1099,58207762.588261254,6.821210263296962e-13,8.940696716308594e-08,298.7847345361028,298.7847345361028,289.8809494469268,1128.2286316373109,0.0,0.0,0,0.0,0.0,0.0,5.975694690722059,2.928090398453809,1.4583333333333333,2026-09-17 09:45:58 UTC,Demand fades too
35.25,6.539725240940043e-05,0.571330965276585,1586.1211312218647,6.264363054981711,111.7189937774005,2354126.0766660227,1099,58203278.07063809,9.094947017729282e-13,8.940696716308594e-08,298.9365767046741,298.9365767046741,290.0282667188747,1128.6648509082868,0.0,0.0,0,0.0,0.0,0.0,5.978731534093486,2.929578451705808,1.46875,2026-09-17 10:00:58 UTC,Demand fades too
35.5,6.538301529166468e-05,0.5712065853382996,1585.8405480132521,6.2630008846637795,111.7189937774005,2361417.743332689,1099,58198921.71256111,9.094947017729282e-13,7.450580596923828e-08,299.0840962214552,299.0840962214552,290.1713901540557,1129.0885575520804,0.0,0.0,0,0.0,0.0,0.0,5.981681924429107,2.9310241429702626,1.4791666666666667,2026-09-17 10:15:58 UTC,Demand fades too
35.75,6.536918947554656e-05,0.571085798660305,1585.5680414429223,6.261678029056757,111.7189937774005,2368709.4099993557,1099,58194689.837848864,9.094947017729282e-13,7.450580596923828e-08,299.22741614395153,299.22741614395153,290.31043914286164,1129.5001131112163,0.0,0.0,0,0.0,0.0,0.0,5.984548322879034,2.932428678210727,1.4895833333333333,2026-09-17 10:30:58 UTC,Demand fades too
36.0,6.535576291225013e-05,0.5709684999805306,1585.3033765548842,6.260393338575029,111.7189937774005,2376001.076666022,1099,58190578.876529865,6.821210263296962e-13,8.940696716308594e-08,299.3666560264604,299.3666560264604,290.44552967687173,1129.8998685332642,0.0,0.0,0,0.0,0.0,0.0,5.987333120529211,2.933793229059314,1.5,2026-09-17 10:45:58 UTC,Demand fades too
36.25,6.534272391532375e-05,0.5708545872024593,1585.046325367173,6.259145698084601,111.7189937774005,2383292.7433326887,1099,58186585.36173169,4.547473508864641e-13,8.940696716308594e-08,299.5019320198003,299.5019320198003,290.57677444561006,1130.2881644897134,0.0,0.0,0,0.0,0.0,0.0,5.9900386403960075,2.9351189337940444,1.5104166666666667,2026-09-17 11:00:58 UTC,Demand fades too
36.5,6.533006114923716e-05,0.5707439612953336,1584.7966666570549,6.2579340258290035,111.7189937774005,2390584.409999355,1099,58182705.92666347,2.2737367544323206e-13,7.450580596923828e-08,299.6333569682012,299.6333569682012,290.70428293054863,1130.6653316847699,0.0,0.0,0,0.0,0.0,0.0,5.992667139364026,2.9364068982883738,1.5208333333333333,2026-09-17 11:15:58 UTC,Demand fades too
36.75,6.531776361834808e-05,0.5706365261977641,1584.5541857532737,6.256757272379689,111.7189937774005,2397876.0766660217,1099,58178937.301689014,2.2737367544323206e-13,7.450580596923828e-08,299.7610405034372,299.7610405034372,290.8281614964346,1131.031691154437,0.0,0.0,0,0.0,0.0,0.0,5.995220810068745,2.937658196933686,1.53125,2026-09-17 11:30:58 UTC,Demand fades too
37.0,6.530582065624265e-05,0.5705321887246048,1584.3186743350939,6.255614419630747,111.7189937774005,2405167.743332688,1099,58175276.311487466,0.0,5.960464477539063e-08,299.88508913627834,299.88508913627834,290.9485134800171,1131.3875545561991,0.0,0.0,0,0.0,0.0,0.0,5.997701782725568,2.9388738735355293,1.5416666666666667,2026-09-17 11:45:58 UTC,Demand fades too
37.25,6.529422191543669e-05,0.5704308584769794,1584.0899302378964,6.254504479826494,111.7189937774005,2412459.4099993547,1099,58171719.87229907,-2.2737367544323206e-13,5.960464477539063e-08,300.00560634533997,300.00560634533997,291.06543927624864,1131.733224449628,0.0,0.0,0,0.0,0.0,0.0,6.0001121269068,2.940054942184333,1.5520833333333333,2026-09-17 12:00:58 UTC,Demand fades too
37.5,6.528295735742321e-05,0.5703324477553338,1583.8677572650845,6.253426494616403,111.7189937774005,2419751.0766660213,1099,58168264.98925318,2.2737367544323206e-13,5.960464477539063e-08,300.122692663402,300.122692663402,291.1790364220324,1132.068994568224,0.0,0.0,0,0.0,0.0,0.0,6.002453853268041,2.9412023881013414,1.5625,2026-09-17 12:15:58 UTC,Demand fades too
37.75,6.527201724305367e-05,0.5702368714754029,1583.6519650060807,6.252379534145106,111.7189937774005,2427042.7433326878,1099,58164908.75377596,0.0,7.450580596923828e-08,300.23644576127134,300.23644576127134,291.28939967758527,1132.3951500827807,0.0,0.0,0,0.0,0.0,0.0,6.004728915225428,2.942317168460461,1.5729166666666667,2026-09-17 12:30:58 UTC,Demand fades too
38.0,6.526139212324046e-05,0.5701440470869859,1583.4423686602017,6.25136269617305,111.7189937774005,2434334.4099993543,1099,58161648.341075405,2.2737367544323206e-13,5.960464477539063e-08,300.3469605292566,300.3469605292566,291.39662110548454,1132.7119678565589,0.0,0.0,0,0.0,0.0,0.0,6.0069392105851325,2.9434002131867167,1.5833333333333333,2026-09-17 12:45:58 UTC,Demand fades too
38.25,6.52510728299686e-05,0.5700538944954201,1583.2387888661945,6.250375105226047,111.7189937774005,2441626.076666021,1099,58158481.007701196,2.2737367544323206e-13,7.450580596923828e-08,300.45432915632347,300.45432915632347,291.5007901474648,1133.0197166925466,0.0,0.0,0,0.0,0.0,0.0,6.00908658312647,2.944452425731972,1.59375,2026-09-17 13:00:58 UTC,Demand fades too
38.5,6.524105046760539e-05,0.5699663359856607,1583.0410515372437,6.24941591176886,111.7189937774005,2448917.7433326873,1099,58155404.08917715,4.547473508864641e-13,5.960464477539063e-08,300.5586412069967,300.5586412069967,291.60199369902796,1133.3186575730606,0.0,0.0,0,0.0,0.0,0.0,6.011172824139935,2.9454746838285697,1.6041666666666667,2026-09-17 13:15:58 UTC,Demand fades too
38.75,6.523131640449713e-05,0.5698812961488662,1582.8489877012537,6.248484291410564,111.7189937774005,2456209.409999354,1099,58152414.99770393,0.0,7.450580596923828e-08,300.65998369607297,300.65998369607297,291.7003161819298,1133.609043891952,0.0,0.0,0,0.0,0.0,0.0,6.013199673921461,2.9464678402215174,1.6145833333333333,2026-09-17 13:30:58 UTC,Demand fades too
39.0,6.522186226484227e-05,0.5697987018113999,1582.66243334623,6.247579444134362,111.7189937774005,2463501.0766660203,1099,58149511.21992999,0.0,7.450580596923828e-08,300.7584411612066,300.7584411612066,291.79583961460247,1133.8911216796484,0.0,0.0,0,0.0,0.0,0.0,6.015168823224133,2.947432723379827,1.625,2026-09-17 13:45:58 UTC,Demand fades too
39.25,6.521267992083084e-05,0.5697184819661577,1582.4812292705656,6.246700593551688,111.7189937774005,2470792.743332687,1099,58146690.31478844,0.0,5.960464477539063e-08,300.8540957334289,300.8540957334289,291.8886436805726,1134.165129821283,0.0,0.0,0,0.0,0.0,0.0,6.01708191466858,2.948370138187606,1.6354166666666667,2026-09-17 14:00:58 UTC,Demand fades too
39.5,6.520376148504117e-05,0.569640567706143,1582.305220938085,6.245846986180333,111.7189937774005,2478084.4099993533,1099,58143949.911398076,0.0,5.960464477539063e-08,300.9470272056603,300.9470272056603,291.97880579493153,1134.4313002681224,0.0,0.0,0,0.0,0.0,0.0,6.018940544113208,2.9492808666154735,1.6458333333333333,2026-09-17 14:15:58 UTC,Demand fades too
39.75,6.519509930308378e-05,0.5695648921602021,1582.1342583376688,6.245017890748383,111.7189937774005,2485376.07666602,1099,58141287.70702641,-2.2737367544323206e-13,7.450580596923828e-08,301.0373130992715,301.0373130992715,292.06640116891316,1134.6898582425201,0.0,0.0,0,0.0,0.0,0.0,6.020746261985432,2.9501656683728634,1.65625,2026-09-17 14:30:58 UTC,Demand fades too
40.0,6.518668594648431e-05,0.5694913904308466,1581.968195847303,6.244212597518006,111.7189937774005,2492667.7433326864,1099,58138701.46511286,2.2737367544323206e-13,7.450580596923828e-08,301.1250287287504,301.1250287287504,292.1515028726336,1134.9410224366068,0.0,0.0,0,0.0,0.0,0.0,6.022500574575011,2.9510252815417566,1.6666666666666667,2026-09-17 14:45:58 UTC,Demand fades too
40.25,6.517851420579671e-05,0.5694199995340883,1581.8068921024071,6.243430417628863,111.7189937774005,2499959.409999353,1099,58136189.01335034,-2.2737367544323206e-13,7.450580596923828e-08,301.21024726452754,301.21024726452754,292.2341818960446,1135.1850052049133,0.0,0.0,0,0.0,0.0,0.0,6.0242049452905535,2.9518604231923726,1.6770833333333333,2026-09-17 15:00:58 UTC,Demand fades too
40.5,6.517057708393839e-05,0.569350658341213,1581.6502098682972,6.242670682471746,111.7189937774005,2507251.0766660194,1099,58133748.241823345,-2.2737367544323206e-13,7.450580596923828e-08,301.2930397940134,301.2930397940134,292.3145072081518,1135.4220127511303,0.0,0.0,0,0.0,0.0,0.0,6.02586079588027,2.9526717899813337,1.6875,2026-09-17 15:15:58 UTC,Demand fades too
40.75,6.516286778973982e-05,0.5692833075224278,1581.4980159166312,6.241932743069042,111.7189937774005,2514542.743332686,1099,58131377.10120091,-4.547473508864641e-13,7.450580596923828e-08,301.3734753808978,301.3734753808978,292.392545814547,1135.6522453091914,0.0,0.0,0,0.0,0.0,0.0,6.027469507617957,2.9534600587328006,1.6979166666666667,2026-09-17 15:30:58 UTC,Demand fades too
41.0,6.515537973170082e-05,0.5692178894923142,1581.3501809057211,6.241215969485415,111.7189937774005,2521834.4099993524,1099,58129073.60098274,-4.547473508864641e-13,7.450580596923828e-08,301.4516211227614,301.4516211227614,292.4683628133031,1135.8758973188574,0.0,0.0,0,0.0,0.0,0.0,6.02903242245523,2.954225887003064,1.7083333333333333,2026-09-17 15:45:58 UTC,Demand fades too
41.25,6.514810651194651e-05,0.5691543483570249,1581.2065792645699,6.240519750254816,111.7189937774005,2529126.076666019,1099,58126835.8077969,-2.2737367544323206e-13,5.960464477539063e-08,301.5275422070471,301.5275422070471,292.54202144927706,1136.0931575959828,0.0,0.0,0,0.0,0.0,0.0,6.030550844140943,2.9549699136290632,1.71875,2026-09-17 16:00:58 UTC,Demand fades too
41.5,6.514104192037566e-05,0.5690926298631623,1581.0670890805095,6.2398434918209364,111.7189937774005,2536417.7433326854,1099,58124661.8437475,-4.547473508864641e-13,7.450580596923828e-08,301.6013019654376,301.6013019654376,292.61358316686756,1136.3042094976336,0.0,0.0,0,0.0,0.0,0.0,6.032026039308754,2.9556927592612903,1.7291666666666667,2026-09-17 16:15:58 UTC,Demand fades too
41.75,6.513417992899534e-05,0.5690326813482844,1580.9315919903293,6.239186618000385,111.7189937774005,2543709.409999352,1099,58122549.8848109,-2.2737367544323206e-13,7.450580596923828e-08,301.6729619266858,301.6729619266858,292.6831076612705,1136.509231082217,0.0,0.0,0,0.0,0.0,0.0,6.033459238533717,2.9563950268815224,1.7395833333333333,2026-09-17 16:30:58 UTC,Demand fades too
42.0,6.512751468643464e-05,0.5689744516929747,1580.7999730747626,6.2385485694613045,111.7189937774005,2551001.0766660185,1099,58120498.159278974,-2.2737367544323206e-13,7.450580596923828e-08,301.7425818679402,301.7425818679402,292.7506529282756,1136.7083952647888,0.0,0.0,0,0.0,0.0,0.0,6.0348516373588055,2.957077302305816,1.75,2026-09-17 16:45:58 UTC,Demand fades too
42.25,6.512104051263229e-05,0.5689178912744312,1580.672120756242,6.237928803218522,111.7189937774005,2558292.743332685,1099,58118504.94624787,-2.2737367544323206e-13,7.450580596923828e-08,301.81021986461013,301.81021986461013,292.81627531264473,1136.9018699676783,0.0,0.0,0,0.0,0.0,0.0,6.036204397292204,2.957740154673181,1.7604166666666667,2026-09-17 17:00:58 UTC,Demand fades too
42.5,6.511475189369135e-05,0.5688629519215164,1580.5479266997959,6.237326792143264,111.7189937774005,2565584.4099993515,1099,58116568.57415117,-2.2737367544323206e-13,7.450580596923828e-08,301.87593233881057,301.87593233881057,292.88002955511405,1137.089818266594,0.0,0.0,0,0.0,0.0,0.0,6.037518646776213,2.958384136920346,1.7708333333333333,2026-09-17 17:15:58 UTC,Demand fades too
42.75,6.510864347689575e-05,0.5688095868712189,1580.427285716993,6.236742024490295,111.7189937774005,2572876.076666018,1099,58114687.41933587,-2.2737367544323206e-13,7.450580596923828e-08,301.93977410642856,301.93977410642856,292.941968838057,1137.2723985323396,0.0,0.0,0,0.0,0.0,0.0,6.038795482128573,2.9590097862430023,1.78125,2026-09-17 17:30:58 UTC,Demand fades too
43.0,6.510270893785803e-05,0.568757740871701,1580.310095673134,6.236174003721025,111.7189937774005,2580167.7433326845,1099,58112859.90468002,0.0,5.960464477539063e-08,302.00179842284916,302.00179842284916,293.00214482984825,1137.4497645679903,0.0,0.0,0,0.0,0.0,0.0,6.040035968456984,2.959617624543924,1.7916666666666667,2026-09-17 17:45:58 UTC,Demand fades too
43.25,6.509694169823129e-05,0.5687073564524551,1580.1962574013935,6.2356222520522095,111.7189937774005,2587459.409999351,1099,58111084.49825523,0.0,7.450580596923828e-08,302.06205702738,302.06205702738,293.06060772796405,1137.6220657378465,0.0,0.0,0,0.0,0.0,0.0,6.0412411405476005,2.960208158868326,1.8020833333333333,2026-09-17 18:00:58 UTC,Demand fades too
43.5,6.509133963134567e-05,0.5686584150342244,1580.0856746097174,6.23508630236696,111.7189937774005,2594751.0766660175,1099,58109359.712059096,-2.2737367544323206e-13,7.450580596923828e-08,302.120600186411,302.120600186411,293.117406300856,1137.7894471024142,0.0,0.0,0,0.0,0.0,0.0,6.042412003728221,2.9607818818268297,1.8125,2026-09-17 18:15:58 UTC,Demand fades too
43.75,6.50858979792485e-05,0.5686108750500379,1579.9782537921615,6.2345656994816,111.7189937774005,2602042.743332684,1099,58107684.10066453,0.0,7.450580596923828e-08,302.1774767353457,302.1774767353457,293.1725879286324,1137.9520495477468,0.0,0.0,0,0.0,0.0,0.0,6.043549534706915,2.9613392720063896,1.8229166666666667,2026-09-17 18:30:58 UTC,Demand fades too
44.0,6.508061212257933e-05,0.5685646961437102,1579.8739041512852,6.234060001466111,111.7189937774005,2609334.4099993506,1099,58106056.26003589,-2.2737367544323206e-13,7.450580596923828e-08,302.2327341193383,302.2327341193383,293.22619864258206,1138.1100099025728,0.0,0.0,0,0.0,0.0,0.0,6.044654682386767,2.961880794369517,1.8333333333333333,2026-09-17 18:45:58 UTC,Demand fades too
44.25,6.507547757645392e-05,0.5685198391338816,1579.7725375185596,6.233568779260597,111.7189937774005,2616626.076666017,1099,58104474.826339155,-4.547473508864641e-13,7.450580596923828e-08,302.28641843287176,302.28641843287176,293.2782831635722,1138.2634610562882,0.0,0.0,0,0.0,0.0,0.0,6.045728368657436,2.9624069006421445,1.84375,2026-09-17 19:00:58 UTC,Demand fades too
44.5,6.507048998646801e-05,0.5684762659791073,1579.6740682770387,6.233091616283575,111.7189937774005,2623917.7433326836,1099,58102938.47478459,-2.2737367544323206e-13,7.450580596923828e-08,302.33857445820837,302.33857445820837,293.3288849393538,1138.412532073591,0.0,0.0,0,0.0,0.0,0.0,6.046771489164168,2.9629180296904436,1.8541666666666667,2026-09-17 19:15:58 UTC,Demand fades too
44.75,6.50656451248238e-05,0.5684339397440158,1579.5784132863682,6.232628108068952,111.7189937774005,2631209.40999935,1099,58101445.91850281,2.2737367544323206e-13,7.450580596923828e-08,302.3892457027465,302.3892457027465,293.37804618080474,1138.5573483057126,0.0,0.0,0,0.0,0.0,0.0,6.047784914054931,2.9634146078869175,1.8645833333333333,2026-09-17 19:30:58 UTC,Demand fades too
45.0,6.506093888657634e-05,0.5683928245665171,1579.4854918100696,6.232177861901009,111.7189937774005,2638501.0766660166,1099,58099995.90745378,-2.2737367544323206e-13,7.450580596923828e-08,302.4384744353133,302.4384744353133,293.42580789714106,1138.6980314983473,0.0,0.0,0,0.0,0.0,0.0,6.0487694887062675,2.9638970494660724,1.875,2026-09-17 19:45:58 UTC,Demand fades too
45.25,6.505636728599514e-05,0.5683528856260158,1579.3952254450169,6.231740496470779,111.7189937774005,2645792.743332683,1099,58098587.22736745,-2.2737367544323206e-13,8.940696716308594e-08,302.48630172142447,302.48630172142447,293.4722099301261,1138.834699896385,0.0,0.0,0,0.0,0.0,0.0,6.049726034428491,2.9643657568699617,1.8854166666666667,2026-09-17 20:00:58 UTC,Demand fades too
45.5,6.505192645303703e-05,0.5683140891125981,1579.307538053036,6.231315641534634,111.7189937774005,2653084.4099993496,1099,58097218.69871508,-2.2737367544323206e-13,8.940696716308594e-08,302.53276745754016,302.53276745754016,293.51729098730556,1138.9674683455453,0.0,0.0,0,0.0,0.0,0.0,6.050655349150805,2.9648211210838955,1.8958333333333333,2026-09-17 20:15:58 UTC,Demand fades too
45.75,6.504761262992735e-05,0.5682764021971624,1579.2223556945678,6.230902937592496,111.7189937774005,2660376.076666016,1099,58095889.17571051,-2.2737367544323206e-13,7.450580596923828e-08,302.5779104043458,302.5779104043458,293.56108867429634,1139.0964483910043,0.0,0.0,0,0.0,0.0,0.0,6.0515582080869175,2.9652635219625907,1.90625,2026-09-17 20:30:58 UTC,Demand fades too
46.0,6.504342216784542e-05,0.5682397930024634,1579.1396065643212,6.230502035563186,111.7189937774005,2667667.7433326826,1099,58094597.545340404,-2.2737367544323206e-13,7.450580596923828e-08,302.62176821908525,302.62176821908525,293.60363952615654,1139.221748373111,0.0,0.0,0,0.0,0.0,0.0,6.052435364381706,2.9656933285470375,1.9166666666666667,2026-09-17 20:45:58 UTC,Demand fades too
46.25,6.503935152371103e-05,0.5682042305750385,1579.05922092886,6.230112596486899,111.7189937774005,2674959.409999349,1099,58093342.72642256,0.0,7.450580596923828e-08,302.6643774869738,302.6643774869738,293.644979037862,1139.343473520278,0.0,0.0,0,0.0,0.0,0.0,6.053287549739478,2.9661108993723455,1.9270833333333333,2026-09-17 21:00:58 UTC,Demand fades too
46.5,6.503539725706889e-05,0.568169684857988,1578.9811310660564,6.229734291216209,111.7189937774005,2682251.0766660157,1099,58092123.668691605,0.0,7.450580596923828e-08,302.7057737517167,302.7057737517167,293.68514169391557,1139.461726039135,0.0,0.0,0,0.0,0.0,0.0,6.054115475034337,2.9665165827668263,1.9375,2026-09-17 21:15:58 UTC,Demand fades too
46.75,6.50315560270678e-05,0.5681361266645851,1578.9052712063653,6.22936680013707,111.7189937774005,2689542.743332682,1099,58090939.35191108,0.0,7.450580596923828e-08,302.7459915451589,302.7459915451589,293.7241609971132,1139.5766052020238,0.0,0.0,0,0.0,0.0,0.0,6.054919830903181,2.96691071714256,1.9479166666666667,2026-09-17 21:30:58 UTC,Demand fades too
47.0,6.502782458953114e-05,0.5681035276526826,1578.8315774758419,6.229009812880995,111.7189937774005,2696834.4099993487,1099,58089788.785011336,2.2737367544323206e-13,8.940696716308594e-08,302.78506441609073,302.78506441609073,293.7620694964912,1139.6882074319255,0.0,0.0,0,0.0,0.0,0.0,6.055701288321817,2.9672936312776916,1.9583333333333333,2026-09-17 21:45:58 UTC,Demand fades too
47.25,6.502419979411632e-05,0.5680718602998966,1578.7599878408662,6.228663028058188,111.7189937774005,2704126.076666015,1099,58088671.00525227,0.0,7.450580596923828e-08,302.8230249582336,302.8230249582336,293.7988988144782,1139.796626384888,0.0,0.0,0,0.0,0.0,0.0,6.0564604991646735,2.9676656445906913,1.96875,2026-09-17 22:00:58 UTC,Demand fades too
47.5,6.502067858156004e-05,0.5680410978795409,1578.6904420545159,6.228326152990675,111.7189937774005,2711417.7433326817,1099,58087585.07741038,-2.2737367544323206e-13,8.940696716308594e-08,302.85990483742887,302.85990483742887,293.83467967327346,1139.9019530300334,0.0,0.0,0,0.0,0.0,0.0,6.057198096748579,2.9680270674068048,1.9791666666666667,2026-09-17 22:15:58 UTC,Demand fades too
47.75,6.501725798100681e-05,0.5680112144372876,1578.6228816045368,6.227998903459995,111.7189937774005,2718709.409999348,1099,58086530.09298929,0.0,7.450580596923828e-08,302.895734818053,302.895734818053,293.86944192047497,1140.004275727214,0.0,0.0,0,0.0,0.0,0.0,6.057914696361061,2.968378201216921,1.9895833333333333,2026-09-17 22:30:58 UTC,Demand fades too
48.0,6.50139351074176e-05,0.5679821847685284,1578.5572496628529,6.227681003456205,111.7189937774005,2726001.0766660147,1099,58085505.169453055,-2.2737367544323206e-13,7.450580596923828e-08,302.9305447886802,302.9305447886802,293.9032145539775,1140.1036803024003,0.0,0.0,0,0.0,0.0,0.0,6.058610895773605,2.9687193389290676,2.0,2026-09-17 22:45:58 UTC,Demand fades too
0.0,0.00011446474352696986,1.0,2424.757715411276,10.9568034823675,111.7189937774005,1326001.07666602,1099,68015931.403879,0.0,0.0,0.0,0.0,0.0,0.0,0.0,0.0,0,0.0,0.0,0.0,0.0,0.0,0.0,2026-09-15 22:45:58 UTC,Buying triples; selling halves in 6h
0.25,0.00011329447665253414,0.9897761805218217,2406.704847602569,10.844956166276933,111.7189937774005,1333292.7433326868,1099,67853562.43743439,-2.1316282072803006e-13,1.4901161193847656e-08,26.349860771860328,26.349860771860328,25.56463492085889,43.617502729565786,0.0,0.0,0,0.0,0.0,0.0,0.5269972154372066,0.25822863556423126,0.010416666666666666,2026-09-15 23:00:58 UTC,Buying triples; selling halves in 6h
0.5,0.0001122366052099919,0.9805342828863897,2390.3065683644463,10.743848376774931,111.7189937774005,1340584.4099993536,1099,67704409.93803918,-4.263256414560601e-13,1.4901161193847656e-08,52.699721543720656,52.699721543720656,51.12926984171778,85.580416888547,0.0,0.0,0,0.0,0.0,0.0,1.0539944308744131,0.5164572711284625,0.020833333333333332,2026-09-15 23:15:58 UTC,Buying triples; selling halves in 6h
0.75,0.00011128257794171617,0.9721996006176005,2375.4649823163277,10.652606334782403,111.7189937774005,1347876.0766660203,1099,67567984.36485748,-6.252776074688882e-13,1.4901161193847656e-08,79.04958231558098,79.04958231558098,76.69390476257666,125.98663785752433,0.0,0.0,0,0.0,0.0,0.0,1.5809916463116198,0.7746859066926938,0.03125,2026-09-15 23:30:58 UTC,Buying triples; selling halves in 6h
1.0,0.00011042540778552461,0.9647110925427137,2362.09026210893,10.570682334148755,111.7189937774005,1355167.743332687,1099,67443809.56765358,-8.526512829121202e-13,1.4901161193847656e-08,105.39944308744131,105.39944308744131,102.25853968343556,164.9259929857808,0.0,0.0,0,0.0,0.0,0.0,2.1079888617488263,1.032914542256925,0.041666666666666664,2026-09-15 23:45:58 UTC,Buying triples; selling halves in 6h
1.25,0.00010965976288578382,0.9580221778939827,2350.099682391221,10.497492801640314,111.7189937774005,1362459.4099993538,1099,67331423.87486792,-1.0516032489249483e-12,1.4901161193847656e-08,131.74930385930165,131.74930385930165,127.82317460429445,202.48120762434837,0.0,0.0,0,0.0,0.0,0.0,2.6349860771860327,1.2911431778211564,0.052083333333333336,2026-09-16 00:00:58 UTC,Buying triples; selling halves in 6h
1.5,0.00010897955800097721,0.9520796940876364,2339.416893865614,10.432472469321347,111.7189937774005,1369751.0766660206,1099,67230378.25042671,-1.2505552149377763e-12,0.0,158.09916463116198,158.09916463116198,153.38780952515333,238.72863107081412,0.0,0.0,0,0.0,0.0,0.0,3.161983292623239,1.5493718133853878,0.0625,2026-09-16 00:15:58 UTC,Buying triples; selling halves in 6h
1.75,0.00010837980771909301,0.9468400869963673,2329.9712526661137,10.37514884339918,111.7189937774005,1377042.7433326873,1099,67140235.36349896,-1.4779288903810084e-12,0.0,184.44902540302232,184.44902540302232,178.9524444460122,273.738907191173,0.0,0.0,0,0.0,0.0,0.0,3.6889805080604456,1.8076004489496191,0.07291666666666667,2026-09-16 00:30:58 UTC,Buying triples; selling halves in 6h
2.0,0.00010785581811469057,0.9422623490112296,2321.6973746166,10.325065270580444,111.7189937774005,1384334.409999354,1099,67060570.697214946,-1.6484591469634324e-12,1.4901161193847656e-08,210.79888617488265,210.79888617488265,204.5170793668711,307.57742016154543,0.0,0.0,0,0.0,0.0,0.0,4.2159777234976525,2.0658290845138505,0.08333333333333333,2026-09-16 00:45:58 UTC,Buying triples; selling halves in 6h
2.25,0.0001074032248114984,0.9383083515684666,2314.534663914633,10.281798839956059,111.7189937774005,1391626.0766660208,1099,66990972.257220425,-1.8189894035458565e-12,1.4901161193847656e-08,237.148746946743,237.148746946743,230.08171428772997,340.3047657843713,0.0,0.0,0,0.0,0.0,0.0,4.742974938934859,2.324057720078082,0.09375,2026-09-16 01:00:58 UTC,Buying triples; selling halves in 6h
2.5,0.00010701794959562998,0.9349424661089177,2308.426871580205,10.24497169492411,111.7189937774005,1398917.7433326875,1099,66931040.300748765,-2.0463630789890885e-12,0.0,263.4986077186033,263.4986077186033,255.64634920858884,371.9771930396578,0.0,0.0,0,0.0,0.0,0.0,5.2699721543720655,2.5822863556423132,0.10416666666666667,2026-09-16 01:15:58 UTC,Buying triples; selling halves in 6h
2.75,0.00010669643509081367,0.9321336142746361,2303.3217148813937,10.214240435421589,111.7189937774005,1406209.4099993543,1099,66880387.23510231,-2.2737367544323206e-12,0.0,289.84846849046363,289.84846849046363,281.21098412944775,402.6469846593277,0.0,0.0,0,0.0,0.0,0.0,5.796969369809272,2.8405149912065446,0.11458333333333333,2026-09-16 01:30:58 UTC,Buying triples; selling halves in 6h
3.0,0.00010643535703152074,0.9298527542364409,2299.1705345519945,10.189285702567117,111.7189937774005,1413501.076666021,1099,66838637.5032071,-2.5011104298755527e-12,1.4901161193847656e-08,316.19832926232397,316.19832926232397,306.77561905030666,432.36279990958565,0.0,0.0,0,0.0,0.0,0.0,6.323966585246478,3.098743626770776,0.125,2026-09-16 01:45:58 UTC,Buying triples; selling halves in 6h
3.25,0.00010623164734031073,0.9280730823048647,2295.9279825900944,10.169814335489392,111.7189937774005,1420792.7433326878,1099,66805427.31729924,-3.183231456205249e-12,1.4901161193847656e-08,342.5481900341843,342.5481900341843,332.34025397116557,461.16998679234393,0.0,0.0,0,0.0,0.0,0.0,6.850963800683685,3.3569722623350073,0.13541666666666666,2026-09-16 02:00:58 UTC,Buying triples; selling halves in 6h
3.5,0.00010608248657466441,0.9267699669433108,2293.5517418447484,10.155556912547418,111.7189937774005,1428084.4099993545,1099,66780404.43236508,-3.410605131648481e-12,1.4901161193847656e-08,368.89805080604464,368.89805080604464,357.9048888920245,489.1108624585486,0.0,0.0,0,0.0,0.0,0.0,7.377961016120891,3.6152008978992387,0.14583333333333334,2026-09-16 02:15:58 UTC,Buying triples; selling halves in 6h
3.75,0.00010598528020179784,0.9259207414973667,2292.0022736034853,10.146265487286241,111.7189937774005,1435376.0766660213,1099,66763227.91318401,-4.092726157978177e-12,2.9802322387695312e-08,395.247911577905,395.247911577905,383.4695238128834,516.22496562067,0.0,0.0,0,0.0,0.0,0.0,7.904958231558098,3.87342953346347,0.15625,2026-09-16 02:30:58 UTC,Buying triples; selling halves in 6h
4.0,0.00010593763749069637,0.9255045197889745,2291.2425899730724,10.141711574017913,111.7189937774005,1442667.743332688,1099,66753567.89538451,-4.320099833421409e-12,1.4901161193847656e-08,421.5977723497653,421.5977723497653,409.0341587337423,542.5492841719415,0.0,0.0,0,0.0,0.0,0.0,8.431955446995305,4.131658169027701,0.16666666666666666,2026-09-16 02:45:58 UTC,Buying triples; selling halves in 6h
4.25,0.00010593735269438934,0.9255020317188645,2291.238048259237,10.14168435183983,111.7189937774005,1449959.4099993547,1099,66751105.34170289,-4.547473508864641e-12,1.4901161193847656e-08,447.94763312162564,447.94763312162564,434.5987936546012,568.1184608066355,0.0,0.0,0,0.0,0.0,0.0,8.958952662432512,4.389886804591932,0.17708333333333334,2026-09-16 03:00:58 UTC,Buying triples; selling halves in 6h
4.5,0.00010598238824093838,0.9258954764177418,2291.9561649053353,10.14598906027038,111.7189937774005,1457251.0766660215,1099,66755531.79453776,-4.774847184307873e-12,1.4901161193847656e-08,474.297493893486,474.297493893486,460.1634285754601,592.964979081396,0.0,0.0,0,0.0,0.0,0.0,9.48594987786972,4.648115440156164,0.1875,2026-09-16 03:15:58 UTC,Buying triples; selling halves in 6h
4.75,0.00010607085969012752,0.9266683908232006,2293.3664468544985,10.154445563318736,111.7189937774005,1464542.7433326882,1099,66766549.125801824,-5.002220859751105e-12,0.0,500.6473546653463,500.6473546653463,485.728063496319,617.1193320530915,0.0,0.0,0,0.0,0.0,0.0,10.012947093306927,4.906344075720395,0.19791666666666666,2026-09-16 03:30:58 UTC,Buying triples; selling halves in 6h
5.0,0.00010620102224557616,0.9278055318453002,2295.440238462227,10.166887061951174,111.7189937774005,1471834.409999355,1099,66783869.284986146,-5.229594535194337e-12,0.0,526.9972154372066,526.9972154372066,511.2926984171779,640.6101753662215,0.0,0.0,0,0.0,0.0,0.0,10.539944308744134,5.1645727112846265,0.20833333333333334,2026-09-16 03:45:58 UTC,Buying triples; selling halves in 6h
5.25,0.00010637125863988562,0.9292927705273959,2298.150582313098,10.18315893755453,111.7189937774005,1479126.0766660217,1099,66807214.04627049,-5.4569682106375694e-12,1.4901161193847656e-08,553.3470762090669,553.3470762090669,536.8573333380368,663.4644664362095,0.0,0.0,0,0.0,0.0,0.0,11.066941524181342,5.422801346848858,0.21875,2026-09-16 04:00:58 UTC,Buying triples; selling halves in 6h
5.5,0.00010658006823425712,0.9311169968169721,2301.4720924915187,10.203117711284976,111.7189937774005,1486417.7433326885,1099,66836314.75543688,-5.6843418860808015e-12,1.4901161193847656e-08,579.6969369809273,579.6969369809273,562.4219682588957,685.7075911786474,0.0,0.0,0,0.0,0.0,0.0,11.59393873961855,5.681029982413089,0.22916666666666666,2026-09-16 04:15:58 UTC,Buying triples; selling halves in 6h
5.75,0.00010682605719442622,0.9332660337395171,2305.380839026829,10.226630106109551,111.7189937774005,1493709.4099993552,1099,66870912.07727153,-5.9117155615240335e-12,0.0,606.0467977527876,606.0467977527876,587.9866031797546,707.3634795641956,0.0,0.0,0,0.0,0.0,0.0,12.120935955055756,5.939258617977321,0.23958333333333334,2026-09-16 04:30:58 UTC,Buying triples; selling halves in 6h
6.0,0.00010710792962227795,0.9357285599215227,2309.8542423811587,10.253572200062463,111.7189937774005,1501001.076666022,1099,66910755.744072706,-6.139089236967266e-12,1.4901161193847656e-08,632.3966585246479,632.3966585246479,613.5512381006135,728.4547111307247,0.0,0.0,0,0.0,0.0,0.0,12.647933170492964,6.197487253541552,0.25,2026-09-16 04:45:58 UTC,Buying triples; selling halves in 6h
6.25,0.00010742445426882044,0.9384938187845535,2314.8709768134668,10.283828501395819,111.7189937774005,1508292.7433326887,1099,66955604.30581982,-6.821210263296962e-12,1.4901161193847656e-08,658.7465192965083,658.7465192965083,639.1158730214725,749.0026116192748,0.0,0.0,0,0.0,0.0,0.0,13.174930385930171,6.455715889105783,0.2604166666666667,2026-09-16 05:00:58 UTC,Buying triples; selling halves in 6h
6.5,0.00010777445762827521,0.9415515582130466,2320.4108786633524,10.317288118469046,111.7189937774005,1515584.4099993554,1099,67005224.880994156,-6.59383658785373e-12,1.4901161193847656e-08,685.0963800683686,685.0963800683686,664.6805079423314,769.0273446902484,0.0,0.0,0,0.0,0.0,0.0,13.701927601367379,6.713944524670015,0.2708333333333333,2026-09-16 05:15:58 UTC,Buying triples; selling halves in 6h
6.75,0.00010815695774748424,0.9448931995553775,2326.454866462193,10.353848841659806,111.7189937774005,1522876.0766660222,1099,67059392.88049419,-6.366462912410498e-12,1.4901161193847656e-08,711.4462408402289,711.4462408402289,690.2451428631903,788.5479918122669,0.0,0.0,0,0.0,0.0,0.0,14.228924816804586,6.972173160234246,0.28125,2026-09-16 05:30:58 UTC,Buying triples; selling halves in 6h
7.0,0.00010857097742039099,0.9485102056320932,2332.9848709362745,10.393420762836831,111.7189937774005,1530167.743332689,1099,67117891.80572706,-6.59383658785373e-12,1.4901161193847656e-08,737.7961016120893,737.7961016120893,715.8097777840492,807.582622259044,0.0,0.0,0,0.0,0.0,0.0,14.755922032241793,7.230401795798477,0.2916666666666667,2026-09-16 05:45:58 UTC,Buying triples; selling halves in 6h
7.25,0.00010901560464750336,0.9523946089287957,2339.9837739380973,10.435917753726557,111.7189937774005,1537459.4099993557,1099,67180513.08598128,-6.821210263296962e-12,0.0,764.1459623839496,764.1459623839496,741.3744127049081,826.1483541780799,0.0,0.0,0,0.0,0.0,0.0,15.282919247679,7.488630431362709,0.3020833333333333,2026-09-16 06:00:58 UTC,Buying triples; selling halves in 6h
7.5,0.00010948998724431972,0.9565389644936565,2347.435338620531,10.481258281239125,111.7189937774005,1544751.0766660224,1099,67247055.77744001,-7.048583938740194e-12,1.4901161193847656e-08,790.49582315581,790.49582315581,766.939047625767,844.2614244165047,0.0,0.0,0,0.0,0.0,0.0,15.809916463116208,7.74685906692694,0.3125,2026-09-16 06:15:58 UTC,Buying triples; selling halves in 6h
7.75,0.00010999303733521488,0.9609337683030638,2355.324141000371,10.529356266236968,111.7189937774005,1552042.7433326892,1099,67317326.32718971,-7.275957614183426e-12,0.0,816.8456839276703,816.8456839276703,792.5036825466259,861.9372569575235,0.0,0.0,0,0.0,0.0,0.0,16.336913678553415,8.00508770249117,0.3229166666666667,2026-09-16 06:30:58 UTC,Buying triples; selling halves in 6h
8.0,0.00011052427179599916,0.9655747996321482,2363.635513228821,10.580131334326865,111.7189937774005,1559334.409999356,1099,67391138.25506626,-7.503331289626658e-12,0.0,843.1955446995306,843.1955446995306,818.0683174674848,879.1905196499324,0.0,0.0,0,0.0,0.0,0.0,16.86391089399062,8.263316338055402,0.3333333333333333,2026-09-16 06:45:58 UTC,Buying triples; selling halves in 6h
8.25,0.00011108300124917356,0.9704560358622609,2372.3555321277454,10.633531935085507,111.7189937774005,1566626.0766660227,1099,67468312.14969277,-7.275957614183426e-12,0.0,869.545405471391,869.545405471391,843.6329523883437,896.035135671867,0.0,0.0,0,0.0,0.0,0.0,17.390908109427826,8.521544973619633,0.34375,2026-09-16 07:00:58 UTC,Buying triples; selling halves in 6h
8.5,0.00011166857497902438,0.975571792136269,2381.471002579049,10.689497495177516,111.7189937774005,1573917.7433326894,1099,67548675.79569319,-7.503331289626658e-12,0.0,895.8952662432513,895.8952662432513,869.1975873092026,912.484300141422,0.0,0.0,0,0.0,0.0,0.0,17.917905324865032,8.779773609183865,0.3541666666666667,2026-09-16 07:15:58 UTC,Buying triples; selling halves in 6h
8.75,0.00011227926432585881,0.9809069663394117,2390.9693274981046,10.747927370657804,111.7189937774005,1581209.4099993561,1099,67632063.5514314,-7.73070496506989e-12,0.0,922.2451270151116,922.2451270151116,894.7622222300615,928.5506101432252,0.0,0.0,0,0.0,0.0,0.0,18.444902540302238,9.038002244748096,0.3645833333333333,2026-09-16 07:30:58 UTC,Buying triples; selling halves in 6h
9.0,0.00011291545838996134,0.9864649577741509,2400.8384452972086,10.808732904040944,111.7189937774005,1588501.076666023,1099,67718315.74466228,-7.958078640513122e-12,0.0,948.594987786972,948.594987786972,920.3268571509204,944.2461272649798,0.0,0.0,0,0.0,0.0,0.0,18.971899755739443,9.296230880312327,0.375,2026-09-16 07:45:58 UTC,Buying triples; selling halves in 6h
9.25,0.00011357671001250964,0.9922418599203782,2411.06685251194,10.871929382754765,111.7189937774005,1595792.7433326896,1099,67807278.31342556,-8.185452315956354e-12,-1.4901161193847656e-08,974.9448485588323,974.9448485588323,945.8914920717793,959.5823549711072,0.0,0.0,0,0.0,0.0,0.0,19.49889697117665,9.554459515876559,0.3854166666666667,2026-09-16 08:00:58 UTC,Buying triples; selling halves in 6h
9.5,0.00011426246138970946,0.9982327996287107,2421.643571532897,10.937470110128757,111.7189937774005,1603084.4099993564,1099,67898803.10951334,-8.412825991399586e-12,-1.4901161193847656e-08,1001.2947093306926,1001.2947093306926,971.4561269926382,974.5702708710087,0.0,0.0,0,0.0,0.0,0.0,20.025894186613854,9.81268815144079,0.3958333333333333,2026-09-16 08:15:58 UTC,Buying triples; selling halves in 6h
9.75,0.00011497221055692385,1.0044333915782062,2432.5581072980244,11.005301790410467,111.7189937774005,1610376.0766660231,1099,67992747.65603994,-8.640199666842818e-12,-2.9802322387695312e-08,1027.644570102553,1027.644570102553,997.0207619134972,989.22037002674,0.0,0.0,0,0.0,0.0,0.0,20.55289140205106,10.070916787005022,0.40625,2026-09-16 08:30:58 UTC,Buying triples; selling halves in 6h
10.0,0.00011570557218095116,1.0108402693768228,2443.8004249913347,11.075386867824673,111.7189937774005,1617667.7433326899,1099,68088974.90227568,-8.86757334228605e-12,-2.9802322387695312e-08,1053.9944308744132,1053.9944308744132,1022.5853968343561,1003.5426872542885,0.0,0.0,0,0.0,0.0,0.0,21.079888617488265,10.329145422569253,0.4166666666666667,2026-09-16 08:45:58 UTC,Buying triples; selling halves in 6h
10.25,0.00011646210228556183,1.0174495543085837,2455.360929280993,11.147686546445074,111.7189937774005,1624959.4099993566,1099,68187353.12822394,-9.094947017729282e-12,-2.9802322387695312e-08,1080.3442916462734,1080.3442916462734,1048.150031755215,1017.546817885489,0.0,0.0,0,0.0,0.0,0.0,21.60688583292547,10.587374058133484,0.4270833333333333,2026-09-16 09:00:58 UTC,Buying triples; selling halves in 6h
10.5,0.00011724135858646592,1.024257382438828,2467.2304301010436,11.222157395829667,111.7189937774005,1632251.0766660233,1099,68287755.74382775,-9.322320693172514e-12,-1.4901161193847656e-08,1106.6941524181336,1106.6941524181336,1073.7146666760739,1031.241951986297,0.0,0.0,0,0.0,0.0,0.0,22.133883048362677,10.845602693697716,0.4375,2026-09-16 09:15:58 UTC,Buying triples; selling halves in 6h
10.75,0.00011804302108418718,1.031260958151487,2479.4001266833075,11.298766139301282,111.7189937774005,1639542.74333269,1099,68390061.10866472,-9.549694368615746e-12,-2.9802322387695312e-08,1133.0440131899938,1133.0440131899938,1099.2793015969328,1044.6368903248917,0.0,0.0,0,0.0,0.0,0.0,22.660880263799882,11.103831329261947,0.4479166666666667,2026-09-16 09:30:58 UTC,Buying triples; selling halves in 6h
11.0,0.00011886651544083748,1.0384552638501348,2491.8616343056246,11.377477721730601,111.7189937774005,1646834.4099993568,1099,68494152.80306774,-9.777068044058979e-12,-1.4901161193847656e-08,1159.393873961854,1159.393873961854,1124.8439365177917,1057.7400176234332,0.0,0.0,0,0.0,0.0,0.0,23.187877479237088,11.362059964826178,0.4583333333333333,2026-09-16 09:45:58 UTC,Buying triples; selling halves in 6h
11.25,0.00011971117463335143,1.0458344722114843,2504.6068726805343,11.45820901790098,111.7189937774005,1654126.0766660236,1099,68599919.13240181,-1.000444171950221e-11,-4.470348358154297e-08,1185.7437347337143,1185.7437347337143,1150.4085714386506,1070.5594141693823,0.0,0.0,0,0.0,0.0,0.0,23.714874694674293,11.62028860039041,0.46875,2026-09-16 10:00:58 UTC,Buying triples; selling halves in 6h
11.5,0.00012057721815505525,1.0534005007982672,2517.6281836346725,11.54096626907754,111.7189937774005,1661417.7433326903,1099,68707253.36512254,-1.0231815394945443e-11,-4.470348358154297e-08,1212.0935955055745,1212.0935955055745,1175.9732063595095,1083.1027381361027,0.0,0.0,0,0.0,0.0,0.0,24.2418719101115,11.878517235954641,0.4791666666666667,2026-09-16 10:15:58 UTC,Buying triples; selling halves in 6h
11.75,0.00012145896054011475,1.0611036795928077,2530.918917932508,11.625598368811465,111.7189937774005,1668709.409999357,1099,68816059.87104598,-1.0459189070388675e-11,-2.9802322387695312e-08,1238.4434562774347,1238.4434562774347,1201.5378412803684,1095.3766387591259,0.0,0.0,0,0.0,0.0,0.0,24.768869125548704,12.136745871518873,0.4895833333333333,2026-09-16 10:30:58 UTC,Buying triples; selling halves in 6h
12.0,0.0001223558420534181,1.0689391185731263,2544.4720108508573,11.711398125888994,111.7189937774005,1676001.0766660238,1099,68926247.54253387,-1.0686562745831907e-11,-4.470348358154297e-08,1264.793317049295,1264.793317049295,1227.1024762012273,1107.3881807616353,0.0,0.0,0,0.0,0.0,0.0,25.29586634098591,12.394974507083104,0.5,2026-09-16 10:45:58 UTC,Buying triples; selling halves in 6h
12.25,0.00012327301961120735,1.076951870181425,2558.2805304953736,11.799042209391745,111.7189937774005,1683292.7433326906,1099,69037722.09060633,-1.0913936421275139e-11,-5.960464477539063e-08,1291.1431778211552,1291.1431778211552,1252.6671111220862,1119.1442960379777,0.0,0.0,0,0.0,0.0,0.0,25.822863556423115,12.653203142647335,0.5104166666666666,2026-09-16 11:00:58 UTC,Buying triples; selling halves in 6h
12.5,0.00012421000908104208,1.0851377048844395,2572.33781983881,11.888589790083893,111.7189937774005,1690584.4099993573,1099,69150392.01534571,-1.1141310096718371e-11,-5.960464477539063e-08,1317.4930385930154,1317.4930385930154,1278.2317460429451,1130.6516416154,0.0,0.0,0,0.0,0.0,0.0,26.34986077186032,12.911431778211567,0.5208333333333334,2026-09-16 11:15:58 UTC,Buying triples; selling halves in 6h
12.75,0.00012516673104181323,1.093495928834382,2586.6374512835673,11.980009497147403,111.7189937774005,1697876.076666024,1099,69264169.46335518,-1.1368683772161603e-11,-5.960464477539063e-08,1343.8428993648756,1343.8428993648756,1303.796380963804,1141.9166450915013,0.0,0.0,0,0.0,0.0,0.0,26.876857987297527,13.169660413775798,0.53125,2026-09-16 11:30:58 UTC,Buying triples; selling halves in 6h
13.0,0.000126143000600138,1.1020249267445092,2601.1732363912497,12.07329640388175,111.7189937774005,1705167.7433326908,1099,69378970.01705065,-1.1596057447604835e-11,-7.450580596923828e-08,1370.1927601367358,1370.1927601367358,1329.361015884663,1152.9454949046776,0.0,0.0,0,0.0,0.0,0.0,27.403855202734732,13.42788904934003,0.5416666666666666,2026-09-16 11:45:58 UTC,Buying triples; selling halves in 6h
13.25,0.00012713855080754788,1.1107223664690415,2615.93920985023,12.168424506467135,111.7189937774005,1712459.4099993575,1099,69494712.73840347,-1.1368683772161603e-11,-5.960464477539063e-08,1396.542620908596,1396.542620908596,1354.9256508055219,1163.7441563665566,0.0,0.0,0,0.0,0.0,0.0,27.930852418171938,13.68611768490426,0.5520833333333334,2026-09-16 12:00:58 UTC,Buying triples; selling halves in 6h
13.5,0.0001281532237852456,1.1195868687291515,2630.9294433384175,12.265376011306753,111.7189937774005,1719751.0766660243,1099,69611318.61995493,-1.1596057447604835e-11,-5.960464477539063e-08,1422.8924816804563,1422.8924816804563,1380.4902857263808,1174.3185577992276,0.0,0.0,0,0.0,0.0,0.0,28.457849633609143,13.944346320468492,0.5625,2026-09-16 12:15:58 UTC,Buying triples; selling halves in 6h
13.75,0.00012920212433746903,1.1287503938453047,2646.1368684311715,12.364702366827641,111.7189937774005,1727042.743332691,1099,69728696.84185085,-1.1823431123048067e-11,-5.960464477539063e-08,1449.2423424523165,1449.2423424523165,1406.0549206472397,1184.6757676273323,0.0,0.0,0,0.0,0.0,0.0,28.98484684904635,14.202574956032723,0.5729166666666666,2026-09-16 12:30:58 UTC,Buying triples; selling halves in 6h
14.0,0.00013027806257097417,1.1381501286488134,2661.5560400977547,12.467449587247433,111.7189937774005,1734334.4099993578,1099,69846759.99934192,-1.2050804798491299e-11,-5.960464477539063e-08,1475.5922032241767,1475.5922032241767,1431.6195555680986,1194.8212308816078,0.0,0.0,0,0.0,0.0,0.0,29.511844064483554,14.460803591596955,0.5833333333333334,2026-09-16 12:45:58 UTC,Buying triples; selling halves in 6h
14.25,0.00013137284450578143,1.1477144879534695,2677.181876403577,12.57204749679684,111.7189937774005,1741626.0766660245,1099,69965439.18617658,-1.2278178473934531e-11,-4.470348358154297e-08,1501.942063996037,1501.942063996037,1457.1841904889575,1204.7600294966442,0.0,0.0,0,0.0,0.0,0.0,30.03884127992076,14.719032227161186,0.59375,2026-09-16 13:00:58 UTC,Buying triples; selling halves in 6h
14.5,0.0001324860369297267,1.1574396870815573,2693.0094614673053,12.678401731522257,111.7189937774005,1748917.7433326913,1099,70084669.87503208,-1.2505552149377763e-11,-5.960464477539063e-08,1528.2919247678972,1528.2919247678972,1482.7488254098164,1214.4970793537746,0.0,0.0,0,0.0,0.0,0.0,30.565838495357966,14.977260862725418,0.6041666666666666,2026-09-16 13:15:58 UTC,Buying triples; selling halves in 6h
14.75,0.000133617863124549,1.1673276766925735,2709.0339586003897,12.786523641030607,111.7189937774005,1756209.409999358,1099,70204389.48627979,-1.2278178473934531e-11,-5.960464477539063e-08,1554.6417855397574,1554.6417855397574,1508.3134603306753,1224.0372171415493,0.0,0.0,0,0.0,0.0,0.0,31.09283571079517,15.235489498289649,0.6145833333333334,2026-09-16 13:30:58 UTC,Buying triples; selling halves in 6h
15.0,0.00013477261223822362,1.177415928132219,2725.2504846270326,12.896635628078894,111.7189937774005,1763501.0766660247,1099,70324534.71877916,-1.2505552149377763e-11,-5.960464477539063e-08,1580.9916463116176,1580.9916463116176,1533.8780952515342,1233.385326035765,0.0,0.0,0,0.0,0.0,0.0,31.619832926232377,15.49371813385388,0.625,2026-09-16 13:45:58 UTC,Buying triples; selling halves in 6h
15.25,0.00013594635076009183,1.1876700770142428,2741.654574015017,13.008753735997052,111.7189937774005,1770792.7433326915,1099,70445045.92537205,-1.2732925824820995e-11,-2.9802322387695312e-08,1607.3415070834778,1607.3415070834778,1559.442730172393,1242.5458715686395,0.0,0.0,0,0.0,0.0,0.0,32.14683014166958,15.751946769418112,0.6354166666666666,2026-09-16 14:00:58 UTC,Buying triples; selling halves in 6h
15.5,0.00013714618275756206,1.1981521867058398,2758.2411960913787,13.122875909314184,111.7189937774005,1778084.4099993582,1099,70565861.44404295,-1.2505552149377763e-11,-4.470348358154297e-08,1633.691367855338,1633.691367855338,1585.007365093252,1251.5238844131368,0.0,0.0,0,0.0,0.0,0.0,32.67382735710679,16.01017540498234,0.6458333333333334,2026-09-16 14:15:58 UTC,Buying triples; selling halves in 6h
15.75,0.00013837010910462184,1.208844792213416,2775.0060702197347,13.239730001617945,111.7189937774005,1785376.076666025,1099,70686919.63256249,-1.2732925824820995e-11,-2.9802322387695312e-08,1660.0412286271983,1660.0412286271983,1610.572000014111,1260.3236452056394,0.0,0.0,0,0.0,0.0,0.0,33.20082457254399,16.26840404054657,0.65625,2026-09-16 14:30:58 UTC,Buying triples; selling halves in 6h
16.0,0.00013961230377236577,1.2196969955160972,2791.9451897526023,13.358369642797802,111.7189937774005,1792667.7433326917,1099,70808170.09008427,-1.2960299500264227e-11,-1.4901161193847656e-08,1686.3910893990585,1686.3910893990585,1636.1366349349698,1268.9491605936305,0.0,0.0,0,0.0,0.0,0.0,33.7278217879812,16.5266326761108,0.6666666666666666,2026-09-16 14:45:58 UTC,Buying triples; selling halves in 6h
16.25,0.00014087267953448305,1.2307080345773982,2809.054671811977,13.478743635858713,111.7189937774005,1799959.4099993585,1099,70929565.6745428,-1.3642420526593924e-11,-2.9802322387695312e-08,1712.7409501709187,1712.7409501709187,1661.7012698558287,1277.4043134551139,0.0,0.0,0,0.0,0.0,0.0,34.254819003418405,16.78486131167503,0.6770833333333334,2026-09-16 15:00:58 UTC,Buying triples; selling halves in 6h
16.5,0.00014215108461097085,1.241876583399478,2826.330751008003,13.6008367182225,111.7189937774005,1807251.0766660252,1099,71051061.40530372,-1.3869794202037156e-11,-2.9802322387695312e-08,1739.090810942779,1739.090810942779,1687.2659047766876,1285.6928691799467,0.0,0.0,0,0.0,0.0,0.0,34.78181621885561,17.04308994723926,0.6875,2026-09-16 15:15:58 UTC,Buying triples; selling halves in 6h
16.75,0.00014344749364672777,1.253202420472196,2843.769772654917,13.724644136477586,111.7189937774005,1814542.743332692,1099,71172614.30282368,-1.4097167877480388e-11,-2.9802322387695312e-08,1765.4406717146392,1765.4406717146392,1712.8305396975466,1293.8184824538916,0.0,0.0,0,0.0,0.0,0.0,35.308813434292816,17.30131858280349,0.6979166666666666,2026-09-16 15:30:58 UTC,Buying triples; selling halves in 6h
17.0,0.00014476171803570149,1.2646838980737605,2861.368193207251,13.850152744986872,111.7189937774005,1821834.4099993587,1099,71294183.3983794,-1.432454155292362e-11,-2.9802322387695312e-08,1791.7905324864994,1791.7905324864994,1738.3951746184055,1301.7846968224162,0.0,0.0,0,0.0,0.0,0.0,35.83581064973002,17.55954721836772,0.7083333333333334,2026-09-16 15:45:58 UTC,Buying triples; selling halves in 6h
17.25,0.00014609368945616113,1.2763204193240423,2879.1225709483174,13.97735179676511,111.7189937774005,1829126.0766660254,1099,71415729.63267201,-1.4551915228366852e-11,-4.470348358154297e-08,1818.1403932583596,1818.1403932583596,1763.9598095392644,1309.5949540022084,0.0,0.0,0,0.0,0.0,0.0,36.36280786516723,17.81777585393195,0.71875,2026-09-16 16:00:58 UTC,Buying triples; selling halves in 6h
17.5,0.0001474432919942618,1.2881109715632364,2897.0295642248443,14.106232460167302,111.7189937774005,1836417.7433326922,1099,71537215.77246647,-1.4779288903810084e-11,-4.470348358154297e-08,1844.4902540302198,1844.4902540302198,1789.5244444601233,1317.2525956465402,0.0,0.0,0,0.0,0.0,0.0,36.88980508060443,18.076004489496178,0.7291666666666666,2026-09-16 16:15:58 UTC,Buying triples; selling halves in 6h
17.75,0.0001488104350265258,1.3000547630761388,2915.085925963124,14.236784799446486,111.7189937774005,1843709.409999359,1099,71658606.34994556,-1.4551915228366852e-11,-4.470348358154297e-08,1870.84011480208,1870.84011480208,1815.0890793809822,1324.7608688291198,0.0,0.0,0,0.0,0.0,0.0,37.41680229604164,18.334233125060408,0.7395833333333334,2026-09-16 16:30:58 UTC,Buying triples; selling halves in 6h
18.0,0.00015019503447632262,1.312151059342863,2933.288499785761,14.369000672120595,111.7189937774005,1851001.0766660257,1099,71779867.5803153,-1.432454155292362e-11,-4.470348358154297e-08,1897.1899755739403,1897.1899755739403,1840.653714301841,1332.1229299273418,0.0,0.0,0,0.0,0.0,0.0,37.943799511478844,18.592461760624637,0.75,2026-09-16 16:45:58 UTC,Buying triples; selling halves in 6h
18.25,0.00015159749980070053,1.3244034375089615,2951.634184871737,14.502888384464544,111.7189937774005,1858292.7433326924,1099,71900966.97691591,-1.4097167877480388e-11,-2.9802322387695312e-08,1923.5398363458005,1923.5398363458005,1866.2183492227,1339.3418797622248,0.0,0.0,0,0.0,0.0,0.0,38.47079672691605,18.850690396188867,0.7604166666666666,2026-09-16 17:00:58 UTC,Buying triples; selling halves in 6h
18.5,0.00015301764759236849,1.336810295270656,2970.1199874536564,14.638488084233327,111.7189937774005,1865584.4099993592,1099,72021873.3640883,-1.432454155292362e-11,-4.470348358154297e-08,1949.8896971176607,1949.8896971176607,1891.782984143559,1346.420712101164,0.0,0.0,0,0.0,0.0,0.0,38.997793942353255,19.108919031753096,0.7708333333333334,2026-09-16 17:15:58 UTC,Buying triples; selling halves in 6h
18.75,0.00015445480626258718,1.349365765417497,2988.7430183563165,14.775727561136982,111.7189937774005,1872876.076666026,1099,72142557.7134874,-1.4551915228366852e-11,-4.470348358154297e-08,1976.239557889521,1976.239557889521,1917.3476190644178,1353.3623161193627,0.0,0.0,0,0.0,0.0,0.0,39.52479115779046,19.367147667317326,0.78125,2026-09-16 17:30:58 UTC,Buying triples; selling halves in 6h
19.0,0.0001559088159761049,1.3620684515784556,3007.5004593416393,14.91456143436203,111.7189937774005,1880167.7433326927,1099,72262992.72889681,-1.432454155292362e-11,-2.9802322387695312e-08,2002.5894186613812,2002.5894186613812,1942.9122539852767,1360.169510054899,0.0,0.0,0,0.0,0.0,0.0,40.051788373227666,19.625376302881556,0.7916666666666666,2026-09-16 17:45:58 UTC,Buying triples; selling halves in 6h
19.25,0.00015737986001949765,1.3749199550027056,3026.389560554091,15.05501743867298,111.7189937774005,1887459.4099993594,1099,72383152.21723983,-1.4551915228366852e-11,-2.9802322387695312e-08,2028.9392794332414,2028.9392794332414,1968.4768889061356,1366.845043763306,0.0,0.0,0,0.0,0.0,0.0,40.57878558866487,19.883604938445785,0.8020833333333334,2026-09-16 18:00:58 UTC,Buying triples; selling halves in 6h
19.5,0.00015886778994943706,1.3879189788426431,3045.407643744994,15.19708071981719,111.7189937774005,1894751.0766660261,1099,72503011.33872047,-1.5234036254696548e-11,-2.9802322387695312e-08,2055.289140205102,2055.289140205102,1994.0415238269945,1373.3915954932613,0.0,0.0,0,0.0,0.0,0.0,41.10578280410208,20.141833574010015,0.8125,2026-09-16 18:15:58 UTC,Buying triples; selling halves in 6h
19.75,0.0001603726772193421,1.4010661473378092,3064.5520949218367,15.34075592998809,111.7189937774005,1902042.743332693,1099,72622546.43164271,-1.5916157281026244e-11,-2.9802322387695312e-08,2081.639000976962,2081.639000976962,2019.6061587478534,1379.8117792372768,0.0,0.0,0,0.0,0.0,0.0,41.63278001953928,20.400062209574244,0.8229166666666666,2026-09-16 18:30:58 UTC,Buying triples; selling halves in 6h
20.0,0.00016189446060366355,1.4143609256025498,3083.8203662057613,15.486040260769837,111.7189937774005,1909334.4099993596,1099,72741735.02047315,-1.5688783605583012e-11,-2.9802322387695312e-08,2107.9888617488223,2107.9888617488223,2045.1707936687123,1386.1081428742114,0.0,0.0,0,0.0,0.0,0.0,42.15977723497649,20.658290845138474,0.8333333333333334,2026-09-16 18:45:58 UTC,Buying triples; selling halves in 6h
20.25,0.00016343322757636806,1.427804077836949,3103.209949429352,15.632928188293608,111.7189937774005,1916626.0766660264,1099,72860555.65522186,-1.5916157281026244e-11,-4.470348358154297e-08,2134.3387225206825,2134.3387225206825,2070.7354285895713,1392.2831945714793,0.0,0.0,0,0.0,0.0,0.0,42.686774450413694,20.916519480702704,0.84375,2026-09-16 19:00:58 UTC,Buying triples; selling halves in 6h
20.5,0.0001649917162560803,1.4414195251064832,3122.718333281255,15.78159868401469,111.7189937774005,1923917.7433326931,1099,72978986.4132237,-1.546140993013978e-11,-1.4901161193847656e-08,2160.6885832925427,2160.6885832925427,2096.30006351043,1398.3394456404353,0.0,0.0,0,0.0,0.0,0.0,43.2137716658509,21.174748116266933,0.8541666666666666,2026-09-16 19:15:58 UTC,Buying triples; selling halves in 6h
20.75,0.00016656696912475185,1.4551814296033068,3142.3431579326393,15.931973400640208,111.7189937774005,1931209.4099993599,1099,73097007.25349663,-1.5916157281026244e-11,-1.4901161193847656e-08,2187.038444064403,2187.038444064403,2121.8646984312886,1404.2792559099094,0.0,0.0,0,0.0,0.0,0.0,43.740768881288105,21.432976751831163,0.8645833333333334,2026-09-16 19:30:58 UTC,Buying triples; selling halves in 6h
21.0,0.0001681592723238701,1.4690922911494482,3162.0821106775497,16.08395696900283,111.7189937774005,1938501.0766660266,1099,73214600.02066071,-1.5916157281026244e-11,-1.4901161193847656e-08,2213.388304836263,2213.388304836263,2147.4293333521473,1410.1049380858576,0.0,0.0,0,0.0,0.0,0.0,44.26776609672531,21.691205387395392,0.875,2026-09-16 19:45:58 UTC,Buying triples; selling halves in 6h
21.25,0.00016976826092364675,1.4831489216035016,3181.932944745174,16.237543204348707,111.7189937774005,1945792.7433326934,1099,73331747.59764995,-1.5916157281026244e-11,-1.4901161193847656e-08,2239.7381656081234,2239.7381656081234,2172.993968273006,1415.8187389390919,0.0,0.0,0,0.0,0.0,0.0,44.794763312162516,21.949434022959622,0.8854166666666666,2026-09-16 20:00:58 UTC,Buying triples; selling halves in 6h
21.5,0.0001713943735006741,1.4973551525085158,3201.8934488027253,16.3927350341929,111.7189937774005,1953084.40999936,1099,73448433.71608783,-1.546140993013978e-11,-1.4901161193847656e-08,2266.0880263799836,2266.0880263799836,2198.5586031938647,1421.4228698023999,0.0,0.0,0,0.0,0.0,0.0,45.32176052759972,22.20766265852385,0.8958333333333334,2026-09-16 20:15:58 UTC,Buying triples; selling halves in 6h
21.75,0.0001730371563378088,1.5117070200488263,3221.961481337832,16.54953775374911,111.7189937774005,1960376.0766660268,1099,73564643.02506116,-1.546140993013978e-11,-2.9802322387695312e-08,2292.437887151844,2292.437887151844,2224.1232381147233,1426.9194721881518,0.0,0.0,0,0.0,0.0,0.0,45.84875774303693,22.46589129408808,0.90625,2026-09-16 20:30:58 UTC,Buying triples; selling halves in 6h
22.0,0.00017468344892255594,1.5260895498481375,3242.1354245610155,16.70737480466478,111.7189937774005,1967667.7433326936,1099,73680367.25557387,-1.5006662579253316e-11,-4.470348358154297e-08,2318.787747923704,2318.787747923704,2249.687873035582,1432.3101638858275,0.0,0.0,0,0.0,0.0,0.0,46.37575495847413,22.72411992965231,0.9166666666666666,2026-09-16 20:45:58 UTC,Buying triples; selling halves in 6h
22.25,0.0001763415642048966,1.5405753664520072,3262.413276765524,16.865653699261884,111.7189937774005,1974959.4099993603,1099,73795601.16838221,-1.546140993013978e-11,-4.470348358154297e-08,2345.1376086955643,2345.1376086955643,2275.2525079564407,1437.596946602177,0.0,0.0,0,0.0,0.0,0.0,46.90275217391134,22.98234856521654,0.9270833333333334,2026-09-16 21:00:58 UTC,Buying triples; selling halves in 6h
22.5,0.00017800448916461785,1.5551032019101754,3282.7934173473186,17.025070851356954,111.7189937774005,1982251.076666027,1099,73910336.79565497,-1.546140993013978e-11,-2.9802322387695312e-08,2371.4874694674245,2371.4874694674245,2300.8171428772994,1442.7814409412413,0.0,0.0,0,0.0,0.0,0.0,47.429749389348544,23.24057720078077,0.9375,2026-09-16 21:15:58 UTC,Buying triples; selling halves in 6h
22.75,0.00017967662744570694,1.5697115278415144,3303.2739790072396,17.18473322238052,111.7189937774005,1989542.7433326938,1099,74024571.11396661,-1.5916157281026244e-11,-2.9802322387695312e-08,2397.8373302392847,2397.8373302392847,2326.381777798158,1447.8655142021785,0.0,0.0,0,0.0,0.0,0.0,47.95674660478575,23.498805836345,0.9479166666666666,2026-09-16 21:30:58 UTC,Buying triples; selling halves in 6h
23.0,0.00018136469505555106,1.584459017398824,3323.853007046092,17.345855235806603,111.7189937774005,1996834.4099993606,1099,74138293.19205849,-1.5916157281026244e-11,-2.9802322387695312e-08,2424.187191011145,2424.187191011145,2351.9464127190167,1452.8511210841848,0.0,0.0,0,0.0,0.0,0.0,48.483743820222955,23.75703447190923,0.9583333333333334,2026-09-16 21:45:58 UTC,Buying triples; selling halves in 6h
23.25,0.00018306864855761337,1.5993452911068573,3344.5285905691926,17.508489748359448,111.7189937774005,2004126.0766660273,1099,74251491.99517708,-1.5916157281026244e-11,-2.9802322387695312e-08,2450.537051783005,2450.537051783005,2377.5110476398754,1457.7401724819429,0.0,0.0,0,0.0,0.0,0.0,49.01074103566016,24.01526310747346,0.96875,2026-09-16 22:00:58 UTC,Buying triples; selling halves in 6h
23.5,0.00018478846006600574,1.6143701053457251,3365.298860138261,17.672630920671253,111.7189937774005,2011417.743332694,1099,74364157.19340025,-1.5006662579253316e-11,-1.4901161193847656e-08,2476.8869125548654,2476.8869125548654,2403.075682560734,1462.5345378337342,0.0,0.0,0,0.0,0.0,0.0,49.537738251097366,24.273491743037688,0.9791666666666666,2026-09-16 22:15:58 UTC,Buying triples; selling halves in 6h
23.75,0.0001865241159795536,1.6295333412912887,3386.1619871550743,17.83828060830593,111.7189937774005,2018709.4099993608,1099,74476279.09225154,-1.5006662579253316e-11,-2.9802322387695312e-08,2503.2367733267256,2503.2367733267256,2428.640317481593,1467.2360457377795,0.0,0.0,0,0.0,0.0,0.0,50.06473546653457,24.531720378601918,0.9895833333333334,2026-09-16 22:30:58 UTC,Buying triples; selling halves in 6h
24.0,0.0001882755298082496,1.6448342433396417,3407.1161834565187,18.005429546280965,111.7189937774005,2026001.0766660275,1099,74587848.67356372,-1.4097167877480388e-11,-1.4901161193847656e-08,2529.586634098586,2529.586634098586,2454.2049524024515,1471.8464843571946,0.0,0.0,0,0.0,0.0,0.0,50.59173268197178,24.789949014166147,1.0,2026-09-16 22:45:58 UTC,Buying triples; selling halves in 6h
24.25,0.00019004270355997446,1.6602728290322613,3428.1596987989255,18.174077149502867,111.7189937774005,2033292.7433326943,1099,74698857.51740913,-1.4097167877480388e-11,-1.4901161193847656e-08,2555.936494870446,2555.936494870446,2479.76958732331,1476.3676039356465,0.0,0.0,0,0.0,0.0,0.0,51.11872989740898,25.048177649730377,1.0104166666666667,2026-09-16 23:00:58 UTC,Buying triples; selling halves in 6h
24.5,0.0001918255822060906,1.6758486176216627,3449.29081912,18.344216555904705,111.7189937774005,2040584.409999361,1099,74809297.80390547,-1.3642420526593924e-11,0.0,2582.2863556423063,2582.2863556423063,2505.334222244169,1480.8011185354312,0.0,0.0,0,0.0,0.0,0.0,51.64572711284619,25.306406285294607,1.0208333333333333,2026-09-16 23:15:58 UTC,Buying triples; selling halves in 6h
24.75,0.00019362464804587395,1.6915658226260093,3470.507857984423,18.515877343129596,111.7189937774005,2047876.0766660278,1099,74919162.05557245,-1.4097167877480388e-11,0.0,2608.6362164141665,2608.6362164141665,2530.8988571650275,1485.1487145918663,0.0,0.0,0,0.0,0.0,0.0,52.172724328283394,25.564634920858836,1.03125,2026-09-16 23:30:58 UTC,Buying triples; selling halves in 6h
25.0,0.00019543930753890894,1.7074192586895551,3491.8091778371713,18.689042989415494,111.7189937774005,2055167.7433326945,1099,75028443.4590548,-1.4097167877480388e-11,-1.4901161193847656e-08,2634.9860771860267,2634.9860771860267,2556.463492085886,1489.4120296599767,0.0,0.0,0,0.0,0.0,0.0,52.6997215437206,25.822863556423066,1.0416666666666667,2026-09-16 23:45:58 UTC,Buying triples; selling halves in 6h
25.25,0.00019726741855672784,1.7233902115042807,3513.193218808419,18.863586109731198,111.7189937774005,2062459.4099993613,1099,75137136.63073006,-1.4097167877480388e-11,-2.9802322387695312e-08,2661.335937957887,2661.335937957887,2582.028127006745,1493.592623609588,0.0,0.0,0,0.0,0.0,0.0,53.226718759157805,26.081092191987295,1.0520833333333333,2026-09-17 00:00:58 UTC,Buying triples; selling halves in 6h
25.5,0.0001991108565384419,1.7394950654961103,3534.65840733864,19.03948899885043,111.7189937774005,2069751.076666028,1099,75245236.60313272,-1.5006662579253316e-11,-1.4901161193847656e-08,2687.685798729747,2687.685798729747,2607.5927619276035,1497.6920700002247,0.0,0.0,0,0.0,0.0,0.0,53.75371597459501,26.339320827551525,1.0625,2026-09-17 00:15:58 UTC,Buying triples; selling halves in 6h
25.75,0.00020096975217199234,1.7557349623960012,3556.2032016169496,19.216861630282516,111.7189937774005,2077042.7433326948,1099,75352738.16473447,-1.5006662579253316e-11,-1.4901161193847656e-08,2714.0356595016074,2714.0356595016074,2633.157396848462,1501.7119106427735,0.0,0.0,0,0.0,0.0,0.0,54.280713190032216,26.597549463115755,1.0729166666666667,2026-09-17 00:30:58 UTC,Buying triples; selling halves in 6h
26.0,0.00020284406997871508,1.7721095922511856,3577.8260913702416,19.395700512495345,111.7189937774005,2084334.4099993615,1099,75459636.55832905,-1.5006662579253316e-11,-1.4901161193847656e-08,2740.3855202734676,2740.3855202734676,2658.722031769321,1505.6536558103403,0.0,0.0,0,0.0,0.0,0.0,54.80771040546942,26.855778098679984,1.0833333333333333,2026-09-17 00:45:58 UTC,Buying triples; selling halves in 6h
26.25,0.00020473373927960817,1.788618337587673,3599.5255977872685,19.57600107471552,111.7189937774005,2091626.0766660282,1099,75565927.4745597,-1.4097167877480388e-11,0.0,2766.735381045328,2766.735381045328,2684.2866666901796,1509.518784314173,0.0,0.0,0,0.0,0.0,0.0,55.33470762090663,27.114006734244214,1.09375,2026-09-17 01:00:58 UTC,Buying triples; selling halves in 6h
26.5,0.0002066387393314941,1.8052610171865406,3621.300271425821,19.757756988612638,111.7189937774005,2098917.7433326948,1099,75671607.03696091,-1.3642420526593924e-11,0.0,2793.085241817188,2793.085241817188,2709.8513016110383,1513.3087455964796,0.0,0.0,0,0.0,0.0,0.0,55.86170483634383,27.372235369808443,1.1041666666666667,2026-09-17 01:15:58 UTC,Buying triples; selling halves in 6h
26.75,0.00020855914883551258,1.8220383186056976,3643.1486896986135,19.940970785656564,111.7189937774005,2106209.4099993613,1099,75776671.72901513,-1.4097167877480388e-11,1.4901161193847656e-08,2819.4351025890483,2819.4351025890483,2735.415936531897,1517.0249622445453,0.0,0.0,0,0.0,0.0,0.0,56.38870205178104,27.630464005372673,1.1145833333333333,2026-09-17 01:30:58 UTC,Buying triples; selling halves in 6h
27.0,0.00021049495044662674,1.8389500903134468,3665.0694588259707,20.125651702220633,111.7189937774005,2113501.076666028,1099,75881118.35594721,-1.4551915228366852e-11,1.4901161193847656e-08,2845.7849633609085,2845.7849633609085,2760.9805714527556,1520.6688280380463,0.0,0.0,0,0.0,0.0,0.0,56.915699267218244,27.888692640936902,1.125,2026-09-17 01:45:58 UTC,Buying triples; selling halves in 6h
27.25,0.00021244600666820365,1.8559951310959582,3687.0612142450964,20.311784623271855,111.7189937774005,2120792.7433326943,1099,75984944.15914693,-1.4551915228366852e-11,2.9802322387695312e-08,2872.1348241327687,2872.1348241327687,2786.5452063736143,1524.2417075397793,0.0,0.0,0,0.0,0.0,0.0,57.44269648265545,28.146921276501132,1.1354166666666667,2026-09-17 02:00:58 UTC,Buying triples; selling halves in 6h
27.5,0.00021441228515995452,1.8731731584182976,3709.1226183017798,20.499364085676262,111.7189937774005,2128084.409999361,1099,76088146.74564333,-1.5006662579253316e-11,2.9802322387695312e-08,2898.484684904629,2898.484684904629,2812.109841294473,1527.7449384039542,0.0,0.0,0,0.0,0.0,0.0,57.969693698092655,28.40514991206536,1.1458333333333333,2026-09-17 02:15:58 UTC,Buying triples; selling halves in 6h
27.75,0.00021639375401375614,1.8904838935210653,3731.2523595782854,20.68838693998082,111.7189937774005,2135376.0766660273,1099,76190724.0583337,-1.5006662579253316e-11,1.4901161193847656e-08,2924.834545676489,2924.834545676489,2837.6744762153317,1531.1798320483072,0.0,0.0,0,0.0,0.0,0.0,58.49669091352986,28.66337854762959,1.15625,2026-09-17 02:30:58 UTC,Buying triples; selling halves in 6h
28.0,0.00021839038173229364,1.9079270612338124,3753.4491522458866,20.87885007614037,111.7189937774005,2142667.743332694,1099,76292674.36112073,-1.546140993013978e-11,1.4901161193847656e-08,2951.1844064483494,2951.1844064483494,2863.2391111361903,1534.5476743015643,0.0,0.0,0,0.0,0.0,0.0,59.023688128967066,28.92160718319382,1.1666666666666667,2026-09-17 02:45:58 UTC,Buying triples; selling halves in 6h
28.25,0.00022040213711695662,1.9255023889956657,3775.7117344242456,21.070750412814657,111.7189937774005,2149959.4099993603,1099,76393996.22000432,-1.5916157281026244e-11,0.0,2977.5342672202096,2977.5342672202096,2888.803746057049,1537.8497270440635,0.0,0.0,0,0.0,0.0,0.0,59.55068534440427,29.17983581875805,1.1770833333333333,2026-09-17 03:00:58 UTC,Buying triples; selling halves in 6h
28.5,0.00022243107181568083,1.9432278006482604,3798.038839009442,21.26418042737797,111.7189937774005,2157251.076666027,1099,76494687.91316059,-1.6370904631912708e-11,1.4901161193847656e-08,3003.88412799207,3003.88412799207,2914.3683809779077,1541.087257379725,0.0,0.0,0,0.0,0.0,0.0,60.07768255984148,29.43806445432228,1.1875,2026-09-17 03:15:58 UTC,Buying triples; selling halves in 6h
28.75,0.00022447521080379588,1.9610860417549065,3820.4292544681416,21.459156296464354,111.7189937774005,2164542.7433326934,1099,76594748.05708553,-1.6825651982799172e-11,2.9802322387695312e-08,3030.23398876393,3030.23398876393,2939.9330158987664,1544.261476841884,0.0,0.0,0,0.0,0.0,0.0,60.60467977527868,29.69629308988651,1.1979166666666667,2026-09-17 03:30:58 UTC,Buying triples; selling halves in 6h
29.0,0.0002265345409488543,1.979076997586413,3842.881790779186,21.655567486389884,111.7189937774005,2171834.40999936,1099,76694176.0588697,-1.6370904631912708e-11,2.9802322387695312e-08,3056.5838495357903,3056.5838495357903,2965.497650819625,1547.3735754516988,0.0,0.0,0,0.0,0.0,0.0,61.13167699071589,29.95452172545074,1.2083333333333333,2026-09-17 03:45:58 UTC,Buying triples; selling halves in 6h
29.25,0.0002286089441335586,1.9971996362329192,3865.3952822237297,21.853417374623564,111.7189937774005,2179126.0766660264,1099,76792971.56011274,-1.6370904631912708e-11,1.4901161193847656e-08,3082.9337103076505,3082.9337103076505,2991.0622857404837,1550.4247189280136,0.0,0.0,0,0.0,0.0,0.0,61.658674206153094,30.21275036101497,1.21875,2026-09-17 04:00:58 UTC,Buying triples; selling halves in 6h
29.5,0.0002306994937169355,2.0154633348964675,3887.9685690417978,22.05272310495199,111.7189937774005,2186417.743332693,1099,76891134.28599916,-1.7280399333685637e-11,1.4901161193847656e-08,3109.2835710795107,3109.2835710795107,3016.6269206613424,1553.4160670308033,0.0,0.0,0,0.0,0.0,0.0,62.1856714215903,30.4709789965792,1.2291666666666667,2026-09-17 04:15:58 UTC,Buying triples; selling halves in 6h
29.75,0.00023280589814632293,2.0338655464813047,3910.60052117931,22.253593543208712,111.7189937774005,2193709.4099993594,1099,76988663.74094324,-1.6370904631912708e-11,2.9802322387695312e-08,3135.633431851371,3135.633431851371,3042.191555582201,1556.3487498141508,0.0,0.0,0,0.0,0.0,0.0,62.712668637027505,30.729207632143428,1.2395833333333333,2026-09-17 04:30:58 UTC,Buying triples; selling halves in 6h
30.0,0.0002349272695454843,2.0523985142213803,3933.290039328993,22.455903310445112,111.7189937774005,2201001.076666026,1099,77085560.25882022,-1.7280399333685637e-11,2.9802322387695312e-08,3161.983292623231,3161.983292623231,3067.7561905030598,1559.2238665853256,0.0,0.0,0,0.0,0.0,0.0,63.23966585246471,30.987436267707658,1.25,2026-09-17 04:45:58 UTC,Buying triples; selling halves in 6h
30.25,0.0002370635796052828,2.071061990799172,3956.0360447921285,22.65963135160379,111.7189937774005,2208292.7433326924,1099,77181824.46236761,-1.6825651982799172e-11,2.9802322387695312e-08,3188.3331533950914,3188.3331533950914,3093.3208254239184,1562.0424960430491,0.0,0.0,0,0.0,0.0,0.0,63.766663067901916,31.245664903271887,1.2604166666666667,2026-09-17 05:00:58 UTC,Buying triples; selling halves in 6h
30.5,0.0002392148002693911,2.0898557311057795,3978.8374790249836,22.8647748863686,111.7189937774005,2215584.409999359,1099,77277457.17353562,-1.77351466845721e-11,2.9802322387695312e-08,3214.6830141669516,3214.6830141669516,3118.885460344777,1564.8056967310517,0.0,0.0,0,0.0,0.0,0.0,64.29366028333912,31.503893538836117,1.2708333333333333,2026-09-17 05:15:58 UTC,Buying triples; selling halves in 6h
30.75,0.0002413809037243613,2.108779492154174,4001.693303199831,23.071331157821383,111.7189937774005,2222876.0766660254,1099,77372459.40385719,-1.7280399333685637e-11,2.9802322387695312e-08,3241.032874938812,3241.032874938812,3144.450095265636,1567.5145074770635,0.0,0.0,0,0.0,0.0,0.0,64.82065749877633,31.762122174400346,1.28125,2026-09-17 05:30:58 UTC,Buying triples; selling halves in 6h
31.0,0.0002435618623904105,2.127833032998699,4024.6024977798443,23.27929743154782,111.7189937774005,2230167.743332692,1099,77466832.34519282,-1.7280399333685637e-11,2.9802322387695312e-08,3267.382735710672,3267.382735710672,3170.0147301864945,1570.169947817909,0.0,0.0,0,0.0,0.0,0.0,65.34765471421353,32.020350809964576,1.2916666666666667,2026-09-17 05:45:58 UTC,Buying triples; selling halves in 6h
31.25,0.0002457576489128867,2.1470161146605107,4047.564062107317,23.48867099484787,111.7189937774005,2237459.4099993585,1099,77560577.36083683,-1.7280399333685637e-11,2.9802322387695312e-08,3293.7325964825322,3293.7325964825322,3195.579365107353,1572.7730184112947,0.0,0.0,0,0.0,0.0,0.0,65.87465192965074,32.278579445528806,1.3020833333333333,2026-09-17 06:00:58 UTC,Buying triples; selling halves in 6h
31.5,0.000247968236154373,2.1663285000586003,4070.577014004569,23.699449155960743,111.7189937774005,2244751.076666025,1099,77653695.9769713,-1.77351466845721e-11,1.4901161193847656e-08,3320.0824572543925,3320.0824572543925,3221.144000028212,1575.3247014349013,0.0,0.0,0,0.0,0.0,0.0,66.40164914508794,32.536808081093035,1.3125,2026-09-17 06:15:58 UTC,Buying triples; selling halves in 6h
31.75,0.0002501935971873968,2.1857699539460977,4093.6403893870133,23.911629243387797,111.7189937774005,2252042.7433326915,1099,77746189.87445487,-1.7280399333685637e-11,2.9802322387695312e-08,3346.4323180262527,3346.4323180262527,3246.7086349490705,1577.825960973316,0.0,0.0,0,0.0,0.0,0.0,66.92864636052515,32.795036716657265,1.3229166666666667,2026-09-17 06:30:58 UTC,Buying triples; selling halves in 6h
32.0,0.00025243370528770756,2.205340242851545,4116.753241887844,24.12520860524413,111.7189937774005,2259334.409999358,1099,77838060.88093412,-1.7280399333685637e-11,2.9802322387695312e-08,3372.782178798113,3372.782178798113,3272.273269869929,1580.2777433933443,0.0,0.0,0,0.0,0.0,0.0,67.45564357596236,33.053265352221494,1.3333333333333333,2026-09-17 06:45:58 UTC,Buying triples; selling halves in 6h
32.25,0.0002546885339280924,2.2250391350248684,4139.914642493851,24.34018460867145,111.7189937774005,2266626.0766660245,1099,77929310.96326548,-1.6825651982799172e-11,4.470348358154297e-08,3399.132039569973,3399.132039569973,3297.837904790788,1582.6809777081962,0.0,0.0,0,0.0,0.0,0.0,67.98264079139956,33.311493987785724,1.34375,2026-09-17 07:00:58 UTC,Buying triples; selling halves in 6h
32.5,0.0002569580567726962,2.244866400387753,4163.123679191874,24.556554639294216,111.7189937774005,2273917.743332691,1099,78019942.220236,-1.7280399333685637e-11,2.9802322387695312e-08,3425.4819003418334,3425.4819003418334,3323.4025397116466,1585.0365759310316,0.0,0.0,0,0.0,0.0,0.0,68.50963800683677,33.56972262334995,1.3541666666666667,2026-09-17 07:15:58 UTC,Buying triples; selling halves in 6h
32.75,0.00025924278931668034,2.2648265424680596,4186.379450649025,24.774320913453412,111.7189937774005,2281209.4099993575,1099,78109956.83296783,-1.6825651982799172e-11,2.9802322387695312e-08,3451.8317611136936,3451.8317611136936,3348.9671746325052,1587.3454393947395,0.0,0.0,0,0.0,0.0,0.0,69.03663522227397,33.82795125891418,1.3645833333333333,2026-09-17 07:30:58 UTC,Buying triples; selling halves in 6h
33.0,0.0002615442428826397,2.2849327646553053,4209.68106131644,24.99362938486677,111.7189937774005,2288501.076666024,1099,78199356.48482594,-1.7280399333685637e-11,2.9802322387695312e-08,3478.181621885554,3478.181621885554,3374.531809553364,1589.6084636481828,0.0,0.0,0,0.0,0.0,0.0,69.56363243771118,34.08617989447841,1.375,2026-09-17 07:45:58 UTC,Buying triples; selling halves in 6h
33.25,0.0002638603388119391,2.3051669071338905,4233.027649115302,25.214416437104227,111.7189937774005,2295792.7433326906,1099,78288143.36863722,-1.6825651982799172e-11,2.9802322387695312e-08,3504.531482657414,3504.531482657414,3400.0964444742226,1591.82651077018,0.0,0.0,0,0.0,0.0,0.0,70.09062965314838,34.34440853004264,1.3854166666666667,2026-09-17 08:00:58 UTC,Buying triples; selling halves in 6h
33.5,0.00026619271252194076,2.3255432574242496,4256.418353710384,25.436655984065354,111.7189937774005,2303084.409999357,1099,78376319.75550644,-1.6370904631912708e-11,2.9802322387695312e-08,3530.8813434292742,3530.8813434292742,3425.6610793950813,1594.0004410959573,0.0,0.0,0,0.0,0.0,0.0,70.61762686858559,34.60263716560687,1.3958333333333333,2026-09-17 08:15:58 UTC,Buying triples; selling halves in 6h
33.75,0.00026853979524742427,2.3460481103000217,4279.852344548844,25.660378799441794,111.7189937774005,2310376.0766660236,1099,78463888.01500173,-1.5916157281026244e-11,5.960464477539063e-08,3557.2312042011345,3557.2312042011345,3451.22571431594,1596.1310851783564,0.0,0.0,0,0.0,0.0,0.0,71.1446240840228,34.8608658011711,1.40625,2026-09-17 08:30:58 UTC,Buying triples; selling halves in 6h
34.0,0.000270901461786705,2.3666803719599123,4303.328806350901,25.885486833484784,111.7189937774005,2317667.74333269,1099,78550850.93792751,-1.546140993013978e-11,5.960464477539063e-08,3583.5810649729947,3583.5810649729947,3476.7903492367986,1598.2192582971584,0.0,0.0,0,0.0,0.0,0.0,71.67162129946,35.11909443673533,1.4166666666666667,2026-09-17 08:45:58 UTC,Buying triples; selling halves in 6h
34.25,0.0002732776871919299,2.3874398244516315,4326.846938567994,26.111975211397283,111.7189937774005,2324959.4099993566,1099,78637211.40362583,-1.5006662579253316e-11,5.960464477539063e-08,3609.930925744855,3609.930925744855,3502.3549841576573,1600.2657610009246,0.0,0.0,0,0.0,0.0,0.0,72.1986185148972,35.37732307229956,1.4270833333333333,2026-09-17 09:00:58 UTC,Buying triples; selling halves in 6h
34.5,0.00027566855723578244,2.4083272171123173,4350.405954206145,26.339843172737336,111.7189937774005,2332251.076666023,1099,78722972.36405888,-1.4551915228366852e-11,5.960464477539063e-08,3636.280786516715,3636.280786516715,3527.919619078516,1602.2713802836324,0.0,0.0,0,0.0,0.0,0.0,72.72561573033441,35.63555170786379,1.4375,2026-09-17 09:15:58 UTC,Buying triples; selling halves in 6h
34.75,0.00027807412171959616,2.4293429850220836,4374.005080175871,26.569105478295388,111.7189937774005,2339542.7433326896,1099,78808136.78765772,-1.4097167877480388e-11,4.470348358154297e-08,3662.6306472885753,3662.6306472885753,3553.4842539993747,1604.2368892347658,0.0,0.0,0,0.0,0.0,0.0,73.25261294577162,35.89378034342802,1.4479166666666667,2026-09-17 09:30:58 UTC,Buying triples; selling halves in 6h
35.0,0.0002804941807414881,2.450485381775209,4397.643558490675,26.799748397410095,111.7189937774005,2346834.409999356,1099,78892707.77018307,-1.3642420526593924e-11,2.9802322387695312e-08,3688.9805080604356,3688.9805080604356,3579.0488889202334,1606.1630458408208,0.0,0.0,0,0.0,0.0,0.0,73.77961016120882,36.15200897899225,1.4583333333333333,2026-09-17 09:45:58 UTC,Buying triples; selling halves in 6h
35.25,0.0002829287890420813,2.471754885602993,4421.320644338567,27.03176641178732,111.7189937774005,2354126.0766660227,1099,78976688.47587523,-1.318767317570746e-11,4.470348358154297e-08,3715.330368832296,3715.330368832296,3604.613523841092,1608.0505949137878,0.0,0.0,0,0.0,0.0,0.0,74.30660737664603,36.41023761455648,1.46875,2026-09-17 10:00:58 UTC,Buying triples; selling halves in 6h
35.5,0.00028537783753023035,2.4931505434508785,4445.03560687168,27.26515737570301,111.7189937774005,2361417.743332689,1099,79060082.13865304,-1.2732925824820995e-11,4.470348358154297e-08,3741.680229604156,3741.680229604156,3630.1781587619507,1609.9002673015339,0.0,0.0,0,0.0,0.0,0.0,74.83360459208323,36.66846625012071,1.4791666666666667,2026-09-17 10:15:58 UTC,Buying triples; selling halves in 6h
35.75,0.0002878413021778925,2.514672145402328,4468.787728385359,27.499914503534153,111.7189937774005,2368709.4099993557,1099,79142892.063541,-1.2278178473934531e-11,2.9802322387695312e-08,3768.0300903760162,3768.0300903760162,3655.7427936828094,1611.7127807087145,0.0,0.0,0,0.0,0.0,0.0,75.36060180752044,36.92669488568494,1.4895833333333333,2026-09-17 10:30:58 UTC,Buying triples; selling halves in 6h
36.0,0.0002903191591028965,2.5363194828151805,4492.57630407658,27.7360353768621,111.7189937774005,2376001.076666022,1099,79225121.61061431,-1.2732925824820995e-11,5.960464477539063e-08,3794.3799511478765,3794.3799511478765,3681.307428603668,1613.4888399383517,0.0,0.0,0,0.0,0.0,0.0,75.88759902295764,37.18492352124917,1.5,2026-09-17 10:45:58 UTC,Buying triples; selling halves in 6h
36.25,0.0002928113845681022,2.558092348314316,4516.400641808103,27.973517632065775,111.7189937774005,2383292.7433326887,1099,79306774.19109339,-1.318767317570746e-11,5.960464477539063e-08,3820.7298119197367,3820.7298119197367,3706.8720635245268,1615.229137127687,0.0,0.0,0,0.0,0.0,0.0,76.41459623839485,37.4431521568134,1.5104166666666667,2026-09-17 11:00:58 UTC,Buying triples; selling halves in 6h
36.5,0.00029531795498073,2.57999053578579,4540.260061878125,28.21235891953802,111.7189937774005,2390584.409999355,1099,79387853.26360051,-1.2732925824820995e-11,4.470348358154297e-08,3847.079672691597,3847.079672691597,3732.4366984453854,1616.9343519785234,0.0,0.0,0,0.0,0.0,0.0,76.94159345383206,37.70138079237763,1.5208333333333333,2026-09-17 11:15:58 UTC,Buying triples; selling halves in 6h
36.75,0.0002978388468918472,2.6020138403723525,4564.153896795237,28.4525569036291,111.7189937774005,2397876.0766660217,1099,79468362.33057295,-1.2278178473934531e-11,4.470348358154297e-08,3873.429533463457,3873.429533463457,3758.001333366244,1618.6051519822704,0.0,0.0,0,0.0,0.0,0.0,77.46859066926926,37.95960942794186,1.53125,2026-09-17 11:30:58 UTC,Buying triples; selling halves in 6h
37.0,0.0003003740369959989,2.624162058470219,4588.081491058496,28.69410926261763,111.7189937774005,2405167.743332688,1099,79548304.93482623,-1.1823431123048067e-11,2.9802322387695312e-08,3899.7793942353173,3899.7793942353173,3783.565968287103,1620.242192639871,0.0,0.0,0,0.0,0.0,0.0,77.99558788470647,38.217838063506086,1.5416666666666667,2026-09-17 11:45:58 UTC,Buying triples; selling halves in 6h
37.25,0.00030292350213097284,2.646434987727019,4612.042200942443,28.937013688687603,111.7189937774005,2412459.4099993547,1099,79627684.65626225,-1.1368683772161603e-11,4.470348358154297e-08,3926.1292550071776,3926.1292550071776,3809.1306032079615,1621.8461176767833,0.0,0.0,0,0.0,0.0,0.0,78.52258510014367,38.476066699070316,1.5520833333333333,2026-09-17 12:00:58 UTC,Buying triples; selling halves in 6h
37.5,0.0003054873891324332,2.668833910945296,4636.035393372752,29.18127244982589,111.7189937774005,2419751.0766660213,1099,79706505.09013379,-1.0913936421275139e-11,4.470348358154297e-08,3952.479115779038,3952.479115779038,3834.69523812882,1623.4175601673332,0.0,0.0,0,0.0,0.0,0.0,79.04958231558088,38.734295334634545,1.5625,2026-09-17 12:15:58 UTC,Buying triples; selling halves in 6h
37.75,0.0003080655761031617,2.6913577631926127,4660.060447286549,29.426894206141494,111.7189937774005,2427042.7433326878,1099,79784769.83758716,-1.0459189070388675e-11,5.960464477539063e-08,3978.828976550898,3978.828976550898,3860.259873049679,1624.9571411743955,0.0,0.0,0,0.0,0.0,0.0,79.57657953101808,38.992523970198775,1.5729166666666667,2026-09-17 12:30:58 UTC,Buying triples; selling halves in 6h
38.0,0.00031065809815884033,2.7140068512506117,4684.116752426447,29.6738656375906,111.7189937774005,2434334.4099993543,1099,79862482.5629755,-9.094947017729282e-12,4.470348358154297e-08,4005.178837322758,4005.178837322758,3885.8245079705375,1626.465470955357,0.0,0.0,0,0.0,0.0,0.0,80.10357674645529,39.250752605763005,1.5833333333333333,2026-09-17 12:45:58 UTC,Buying triples; selling halves in 6h
38.25,0.0003132650633079628,2.7367821187154644,4708.203709049506,29.922202281332137,111.7189937774005,2441626.076666021,1099,79939646.89422211,-8.640199666842818e-12,5.960464477539063e-08,4031.5286980946184,4031.5286980946184,3911.389142891396,1627.9431492531576,0.0,0.0,0,0.0,0.0,0.0,80.6305739618925,39.508981241327234,1.59375,2026-09-17 13:00:58 UTC,Buying triples; selling halves in 6h
38.5,0.00031588619553961264,2.759681154268995,4732.320729383114,30.171892856583916,111.7189937774005,2448917.7433326873,1099,80016266.53448547,-8.185452315956354e-12,5.960464477539063e-08,4057.8785588664787,4057.8785588664787,3936.953777812255,1629.390763840409,0.0,0.0,0,0.0,0.0,0.0,81.1575711773297,39.767209876891464,1.6041666666666667,2026-09-17 13:15:58 UTC,Buying triples; selling halves in 6h
38.75,0.00031852225198805234,2.7827105724742487,4756.467232650124,30.42294909957074,111.7189937774005,2456209.409999354,1099,80092345.12987904,-7.73070496506989e-12,7.450580596923828e-08,4084.228419638339,4084.228419638339,3962.5184127331136,1630.8088954942577,0.0,0.0,0,0.0,0.0,0.0,81.6845683927669,40.02543851245569,1.6145833333333333,2026-09-17 13:30:58 UTC,Buying triples; selling halves in 6h
39.0,0.00032117249158608764,2.805863899135142,4780.6426520927635,30.67539087660267,111.7189937774005,2463501.0766660203,1099,80167886.3341816,-8.185452315956354e-12,7.450580596923828e-08,4110.578280410199,4110.578280410199,3988.0830476539722,1632.1981109724766,0.0,0.0,0,0.0,0.0,0.0,82.21156560820411,40.28366714801992,1.625,2026-09-17 13:45:58 UTC,Buying triples; selling halves in 6h
39.25,0.00032383683938521545,2.8291404794779793,4804.846431284955,30.929172052248603,111.7189937774005,2470792.743332687,1099,80242893.92934987,-8.640199666842818e-12,5.960464477539063e-08,4136.928141182059,4136.928141182059,4013.647682574831,1633.5589667011436,0.0,0.0,0,0.0,0.0,0.0,82.73856282364132,40.54189578358415,1.6354166666666667,2026-09-17 14:00:58 UTC,Buying triples; selling halves in 6h
39.5,0.00032651527355119085,2.8525401227519307,4829.078023826296,31.18428640142845,111.7189937774005,2478084.4099993533,1099,80317371.71068998,-9.094947017729282e-12,5.960464477539063e-08,4163.27800195392,4163.27800195392,4039.2123174956896,1634.8920090806605,0.0,0.0,0,0.0,0.0,0.0,83.26556003907852,40.80012441914838,1.6458333333333333,2026-09-17 14:15:58 UTC,Buying triples; selling halves in 6h
39.75,0.00032920808229752263,2.876065346880855,4853.336891590109,31.44073278240121,111.7189937774005,2485376.07666602,1099,80391323.47625151,-8.640199666842818e-12,5.960464477539063e-08,4189.62786272578,4189.62786272578,4064.7769524165483,1636.1977762377064,0.0,0.0,0,0.0,0.0,0.0,83.79255725451573,41.05835305471261,1.65625,2026-09-17 14:30:58 UTC,Buying triples; selling halves in 6h
40.0,0.0003319179099273327,2.89973925332849,4877.622496676054,31.698644646062665,111.7189937774005,2492667.7433326864,1099,80464752.58172311,-8.185452315956354e-12,7.450580596923828e-08,4215.97772349764,4215.97772349764,4090.341587337407,1637.476806072621,0.0,0.0,0,0.0,0.0,0.0,84.31955446995293,41.31658169027684,1.6666666666666667,2026-09-17 14:45:58 UTC,Buying triples; selling halves in 6h
40.25,0.00033464178839333656,2.923535912300273,4901.934322342703,31.95805128899491,111.7189937774005,2499959.409999353,1099,80537662.56483991,-8.185452315956354e-12,5.960464477539063e-08,4242.3275842695,4242.3275842695,4115.906222258266,1638.7296153268308,0.0,0.0,0,0.0,0.0,0.0,84.84655168539014,41.57481032584107,1.6770833333333333,2026-09-17 15:00:58 UTC,Buying triples; selling halves in 6h
40.5,0.000337379696511801,2.9474551387284467,4926.271861177886,32.21879263352618,111.7189937774005,2507251.0766660194,1099,80610057.27031425,-8.185452315956354e-12,5.960464477539063e-08,4268.67744504136,4268.67744504136,4141.470857179125,1639.9567114125066,0.0,0.0,0,0.0,0.0,0.0,85.37354890082734,41.8330389614053,1.6875,2026-09-17 15:15:58 UTC,Buying triples; selling halves in 6h
40.75,0.00034013161324441556,2.971496748815715,4950.634614938683,32.48085920592326,111.7189937774005,2514542.743332686,1099,80681940.54576425,-8.185452315956354e-12,5.960464477539063e-08,4295.027305813221,4295.027305813221,4167.035492099984,1641.1585925725694,0.0,0.0,0,0.0,0.0,0.0,85.90054611626455,42.09126759696953,1.6979166666666667,2026-09-17 15:30:58 UTC,Buying triples; selling halves in 6h
41.0,0.0003428975176990711,2.9956605600420407,4975.022094394405,32.74424891782691,111.7189937774005,2521834.4099993524,1099,80753316.24005128,-8.185452315956354e-12,5.960464477539063e-08,4321.377166585081,4321.377166585081,4192.6001270208435,1642.3357480377063,0.0,0.0,0,0.0,0.0,0.0,86.42754333170176,42.34949623253376,1.7083333333333333,2026-09-17 15:45:58 UTC,Buying triples; selling halves in 6h
41.25,0.00034567738913064976,3.0199463911715507,4999.433819172497,33.00895969512557,111.7189937774005,2529126.076666019,1099,80824188.20169483,-8.185452315956354e-12,4.470348358154297e-08,4347.727027356941,4347.727027356941,4218.164761941703,1643.488658180473,0.0,0.0,0,0.0,0.0,0.0,86.95454054713896,42.60772486809799,1.71875,2026-09-17 16:00:58 UTC,Buying triples; selling halves in 6h
41.5,0.0003484712069418199,3.0443540622594774,5023.869317607263,33.274989478034776,111.7189937774005,2536417.7433326854,1099,80894560.27736206,-8.185452315956354e-12,4.470348358154297e-08,4374.076888128801,4374.076888128801,4243.729396862562,1644.6177946665666,0.0,0.0,0,0.0,0.0,0.0,87.48153776257617,42.86595350366222,1.7291666666666667,2026-09-17 16:15:58 UTC,Buying triples; selling halves in 6h
41.75,0.00035132278697692617,3.069266362302629,5048.32798416883,33.54337297814777,111.7189937774005,2543709.409999352,1099,80964432.8229537,-8.185452315956354e-12,4.470348358154297e-08,4400.426748900662,4400.426748900662,4269.294031783421,1645.7237630258587,0.0,0.0,0,0.0,0.0,0.0,88.00853497801337,43.12418213922645,1.7395833333333333,2026-09-17 16:30:58 UTC,Buying triples; selling halves in 6h
42.0,0.00035420689241104337,3.094462814461172,5072.809319680407,33.816881233961915,111.7189937774005,2551001.0766660185,1099,81033800.97251673,-8.185452315956354e-12,4.470348358154297e-08,4426.776609672522,4426.776609672522,4294.85866670428,1646.8070624351412,0.0,0.0,0,0.0,0.0,0.0,88.53553219345058,43.38241077479068,1.75,2026-09-17 16:45:58 UTC,Buying triples; selling halves in 6h
42.25,0.00035710542285083966,3.1197852880061667,5097.312886871607,34.092801332566616,111.7189937774005,2558292.743332685,1099,81102668.32551435,-8.185452315956354e-12,4.470348358154297e-08,4453.126470444382,4453.126470444382,4320.423301625139,1647.8681301648003,0.0,0.0,0,0.0,0.0,0.0,89.06252940888778,43.64063941035491,1.7604166666666667,2026-09-17 17:00:58 UTC,Buying triples; selling halves in 6h
42.5,0.00036001835933220487,3.145233617261182,5121.838256273374,34.37008292591521,111.7189937774005,2565584.4099993515,1099,81171039.0000775,-8.185452315956354e-12,4.470348358154297e-08,4479.476331216242,4479.476331216242,4345.987936545998,1648.907395683892,0.0,0.0,0,0.0,0.0,0.0,89.58952662432499,43.89886804591914,1.7708333333333333,2026-09-17 17:15:58 UTC,Buying triples; selling halves in 6h
42.75,0.00036294568300759145,3.1708076375681147,5146.385006089949,34.648724114345214,111.7189937774005,2572876.076666018,1099,81238917.09943955,-8.185452315956354e-12,4.470348358154297e-08,4505.826191988102,4505.826191988102,4371.552571466857,1649.9252807881767,0.0,0.0,0,0.0,0.0,0.0,90.1165238397622,44.15709668148337,1.78125,2026-09-17 17:30:58 UTC,Buying triples; selling halves in 6h
43.0,0.00036588737514762397,3.1965071853012508,5170.952722072932,34.928723009676084,111.7189937774005,2580167.7433326845,1099,81306306.71096662,-7.275957614183426e-12,4.470348358154297e-08,4532.176052759963,4532.176052759963,4397.117206387717,1650.922199726053,0.0,0.0,0,0.0,0.0,0.0,90.6435210551994,44.415325317047596,1.7916666666666667,2026-09-17 17:45:58 UTC,Buying triples; selling halves in 6h
43.25,0.00036884341714267396,3.2223320978810226,5195.540997397434,35.21007773538129,111.7189937774005,2587459.409999351,1099,81373211.90524092,-7.275957614183426e-12,5.960464477539063e-08,4558.525913531823,4558.525913531823,4422.681841308576,1651.8985593224106,0.0,0.0,0,0.0,0.0,0.0,91.1705182706366,44.673553952611826,1.8020833333333333,2026-09-17 18:00:58 UTC,Buying triples; selling halves in 6h
43.5,0.00037181379050440106,3.2482822137874736,5220.149432540228,35.492786426709145,111.7189937774005,2594751.0766660175,1099,81439636.73519506,-7.275957614183426e-12,5.960464477539063e-08,4584.875774303683,4584.875774303683,4448.246476229435,1652.8547591004753,0.0,0.0,0,0.0,0.0,0.0,91.69751548607381,44.931782588176056,1.8125,2026-09-17 18:15:58 UTC,Buying triples; selling halves in 6h
43.75,0.000374798476867254,3.274357372573373,5244.777635159873,35.77684723084073,111.7189937774005,2602042.743332684,1099,81505585.23529504,-6.366462912410498e-12,5.960464477539063e-08,4611.225635075543,4611.225635075543,4473.811111150294,1653.7911914016904,0.0,0.0,0,0.0,0.0,0.0,92.22451270151102,45.190011223740285,1.8229166666666667,2026-09-17 18:30:58 UTC,Buying triples; selling halves in 6h
44.0,0.0003777974579899308,3.300557414876968,5269.42521997876,36.062258307024,111.7189937774005,2609334.4099993506,1099,81571061.4207703,-6.366462912410498e-12,5.960464477539063e-08,4637.5754958474035,4637.5754958474035,4499.375746071153,1654.708241503663,0.0,0.0,0,0.0,0.0,0.0,92.75150991694822,45.448239859304515,1.8333333333333333,2026-09-17 18:45:58 UTC,Buying triples; selling halves in 6h
44.25,0.00038081071575680147,3.3268821824344186,5294.0918086670445,36.349017826699935,111.7189937774005,2616626.076666017,1099,81636069.28688855,-6.366462912410498e-12,5.960464477539063e-08,4663.925356619264,4663.925356619264,4524.940380992012,1655.6062877362374,0.0,0.0,0,0.0,0.0,0.0,93.27850713238543,45.706468494868744,1.84375,2026-09-17 19:00:58 UTC,Buying triples; selling halves in 6h
44.5,0.00038383823217928367,3.3533315180918115,5318.777029728421,36.6371239736428,111.7189937774005,2623917.7433326836,1099,81700612.80827387,-6.366462912410498e-12,4.470348358154297e-08,4690.275217391124,4690.275217391124,4550.505015912871,1656.4857015957195,0.0,0.0,0,0.0,0.0,0.0,93.80550434782263,45.964697130432974,1.8541666666666667,2026-09-17 19:15:58 UTC,Buying triples; selling halves in 6h
44.75,0.0003868810812381973,3.379914804483369,5343.48051580617,36.92658429687826,111.7189937774005,2631209.40999935,1099,81764695.90628375,-6.366462912410498e-12,4.470348358154297e-08,4716.625078162984,4716.625078162984,4576.0696508337305,1657.3468504388302,0.0,0.0,0,0.0,0.0,0.0,94.33250156325984,46.2229257659972,1.8645833333333333,2026-09-17 19:30:58 UTC,Buying triples; selling halves in 6h
45.0,0.00038994097615916714,3.4066470088869796,5368.201902927064,37.217564530938276,111.7189937774005,2638501.0766660166,1099,81828322.04968247,-6.366462912410498e-12,4.470348358154297e-08,4742.974938934844,4742.974938934844,4601.63428575459,1658.1900982387951,0.0,0.0,0,0.0,0.0,0.0,94.85949877869704,46.48115440156143,1.875,2026-09-17 19:45:58 UTC,Buying triples; selling halves in 6h
45.25,0.0003930151090915772,3.4335036010365596,5392.940839839305,37.51006300225927,111.7189937774005,2645792.743332683,1099,81891494.99485506,-6.366462912410498e-12,2.9802322387695312e-08,4769.324799706705,4769.324799706705,4627.198920675449,1659.0157962474132,0.0,0.0,0,0.0,0.0,0.0,95.38649599413425,46.73938303712566,1.8854166666666667,2026-09-17 20:00:58 UTC,Buying triples; selling halves in 6h
45.5,0.0003961034626155624,3.4604844287466876,5417.696981670569,37.80391293304408,111.7189937774005,2653084.4099993496,1099,81954218.64271063,-6.366462912410498e-12,1.4901161193847656e-08,4795.674660478565,4795.674660478565,4652.763555596308,1659.8242893370088,0.0,0.0,0,0.0,0.0,0.0,95.91349320957146,46.99761167268989,1.8958333333333333,2026-09-17 20:15:58 UTC,Buying triples; selling halves in 6h
45.75,0.00039920601944281925,3.487589340981308,5442.469989822888,38.099103648175806,111.7189937774005,2660376.076666016,1099,82016496.87036578,-6.366462912410498e-12,0.0,4822.024521250425,4822.024521250425,4678.328190517167,1660.6159161055484,0.0,0.0,0,0.0,0.0,0.0,96.44049042500866,47.25584030825412,1.90625,2026-09-17 20:30:58 UTC,Buying triples; selling halves in 6h
46.0,0.00040228373771502044,3.514477255786936,5467.25961380187,38.395433463113,111.7189937774005,2667667.7433326826,1099,82078334.25565696,-6.366462912410498e-12,0.0,4848.374382022285,4848.374382022285,4703.892825438026,1661.390927047426,0.0,0.0,0,0.0,0.0,0.0,96.96748764044587,47.51406894381835,1.9166666666666667,2026-09-17 20:45:58 UTC,Buying triples; selling halves in 6h
46.25,0.0004051895887747773,3.5398636845703293,5492.0658641366845,38.68437220540357,111.7189937774005,2674959.409999349,1099,82139757.4086145,-5.4569682106375694e-12,1.4901161193847656e-08,4874.7242427941455,4874.7242427941455,4729.457460358885,1662.1493116334714,0.0,0.0,0,0.0,0.0,0.0,97.49448485588307,47.77229757938258,1.9270833333333333,2026-09-17 21:00:58 UTC,Buying triples; selling halves in 6h
46.5,0.0004081078151320446,3.5653582278449556,5516.888399754912,38.96344292443522,111.7189937774005,2682251.0766660157,1099,82200781.15451658,-5.4569682106375694e-12,1.4901161193847656e-08,4901.074103566006,4901.074103566006,4755.0220952797445,1662.891410936103,0.0,0.0,0,0.0,0.0,0.0,98.02148207132028,48.03052621494681,1.9375,2026-09-17 21:15:58 UTC,Buying triples; selling halves in 6h
46.75,0.0004110383978648219,3.5909607203022667,5541.726886203954,39.242420447237116,111.7189937774005,2689542.743332682,1099,82261408.51771824,-5.4569682106375694e-12,0.0,4927.423964337866,4927.423964337866,4780.586730200604,1663.6175594079205,0.0,0.0,0,0.0,0.0,0.0,98.54847928675748,48.28875485051104,1.9479166666666667,2026-09-17 21:30:58 UTC,Buying triples; selling halves in 6h
47.0,0.0004139813182704418,3.6166709985498784,5566.5809955299865,39.52256373433846,111.7189937774005,2696834.4099993487,1099,82321642.51255973,-5.4569682106375694e-12,1.4901161193847656e-08,4953.773825109726,4953.773825109726,4806.151365121463,1664.3280850027468,0.0,0.0,0,0.0,0.0,0.0,99.07547650219469,48.54698348607527,1.9583333333333333,2026-09-17 21:45:58 UTC,Buying triples; selling halves in 6h
47.25,0.0004169365578642532,3.6424889011000645,5591.450406159069,39.80387094808465,111.7189937774005,2704126.076666015,1099,82381486.14271949,-6.366462912410498e-12,0.0,4980.123685881586,4980.123685881586,4831.716000042322,1665.0233092945227,0.0,0.0,0,0.0,0.0,0.0,99.6024737176319,48.8052121216395,1.96875,2026-09-17 22:00:58 UTC,Buying triples; selling halves in 6h
47.5,0.0004200379065047388,3.669583258235062,5616.334580911608,40.088555448523756,111.7189937774005,2711417.7433326817,1099,82440936.36284602,-6.366462912410498e-12,0.0,5006.473546653447,5006.473546653447,4857.280634963181,1665.7037694628425,0.0,0.0,0,0.0,0.0,0.0,100.1294709330691,49.06344075720373,1.9791666666666667,2026-09-17 22:15:58 UTC,Buying triples; selling halves in 6h
47.75,0.00042324896789225927,3.6976361004341443,5641.233074942369,40.38634263078495,111.7189937774005,2718709.409999348,1099,82499971.95987374,-6.366462912410498e-12,0.0,5032.823407425307,5032.823407425307,4882.84526988404,1666.3699103529407,0.0,0.0,0,0.0,0.0,0.0,100.6564681485063,49.32166939276796,1.9895833333333333,2026-09-17 22:30:58 UTC,Buying triples; selling halves in 6h
48.0,0.000426474076624536,3.725811664655077,5666.145602937971,40.69304412390946,111.7189937774005,2726001.0766660147,1099,82558593.75721666,-6.366462912410498e-12,0.0,5059.173268197167,5059.173268197167,4908.409904804899,1667.0220172781983,0.0,0.0,0,0.0,0.0,0.0,101.18346536394351,49.57989802833219,2.0,2026-09-17 22:45:58 UTC,Buying triples; selling halves in 6h
0.0,0.00011446474352696986,1.0,2424.757715411276,10.9568034823675,111.7189937774005,1326001.07666602,1099,68015931.403879,0.0,0.0,0.0,0.0,0.0,0.0,0.0,0.0,0,0.0,0.0,0.0,0.0,0.0,0.0,2026-09-15 22:45:58 UTC,6h selling decay + buybacks
0.25,0.00011264340104649373,0.9840881792562879,2396.621499892686,10.782731855289239,104.97370917230023,1333292.7433326868,1099,67706098.0695971,1.8474111129762605e-13,0.0,15.528571529053703,8.783286923953442,15.0658200974879,43.202035616077865,6.74528460510026,0.0,0,0.0,0.0,0.0,0.31057143058107406,0.15218000098472628,0.010416666666666666,2026-09-15 23:00:58 UTC,6h selling decay + buybacks
0.5,0.00011053601645117134,0.9656774046335688,2363.8190370421994,10.58125383701325,104.97370917230023,1340584.4099993536,1099,67408398.670829,2.7000623958883807e-13,-2.9802322387695312e-08,24.311858453007147,17.566573847906884,23.58736507110753,84.52604344018437,6.74528460510026,0.0,0,0.0,0.0,0.0,0.4862371690601429,0.23825621283947002,0.020833333333333332,2026-09-15 23:15:58 UTC,6h selling decay + buybacks
0.75,0.00010856718765992915,0.948477097092773,2332.92515456242,10.393058539863508,104.97370917230023,1347876.0766660203,1099,67122759.21482629,3.410605131648481e-13,0.0,33.09514537696059,26.349860771860328,32.10891004472716,123.9414708935833,6.74528460510026,0.0,0,0.0,0.0,0.0,0.6619029075392118,0.32433242469421375,0.03125,2026-09-15 23:30:58 UTC,6h selling decay + buybacks
1.0,0.00010672766596876174,0.9324064570468799,2303.817950261288,10.21722557991126,104.97370917230023,1355167.743332687,1099,66848833.4039254,4.263256414560601e-13,0.0,41.87843230091403,35.13314769581377,40.630455018346794,161.57022016833525,6.74528460510026,0.0,0,0.0,0.0,0.0,0.8375686460182806,0.4104086365489575,0.041666666666666664,2026-09-15 23:45:58 UTC,6h selling decay + buybacks
1.25,0.00010540362793823148,0.9208392443861683,2282.7158605538098,10.090668116836031,98.44882432987168,1362459.4099993538,1099,66586282.39123281,5.968558980384842e-13,0.0,57.18660406729602,43.91643461976721,55.4824432660906,197.5242981235574,13.270169447528811,0.0,0,0.0,0.0,0.0,1.1437320813459204,0.560428719859501,0.052083333333333336,2026-09-16 00:00:58 UTC,6h selling decay + buybacks
1.5,0.00010378430016802891,0.9066922876874794,2256.726537438937,9.935880539987675,98.44882432987168,1369751.0766660206,1099,66334472.18454272,6.821210263296962e-13,0.0,65.96989099124946,52.69972154372065,64.00398823971022,232.03516621204972,13.270169447528811,0.0,0,0.0,0.0,0.0,1.3193978198249892,0.6465049317142448,0.0625,2026-09-16 00:15:58 UTC,6h selling decay + buybacks
1.75,0.0001022458907168078,0.8932522588732041,2232.2229213482256,9.788019356517797,98.44882432987168,1377042.7433326873,1099,66093382.92351889,7.958078640513122e-13,0.0,74.7531779152029,61.48300846767409,72.52553321332985,265.06032727638103,13.270169447528811,0.0,0,0.0,0.0,0.0,1.4950635583040581,0.7325811435689886,0.07291666666666667,2026-09-16 00:30:58 UTC,6h selling decay + buybacks
2.0,0.00010078976591339988,0.8805310946217434,2209.1250104323844,9.648839509164564,98.44882432987168,1384334.409999354,1099,65862713.47233723,3.979039320256561e-13,0.0,83.53646483915634,70.26629539162754,81.04707818694948,296.6797831658414,13.270169447528811,0.0,0,0.0,0.0,0.0,1.670729296783127,0.8186573554237324,0.08333333333333333,2026-09-16 00:45:58 UTC,6h selling decay + buybacks
2.25,9.981147978372627e-05,0.8719844793100765,2193.513035629211,9.555329988766829,92.0997077787728,1391626.0766660208,1099,65642176.441389106,5.684341886080801e-13,0.0,98.66886831420867,79.04958231558098,95.72853603844524,326.97321582051063,19.619285998627696,0.0,0,0.0,0.0,0.0,1.9733773662841738,0.9669549094792452,0.09375,2026-09-16 01:00:58 UTC,6h selling decay + buybacks
2.5,9.852582467329444e-05,0.8607525919112383,2172.8793445715646,9.43243658682793,92.0997077787728,1398917.7433326875,1099,65431143.590317115,6.252776074688882e-13,0.0,107.4521552381621,87.83286923953442,104.25008101206487,356.12845185177684,19.619285998627696,0.0,0,0.0,0.0,0.0,2.149043104763243,1.053031121333989,0.10416666666666667,2026-09-16 01:15:58 UTC,6h selling decay + buybacks
2.75,9.732161878048178e-05,0.8502322704942866,2153.4306886946906,9.317310532697002,92.0997077787728,1406209.4099993543,1099,65229652.072279856,6.821210263296962e-13,0.0,116.23544216211555,96.61615616348786,112.7716259856845,384.09865270227056,19.619285998627696,0.0,0,0.0,0.0,0.0,2.3247088432423118,1.1391073331887327,0.11458333333333333,2026-09-16 01:30:58 UTC,6h selling decay + buybacks
3.0,9.619234716711086e-05,0.8403665985102766,2135.1014971605673,9.209340963148142,92.0997077787728,1413501.076666021,1099,65037418.124669865,7.958078640513122e-13,0.0,125.01872908606899,105.3994430874413,121.29317095930412,410.9493892100136,19.619285998627696,0.0,0,0.0,0.0,0.0,2.5003745817213807,1.2251835450434765,0.125,2026-09-16 01:45:58 UTC,6h selling decay + buybacks
3.25,9.550265190048044e-05,0.8343412037434773,2123.85657742173,9.143409931618093,85.88916297414107,1420792.7433326878,1099,64854166.14311382,9.663381206337363e-13,1.4901161193847656e-08,140.01256081465417,114.18273001139474,135.84018650237743,436.7413244919244,25.82983080325942,0.0,0,0.0,0.0,0.0,2.800251216293084,1.372123095983611,0.13541666666666666,2026-09-16 02:00:58 UTC,6h selling decay + buybacks
3.5,9.450344678473803e-05,0.825611833590239,2107.4930780867026,9.047889565957885,85.88916297414107,1428084.4099993545,1099,64679283.24666334,1.0231815394945443e-12,1.4901161193847656e-08,148.79584773860762,122.96601693534818,144.36173147599706,461.6263688005715,25.82983080325942,0.0,0,0.0,0.0,0.0,2.975916954772153,1.4581993078383548,0.14583333333333334,2026-09-16 02:15:58 UTC,6h selling decay + buybacks
3.75,9.356731836732116e-05,0.8174335213119583,2092.0838837748374,8.958396362544399,85.88916297414107,1435376.0766660213,1099,64512851.7346126,1.1368683772161603e-12,1.4901161193847656e-08,157.57913466256107,131.74930385930162,152.8832764496167,485.55710808605636,25.82983080325942,0.0,0,0.0,0.0,0.0,3.151582693251222,1.5442755196930986,0.15625,2026-09-16 02:30:58 UTC,6h selling decay + buybacks
4.0,9.269037757637915e-05,0.8097722907537874,2077.5797361830955,8.874558724325084,85.88916297414107,1442667.743332688,1099,64354616.63633929,1.2505552149377763e-12,0.0,166.36242158651453,140.53259078325507,161.4048214232363,508.582800651418,25.82983080325942,0.0,0,0.0,0.0,0.0,3.327248431730291,1.6303517315478424,0.16666666666666666,2026-09-16 02:45:58 UTC,6h selling decay + buybacks
4.25,9.222505730446774e-05,0.8057071065095073,2069.8558993820334,8.830073109164577,79.7861206727728,1449959.4099993547,1099,64204329.81225003,1.0231815394945443e-12,0.0,181.24875081183626,149.31587770720853,175.84753803764343,530.749354066887,31.932873104627696,0.0,0,0.0,0.0,0.0,3.624975016236726,1.7762377579559954,0.17708333333333334,2026-09-16 03:00:58 UTC,6h selling decay + buybacks
4.5,9.144985721958919e-05,0.7989347147581913,2056.944978823088,8.755961209658562,79.7861206727728,1457251.0766660215,1099,64061393.28844426,1.1368683772161603e-12,-1.4901161193847656e-08,190.03203773578971,158.09916463116198,184.36908301126306,552.181819599452,31.932873104627696,0.0,0,0.0,0.0,0.0,3.8006407547157948,1.8623139698107392,0.1875,2026-09-16 03:15:58 UTC,6h selling decay + buybacks
4.75,9.072447083103579e-05,0.7925975111249828,2044.8140507381077,8.686610416469652,79.7861206727728,1464542.7433326882,1099,63925929.020249814,1.1368683772161603e-12,-1.4901161193847656e-08,198.81532465974317,166.88245155511544,192.89062798488268,572.8342926580522,31.932873104627696,0.0,0,0.0,0.0,0.0,3.9763064931948637,1.948390181665483,0.19791666666666666,2026-09-16 03:30:58 UTC,6h selling decay + buybacks
5.0,9.004610035298743e-05,0.7866710532730197,2033.4254283708162,8.621753451749756,79.7861206727728,1471834.409999355,1099,63797708.42974265,1.2505552149377763e-12,-1.4901161193847656e-08,207.59861158369662,175.6657384790689,201.4121729585023,592.7444599989633,31.932873104627696,0.0,0,0.0,0.0,0.0,4.151972231673932,2.0344663935202267,0.20833333333333334,2026-09-16 03:45:58 UTC,6h selling decay + buybacks
5.25,8.975856431869251e-05,0.7841590480438534,2028.5852731015182,8.594262391400859,73.76524235608038,1479126.0766660217,1099,63676509.141771786,1.4779288903810084e-12,-2.9802322387695312e-08,222.40277682434248,184.44902540302235,215.77517407497692,611.9476163847362,37.953751421320106,0.0,0,0.0,0.0,0.0,4.448055536486849,2.179547212878556,0.21875,2026-09-16 04:00:58 UTC,6h selling decay + buybacks
5.5,8.916126992804822e-05,0.7789408963908638,2018.506216135027,8.537155432714803,73.76524235608038,1486417.7433326885,1099,63561748.57245593,1.8189894035458565e-12,0.0,231.18606374829594,193.2323123269758,224.29671904859654,630.5482183248473,37.953751421320106,0.0,0,0.0,0.0,0.0,4.623721274965917,2.2656234247333,0.22916666666666666,2026-09-16 04:15:58 UTC,6h selling decay + buybacks
5.75,8.860405948593531e-05,0.7740729307191316,2009.073107311926,8.48388028845543,73.76524235608038,1493709.4099993552,1099,63453583.443424314,1.8189894035458565e-12,0.0,239.9693506722494,202.01559925092926,232.81826402221617,648.5028721215681,37.953751421320106,0.0,0,0.0,0.0,0.0,4.799387013444986,2.3516996365880436,0.23958333333333334,2026-09-16 04:30:58 UTC,6h selling decay + buybacks
6.0,8.80848502229269e-05,0.7695369552998875,2000.2565943367217,8.434233939721686,73.76524235608038,1501001.076666022,1099,63351809.218595065,2.1600499167107046e-12,-2.9802322387695312e-08,248.75263759620285,210.7988861748827,241.3398089958358,665.8409300703922,37.953751421320106,0.0,0,0.0,0.0,0.0,4.975052751924054,2.4377758484427874,0.25,2026-09-16 04:45:58 UTC,6h selling decay + buybacks
6.25,8.794110317446175e-05,0.768281135874308,1997.8110856182905,8.420485492394508,67.80563634094746,1508292.7433326887,1099,63256226.99006844,2.2737367544323206e-12,-2.9802322387695312e-08,263.4955305352892,219.58217309883617,255.6433637253374,682.5899935183252,43.91335743645303,0.0,0,0.0,0.0,0.0,5.269910610705781,2.5822561992458337,0.2604166666666667,2026-09-16 05:00:58 UTC,6h selling decay + buybacks
6.5,8.748751738604977e-05,0.7643184677685161,1990.0842131298339,8.377114396375045,67.80563634094746,1515584.4099993554,1099,63166269.52170584,2.5011104298755527e-12,0.0,272.27881745924265,228.36546002278962,264.16490869895705,698.8384109804017,43.91335743645303,0.0,0,0.0,0.0,0.0,5.44557634918485,2.6683324111005775,0.2708333333333333,2026-09-16 05:15:58 UTC,6h selling decay + buybacks
6.75,8.706672393150468e-05,0.7606422838049715,1982.8984498041225,8.336880623062813,67.80563634094746,1522876.0766660222,1099,63082123.84236861,2.8421709430404007e-12,0.0,281.0621043831961,237.14874694674307,272.6864536725767,714.545719279733,43.91335743645303,0.0,0,0.0,0.0,0.0,5.621242087663918,2.7544086229553213,0.28125,2026-09-16 05:30:58 UTC,6h selling decay + buybacks
7.0,8.667716511346139e-05,0.7572389754495782,1976.2305761231655,8.299632945268216,67.80563634094746,1530167.743332689,1099,63003607.338143915,2.7284841053187847e-12,-2.9802322387695312e-08,289.8453913071495,245.93203387069653,281.20799864619636,729.7351379343095,43.91335743645303,0.0,0,0.0,0.0,0.0,5.796907826142987,2.840484834810065,0.2916666666666667,2026-09-16 05:45:58 UTC,6h selling decay + buybacks
7.25,8.665193069794023e-05,0.757018519659056,1975.7981356477953,8.29722014343283,61.889874910219056,1537459.4099993557,1099,62930542.36596584,2.2737367544323206e-12,-2.9802322387695312e-08,304.54443966183135,254.71532079464998,295.4690153599087,744.4285951233917,49.829118867181435,0.0,0,0.0,0.0,0.0,6.090888793236624,2.9845355086859473,0.3020833333333333,2026-09-16 06:00:58 UTC,6h selling decay + buybacks
7.5,8.631666060420402e-05,0.7540894946736707,1970.0466476714962,8.265162970527888,61.889874910219056,1544751.0766660224,1099,62862376.711193964,2.1600499167107046e-12,-2.9802322387695312e-08,313.3277265857848,263.4986077186034,303.9905603335284,758.7016280733103,49.829118867181435,0.0,0,0.0,0.0,0.0,6.266554531715692,3.070611720540691,0.3125,2026-09-16 06:15:58 UTC,6h selling decay + buybacks
7.75,8.600865214620414e-05,0.7513986359121927,1964.7529756198498,8.235712207065232,61.889874910219056,1552042.7433326892,1099,62799323.54406435,2.5011104298755527e-12,-2.9802322387695312e-08,322.1110135097382,272.28189464255684,312.51210530714803,772.5168450985766,49.829118867181435,0.0,0,0.0,0.0,0.0,6.442220270194761,3.156687932395435,0.3229166666666667,2026-09-16 06:30:58 UTC,6h selling decay + buybacks
8.0,8.572668046428714e-05,0.7489352426154562,1959.898475907842,8.208750800775357,61.889874910219056,1559334.409999356,1099,62741219.83359748,2.5011104298755527e-12,0.0,330.8943004336916,281.06518156651026,321.0336502807677,785.892889784204,49.829118867181435,0.0,0,0.0,0.0,0.0,6.617886008673829,3.2427641442501787,0.3333333333333333,2026-09-16 06:45:58 UTC,6h selling decay + buybacks
8.25,8.580088127071558e-05,0.7495834841974675,1961.1767098471707,8.215845709306734,56.003235905994586,1566626.0766660227,1099,62687907.15772358,2.9558577807620168e-12,-1.4901161193847656e-08,345.56422636186954,289.8484684904637,335.2664124162859,798.8474179803941,55.7157578714059,0.0,0,0.0,0.0,0.0,6.911284527237387,3.3865294183463224,0.34375,2026-09-16 07:00:58 UTC,6h selling decay + buybacks
8.5,8.556434882867975e-05,0.7475170623915243,1957.1001095568313,8.193228981346028,56.003235905994586,1573917.7433326894,1099,62638848.28587444,2.7284841053187847e-12,-2.9802322387695312e-08,354.34751328582297,298.6317554144171,343.78795738990556,811.445563244353,55.7157578714059,0.0,0,0.0,0.0,0.0,7.086950265716456,3.472605630201066,0.3541666666666667,2026-09-16 07:15:58 UTC,6h selling decay + buybacks
8.75,8.535076909782198e-05,0.7456511626893383,1953.4142520092191,8.172806827471145,56.003235905994586,1581209.4099993561,1099,62594278.6460762,2.6147972675971687e-12,-2.9802322387695312e-08,363.1308002097764,307.41504233837054,352.3095023635252,823.6529657655847,55.7157578714059,0.0,0,0.0,0.0,0.0,7.262616004195524,3.55868184205581,0.3645833333333333,2026-09-16 07:30:58 UTC,6h selling decay + buybacks
9.0,8.515918077800218e-05,0.743977386870545,1950.103985957062,8.154487364146858,56.003235905994586,1588501.076666023,1099,62554052.99403683,2.9558577807620168e-12,-1.4901161193847656e-08,371.9140871337298,316.19832926232397,360.83104733714487,835.4847767913618,55.7157578714059,0.0,0,0.0,0.0,0.0,7.438281742674593,3.6447580539105537,0.375,2026-09-16 07:45:58 UTC,6h selling decay + buybacks
9.25,8.530294844921822e-05,0.7452333864629626,1952.5883543103762,8.168234278177197,50.40291231539513,1595792.7433326896,1099,62518030.23677358,3.069544618483633e-12,-2.9802322387695312e-08,386.2976976482827,324.9816161862774,374.78602625836413,846.955387359267,61.31608146200536,0.0,0,0.0,0.0,0.0,7.725953952965651,3.7857174369531723,0.3854166666666667,2026-09-16 08:00:58 UTC,6h selling decay + buybacks
9.5,8.515003524808351e-05,0.7438974886447958,1949.945876274639,8.153612876481441,50.40291231539513,1603084.4099993564,1099,62485705.5236071,2.9558577807620168e-12,-2.9802322387695312e-08,395.0809845722361,333.7649031102308,383.3075712319838,858.1194103686237,61.31608146200536,0.0,0,0.0,0.0,0.0,7.901619691444719,3.871793648807916,0.3958333333333333,2026-09-16 08:15:58 UTC,6h selling decay + buybacks
9.75,8.501667788180574e-05,0.7427324367504861,1947.639403119118,8.140861337559167,50.40291231539513,1610376.0766660231,1099,62457315.33933514,3.183231456205249e-12,0.0,403.86427149618953,342.54819003418424,391.82911620560344,868.9474284977646,61.31608146200536,0.0,0,0.0,0.0,0.0,8.077285429923789,3.95786986066266,0.40625,2026-09-16 08:30:58 UTC,6h selling decay + buybacks
10.0,8.490211159186636e-05,0.7417315496090896,1945.6564847426941,8.129906552436612,50.40291231539513,1617667.7433326899,1099,62432730.44093549,3.410605131648481e-12,0.0,412.64755842014296,351.33147695813767,400.3506611792231,879.4518918478084,61.31608146200536,0.0,0,0.0,0.0,0.0,8.252951168402857,4.043946072517404,0.4166666666666667,2026-09-16 08:45:58 UTC,6h selling decay + buybacks
10.25,8.508812604470517e-05,0.7433566303728881,1948.8753546877085,8.147693166686015,45.362621083855615,1624959.4099993566,1099,62411825.31649676,3.069544618483633e-12,-2.9802322387695312e-08,426.4711365756359,360.1147638820911,413.7622967056824,889.6446574292529,66.35637269354487,0.0,0,0.0,0.0,0.0,8.529422731512716,4.179417138441234,0.4270833333333333,2026-09-16 09:00:58 UTC,6h selling decay + buybacks
10.5,8.500698724027437e-05,0.7426477762582439,1947.4717288166605,8.139934723466801,45.362621083855615,1632251.0766660233,1099,62394145.90370845,2.9558577807620168e-12,-1.4901161193847656e-08,435.25442349958934,368.8980508060445,422.28384167930204,899.5698282739204,66.35637269354487,0.0,0,0.0,0.0,0.0,8.705088469991784,4.265493350295978,0.4375,2026-09-16 09:15:58 UTC,6h selling decay + buybacks
10.75,8.494268503569984e-05,0.7420860119752584,1946.3588846052833,8.13378617445569,45.362621083855615,1639542.74333269,1099,62379907.80300898,3.183231456205249e-12,-2.9802322387695312e-08,444.03771042354276,377.68133772999795,430.8053866529217,909.2042174589176,66.35637269354487,0.0,0,0.0,0.0,0.0,8.880754208470853,4.351569562150722,0.4479166666666667,2026-09-16 09:30:58 UTC,6h selling decay + buybacks
11.0,8.489460374169282e-05,0.7416659586686637,1945.5264918460507,8.129188651684986,45.362621083855615,1646834.4099993568,1099,62368996.13555069,3.410605131648481e-12,-1.4901161193847656e-08,452.8209973474962,386.4646246539514,439.32693162654135,918.5581551917701,66.35637269354487,0.0,0,0.0,0.0,0.0,9.056419946949921,4.437645774005466,0.4583333333333333,2026-09-16 09:45:58 UTC,6h selling decay + buybacks
11.25,8.511648440579734e-05,0.7436043779344373,1949.3657701289678,8.150404772224222,40.82635897547005,1654126.0766660236,1099,62361299.36967454,3.524291969370097e-12,-2.9802322387695312e-08,466.1405463798352,395.2479115779048,452.24955809771666,927.6415033800283,70.89263480193043,0.0,0,0.0,0.0,0.0,9.3228109275967,4.568177354522388,0.46875,2026-09-16 10:00:58 UTC,6h selling decay + buybacks
11.5,8.509757752193879e-05,0.743439201450605,1949.0388129289656,8.148596910171895,40.82635897547005,1661417.7433326903,1099,62356410.49016318,3.410605131648481e-12,-2.9802322387695312e-08,474.9238333037886,404.0311985018582,460.7711030713363,936.49000555365,70.89263480193043,0.0,0,0.0,0.0,0.0,9.498476666075769,4.654253566377132,0.4791666666666667,2026-09-16 10:15:58 UTC,6h selling decay + buybacks
11.75,8.509330501144447e-05,0.7434018754551703,1948.9649232704844,8.148188375804107,40.82635897547005,1668709.409999357,1099,62354524.824062034,3.183231456205249e-12,-1.4901161193847656e-08,483.70712022774205,412.81448542581165,469.29264804495597,945.0854401857507,70.89263480193043,0.0,0,0.0,0.0,0.0,9.674142404554837,4.740329778231875,0.4895833333333333,2026-09-16 10:30:58 UTC,6h selling decay + buybacks
12.0,8.510316575502613e-05,0.7434880220124231,1949.1354541598034,8.149131252917398,40.82635897547005,1676001.0766660238,1099,62355540.36488845,3.410605131648481e-12,-1.4901161193847656e-08,492.4904071516955,421.5977723497651,477.8141930185756,953.4364542700516,70.89263480193043,0.0,0,0.0,0.0,0.0,9.849808143033906,4.826405990086619,0.5,2026-09-16 10:45:58 UTC,6h selling decay + buybacks
12.25,8.535591465745723e-05,0.7456961159166526,1953.5031058119714,8.173298838979676,36.74372307792304,1683292.7433326906,1099,62359358.10400772,3.183231456205249e-12,0.0,505.3563299731959,430.3810592737185,490.2967113399954,961.5513209393032,74.97527069947743,0.0,0,0.0,0.0,0.0,10.107126599463914,4.9524920337373235,0.5104166666666666,2026-09-16 11:00:58 UTC,6h selling decay + buybacks
12.5,8.53914618963852e-05,0.7460066677759647,1954.1168643152084,8.176697816532698,36.74372307792304,1690584.4099993573,1099,62365614.27187706,3.524291969370097e-12,-1.4901161193847656e-08,514.1396168971494,439.16434619767193,498.81825631361505,969.4591074096861,74.97527069947743,0.0,0,0.0,0.0,0.0,10.282792337942983,5.038568245592067,0.5208333333333334,2026-09-16 11:15:58 UTC,6h selling decay + buybacks
12.75,8.543984089313771e-05,0.746429321907375,1954.9519706963792,8.181323744052266,36.74372307792304,1697876.076666024,1099,62374484.88699067,3.410605131648481e-12,-1.4901161193847656e-08,522.9229038211029,447.94763312162536,507.3398012872347,977.1455460021348,74.97527069947743,0.0,0,0.0,0.0,0.0,10.458458076422051,5.124644457446811,0.53125,2026-09-16 11:30:58 UTC,6h selling decay + buybacks
13.0,8.550063965386077e-05,0.7469604790029984,1956.001128801108,8.187137222918281,36.74372307792304,1705167.7433326908,1099,62385879.460892275,3.183231456205249e-12,-1.4901161193847656e-08,531.7061907450563,456.7309200455788,515.8613462608544,984.6179328710255,74.97527069947743,0.0,0,0.0,0.0,0.0,10.63412381490112,5.210720669301555,0.5416666666666666,2026-09-16 11:45:58 UTC,6h selling decay + buybacks
13.25,8.57803001053861e-05,0.7494036806641233,1960.8222199997117,8.213877787467686,33.06935077013074,1712459.4099993575,1099,62399710.18620638,2.9558577807620168e-12,-1.4901161193847656e-08,544.1638499768021,465.5142069695322,527.9477672474941,991.8832626590613,78.64964300726974,0.0,0,0.0,0.0,0.0,10.883276999536035,5.332805729772663,0.5520833333333334,2026-09-16 12:00:58 UTC,6h selling decay + buybacks
13.5,8.586389401824888e-05,0.7501339833781908,1962.261776696881,8.221870831317661,33.06935077013074,1719751.0766660243,1099,62415652.785604626,3.069544618483633e-12,0.0,552.9471369007556,474.29749389348564,536.4693122211137,998.9652509355117,78.64964300726974,0.0,0,0.0,0.0,0.0,11.058942738015103,5.418881941627407,0.5625,2026-09-16 12:15:58 UTC,6h selling decay + buybacks
13.75,8.595882963129799e-05,0.7509633707521881,1963.8957973540523,8.23094832029547,33.06935077013074,1727042.743332691,1099,62433865.16000548,2.9558577807620168e-12,0.0,561.7304238247091,483.08078081743906,544.9908571947333,1005.8527752519599,78.64964300726974,0.0,0,0.0,0.0,0.0,11.234608476494172,5.504958153482151,0.5729166666666666,2026-09-16 12:30:58 UTC,6h selling decay + buybacks
14.0,8.606476505645068e-05,0.7518888559442964,1965.7180806382692,8.241077556388111,33.06935077013074,1734334.4099993578,1099,62454267.11336914,2.8421709430404007e-12,-1.4901161193847656e-08,570.5137107486626,491.8640677413925,553.5124021683529,1012.5520369413625,78.64964300726974,0.0,0,0.0,0.0,0.0,11.41027421497324,5.591034365336895,0.5833333333333334,2026-09-16 12:45:58 UTC,6h selling decay + buybacks
14.25,8.636817310241775e-05,0.7545395240593705,1970.9310590869509,8.270088405581932,29.762415693117667,1741626.0766660245,1099,62476780.8443671,2.9558577807620168e-12,-1.4901161193847656e-08,582.6039327496292,500.6473546653459,565.2423355536905,1019.0689918780186,81.95657808428282,0.0,0,0.0,0.0,0.0,11.65207865499257,5.709518540946367,0.59375,2026-09-16 13:00:58 UTC,6h selling decay + buybacks
14.5,8.649448315897847e-05,0.7556430084395278,1973.0985445234196,8.282165679686624,29.762415693117667,1748917.7433326913,1099,62501117.939993195,3.410605131648481e-12,-1.4901161193847656e-08,591.3872196735826,509.43064158929934,573.7638805273101,1025.4230514151698,81.95657808428282,0.0,0,0.0,0.0,0.0,11.827744393471638,5.795594752801111,0.6041666666666666,2026-09-16 13:15:58 UTC,6h selling decay + buybacks
14.75,8.663089200452399e-05,0.7568347190164477,1975.4375488436403,8.295208516597702,29.762415693117667,1756209.409999358,1099,62527419.502587095,3.637978807091713e-12,-1.4901161193847656e-08,600.1705065975361,518.2139285132528,582.2854255009297,1031.605592068569,81.95657808428282,0.0,0,0.0,0.0,0.0,12.003410131950707,5.8816709646558545,0.6145833333333334,2026-09-16 13:30:58 UTC,6h selling decay + buybacks
15.0,8.677711346477443e-05,0.758112155681616,1977.942766156868,8.309189544246978,29.762415693117667,1763501.0766660247,1099,62555614.52241202,3.410605131648481e-12,-1.4901161193847656e-08,608.9537935214896,526.9972154372063,590.8069704745493,1037.6219197289608,81.95657808428282,0.0,0,0.0,0.0,0.0,12.179075870429775,5.967747176510598,0.625,2026-09-16 13:45:58 UTC,6h selling decay + buybacks
15.25,8.71017149389346e-05,0.760947976250975,1983.4966417202058,8.34022627159856,26.7861741238059,1770792.7433326915,1099,62585634.12621419,3.410605131648481e-12,0.0,620.7133220147549,535.7805023611597,602.2160650187152,1043.4771387097887,84.93281965359459,0.0,0,0.0,0.0,0.0,12.41426644029508,6.082990555744598,0.6354166666666666,2026-09-16 14:00:58 UTC,6h selling decay + buybacks
15.5,8.726626647910923e-05,0.7623855502593933,1986.3081375945646,8.35595974986202,26.7861741238059,1778084.4099993582,1099,62617222.3157152,3.410605131648481e-12,-1.4901161193847656e-08,629.4966089387084,544.5637892851132,610.7376099923348,1049.1871878090494,84.93281965359459,0.0,0,0.0,0.0,0.0,12.589932178774148,6.169066767599341,0.6458333333333334,2026-09-16 14:15:58 UTC,6h selling decay + buybacks
15.75,8.743987131258256e-05,0.7639022166854393,1989.2714443105813,8.372558782636403,26.7861741238059,1785376.076666025,1099,62650504.76845457,3.183231456205249e-12,0.0,638.2798958626619,553.3470762090667,619.2591549659544,1054.7454260666523,84.93281965359459,0.0,0,0.0,0.0,0.0,12.765597917253217,6.255142979454085,0.65625,2026-09-16 14:30:58 UTC,6h selling decay + buybacks
16.0,8.762228797477984e-05,0.7654958660186446,1992.381994720547,8.390000271594586,26.7861741238059,1792667.7433326917,1099,62685418.66682546,3.637978807091713e-12,-1.4901161193847656e-08,647.0631827866154,562.1303631330202,627.780699939574,1060.1564206303065,84.93281965359459,0.0,0,0.0,0.0,0.0,12.941263655732286,6.341219191308829,0.6666666666666666,2026-09-16 14:45:58 UTC,6h selling decay + buybacks
16.25,8.796596457856308e-05,0.76849833291975,1998.2341852086686,8.422863443614688,24.10755671142531,1799959.4099993585,1099,62721903.12044156,3.183231456205249e-12,0.0,658.5250871229495,570.9136500569737,638.9010395266853,1065.4245697292959,87.61143706597518,0.0,0,0.0,0.0,0.0,13.170501742458965,6.453545853804902,0.6770833333333334,2026-09-16 15:00:58 UTC,6h selling decay + buybacks
16.5,8.816488358035868e-05,0.770236151881872,2001.6173038093298,8.441887849043832,24.10755671142531,1807251.0766660252,1099,62759731.41433451,3.637978807091713e-12,-2.9802322387695312e-08,667.3083740469029,579.6969369809271,647.4225845003049,1070.5629961022546,87.61143706597518,0.0,0,0.0,0.0,0.0,13.346167480938034,6.539622065659646,0.6875,2026-09-16 15:15:58 UTC,6h selling decay + buybacks
16.75,8.837196615144553e-05,0.7720452903528638,2005.135212254867,8.461689504361908,24.10755671142531,1814542.743332692,1099,62799015.13717051,3.865352482534945e-12,0.0,676.0916609708564,588.4802239048806,655.9441294739245,1075.5666326303374,87.61143706597518,0.0,0,0.0,0.0,0.0,13.521833219417102,6.62569827751439,0.6979166666666666,2026-09-16 15:30:58 UTC,6h selling decay + buybacks
17.0,8.85870070787922e-05,0.7739239555271408,2008.7839571909244,8.482249888520826,24.10755671142531,1821834.4099993587,1099,62839698.76801927,4.092726157978177e-12,0.0,684.8749478948099,597.2635108288341,664.4656744475441,1080.4394326678998,87.61143706597518,0.0,0,0.0,0.0,0.0,13.69749895789617,6.711774489369134,0.7083333333333334,2026-09-16 15:45:58 UTC,6h selling decay + buybacks
17.25,8.89479653899295e-05,0.7770774008589975,2014.8986396342643,8.516761374852603,21.69680104028278,1829126.0766660254,1099,62881728.48131336,4.774847184307873e-12,0.0,696.0689904899059,606.0467977527876,675.3261345733061,1085.1852103503227,90.0221927371177,0.0,0,0.0,0.0,0.0,13.92137980979809,6.821476106801074,0.71875,2026-09-16 16:00:58 UTC,6h selling decay + buybacks
17.5,8.91780945128242e-05,0.7790878812550024,2018.7905832315446,8.538764027584373,21.69680104028278,1836417.7433326922,1099,62924903.69277084,5.002220859751105e-12,0.0,704.8522774138594,614.8300846767411,683.8476795469257,1089.8148117266621,90.0221927371177,0.0,0,0.0,0.0,0.0,14.097045548277158,6.907552318655818,0.7291666666666666,2026-09-16 16:15:58 UTC,6h selling decay + buybacks
17.75,8.941563060642316e-05,0.7811630712766617,2022.802530385598,8.561474730661597,21.69680104028278,1843709.409999359,1099,62969323.255380996,5.229594535194337e-12,0.0,713.6355643378129,623.6133716006946,692.3692245205453,1094.3244095462285,90.0221927371177,0.0,0,0.0,0.0,0.0,14.272711286756227,6.993628530510562,0.7395833333333334,2026-09-16 16:30:58 UTC,6h selling decay + buybacks
18.0,8.966039789761772e-05,0.7833014353148154,2026.9310420926179,8.584876675515142,21.69680104028278,1851001.0766660257,1099,63014938.142003395,5.002220859751105e-12,0.0,722.4188512617663,632.396658524648,700.8907694941649,1098.717442812828,90.0221927371177,0.0,0,0.0,0.0,0.0,14.448377025235295,7.079704742365306,0.75,2026-09-16 16:45:58 UTC,6h selling decay + buybacks
18.25,9.003732467423858e-05,0.7865943861834124,2033.2778199277914,8.620914424332366,19.5271209362545,1858292.7433326924,1099,63061700.83492549,5.229594535194337e-12,0.0,733.3718182897481,641.1799454486015,711.5173381047127,1102.9972335882026,92.19187284114598,0.0,0,0.0,0.0,0.0,14.667436365794929,7.187043819239527,0.7604166666666666,2026-09-16 17:00:58 UTC,6h selling decay + buybacks
18.5,9.029588424745152e-05,0.7888532439351185,2037.623825031314,8.645634686668135,19.5271209362545,1865584.4099993592,1099,63109434.147156514,5.4569682106375694e-12,0.0,742.1551052137016,649.963232372555,720.0388830783323,1107.1727734582996,92.19187284114598,0.0,0,0.0,0.0,0.0,14.843102104273997,7.273120031094271,0.7708333333333334,2026-09-16 17:15:58 UTC,6h selling decay + buybacks
18.75,9.056120019882077e-05,0.7911711275313608,2042.076931401623,8.671000707850071,19.5271209362545,1872876.076666026,1099,63158225.499939136,5.4569682106375694e-12,-1.4901161193847656e-08,750.9383921376551,658.7465192965085,728.5604280519519,1111.2412120616104,92.19187284114598,0.0,0,0.0,0.0,0.0,15.018767842753066,7.3591962429490145,0.78125,2026-09-16 17:30:58 UTC,6h selling decay + buybacks
19.0,9.083312114230496e-05,0.7935467144160692,2046.6341335183267,8.696998041390428,19.5271209362545,1880167.7433326927,1099,63208031.638397455,5.6843418860808015e-12,0.0,759.7216790616086,667.529806220462,737.0819730255715,1115.2055549185263,92.19187284114598,0.0,0,0.0,0.0,0.0,15.194433581232135,7.445272454803758,0.7916666666666666,2026-09-16 17:45:58 UTC,6h selling decay + buybacks
19.25,9.122483740417307e-05,0.7969688708792584,2053.1870460638725,8.73444825031908,17.57440884262905,1887459.4099993594,1099,63258810.6486325,5.6843418860808015e-12,0.0,770.4576780791875,676.3130931444155,747.4980392724266,1119.0687086198357,94.14458493477143,0.0,0,0.0,0.0,0.0,15.409153561583713,7.550485245176032,0.8020833333333334,2026-09-16 18:00:58 UTC,6h selling decay + buybacks
19.5,9.150943303768552e-05,0.7994551878423973,2057.9391476484875,8.761656920179885,17.57440884262905,1894751.0766660261,1099,63310406.2056968,5.6843418860808015e-12,0.0,779.240965003141,685.096380068369,756.0195842460462,1122.8381520088403,94.14458493477143,0.0,0,0.0,0.0,0.0,15.584819300062781,7.636561457030775,0.8125,2026-09-16 18:15:58 UTC,6h selling decay + buybacks
19.75,9.180022232913836e-05,0.8019956145492839,2062.787042916338,8.789457538823699,17.57440884262905,1902042.743332693,1099,63362895.497699685,5.6843418860808015e-12,0.0,788.0242519270945,693.8796669923224,764.5411292196658,1126.5118017146094,94.14458493477143,0.0,0,0.0,0.0,0.0,15.76048503854185,7.722637668885519,0.8229166666666666,2026-09-16 18:30:58 UTC,6h selling decay + buybacks
20.0,9.209707403702775e-05,0.8045890044328636,2067.728094350488,8.81783754697707,17.57440884262905,1909334.4099993596,1099,63416240.40062134,5.9117155615240335e-12,0.0,796.807538851048,702.6629539162759,773.0626741932854,1130.0922952540793,94.14458493477143,0.0,0,0.0,0.0,0.0,15.936150777020918,7.808713880740263,0.8333333333333334,2026-09-16 18:45:58 UTC,6h selling decay + buybacks
20.25,9.250257934437536e-05,0.8081316263341836,2074.4648177718586,8.85660487095157,15.816967958366146,1916626.0766660264,1099,63470403.981780924,5.229594535194337e-12,0.0,807.3482666592644,711.4462408402294,783.2892883128169,1133.5821859522396,95.90202581903434,0.0,0,0.0,0.0,0.0,16.146965333185246,7.9120130132607835,0.84375,2026-09-16 19:00:58 UTC,6h selling decay + buybacks
20.5,9.281112406970373e-05,0.8108271700957058,2079.5808334034778,8.886102266350381,15.816967958366146,1923917.7433326931,1099,63525248.480706744,5.4569682106375694e-12,0.0,816.1315535832179,720.2295277641829,791.8108332864365,1136.9877152942402,95.90202581903434,0.0,0,0.0,0.0,0.0,16.322631071664315,7.998089225115527,0.8541666666666666,2026-09-16 19:15:58 UTC,6h selling decay + buybacks
20.75,9.312537279092755e-05,0.8135725457593466,2084.7826939524807,8.916144748277297,15.816967958366146,1931209.4099993599,1099,63580841.960337,6.139089236967266e-12,0.0,824.9148405071713,729.0128146881364,800.3323782600561,1140.3073997188574,95.90202581903434,0.0,0,0.0,0.0,0.0,16.498296810143383,8.08416543697027,0.8645833333333334,2026-09-16 19:30:58 UTC,6h selling decay + buybacks
21.0,9.34452001469684e-05,0.816366658131297,2090.0680767529025,8.94672124759932,15.816967958366146,1938501.0766660266,1099,63637150.86176461,6.139089236967266e-12,0.0,833.6981274311248,737.7961016120898,808.8539232336757,1143.5435618920553,95.90202581903434,0.0,0,0.0,0.0,0.0,16.673962548622452,8.170241648825014,0.875,2026-09-16 19:45:58 UTC,6h selling decay + buybacks
21.25,9.38636088054246e-05,0.8200220077661619,2096.969293003042,8.98672219274384,14.23527116252953,1945792.7433326934,1099,63694142.69009095,6.139089236967266e-12,0.0,844.0631111509149,746.5793885360433,818.910030438616,1146.6984528468563,97.48372261487096,0.0,0,0.0,0.0,0.0,16.881262223018254,8.271818489278957,0.8854166666666666,2026-09-16 20:00:58 UTC,6h selling decay + buybacks
21.5,9.419424932204672e-05,0.8229105873098203,2102.4119917817825,9.018330955492774,14.23527116252953,1953084.40999936,1099,63751696.18123274,6.366462912410498e-12,0.0,852.8463980748684,755.3626754599968,827.4315754122356,1149.7772990417354,97.48372261487096,0.0,0,0.0,0.0,0.0,17.056927961497323,8.3578947011337,0.8958333333333334,2026-09-16 20:15:58 UTC,6h selling decay + buybacks
21.75,9.453016499716046e-05,0.8258452522971628,2107.931751876576,9.050443759199107,14.23527116252953,1960376.0766660268,1099,63809871.28184914,6.139089236967266e-12,0.0,861.6296849988219,764.1459623839503,835.9531203858552,1152.779083920561,97.48372261487096,0.0,0,0.0,0.0,0.0,17.23259369997639,8.443970912988444,0.90625,2026-09-16 20:30:58 UTC,6h selling decay + buybacks
22.0,9.487125555926676e-05,0.828825126724837,2113.526519670442,9.083051007668745,14.23527116252953,1967667.7433326936,1099,63868638.46890728,6.139089236967266e-12,0.0,870.4129719227753,772.9292493079038,844.4746653594748,1155.7058611003147,97.48372261487096,0.0,0,0.0,0.0,0.0,17.40825943845546,8.530047124843188,0.9166666666666666,2026-09-16 20:45:58 UTC,6h selling decay + buybacks
22.25,9.530187260874648e-05,0.8325871327033701,2120.5754095759185,9.124216345532663,12.811744046276576,1974959.4099993603,1099,63927969.15787187,5.6843418860808015e-12,1.4901161193847656e-08,880.6197859629817,781.7125362318573,854.377316341283,1158.5596221766461,98.90724973112391,0.0,0,0.0,0.0,0.0,17.612395719259588,8.63007390243721,0.9270833333333334,2026-09-16 21:00:58 UTC,6h selling decay + buybacks
22.5,9.56530297093978e-05,0.8356549515778219,2126.31181761024,9.157785305574693,12.811744046276576,1982251.076666027,1099,63987756.69550236,5.6843418860808015e-12,2.9802322387695312e-08,889.4030728869352,790.4958231558107,862.8988613149025,1161.3447591159445,98.90724973112391,0.0,0,0.0,0.0,0.0,17.788061457738657,8.716150114291954,0.9375,2026-09-16 21:15:58 UTC,6h selling decay + buybacks
22.75,9.600908531969865e-05,0.8387655653732126,2132.1175055147546,9.191822254788944,12.811744046276576,1989542.7433326938,1099,64048053.845448054,5.9117155615240335e-12,1.4901161193847656e-08,898.1863598108887,799.2791100797642,871.4204062885221,1164.0606161850494,98.90724973112391,0.0,0,0.0,0.0,0.0,17.963727196217725,8.802226326146698,0.9479166666666666,2026-09-16 21:30:58 UTC,6h selling decay + buybacks
23.0,9.636995113722444e-05,0.8419182026517888,2137.990652472953,9.226318740758028,12.811744046276576,1996834.4099993606,1099,64108834.67204741,6.139089236967266e-12,1.4901161193847656e-08,906.9696467348422,808.0623970037177,879.9419512621417,1166.7090142004706,98.90724973112391,0.0,0,0.0,0.0,0.0,18.139392934696794,8.888302538001442,0.9583333333333334,2026-09-16 21:45:58 UTC,6h selling decay + buybacks
23.25,9.681214705525665e-05,0.8457813652676909,2145.172486721458,9.268589468435238,11.530569641648919,2004126.0766660273,1099,64170074.07189223,5.9117155615240335e-12,0.0,917.0341080634233,816.8456839276712,889.7064916431311,1169.291720332955,100.18842413575157,0.0,0,0.0,0.0,0.0,18.340682161268415,8.986934259021536,0.96875,2026-09-16 22:00:58 UTC,6h selling decay + buybacks
23.5,9.718232834255102e-05,0.8490153854199934,2151.1733180816095,9.303982568501551,11.530569641648919,2011417.743332694,1099,64231678.376765005,6.139089236967266e-12,0.0,925.8173949873768,825.6289708516247,898.2280366167507,1171.8124339464232,100.18842413575157,0.0,0,0.0,0.0,0.0,18.516347899747483,9.07301047087628,0.9791666666666666,2026-09-16 22:15:58 UTC,6h selling decay + buybacks
23.75,9.755668291239021e-05,0.8522858646811555,2157.2365279957667,9.339793689866728,11.530569641648919,2018709.4099993608,1099,64293694.26498153,6.139089236967266e-12,0.0,934.6006819113303,834.4122577755782,906.7495815903703,1174.2707690058858,100.18842413575157,0.0,0,0.0,0.0,0.0,18.692013638226552,9.159086682731024,0.9895833333333334,2026-09-16 22:30:58 UTC,6h selling decay + buybacks
24.0,9.793551936023871e-05,0.8555954990382119,2163.3604970153274,9.376009522723233,11.530569641648919,2026001.0766660275,1099,64356099.0837443,6.139089236967266e-12,0.0,943.3839688352838,843.1955446995316,915.2711265639899,1176.6683449599448,100.18842413575157,0.0,0,0.0,0.0,0.0,18.86767937670562,9.245162894585768,1.0,2026-09-16 22:45:58 UTC,6h selling decay + buybacks
24.25,9.838818060026846e-05,0.859550089998555,2170.6623481926167,9.419279310893225,10.377512677484027,2033292.7433326943,1099,64418870.81413706,6.139089236967266e-12,0.0,953.3203127234021,851.9788316234851,924.9113674042424,1179.0067346229077,101.34148109991646,0.0,0,0.0,0.0,0.0,19.066406254467985,9.342539064689328,1.0104166666666667,2026-09-16 23:00:58 UTC,6h selling decay + buybacks
24.5,9.877579269346828e-05,0.8629363911534472,2176.9015565940035,9.456330702161576,10.377512677484027,2040584.409999361,1099,64481927.24581691,6.139089236967266e-12,-1.4901161193847656e-08,962.1035996473556,860.7621185474386,933.432912377862,1181.2890711951407,101.34148109991646,0.0,0,0.0,0.0,0.0,19.242071992947054,9.428615276544072,1.0208333333333333,2026-09-16 23:15:58 UTC,6h selling decay + buybacks
24.75,9.91676675192195e-05,0.8663599328805895,2183.1969842000817,9.493789423478919,10.377512677484027,2047876.0766660278,1099,64545309.12221554,6.366462912410498e-12,-1.4901161193847656e-08,970.8868865713091,869.5454054713921,941.9544573514816,1183.5151885626822,101.34148109991646,0.0,0,0.0,0.0,0.0,19.417737731426122,9.514691488398816,1.03125,2026-09-16 23:30:58 UTC,6h selling decay + buybacks
25.0,9.95637295391708e-05,0.869820055253187,2189.5471876299252,9.531648397786425,10.377512677484027,2055167.7433326945,1099,64608996.51039035,6.59383658785373e-12,-1.4901161193847656e-08,979.6701734952626,878.3286923953456,950.4760023251011,1185.6865301064583,101.34148109991646,0.0,0,0.0,0.0,0.0,19.59340346990519,9.60076770025356,1.0416666666666667,2026-09-16 23:45:58 UTC,6h selling decay + buybacks
25.25,0.00010002691416904893,0.8738665818569791,2196.9575903382956,9.57592247505076,9.339761409735624,2062459.4099993613,1099,64672970.12680811,7.048583938740194e-12,0.0,989.4912116869644,887.111979319299,960.0043735786902,1187.8044986516777,102.37923236766487,0.0,0,0.0,0.0,0.0,19.78982423373923,9.697013874532237,1.0520833333333333,2026-09-17 00:00:58 UTC,6h selling decay + buybacks
25.5,0.0001004312129966692,0.8773986635719485,2203.4118782710366,9.614567459077007,9.339761409735624,2069751.076666028,1099,64737157.84757486,7.73070496506989e-12,0.0,998.2744986109179,895.8952662432525,968.5259185523098,1189.871755692557,102.37923236766487,0.0,0,0.0,0.0,0.0,19.965489972218297,9.78309008638698,1.0625,2026-09-17 00:15:58 UTC,6h selling decay + buybacks
25.75,0.00010083951400913236,0.880965709632441,2209.9168863444443,9.653594626529012,9.339761409735624,2077042.7433326948,1099,64801595.49824725,7.958078640513122e-12,-1.4901161193847656e-08,1007.0577855348714,904.678553167206,977.0474635259294,1191.888292592769,102.37923236766487,0.0,0,0.0,0.0,0.0,20.141155710697365,9.869166298241725,1.0729166666666667,2026-09-17 00:30:58 UTC,6h selling decay + buybacks
26.0,0.00010125175538726615,0.8845671799667248,2216.4713249310757,9.6929980584857,9.339761409735624,2084334.4099993615,1099,64866265.63516831,7.503331289626658e-12,-1.4901161193847656e-08,1015.8410724588249,913.4618400911595,985.569008499549,1193.8553989797567,102.37923236766487,0.0,0,0.0,0.0,0.0,20.316821449176434,9.955242510096468,1.0833333333333333,2026-09-17 00:45:58 UTC,6h selling decay + buybacks
26.25,0.0001017250522219542,0.8887020499721473,2223.980083725809,9.738236917809294,8.405785268762061,2091626.0766660282,1099,64931151.39308203,7.503331289626658e-12,0.0,1025.5583355237518,922.245127015113,994.9966971251412,1195.7743288106155,103.31320850863843,0.0,0,0.0,0.0,0.0,20.511166710474974,10.050471688132752,1.09375,2026-09-17 01:00:58 UTC,6h selling decay + buybacks
26.5,0.00010214504731780648,0.8923712592230582,2230.62860632828,9.778380656181193,8.405785268762061,2098917.7433326948,1099,64996189.54378779,7.503331289626658e-12,-1.4901161193847656e-08,1034.3416224477053,931.0284139390665,1003.5182420987608,1197.6473511817642,103.31320850863843,0.0,0,0.0,0.0,0.0,20.686832448954043,10.136547899987496,1.1041666666666667,2026-09-17 01:15:58 UTC,6h selling decay + buybacks
26.75,0.00010256880985680545,0.8960733820422048,2237.3229289918227,9.818884100913392,8.405785268762061,2106209.4099993613,1099,65061411.5939663,7.503331289626658e-12,-2.9802322387695312e-08,1043.1249093716588,939.81170086302,1012.0397870723804,1199.4745734918413,103.31320850863843,0.0,0,0.0,0.0,0.0,20.86249818743311,10.22262411184224,1.1145833333333333,2026-09-17 01:30:58 UTC,6h selling decay + buybacks
27.0,0.00010299628453487877,0.8998079352758177,2244.061897237876,9.859741956438866,8.405785268762061,2113501.076666028,1099,65126802.30871877,8.185452315956354e-12,-1.4901161193847656e-08,1051.9081962956122,948.5949877869734,1020.561332046,1201.257150219408,103.31320850863843,0.0,0,0.0,0.0,0.0,21.03816392591218,10.308700323696984,1.125,2026-09-17 01:45:58 UTC,6h selling decay + buybacks
27.25,0.00010347008193410282,0.9039471783704603,2251.66007405711,9.905672131093688,7.565206741885855,2120792.7433326943,1099,65192350.218883485,8.86757334228605e-12,-1.4901161193847656e-08,1061.532061746442,957.3782747109269,1029.898406306395,1202.99604766057,104.15378703551463,0.0,0,0.0,0.0,0.0,21.230641234928772,10.403014205115115,1.1354166666666667,2026-09-17 02:00:58 UTC,6h selling decay + buybacks
27.5,0.0001038934394169304,0.9076457624914988,2258.4845066413664,9.946313067365026,7.565206741885855,2128084.409999361,1099,65258006.39421452,8.86757334228605e-12,-1.4901161193847656e-08,1070.3153486703955,966.1615616348804,1038.4199512800146,1204.693160049933,104.15378703551463,0.0,0,0.0,0.0,0.0,21.40630697340784,10.489090416969859,1.1458333333333333,2026-09-17 02:15:58 UTC,6h selling decay + buybacks
27.75,0.00010432024748449782,0.9113744920060751,2265.350501466201,9.987111043574624,7.565206741885855,2135376.0766660273,1099,65323797.73644886,8.86757334228605e-12,-1.4901161193847656e-08,1079.098635594349,974.9448485588339,1046.9414962536343,1206.3487101987182,104.15378703551463,0.0,0,0.0,0.0,0.0,21.58197271188691,10.575166628824602,1.15625,2026-09-17 02:30:58 UTC,6h selling decay + buybacks
28.0,0.00010475045693636795,0.9151329370836964,2272.257014684166,10.02823376444784,7.565206741885855,2142667.743332694,1099,65389710.89944607,8.86757334228605e-12,-1.4901161193847656e-08,1087.8819225183024,983.7281354827874,1055.463041227254,1207.963741954373,104.15378703551463,0.0,0,0.0,0.0,0.0,21.757638450365977,10.661242840679346,1.1666666666666667,2026-09-17 02:45:58 UTC,6h selling decay + buybacks
28.25,0.00010522988621207107,0.9193213820225535,2279.93700678771,10.074060834870124,6.80868606769727,2149959.4099993603,1099,65455732.98838307,9.094947017729282e-12,0.0,1097.4217301164445,992.5114224067408,1064.7185625589716,1209.5392711825468,104.9103077097032,0.0,0,0.0,0.0,0.0,21.948434602328817,10.754732955141138,1.1770833333333333,2026-09-17 03:00:58 UTC,6h selling decay + buybacks
28.5,0.00010566680929583762,0.9231384794999405,2286.920867943258,10.115824457537464,6.80868606769727,2157251.076666027,1099,65521816.36762846,9.549694368615746e-12,0.0,1106.205017040398,1001.2947093306943,1073.2401075325913,1211.0769550006187,104.9103077097032,0.0,0,0.0,0.0,0.0,22.124100340807885,10.840809166995882,1.1875,2026-09-17 03:15:58 UTC,6h selling decay + buybacks
28.75,0.00010610699531378109,0.9269840829965295,2293.9422987353446,10.157899565686062,6.80868606769727,2164542.7433326934,1099,65587984.43255997,9.549694368615746e-12,0.0,1114.9883039643514,1010.0779962546478,1081.761652506211,1212.577069182152,104.9103077097032,0.0,0,0.0,0.0,0.0,22.299766079286954,10.926885378850626,1.1979166666666667,2026-09-17 03:30:58 UTC,6h selling decay + buybacks
29.0,0.00010655040000065407,0.930857805797197,2301.000361746399,10.200281920118446,6.80868606769727,2171834.40999936,1099,65654225.56021146,9.549694368615746e-12,0.0,1123.771590888305,1018.8612831786013,1090.2831974798307,1214.0405511447173,104.9103077097032,0.0,0,0.0,0.0,0.0,22.475431817766022,11.01296159070537,1.2083333333333333,2026-09-17 03:45:58 UTC,6h selling decay + buybacks
29.25,0.00010703861367962194,0.9351229940457763,2308.7547230580262,10.24694681875195,6.127817460927543,2179126.0766660264,1099,65720528.526759356,9.549694368615746e-12,-1.4901161193847656e-08,1133.2357464190281,1027.6445701025548,1099.4653211757384,1215.4683135289977,105.59117631647293,0.0,0,0.0,0.0,0.0,22.664714928380487,11.105710314906457,1.21875,2026-09-17 04:00:58 UTC,6h selling decay + buybacks
29.5,0.0001074883371714836,0.9390519199141656,2315.882796820932,10.289935967921696,6.127817460927543,2186417.743332693,1099,65786851.6452791,9.094947017729282e-12,-1.4901161193847656e-08,1142.0190333429816,1036.4278570265083,1107.986866149358,1216.861784739711,105.59117631647293,0.0,0,0.0,0.0,0.0,22.840380666859556,11.1917865267612,1.2291666666666667,2026-09-17 04:15:58 UTC,6h selling decay + buybacks
29.75,0.00010794106813935123,0.9430071200388307,2323.0448526197433,10.333213917528914,6.127817460927543,2193709.4099993594,1099,65853215.600066096,9.094947017729282e-12,0.0,1150.802320266935,1045.2111439504617,1116.5084111229778,1218.2212739145195,105.59117631647293,0.0,0,0.0,0.0,0.0,23.016046405338624,11.277862738615944,1.2395833333333333,2026-09-17 04:30:58 UTC,6h selling decay + buybacks
30.0,0.00010839685194081767,0.946988990677968,2330.2400473437615,10.376777925993096,6.127817460927543,2201001.076666026,1099,65919610.308530085,9.094947017729282e-12,-1.4901161193847656e-08,1159.5856071908886,1053.9944308744152,1125.0299560965975,1219.547624164121,105.59117631647293,0.0,0,0.0,0.0,0.0,23.191712143817693,11.363938950470688,1.25,2026-09-17 04:45:58 UTC,6h selling decay + buybacks
30.25,0.0001088934325842646,0.951327275359748,2338.062080735764,10.424240720327916,5.515035714834788,2208292.7433326924,1099,65986026.02333902,9.322320693172514e-12,0.0,1168.9816758609347,1062.7777177983687,1134.1460219202763,1220.8416565957975,106.20395806256568,0.0,0,0.0,0.0,0.0,23.379633517218615,11.45602042343714,1.2604166666666667,2026-09-17 05:00:58 UTC,6h selling decay + buybacks
30.5,0.00010935525851206656,0.9553619319148745,2345.3206743127034,10.46838122909612,5.515035714834788,2215584.409999359,1099,66052426.278246544,9.322320693172514e-12,0.0,1177.7649627848882,1071.5610047223222,1142.667566893896,1222.104607992478,106.20395806256568,0.0,0,0.0,0.0,0.0,23.555299255697683,11.542096635291884,1.2708333333333333,2026-09-17 05:15:58 UTC,6h selling decay + buybacks
30.75,0.0001098198372806023,0.9594206381524532,2352.6100211852536,10.51279823691218,5.515035714834788,2222876.0766660254,1099,66118829.31135,8.86757334228605e-12,0.0,1186.5482497088417,1080.3442916462757,1151.1891118675157,1223.336806093547,106.20395806256568,0.0,0,0.0,0.0,0.0,23.73096499417675,11.628172847146628,1.28125,2026-09-17 05:30:58 UTC,6h selling decay + buybacks
31.0,0.00011028722924746123,0.963503921375368,2359.9293627768325,10.55747578567557,5.515035714834788,2230167.743332692,1099,66185226.49425376,8.86757334228605e-12,0.0,1195.3315366327952,1089.1275785702292,1159.7106568411355,1224.5390094755878,106.20395806256568,0.0,0,0.0,0.0,0.0,23.90663073265582,11.714249059001371,1.2916666666666667,2026-09-17 05:45:58 UTC,6h selling decay + buybacks
31.25,0.00011079176752484346,0.967911726449979,2367.813028121643,10.605697334169108,4.963532143351309,2237459.4099993585,1099,66251609.39184241,8.640199666842818e-12,-1.4901161193847656e-08,1204.666327128232,1097.9108654941826,1168.7672705798084,1225.7119578694499,106.75546163404915,0.0,0,0.0,0.0,0.0,24.093326542564558,11.805730005856653,1.3020833333333333,2026-09-17 06:00:58 UTC,6h selling decay + buybacks
31.5,0.0001112649088057756,0.9720452374888664,2375.189805725625,10.650917623026743,4.963532143351309,2244751.076666025,1099,66317946.14478367,9.094947017729282e-12,-1.4901161193847656e-08,1213.4496140521856,1106.6941524181361,1177.288815553428,1226.8567252390883,106.75546163404915,0.0,0,0.0,0.0,0.0,24.268992281043626,11.891806217711396,1.3125,2026-09-17 06:15:58 UTC,6h selling decay + buybacks
31.75,0.00011174080183633765,0.9762027886779793,2382.5944261661502,10.696404950550823,4.963532143351309,2252042.7433326915,1099,66384252.799827926,9.094947017729282e-12,0.0,1222.232900976139,1115.4774393420896,1185.8103605270478,1227.9736497721826,106.75546163404915,0.0,0,0.0,0.0,0.0,24.444658019522695,11.97788242956614,1.3229166666666667,2026-09-17 06:30:58 UTC,6h selling decay + buybacks
32.0,0.00011221856230755584,0.9803766544159969,2390.0262129240136,10.74212299892799,4.963532143351309,2259334.409999358,1099,66450522.16883503,9.094947017729282e-12,-1.4901161193847656e-08,1231.0161879000925,1124.260726266043,1194.3319055006675,1229.063407987939,106.75546163404915,0.0,0,0.0,0.0,0.0,24.620323758001764,12.063958641420884,1.3333333333333333,2026-09-17 06:45:58 UTC,6h selling decay + buybacks
32.25,0.00011273011009031902,0.9848456967341902,2397.966060431498,10.791018823279082,4.467178929016178,2266626.0766660245,1099,66516747.20734085,8.86757334228605e-12,0.0,1240.2958280383812,1133.0440131899966,1203.3350123628352,1230.1266673426219,107.25181484838429,0.0,0,0.0,0.0,0.0,24.805916560767535,12.154899114776113,1.34375,2026-09-17 07:00:58 UTC,6h selling decay + buybacks
32.5,0.00011321334383152922,0.9890673786802677,2405.4499093011464,10.837202222747942,4.467178929016178,2273917.743332691,1099,66582900.12786088,8.86757334228605e-12,0.0,1249.0791149623346,1141.82730011395,1211.856557336455,1231.1643634465934,107.25181484838429,0.0,0,0.0,0.0,0.0,24.981582299246604,12.240975326630856,1.3541666666666667,2026-09-17 07:15:58 UTC,6h selling decay + buybacks
32.75,0.000113699244917635,0.9933123633902653,2412.9589803717718,10.883640069315398,4.467178929016178,2281209.4099993575,1099,66648995.05996136,8.86757334228605e-12,0.0,1257.8624018862881,1150.6105870379035,1220.3781023100746,1232.1768373495877,107.25181484838429,0.0,0,0.0,0.0,0.0,25.157248037725672,12.3270515384856,1.3645833333333333,2026-09-17 07:30:58 UTC,6h selling decay + buybacks
33.0,0.00011418774786441765,0.9975800787734527,2420.4926559678233,10.930329025301003,4.467178929016178,2288501.076666024,1099,66715025.488543145,8.86757334228605e-12,0.0,1266.6456888102416,1159.393873961857,1228.8996472836943,1233.1647067271558,107.25181484838429,0.0,0,0.0,0.0,0.0,25.33291377620474,12.413127750340344,1.375,2026-09-17 07:45:58 UTC,6h selling decay + buybacks
33.25,0.00011470700600498661,1.0021164812024383,2428.4837397278225,10.979956755622666,4.02046103611456,2295792.7433326906,1099,66780985.17170635,9.322320693172514e-12,1.4901161193847656e-08,1275.8756936270968,1168.1771608858105,1237.8545979570072,1234.12857364047,107.6985327412859,0.0,0,0.0,0.0,0.0,25.51751387254184,12.503581797545523,1.3854166666666667,2026-09-17 08:00:58 UTC,6h selling decay + buybacks
33.5,0.00011520069691776342,1.0064295202882287,2436.0646024389353,11.027137632836297,4.02046103611456,2303084.409999357,1099,66846849.874236226,9.322320693172514e-12,1.4901161193847656e-08,1284.6589805510503,1176.960447809764,1246.3761429306269,1235.069255902977,107.6985327412859,0.0,0,0.0,0.0,0.0,25.69317961102091,12.589658009400267,1.3958333333333333,2026-09-17 08:15:58 UTC,6h selling decay + buybacks
33.75,0.00011569694076098392,1.010764862577303,2443.668314221967,11.07456199625562,4.02046103611456,2310376.0766660236,1099,66912632.10273674,9.322320693172514e-12,1.4901161193847656e-08,1293.4422674750037,1185.7437347337175,1254.8976879042466,1235.9870890935647,107.6985327412859,0.0,0,0.0,0.0,0.0,25.868845349499978,12.675734221255011,1.40625,2026-09-17 08:30:58 UTC,6h selling decay + buybacks
34.0,0.00011619571060421196,1.0151222727969005,2451.2943169159817,11.122227265766586,4.02046103611456,2317667.74333269,1099,66978326.259917006,9.322320693172514e-12,1.4901161193847656e-08,1302.2255543989572,1194.527021657671,1263.4192328778663,1236.88263137317,107.6985327412859,0.0,0,0.0,0.0,0.0,26.044511087979046,12.761810433109755,1.4166666666666667,2026-09-17 08:45:58 UTC,6h selling decay + buybacks
34.25,0.00011672253038148392,1.0197247360623498,2459.3321318509243,11.172575667279451,3.6184149325031045,2324959.4099993566,1099,67043926.97563954,1.000444171950221e-11,1.4901161193847656e-08,1311.410887426522,1203.3103085816244,1272.3308429812098,1237.7564265415715,108.10057884489736,0.0,0,0.0,0.0,0.0,26.228217748530344,12.851826696779892,1.4270833333333333,2026-09-17 09:00:58 UTC,6h selling decay + buybacks
34.5,0.00011722626561651502,1.024125525506415,2467.000911775554,11.220715064110658,3.6184149325031045,2332251.076666023,1099,67109413.13848305,1.0459189070388675e-11,1.4901161193847656e-08,1320.1941743504756,1212.093595505578,1280.8523879548295,1238.609191590562,108.10057884489736,0.0,0,0.0,0.0,0.0,26.403883487009413,12.937902908634635,1.4375,2026-09-17 09:15:58 UTC,6h selling decay + buybacks
34.75,0.00011773244988366133,1.0285477104652887,2474.6903960920795,11.269087379813323,3.6184149325031045,2339542.7433326896,1099,67174795.83783674,1.0459189070388675e-11,0.0,1328.977461274429,1220.8768824295314,1289.3739329284492,1239.4412522476562,108.10057884489736,0.0,0,0.0,0.0,0.0,26.57954922548848,13.02397912048938,1.4479166666666667,2026-09-17 09:30:58 UTC,6h selling decay + buybacks
35.0,0.00011824105867651437,1.0329910768432793,2482.400080340896,11.317690879122111,3.6184149325031045,2346834.409999356,1099,67240070.29243691,1.0459189070388675e-11,-1.4901161193847656e-08,1337.7607481983825,1229.660169353485,1297.895477902069,1240.2531129724596,108.10057884489736,0.0,0,0.0,0.0,0.0,26.75521496396755,13.110055332344123,1.4583333333333333,2026-09-17 09:45:58 UTC,6h selling decay + buybacks
35.25,0.00011877516589241894,1.0376572054646107,2490.480532196544,11.368742388463206,3.256573439252794,2354126.0766660227,1099,67305231.92553756,1.0231815394945443e-11,0.0,1346.9058766155863,1238.4434562774384,1306.7680814924402,1241.0452647071822,108.46242033814767,0.0,0,0.0,0.0,0.0,26.938117532311626,13.199677590832719,1.46875,2026-09-17 10:00:58 UTC,6h selling decay + buybacks
35.5,0.000119288123477866,1.0421385642624506,2498.2290061463555,11.417781878283009,3.256573439252794,2361417.743332689,1099,67370262.54509951,9.777068044058979e-12,0.0,1355.6891635395398,1247.2267432013919,1315.2896264660599,1241.8183357309902,108.46242033814767,0.0,0,0.0,0.0,0.0,27.113783270790695,13.285753802687463,1.4791666666666667,2026-09-17 10:15:58 UTC,6h selling decay + buybacks
35.75,0.00011980343279526525,1.0466404685302728,2505.9962477031977,11.467025078748584,3.256573439252794,2368709.4099993557,1099,67435172.05898853,9.777068044058979e-12,0.0,1364.4724504634933,1256.0100301253453,1323.8111714396796,1242.5726391477676,108.46242033814767,0.0,0,0.0,0.0,0.0,27.289449009269763,13.371830014542207,1.4895833333333333,2026-09-17 10:30:58 UTC,6h selling decay + buybacks
36.0,0.00012032107152076411,1.0511627232398804,2513.781800509539,11.516489601901922,3.256573439252794,2376001.076666022,1099,67499956.40205882,9.777068044058979e-12,0.0,1373.2557373874467,1264.7933170492988,1332.3327164132993,1243.308631315046,108.46242033814767,0.0,0,0.0,0.0,0.0,27.46511474774883,13.45790622639695,1.5,2026-09-17 10:45:58 UTC,6h selling decay + buybacks
36.25,0.00012086209357017644,1.0558892620215345,2521.901172275393,11.568188028974832,2.9309160953275146,2383292.7433326887,1099,67564611.67528373,1.000444171950221e-11,2.9802322387695312e-08,1382.3646816553255,1273.5766039732523,1341.1702141419953,1244.0267572778882,108.78807768207295,0.0,0,0.0,0.0,0.0,27.647293633106404,13.547173880222163,1.5104166666666667,2026-09-17 11:00:58 UTC,6h selling decay + buybacks
36.5,0.00012137990785809785,1.060413050499682,2529.721928936878,11.617997726408726,2.9309160953275146,2390584.409999355,1099,67629122.93719487,1.000444171950221e-11,0.0,1391.147968579279,1282.3598908972058,1349.691759115615,1244.7275455900228,108.78807768207295,0.0,0,0.0,0.0,0.0,27.822959371585473,13.633250092076906,1.5208333333333333,2026-09-17 11:15:58 UTC,6h selling decay + buybacks
36.75,0.000121898006980325,1.0649393273799084,2537.5597330254727,11.667647504741904,2.9309160953275146,2397876.0766660217,1099,67693501.41849035,1.000444171950221e-11,0.0,1399.9312555032325,1291.1431778211593,1358.2133040892347,1245.411286475048,108.78807768207295,0.0,0,0.0,0.0,0.0,27.99862511006454,13.71932630393165,1.53125,2026-09-17 11:30:58 UTC,6h selling decay + buybacks
37.0,0.00012241831245569443,1.0694848796551104,2545.4141697834375,11.717367752961717,2.9309160953275146,2405167.743332688,1099,67757743.80438921,1.000444171950221e-11,0.0,1408.714542427186,1299.9264647451128,1366.7348490628544,1246.078394690703,108.78807768207295,0.0,0,0.0,0.0,0.0,28.17429084854361,13.805402515786394,1.5416666666666667,2026-09-17 11:45:58 UTC,6h selling decay + buybacks
37.25,0.00012295970226249174,1.074214631280944,2553.569192181962,11.769102263915924,2.6378244857947633,2412459.4099993547,1099,67821846.76859048,1.0231815394945443e-11,2.9802322387695312e-08,1417.790920960672,1308.7097516690662,1375.5407515160427,1246.7292747453669,109.0811692916057,0.0,0,0.0,0.0,0.0,28.355818419213332,13.894351025414558,1.5520833333333333,2026-09-17 12:00:58 UTC,6h selling decay + buybacks
37.5,0.00012348438930494916,1.0787984623042826,2561.455593417481,11.819240699481497,2.6378244857947633,2419751.0766660213,1099,67885796.51079305,1.0231815394945443e-11,0.0,1426.5742078846256,1317.4930385930197,1384.0622964896625,1247.3644184834677,109.0811692916057,0.0,0,0.0,0.0,0.0,28.5314841576924,13.980427237269302,1.5625,2026-09-17 12:15:58 UTC,6h selling decay + buybacks
37.75,0.0001240110683861468,1.083399696404576,2569.3574469014616,11.869578560409613,2.6378244857947633,2427042.7433326878,1099,67949600.72177067,1.0231815394945443e-11,2.9802322387695312e-08,1435.357494808579,1326.2763255169732,1392.5838414632822,1247.9841099731068,109.0811692916057,0.0,0,0.0,0.0,0.0,28.70714989617147,14.066503449124045,1.5729166666666667,2026-09-17 12:30:58 UTC,6h selling decay + buybacks
38.0,0.00012453987637885315,1.088019529345378,2577.2743771982227,11.920110566545013,2.6378244857947633,2434334.4099993543,1099,68013256.52447423,1.0231815394945443e-11,2.9802322387695312e-08,1444.1407817325326,1335.0596124409267,1401.1053864369019,1248.5887246499653,109.0811692916057,0.0,0,0.0,0.0,0.0,28.882815634650537,14.15257966097879,1.5833333333333333,2026-09-17 12:45:58 UTC,6h selling decay + buybacks
38.25,0.00012508794456454164,1.092807625389636,2585.461939838726,11.972481117164403,2.374042037215287,2441626.076666021,1099,68076761.13155642,1.0459189070388675e-11,2.9802322387695312e-08,1453.1878511050654,1343.8428993648802,1409.8828531421334,1249.178628714694,109.34495174018518,0.0,0,0.0,0.0,0.0,29.063757022101196,14.241240940829613,1.59375,2026-09-17 13:00:58 UTC,6h selling decay + buybacks
38.5,0.00012562098767099144,1.0974644576160955,2593.4078554250927,12.023415403715411,2.374042037215287,2448917.7433326873,1099,68140102.57109551,1.000444171950221e-11,1.4901161193847656e-08,1461.971138029019,1352.6261862888337,1418.404398115753,1249.7542581019463,109.34495174018518,0.0,0,0.0,0.0,0.0,29.239422760580265,14.327317152684357,1.6041666666666667,2026-09-17 13:15:58 UTC,6h selling decay + buybacks
38.75,0.0001261560915408064,1.1021392933194478,2601.3677781631736,12.07454734808931,2.374042037215287,2456209.409999354,1099,68203287.67407203,1.000444171950221e-11,2.9802322387695312e-08,1470.7544249529724,1361.4094732127871,1426.9259430893728,1250.3158803374852,109.34495174018518,0.0,0,0.0,0.0,0.0,29.415088499059333,14.4133933645391,1.6145833333333333,2026-09-17 13:30:58 UTC,6h selling decay + buybacks
39.0,0.00012669322807970168,1.106831887059185,2609.341368209907,12.125873477120708,2.374042037215287,2463501.0766660203,1099,68266314.03056361,9.549694368615746e-12,2.9802322387695312e-08,1479.5377118769259,1370.1927601367406,1435.4474880629925,1250.863835264371,109.34495174018518,0.0,0,0.0,0.0,0.0,29.590754237538402,14.499469576393844,1.625,2026-09-17 13:45:58 UTC,6h selling decay + buybacks
39.25,0.0001272479728906839,1.1116783122018885,2617.558623496604,12.178879825637873,2.1366378334937584,2470792.743332687,1099,68329179.33163868,9.549694368615746e-12,1.4901161193847656e-08,1488.558403004601,1378.976047060694,1444.199362595063,1251.3984545097444,109.5823559439067,0.0,0,0.0,0.0,0.0,29.771168060091902,14.587872349445059,1.6354166666666667,2026-09-17 14:00:58 UTC,6h selling decay + buybacks
39.5,0.00012778920656172186,1.116406699776622,2625.5584977301414,12.230594566179557,2.1366378334937584,2478084.4099993533,1099,68391873.20826715,9.549694368615746e-12,1.4901161193847656e-08,1497.3416899285544,1387.7593339846476,1452.7209075686826,1251.9201252498267,109.5823559439067,0.0,0,0.0,0.0,0.0,29.94683379857097,14.673948561299802,1.6458333333333333,2026-09-17 14:15:58 UTC,6h selling decay + buybacks
39.75,0.00012833245066818259,1.1211526511475147,2633.5710702356323,12.282500851683771,2.1366378334937584,2485376.07666602,1099,68454401.7820042,9.549694368615746e-12,2.9802322387695312e-08,1506.1249768525079,1396.542620908601,1461.2424525423023,1252.4290977179555,109.5823559439067,0.0,0,0.0,0.0,0.0,30.12249953705004,14.760024773154546,1.65625,2026-09-17 14:30:58 UTC,6h selling decay + buybacks
40.0,0.00012888611627958512,1.1259896480632687,2641.5959991445543,12.334770545701826,2.1366378334937584,2492667.7433326864,1099,68516761.39599992,9.549694368615746e-12,2.9802322387695312e-08,1514.9082637764614,1405.3259078325545,1469.763997515922,1252.9257137826532,109.5823559439067,0.0,0,0.0,0.0,0.0,30.298165275529108,14.84610098500929,1.6666666666666667,2026-09-17 14:45:58 UTC,6h selling decay + buybacks
40.25,0.00012946013778327093,1.1310044804561843,2649.840269332979,12.38930955675145,1.9229740501443824,2499959.409999353,1099,68578945.83353047,9.777068044058979e-12,1.4901161193847656e-08,1523.9052144837642,1414.109194756508,1478.4928390921473,1253.410285170454,109.79601972725608,0.0,0,0.0,0.0,0.0,30.478104289675166,14.934271101940858,1.6770833333333333,2026-09-17 15:00:58 UTC,6h selling decay + buybacks
40.5,0.0001300217710211365,1.1359110850626344,2657.8889442148,12.442965040430945,1.9229740501443824,2507251.0766660194,1099,68640945.74888495,9.777068044058979e-12,2.9802322387695312e-08,1532.6885014077177,1422.8924816804615,1487.014384065767,1253.8831552622526,109.79601972725608,0.0,0,0.0,0.0,0.0,30.653770028154234,15.020347313795602,1.6875,2026-09-17 15:15:58 UTC,6h selling decay + buybacks
40.75,0.00013058542297139102,1.140835325775424,2665.9490907732766,12.49681277940012,1.9229740501443824,2514542.743332686,1099,68702766.8776937,9.777068044058979e-12,2.9802322387695312e-08,1541.4717883316712,1431.675768604415,1495.5359290393867,1254.3445536773959,109.79601972725608,0.0,0,0.0,0.0,0.0,30.829435766633303,15.106423525650346,1.6979166666666667,2026-09-17 15:30:58 UTC,6h selling decay + buybacks
41.0,0.00013115105520698797,1.1457768668837889,2674.020432285024,12.550851345830546,1.9229740501443824,2521834.4099993524,1099,68764407.67442633,9.777068044058979e-12,4.470348358154297e-08,1550.2550752556247,1440.4590555283685,1504.0574740130064,1254.794757139268,109.79601972725608,0.0,0,0.0,0.0,0.0,31.00510150511237,15.19249973750509,1.7083333333333333,2026-09-17 15:45:58 UTC,6h selling decay + buybacks
41.25,0.00013173154638976482,1.150848220428036,2682.289266348346,12.606322930217438,1.7306766451299442,2529126.076666019,1099,68825866.7571967,9.777068044058979e-12,2.9802322387695312e-08,1559.2306595845926,1449.242342452322,1512.7655859289712,1255.2340349919111,109.98831713227052,0.0,0,0.0,0.0,0.0,31.184613191691728,15.280460463928975,1.71875,2026-09-17 16:00:58 UTC,6h selling decay + buybacks
41.5,0.00013230092685700525,1.1558225072669026,2690.3821528841854,12.660718174150134,1.7306766451299442,2536417.7433326854,1099,68887136.38195872,9.322320693172514e-12,2.9802322387695312e-08,1568.013946508546,1458.0256293762754,1521.287130902591,1255.6626934296908,109.98831713227052,0.0,0,0.0,0.0,0.0,31.360278930170796,15.366536675783719,1.7291666666666667,2026-09-17 16:15:58 UTC,6h selling decay + buybacks
41.75,0.00013287226966352482,1.160813937718891,2698.485445285786,12.715298320876732,1.7306766451299442,2543709.409999352,1099,68948221.71105604,9.322320693172514e-12,1.4901161193847656e-08,1576.7972334324995,1466.808916300229,1529.8086758762106,1256.0809460017097,109.98831713227052,0.0,0,0.0,0.0,0.0,31.535944668649865,15.452612887638463,1.7395833333333333,2026-09-17 16:30:58 UTC,6h selling decay + buybacks
42.0,0.00013344556179326045,1.1658223980715807,2706.598892498237,12.77006407003597,1.7306766451299442,2551001.0766660185,1099,69009121.52438585,9.322320693172514e-12,2.9802322387695312e-08,1585.580520356453,1475.5922032241824,1538.3302208498303,1256.4890437628785,109.98831713227052,0.0,0,0.0,0.0,0.0,31.711610407128934,15.538689099493206,1.75,2026-09-17 16:45:58 UTC,6h selling decay + buybacks
42.25,0.00013403393629779983,1.1709626227941456,2714.890156063315,12.826169210360717,1.5576089806169497,2558292.743332685,1099,69069834.52173696,9.549694368615746e-12,2.9802322387695312e-08,1594.5368749449194,1484.375490148136,1547.0196760715605,1256.8872354195312,110.16138479678352,0.0,0,0.0,0.0,0.0,31.89073749889826,15.626461374460177,1.7604166666666667,2026-09-17 17:00:58 UTC,6h selling decay + buybacks
42.5,0.00013461363449205398,1.176027048541254,2723.0231383922082,12.88145094597116,1.5576089806169497,2565584.4099993515,1099,69130353.10538788,9.549694368615746e-12,5.960464477539063e-08,1603.320161868873,1493.1587770720894,1555.5412210451802,1257.2757980642575,110.16138479678352,0.0,0,0.0,0.0,0.0,32.06640323737733,15.712537586314921,1.7708333333333333,2026-09-17 17:15:58 UTC,6h selling decay + buybacks
42.75,0.00013519525801950714,1.1811082946047295,2731.165552310816,12.937007987254033,1.5576089806169497,2572876.076666018,1099,69190681.82010098,1.000444171950221e-11,5.960464477539063e-08,1612.1034487928264,1501.9420639960429,1564.0627660188,1257.6549291192698,110.16138479678352,0.0,0,0.0,0.0,0.0,32.2420689758564,15.798613798169665,1.78125,2026-09-17 17:30:58 UTC,6h selling decay + buybacks
43.0,0.00013577879494635015,1.1862062567270624,2739.3171704931724,12.992748590179058,1.5576089806169497,2580167.7433326845,1099,69250819.74662098,9.549694368615746e-12,2.9802322387695312e-08,1620.8867357167799,1510.7253509199963,1572.5843109924197,1258.0248559105328,110.16138479678352,0.0,0,0.0,0.0,0.0,32.41773471433547,15.884690010024409,1.7916666666666667,2026-09-17 17:45:58 UTC,6h selling decay + buybacks
43.25,0.00013637508671444958,1.191415649154163,2747.628890316225,13.049706905148577,1.4018480825552548,2587459.409999351,1099,69310766.03144996,8.86757334228605e-12,5.960464477539063e-08,1629.8257835387951,1519.5086378439498,1581.2569751893388,1258.3858002843988,110.31714569484522,0.0,0,0.0,0.0,0.0,32.596515670775766,15.972292678680157,1.8020833333333333,2026-09-17 18:00:58 UTC,6h selling decay + buybacks
43.5,0.0001369682857049264,1.1965980221032368,2755.7982134542117,13.105957322283347,1.4018480825552548,2594751.0766660175,1099,69370513.70154417,8.86757334228605e-12,5.960464477539063e-08,1638.6090704627486,1528.2919247679033,1589.7785201629586,1258.7380221200317,110.31714569484522,0.0,0,0.0,0.0,0.0,32.772181409254834,16.0583688905349,1.8125,2026-09-17 18:15:58 UTC,6h selling decay + buybacks
43.75,0.00013756424809592183,1.2018045369883639,2763.976075589156,13.162760959787484,1.4018480825552548,2602042.743332684,1099,69430065.24235788,8.86757334228605e-12,2.9802322387695312e-08,1647.392357386702,1537.0752116918568,1598.3000651365783,1259.081704958707,110.31714569484522,0.0,0,0.0,0.0,0.0,32.9478471477339,16.144445102389643,1.8229166666666667,2026-09-17 18:30:58 UTC,6h selling decay + buybacks
44.0,0.00013816211351190804,1.2070276772983348,2772.162271361348,13.219864134382332,1.4018480825552548,2609334.4099993506,1099,69489419.99706541,8.86757334228605e-12,2.9802322387695312e-08,1656.1756443106556,1545.8584986158103,1606.821610110198,1259.417054160135,110.31714569484522,0.0,0,0.0,0.0,0.0,33.12351288621297,16.230521314244385,1.8333333333333333,2026-09-17 18:45:58 UTC,6h selling decay + buybacks
44.25,0.00013877183680464542,1.2123544117490501,2780.4926076416896,13.278099187711891,1.2616632742997294,2616626.076666017,1099,69548577.38945363,9.322320693172514e-12,1.4901161193847656e-08,1665.0991160428646,1554.6417855397638,1615.4791623847873,1259.744270154383,110.45733050310075,0.0,0,0.0,0.0,0.0,33.30198232085715,16.31797133722003,1.84375,2026-09-17 19:00:58 UTC,6h selling decay + buybacks
44.5,0.00013937350665951348,1.217610788833635,2788.694851304784,13.335563457970688,1.2616632742997294,2623917.7433326836,1099,69607532.50219823,9.322320693172514e-12,1.4901161193847656e-08,1673.882402966818,1563.4250724637172,1624.000707358407,1260.0635714649081,110.45733050310075,0.0,0,0.0,0.0,0.0,33.47764805933622,16.40404754907477,1.8541666666666667,2026-09-17 19:15:58 UTC,6h selling decay + buybacks
44.75,0.00013997707531587737,1.2228837544452835,2796.9048421508287,13.393207381531537,1.2616632742997294,2631209.40999935,1099,69666289.28002076,9.322320693172514e-12,1.4901161193847656e-08,1682.6656898907715,1572.2083593876707,1632.5222523320267,1260.3751255924833,110.45733050310075,0.0,0,0.0,0.0,0.0,33.65331379781529,16.490123760929514,1.8645833333333333,2026-09-17 19:30:58 UTC,6h selling decay + buybacks
45.0,0.00014058250569853103,1.2281729846833351,2805.1223938190924,13.451030179919226,1.2616632742997294,2638501.0766660166,1099,69724847.30173446,9.322320693172514e-12,1.4901161193847656e-08,1691.448976814725,1580.9916463116242,1641.0437973056464,1260.6791188978393,110.45733050310075,0.0,0,0.0,0.0,0.0,33.828979536294355,16.576199972784256,1.875,2026-09-17 19:45:58 UTC,6h selling decay + buybacks
45.25,0.00014119883566109508,1.2335574370795337,2813.469730987689,13.509893444559484,1.1354969468697564,2645792.743332683,1099,69783206.19972119,9.322320693172514e-12,0.0,1700.3584300661084,1589.7749332355777,1649.6877488501386,1260.9757332737347,110.58349683053072,0.0,0,0.0,0.0,0.0,34.00716860132202,16.66351261464781,1.8854166666666667,2026-09-17 20:00:58 UTC,6h selling decay + buybacks
45.5,0.00014180797831700776,1.2388790989043308,2821.701844477714,13.568069587802,1.1354969468697564,2653084.4099993496,1099,69841361.79952891,9.322320693172514e-12,0.0,1709.141716990062,1598.5582201595312,1658.2092938237583,1261.2651647573296,110.58349683053072,0.0,0,0.0,0.0,0.0,34.18283433980109,16.749588826502553,1.8958333333333333,2026-09-17 20:15:58 UTC,6h selling decay + buybacks
45.75,0.00014241898486499523,1.2442170442765101,2829.9409865130215,13.626420660335524,1.1354969468697564,2660376.076666016,1099,69899317.70253925,9.322320693172514e-12,-1.4901161193847656e-08,1717.9250039140154,1607.3415070834847,1666.730838797378,1261.5475676956419,110.58349683053072,0.0,0,0.0,0.0,0.0,34.35850007828016,16.835665038357295,1.90625,2026-09-17 20:30:58 UTC,6h selling decay + buybacks
46.0,0.00014303183153408845,1.2495710655254095,2838.1869879265464,13.68494769351455,1.1354969468697564,2667667.7433326826,1099,69957073.66495298,9.322320693172514e-12,-1.4901161193847656e-08,1726.708290837969,1616.1247940074381,1675.2523837709978,1261.8231112557366,110.58349683053072,0.0,0,0.0,0.0,0.0,34.53416581675923,16.921741250212037,1.9166666666666667,2026-09-17 20:45:58 UTC,6h selling decay + buybacks
46.25,0.00014365470715854516,1.2550127028825924,2846.549849547637,13.744433265073107,1.0219472521827808,2674959.409999349,1099,70014629.49891943,9.322320693172514e-12,-1.4901161193847656e-08,1735.6051274566094,1624.9080809313916,1683.8840946584028,1262.0919605220508,110.6970465252177,0.0,0,0.0,0.0,0.0,34.712102549132034,17.008930249074712,1.9270833333333333,2026-09-17 21:00:58 UTC,6h selling decay + buybacks
46.5,0.00014427119123153976,1.2603985016359818,2854.809063451418,13.803307737762216,1.0219472521827808,2682251.0766660157,1099,70071981.67817137,9.322320693172514e-12,-1.4901161193847656e-08,1744.3884143805628,1633.691367855345,1692.4056396320225,1262.35429159189,110.6970465252177,0.0,0,0.0,0.0,0.0,34.8877682876111,17.095006460929454,1.9375,2026-09-17 21:15:58 UTC,6h selling decay + buybacks
46.75,0.00014488947280216744,1.2658000038940287,2863.074653641507,13.862353168370982,1.0219472521827808,2689542.743332682,1099,70129133.49997403,9.322320693172514e-12,-1.4901161193847656e-08,1753.1717013045163,1642.4746547792986,1700.9271846056422,1262.6102463754203,110.6970465252177,0.0,0,0.0,0.0,0.0,35.06343402609017,17.181082672784196,1.9479166666666667,2026-09-17 21:30:58 UTC,6h selling decay + buybacks
47.0,0.00014550955746428854,1.271217258526456,2871.346466575834,13.92156913643907,1.0219472521827808,2696834.4099993487,1099,70186084.89389116,9.322320693172514e-12,0.0,1761.9549882284698,1651.257941703252,1709.448729579262,1262.8599784147134,110.6970465252177,0.0,0,0.0,0.0,0.0,35.23909976456924,17.26715888463894,1.9583333333333333,2026-09-17 21:45:58 UTC,6h selling decay + buybacks
47.25,0.00014613887939066722,1.2767152128046693,2879.7235017346256,13.981667275380378,0.9197525269645027,2704126.076666015,1099,70242835.8267149,9.549694368615746e-12,1.4901161193847656e-08,1770.8404698776415,1660.0412286272056,1718.0694238752883,1263.1036375519482,110.79924125043598,0.0,0,0.0,0.0,0.0,35.416809397552676,17.35423660480082,1.96875,2026-09-17 22:00:58 UTC,6h selling decay + buybacks
47.5,0.00014676253245795646,1.2821636421469522,2888.0073021136304,14.041223554776979,0.9197525269645027,2711417.7433326817,1099,70299383.33799268,9.549694368615746e-12,1.4901161193847656e-08,1779.623756801595,1668.824515551159,1726.590968848908,1263.341382146563,110.79924125043598,0.0,0,0.0,0.0,0.0,35.592475136031744,17.440312816655563,1.9791666666666667,2026-09-17 22:15:58 UTC,6h selling decay + buybacks
47.75,0.00014738795028508547,1.287627488986234,2896.2968867041955,14.10094765338773,0.9197525269645027,2718709.409999348,1099,70355730.45207152,9.549694368615746e-12,0.0,1788.4070437255484,1677.6078024751125,1735.1125138225277,1263.5733425296178,110.79924125043598,0.0,0,0.0,0.0,0.0,35.76814087451081,17.526389028510305,1.9895833333333333,2026-09-17 22:30:58 UTC,6h selling decay + buybacks
48.0,0.00014801512510880638,1.293106685500339,2904.5921161582514,14.160838825402998,0.9197525269645027,2726001.0766660147,1099,70411877.24132724,9.549694368615746e-12,1.4901161193847656e-08,1797.190330649502,1686.391089399066,1743.6340587961474,1263.7996580491815,110.79924125043598,0.0,0,0.0,0.0,0.0,35.94380661298988,17.612465240365047,2.0,2026-09-17 22:45:58 UTC,6h selling decay + buybacks
0.0,0.00011446474352696986,1.0,2424.757715411276,10.9568034823675,111.7189937774005,1326001.07666602,1099,68015931.403879,0.0,0.0,0.0,0.0,0.0,0.0,0.0,0.0,0,0.0,0.0,0.0,0.0,0.0,0.0,2026-09-15 22:45:58 UTC,"6h decay + 100 licenses, 20% fresh-funded"
0.25,0.00011222184518116501,0.9804053346323501,2390.077224768818,10.74243693475728,111.7189937774005,1333292.7433326868,1099,67706098.06959711,8.526512829121202e-14,0.0,8.783286923953442,8.783286923953442,8.52154497361963,43.202035616077865,0.0,0.0,0,0.0,0.0,0.0,0.17566573847906886,0.08607621185474373,0.010416666666666666,2026-09-15 23:00:58 UTC,"6h decay + 100 licenses, 20% fresh-funded"
0.5,0.00011012740616483997,0.9621076566592932,2357.4282870706993,10.542200285616186,111.7189937774005,1340584.4099993536,1099,67408681.81154436,1.7053025658242404e-13,0.0,17.566573847906884,17.566573847906884,17.04308994723926,84.37251828781609,0.0,0.0,0,0.0,0.0,0.0,0.3513314769581377,0.17215242370948747,0.020833333333333332,2026-09-15 23:15:58 UTC,"6h decay + 100 licenses, 20% fresh-funded"
0.75,0.00010817115303728718,0.9450172140716866,2326.6789642318417,10.355205630616465,111.7189937774005,1347876.0766660203,1099,67123327.34068859,2.4158453015843406e-13,0.0,26.349860771860328,26.349860771860328,25.56463492085889,123.64338610029336,0.0,0.0,0,0.0,0.0,0.0,0.5269972154372066,0.2582286355642312,0.03125,2026-09-15 23:30:58 UTC,"6h decay + 100 licenses, 20% fresh-funded"
1.0,0.00010634344742573671,0.9290498030136273,2297.707946597999,10.180500634585169,111.7189937774005,1355167.743332687,1099,66849687.82879337,7.958078640513122e-13,1.4901161193847656e-08,35.13314769581377,35.13314769581377,34.08617989447852,161.13594870775614,0.0,0.0,0,0.0,0.0,0.0,0.7026629539162754,0.34430484741897494,0.041666666666666664,2026-09-15 23:45:58 UTC,"6h decay + 100 licenses, 20% fresh-funded"
1.25,0.00010463493523582746,0.9141237031748005,2270.4038429778043,10.017191352079463,111.7189937774005,1362459.4099993538,1099,66587424.20696755,3.979039320256561e-13,1.4901161193847656e-08,43.91643461976721,43.91643461976721,42.607724868098146,196.96159730157024,0.0,0.0,0,0.0,0.0,0.0,0.8783286923953443,0.43038105927371867,0.052083333333333336,2026-09-16 00:00:58 UTC,"6h decay + 100 licenses, 20% fresh-funded"
1.5,0.00010303454089224334,0.9001421548458424,2244.66431113714,9.86339846405555,111.7189937774005,1369751.0766660206,1099,66336205.68604032,5.115907697472721e-13,1.4901161193847656e-08,52.69972154372065,52.69972154372065,51.12926984171777,231.22267411585426,0.0,0.0,0,0.0,0.0,0.0,1.0539944308744131,0.5164572711284624,0.0625,2026-09-16 00:15:58 UTC,"6h decay + 100 licenses, 20% fresh-funded"
1.75,0.00010149928632421577,0.8867296880833948,2220.400537158056,9.716657727121856,111.7189937774005,1377042.7433326873,1099,66095709.836971425,5.684341886080801e-13,0.0,61.48300846767409,61.48300846767409,59.6508148153374,264.0079930685579,0.0,0.0,0,0.0,0.0,0.0,1.2296601693534819,0.6025334829832061,0.07291666666666667,2026-09-16 00:30:58 UTC,"6h decay + 100 licenses, 20% fresh-funded"
2.0,0.00010006284917023278,0.8741805213293145,2197.5317896892843,9.579357343931088,111.7189937774005,1384334.409999354,1099,65865651.02124142,6.821210263296962e-13,1.4901161193847656e-08,70.26629539162754,70.26629539162754,68.17235978895702,295.39828551094934,0.0,0.0,0,0.0,0.0,0.0,1.4053259078325508,0.6886096948379499,0.08333333333333333,2026-09-16 00:45:58 UTC,"6h decay + 100 licenses, 20% fresh-funded"
2.25,9.871829308980636e-05,0.8624340565315348,2175.976786975752,9.450834402756431,111.7189937774005,1391626.0766660208,1099,65645725.75354911,7.389644451905042e-13,2.9802322387695312e-08,79.04958231558098,79.04958231558098,76.69390476257665,325.47483319810135,0.0,0.0,0,0.0,0.0,0.0,1.5809916463116198,0.7746859066926937,0.09375,2026-09-16 01:00:58 UTC,"6h decay + 100 licenses, 20% fresh-funded"
2.5,9.890658816105021e-05,0.8640790614950019,2179.004146048528,9.468833213986436,111.7189937774005,447850.46900084417,1199,65435634.556872874,8.526512829121202e-13,2.9802322387695312e-08,111.89389817640625,87.83286923953442,108.55946001074933,354.313029373498,0.0,24.061028936871836,100,0.0,0.0,0.0,2.2378779635281254,1.0965602021287815,0.10416666666666667,2026-09-16 01:15:58 UTC,"6h decay + 100 licenses, 20% fresh-funded"
2.75,9.769341267593013e-05,0.8534803788986072,2159.44816173501,9.35286634975908,111.7189937774005,455142.13566751085,1199,65233811.4121366,4.547473508864641e-13,2.9802322387695312e-08,120.6771851003597,96.61615616348786,117.08100498436896,382.3905586606352,0.0,24.061028936871836,100,0.0,0.0,0.0,2.4135437020071944,1.1826364139835253,0.11458333333333333,2026-09-16 01:30:58 UTC,"6h decay + 100 licenses, 20% fresh-funded"
3.0,9.655616731558034e-05,0.8435450457531497,2141.0170484443997,9.244119712684874,111.7189937774005,462433.80233417754,1199,65041245.57774067,5.684341886080801e-13,2.9802322387695312e-08,129.46047202431313,105.3994430874413,125.60254995798859,409.3432169248654,0.0,24.061028936871836,100,0.0,0.0,0.0,2.5892094404862633,1.268712625838269,0.125,2026-09-16 01:45:58 UTC,"6h decay + 100 licenses, 20% fresh-funded"
3.25,9.54899910225548e-05,0.8342305943319195,2123.649773244976,9.142199612037894,111.7189937774005,469725.4690008442,1199,64857661.15406883,6.252776074688882e-13,2.9802322387695312e-08,138.2437589482666,114.18273001139474,134.12409493160823,435.2320370979087,0.0,24.061028936871836,100,0.0,0.0,0.0,2.7648751789653323,1.3547888376930128,0.13541666666666666,2026-09-16 02:00:58 UTC,"6h decay + 100 licenses, 20% fresh-funded"
3.5,9.449105187797758e-05,0.8255035477864314,2107.28955087332,9.046704643803036,111.7189937774005,477017.1356675109,1199,64682790.03997797,6.821210263296962e-13,2.9802322387695312e-08,147.02704587222004,122.96601693534818,142.64563990522785,460.11380444318456,0.0,24.061028936871836,100,0.0,0.0,0.0,2.9405409174444013,1.4408650495477566,0.14583333333333334,2026-09-16 02:15:58 UTC,"6h decay + 100 licenses, 20% fresh-funded"
3.75,9.355517394974994e-05,0.8173274238604897,2091.88347464679,8.957235306294173,111.7189937774005,484308.8023341776,1199,64516370.307710946,7.958078640513122e-13,2.9802322387695312e-08,155.8103327961735,131.74930385930162,151.16718487884748,484.04142564333415,0.0,24.061028936871836,100,0.0,0.0,0.0,3.1162066559234702,1.5269412614025004,0.15625,2026-09-16 02:30:58 UTC,"6h decay + 100 licenses, 20% fresh-funded"
4.0,9.26784682942481e-05,0.8096682475194772,2077.38229644576,8.873420177651955,111.7189937774005,491600.4690008443,1199,64358146.983008064,9.094947017729282e-13,2.9802322387695312e-08,164.59361972012695,140.53259078325507,159.6887298524671,507.064148817984,0.0,24.061028936871836,100,0.0,0.0,0.0,3.291872394402539,1.6130174732572442,0.16666666666666666,2026-09-16 02:45:58 UTC,"6h decay + 100 licenses, 20% fresh-funded"
4.25,9.185744449307167e-05,0.8024955253704691,2063.7401179752837,8.794928183390976,111.7189937774005,498892.135667511,1199,64207871.92378428,9.094947017729282e-13,2.9802322387695312e-08,173.3769066440804,149.31587770720853,168.21027482608673,529.2278722620799,0.0,24.061028936871836,100,0.0,0.0,0.0,3.467538132881608,1.699093685111988,0.17708333333333334,2026-09-16 03:00:58 UTC,"6h decay + 100 licenses, 20% fresh-funded"
4.5,9.108887078852033e-05,0.7957810237617684,2050.91409540017,8.721449141420278,111.7189937774005,506183.80233417766,1199,64065303.6442016,1.4779288903810084e-12,2.9802322387695312e-08,182.16019356803386,158.09916463116198,176.73181979970636,550.5754398108138,0.0,24.061028936871836,100,0.0,0.0,0.0,3.643203871360677,1.7851698969667318,0.1875,2026-09-16 03:15:58 UTC,"6h decay + 100 licenses, 20% fresh-funded"
4.75,9.036974605676123e-05,0.7894985239316817,2038.8641901203016,8.652696397741922,111.7189937774005,513475.46900084434,1199,63930207.1182332,1.1368683772161603e-12,0.0,190.94348049198732,166.88245155511544,185.25336477332598,571.1468900643015,0.0,24.061028936871836,100,0.0,0.0,0.0,3.818869609839746,1.8712461088214756,0.19791666666666666,2026-09-16 03:30:58 UTC,"6h decay + 100 licenses, 20% fresh-funded"
5.0,8.969729693377408e-05,0.7836237968998713,2027.5529446906264,8.588404608283378,111.7189937774005,520767.13566751103,1199,63802353.67285136,1.4779288903810084e-12,2.9802322387695312e-08,199.72676741594077,175.6657384790689,193.7749097469456,590.9796804675966,0.0,24.061028936871836,100,0.0,0.0,0.0,3.994535348318815,1.9573223206762194,0.20833333333333334,2026-09-16 03:45:58 UTC,"6h decay + 100 licenses, 20% fresh-funded"
5.25,8.906894520776424e-05,0.77813431859722,2016.9452770862035,8.528328274575388,111.7189937774005,528058.8023341777,1199,63681520.8421889,1.5916157281026244e-12,2.9802322387695312e-08,208.51005433989422,184.44902540302235,202.29645472056524,610.1088930456392,0.0,24.061028936871836,100,0.0,0.0,0.0,4.170201086797884,2.043398532530963,0.21875,2026-09-16 04:00:58 UTC,"6h decay + 100 licenses, 20% fresh-funded"
5.5,8.848232467293002e-05,0.7730094171056441,2007.0082938207968,8.472241070288831,111.7189937774005,535350.4690008443,1199,63567492.23076078,1.5916157281026244e-12,2.9802322387695312e-08,217.29334126384768,193.2323123269758,210.81799969418486,628.5674212846657,0.0,24.061028936871836,100,0.0,0.0,0.0,4.345866825276953,2.129474744385707,0.22916666666666666,2026-09-16 04:15:58 UTC,"6h decay + 100 licenses, 20% fresh-funded"
5.75,8.793522961817448e-05,0.7682298226392779,1997.7111187631074,8.419923689122742,111.7189937774005,542642.1356675109,1199,63460057.36269092,1.9326762412674725e-12,0.0,226.07662818780113,202.01559925092926,219.3395446678045,646.386141315975,0.0,24.061028936871836,100,0.0,0.0,0.0,4.521532563756021,2.2155509562404507,0.23958333333333334,2026-09-16 04:30:58 UTC,"6h decay + 100 licenses, 20% fresh-funded"
6.0,8.74254120983206e-05,0.7637758964420487,1989.0247485329892,8.37117628369979,111.7189937774005,549933.8023341775,1199,63359011.537115514,2.2737367544323206e-12,2.9802322387695312e-08,234.8599151117546,210.7988861748827,227.86108964142412,663.5940565197131,0.0,24.061028936871836,100,0.0,0.0,0.0,4.69719830223509,2.3016271680951945,0.25,2026-09-16 04:45:58 UTC,"6h decay + 100 licenses, 20% fresh-funded"
6.25,8.695115724515127e-05,0.7596326568858653,1980.921914539585,8.325830748625547,111.7189937774005,557225.4690008442,1199,63264155.7964959,2.0463630789890885e-12,0.0,243.64320203570804,219.58217309883617,236.38263461504374,680.2184354867368,0.0,24.061028936871836,100,0.0,0.0,0.0,4.872864040714158,2.3877033799499383,0.2604166666666667,2026-09-16 05:00:58 UTC,"6h decay + 100 licenses, 20% fresh-funded"
6.5,8.651071293412078e-05,0.7557847968596318,1973.376933317943,8.283717504537362,111.7189937774005,564517.1356675108,1199,63175296.72089878,1.9326762412674725e-12,2.9802322387695312e-08,252.4264889596615,228.36546002278962,244.90417958866337,696.2849616819983,0.0,24.061028936871836,100,0.0,0.0,0.0,5.048529779193227,2.473779591804682,0.2708333333333333,2026-09-16 05:15:58 UTC,"6h decay + 100 licenses, 20% fresh-funded"
6.75,8.610242263681764e-05,0.7522178444101474,1966.3655897553365,8.244678257824054,111.7189937774005,571808.8023341774,1199,63092246.120824285,1.8189894035458565e-12,2.9802322387695312e-08,261.20977588361495,237.14874694674307,253.425724562283,711.8178502182243,0.0,24.061028936871836,100,0.0,0.0,0.0,5.224195517672295,2.559855803659426,0.28125,2026-09-16 05:30:58 UTC,"6h decay + 100 licenses, 20% fresh-funded"
7.0,8.572474015683004e-05,0.7489182914792608,1959.865043421561,8.20856527291305,111.7189937774005,579100.469000844,1199,63014821.04896987,1.8189894035458565e-12,0.0,269.9930628075684,245.93203387069653,261.94726953590265,726.8399415256195,0.0,24.061028936871836,100,0.0,0.0,0.0,5.399861256151364,2.6459320155141697,0.2916666666666667,2026-09-16 05:45:58 UTC,"6h decay + 100 licenses, 20% fresh-funded"
7.25,8.537622103660096e-05,0.7458735188314545,1953.8537313308125,8.175240507085194,111.7189937774005,586392.1356675107,1199,62942843.67221316,2.1600499167107046e-12,0.0,278.7763497315218,254.71532079464998,270.4688145095223,741.372798589988,0.0,24.061028936871836,100,0.0,0.0,0.0,5.575526994630432,2.7320082273689135,0.3020833333333333,2026-09-16 06:00:58 UTC,"6h decay + 100 licenses, 20% fresh-funded"
7.5,8.50555140972485e-05,0.7430717221430542,1948.3112787914235,8.144574833972142,111.7189937774005,593683.8023341773,1199,62876141.14473959,2.5011104298755527e-12,0.0,287.55963665547523,263.4986077186034,278.99035948314196,755.4367961029968,0.0,24.061028936871836,100,0.0,0.0,0.0,5.751192733109501,2.8180844392236573,0.3125,2026-09-16 06:15:58 UTC,"6h decay + 100 licenses, 20% fresh-funded"
7.75,8.476135423061748e-05,0.7405018490313242,1943.218417648119,8.116447184712952,111.7189937774005,600975.4690008439,1199,62814545.483447984,2.2737367544323206e-12,0.0,296.34292357942866,272.28189464255684,287.5119044567616,769.0512022199209,0.0,24.061028936871836,100,0.0,0.0,0.0,5.926858471588569,2.904160651078401,0.3229166666666667,2026-09-16 06:30:58 UTC,"6h decay + 100 licenses, 20% fresh-funded"
8.0,8.449255573128852e-05,0.7381535408008023,1938.5569112154556,8.090743525452988,111.7189937774005,608267.1356675106,1199,62757893.445809685,2.0463630789890885e-12,2.9802322387695312e-08,305.1262105033821,281.06518156651026,296.03344943038127,782.2342536262038,0.0,24.061028936871836,100,0.0,0.0,0.0,6.102524210067638,2.990236862933145,0.3333333333333333,2026-09-16 06:45:58 UTC,"6h decay + 100 licenses, 20% fresh-funded"
8.25,8.424799366304552e-05,0.7360169696548985,1934.30948550128,8.067357906531635,111.7189937774005,615558.8023341772,1199,62706026.40996364,1.9326762412674725e-12,0.0,313.9094974273355,289.8484684904637,304.5549944040009,795.0032243139988,0.0,24.061028936871836,100,0.0,0.0,0.0,6.278189948546706,3.0763130747878886,0.34375,2026-09-16 07:00:58 UTC,"6h decay + 100 licenses, 20% fresh-funded"
8.5,8.402663377463321e-05,0.7340831000493623,1930.459765867258,8.04619112859312,111.7189937774005,622850.4690008438,1199,62658790.259978466,2.0463630789890885e-12,0.0,322.69278435128894,298.6317554144171,313.0765393776206,807.3744889216405,0.0,24.061028936871836,100,0.0,0.0,0.0,6.453855687025775,3.1623892866426324,0.3541666666666667,2026-09-16 07:15:58 UTC,"6h decay + 100 licenses, 20% fresh-funded"
8.75,8.382749812171636e-05,0.7323433883549056,1926.9922178771528,8.027149365430448,111.7189937774005,630142.1356675104,1199,62616035.272822164,2.0463630789890885e-12,0.0,331.47607127524236,307.41504233837054,321.59808435124023,819.3635818853654,0.0,24.061028936871836,100,0.0,0.0,0.0,6.629521425504843,3.248465498497376,0.3645833333333333,2026-09-16 07:30:58 UTC,"6h decay + 100 licenses, 20% fresh-funded"
9.0,8.364966301788017e-05,0.7307897649564983,1923.892093212076,8.010144323645541,111.7189937774005,637433.8023341771,1199,62577615.99702332,2.2737367544323206e-12,0.0,340.2593581991958,316.19832926232397,330.1196293248599,830.9852515240623,0.0,24.061028936871836,100,0.0,0.0,0.0,6.805187163983912,3.33454171035212,0.375,2026-09-16 07:45:58 UTC,"6h decay + 100 licenses, 20% fresh-funded"
9.25,8.349225870576375e-05,0.7294146313802865,1921.1453796110643,7.995092861785124,111.7189937774005,644725.4690008437,1199,62543391.139403135,2.6147972675971687e-12,0.0,349.0426451231492,324.9816161862774,338.64117429847954,842.2535100986938,0.0,24.061028936871836,100,0.0,0.0,0.0,6.98085290246298,3.420617922206864,0.3854166666666667,2026-09-16 08:00:58 UTC,"6h decay + 100 licenses, 20% fresh-funded"
9.5,8.335446552709178e-05,0.7282108268337844,1918.7387552236373,7.981916624639378,111.7189937774005,652017.1356675103,1199,62513223.46208254,2.9558577807620168e-12,0.0,357.82593204710264,333.7649031102308,347.1627192720992,853.1816794597407,0.0,24.061028936871836,100,0.0,0.0,0.0,7.156518640942049,3.5066941340616076,0.3958333333333333,2026-09-16 08:15:58 UTC,"6h decay + 100 licenses, 20% fresh-funded"
9.75,8.323551039076542e-05,0.7271715973500059,1916.6595459968576,7.970541705990085,111.7189937774005,659308.802334177,1199,62486979.676958814,2.9558577807620168e-12,0.0,366.60921897105607,342.54819003418424,355.68426424571885,863.7824336601402,0.0,24.061028936871836,100,0.0,0.0,0.0,7.3321843794211174,3.5927703459163514,0.40625,2026-09-16 08:30:58 UTC,"6h decay + 100 licenses, 20% fresh-funded"
10.0,8.31346635292504e-05,0.7262905674502512,1914.895686160527,7.960898338866095,111.7189937774005,666600.4690008436,1199,62464530.34189436,3.183231456205249e-12,0.0,375.3925058950095,351.33147695813767,364.2058092193385,874.0678384700907,0.0,24.061028936871836,100,0.0,0.0,0.0,7.507850117900186,3.678846557771095,0.4166666666666667,2026-09-16 08:45:58 UTC,"6h decay + 100 licenses, 20% fresh-funded"
10.25,8.305123551870574e-05,0.725561714111013,1913.4356815901235,7.952920610974174,111.7189937774005,673892.1356675102,1199,62445749.75915759,3.296918293926865e-12,0.0,384.1757928189629,360.1147638820911,372.72735419295816,884.0493880141139,0.0,24.061028936871836,100,0.0,0.0,0.0,7.6835158563792545,3.764922769625839,0.4270833333333333,2026-09-16 09:00:58 UTC,"6h decay + 100 licenses, 20% fresh-funded"
10.5,8.298457453845932e-05,0.7249793428218946,1912.2685758058906,7.946546202982413,111.7189937774005,681183.8023341768,1199,62430515.87609636,3.637978807091713e-12,2.9802322387695312e-08,392.95907974291634,368.8980508060445,381.2488991665778,893.7380387719668,0.0,24.061028936871836,100,0.0,0.0,0.0,7.859181594858323,3.8509989814805827,0.4375,2026-09-16 09:15:58 UTC,"6h decay + 100 licenses, 20% fresh-funded"
10.75,8.293406384795991e-05,0.7245380655434677,1911.3839183893824,7.941716147555187,111.7189937774005,688475.4690008435,1199,62418710.188022554,3.865352482534945e-12,0.0,401.74236666686977,377.68133772999795,389.77044414019747,903.1442411620949,0.0,24.061028936871836,100,0.0,0.0,0.0,8.034847333337392,3.9370751933353265,0.4479166666666667,2026-09-16 09:30:58 UTC,"6h decay + 100 licenses, 20% fresh-funded"
11.0,8.289911946156958e-05,0.724232780393529,1910.7717356192395,7.938374607274691,111.7189937774005,695767.1356675101,1199,62410217.643284656,3.865352482534945e-12,2.9802322387695312e-08,410.5256535908232,386.4646246539514,398.2919891138171,912.2779689058575,0.0,24.061028936871836,100,0.0,0.0,0.0,8.210513071816461,4.02315140519007,0.4583333333333333,2026-09-16 09:45:58 UTC,"6h decay + 100 licenses, 20% fresh-funded"
11.25,8.287918800354386e-05,0.7240586529075314,1910.4225031463243,7.93646866977703,111.7189937774005,703058.8023341767,1199,62404926.550503194,3.979039320256561e-12,0.0,419.3089405147766,395.2479115779048,406.8135340874368,921.1487463523924,0.0,24.061028936871836,100,0.0,0.0,0.0,8.38617881029553,4.109227617044814,0.46875,2026-09-16 10:00:58 UTC,"6h decay + 100 licenses, 20% fresh-funded"
11.5,8.287374472730937e-05,0.7240110987343704,1910.3271205447907,7.93594815855195,111.7189937774005,710350.4690008434,1199,62402728.487942986,4.092726157978177e-12,0.0,428.09222743873005,404.0311985018582,415.33507906105643,929.7656739275458,0.0,24.061028936871836,100,0.0,0.0,0.0,8.561844548774598,4.195303828899558,0.4791666666666667,2026-09-16 10:15:58 UTC,"6h decay + 100 licenses, 20% fresh-funded"
11.75,8.288229168471577e-05,0.7240857676423944,1910.4768875904579,7.936765458079362,111.7189937774005,717642.13566751,1199,62403518.21499427,4.092726157978177e-12,2.9802322387695312e-08,436.8755143626835,412.81448542581165,423.8566240346761,938.1374518554983,0.0,24.061028936871836,100,0.0,0.0,0.0,8.737510287253667,4.281380040754302,0.4895833333333333,2026-09-16 10:30:58 UTC,"6h decay + 100 licenses, 20% fresh-funded"
12.0,8.290435603233713e-05,0.7242785287227193,1910.8634821311498,7.938875352046605,111.7189937774005,724933.8023341766,1199,62407193.585734025,4.320099833421409e-12,0.0,445.6588012866369,421.5977723497651,432.37816900829574,946.2724022884263,0.0,24.061028936871836,100,0.0,0.0,0.0,8.913176025732735,4.3674562526090455,0.5,2026-09-16 10:45:58 UTC,"6h decay + 100 licenses, 20% fresh-funded"
12.25,8.293948846314367e-05,0.7245854566878203,1911.4789394256245,7.942234873527379,111.7189937774005,732225.4690008432,1199,62413655.4645377,4.433786671143025e-12,2.9802322387695312e-08,454.4420882105903,430.3810592737185,440.8997139819154,954.1784899675713,0.0,24.061028936871836,100,0.0,0.0,0.0,9.088841764211804,4.453532464463789,0.5104166666666666,2026-09-16 11:00:58 UTC,"6h decay + 100 licenses, 20% fresh-funded"
12.5,8.29872617529793e-05,0.7250028191731026,1912.315632838543,7.946803166136253,111.7189937774005,739517.1356675099,1199,62422807.64371039,4.774847184307873e-12,0.0,463.22537513454375,439.16434619767193,449.42125895553505,961.8633415282727,0.0,24.061028936871836,100,0.0,0.0,0.0,9.264507502690872,4.539608676318533,0.5208333333333334,2026-09-16 11:15:58 UTC,"6h decay + 100 licenses, 20% fresh-funded"
12.75,8.304726941227647e-05,0.7255270649578585,1913.366255788621,7.952541355220284,111.7189937774005,746808.8023341765,1199,62434556.76310623,5.002220859751105e-12,0.0,472.0086620584972,447.94763312162536,457.9428039291547,969.3342635518147,0.0,24.061028936871836,100,0.0,0.0,0.0,9.44017324116994,4.625684888173277,0.53125,2026-09-16 11:30:58 UTC,"6h decay + 100 licenses, 20% fresh-funded"
13.0,8.311912443433306e-05,0.7261548130298198,1914.6238048559692,7.959412428282535,111.7189937774005,754100.4690008431,1199,62448812.231703565,5.002220859751105e-12,2.9802322387695312e-08,480.7919489824506,456.7309200455788,466.46434890277436,976.5982594580862,0.0,24.061028936871836,100,0.0,0.0,0.0,9.61583897964901,4.711761100028021,0.5416666666666666,2026-09-16 11:45:58 UTC,"6h decay + 100 licenses, 20% fresh-funded"
13.25,8.320245813227648e-05,0.7268828424245108,1916.0815639625484,7.967381123862442,111.7189937774005,761392.1356675097,1199,62465486.15110339,5.343281372915953e-12,0.0,489.57523590640403,465.5142069695322,474.985893876394,983.6620453251269,0.0,24.061028936871836,100,0.0,0.0,0.0,9.791504718128078,4.797837311882764,0.5520833333333334,2026-09-16 12:00:58 UTC,"6h decay + 100 licenses, 20% fresh-funded"
13.5,8.32969190575594e-05,0.7277080827768877,1917.7330895469138,7.976413828216916,111.7189937774005,768683.8023341764,1199,62484493.24091774,5.6843418860808015e-12,2.9802322387695312e-08,498.35852283035746,474.29749389348564,483.50743885001367,990.5320647143815,0.0,24.061028936871836,100,0.0,0.0,0.0,9.967170456607146,4.883913523737508,0.5625,2026-09-16 12:15:58 UTC,"6h decay + 100 licenses, 20% fresh-funded"
13.75,8.34021719934778e-05,0.7286276055283941,1919.5721966609321,7.986478479149541,111.7189937774005,775975.469000843,1199,62505750.76601445,5.6843418860808015e-12,2.9802322387695312e-08,507.1418097543109,483.08078081743906,492.0289838236333,997.2145025739828,0.0,24.061028936871836,100,0.0,0.0,0.0,10.142836195086215,4.969989735592252,0.5729166666666666,2026-09-16 12:30:58 UTC,"6h decay + 100 licenses, 20% fresh-funded"
14.0,8.351789701778407e-05,0.7296386157376558,1921.5929459221366,7.997544476454582,111.7189937774005,783267.1356675096,1199,62529178.465584576,5.6843418860808015e-12,2.9802322387695312e-08,515.9250966782644,491.8640677413925,500.550528797253,1003.7152982863981,0.0,24.061028936871836,100,0.0,0.0,0.0,10.318501933565283,5.056065947446996,0.5833333333333334,2026-09-16 12:45:58 UTC,"6h decay + 100 licenses, 20% fresh-funded"
14.25,8.364378862899281e-05,0.7307384444476119,1923.7896312607352,8.009582598435452,111.7189937774005,790558.8023341763,1199,62554698.48399832,5.7980287238024175e-12,2.9802322387695312e-08,524.7083836022179,500.6473546653459,509.07207377087263,1010.0401579214192,0.0,24.061028936871836,100,0.0,0.0,0.0,10.494167672044352,5.14214215930174,0.59375,2026-09-16 13:00:58 UTC,"6h decay + 100 licenses, 20% fresh-funded"
14.5,8.3779554931449e-05,0.7319245415660159,1926.15676840523,8.022564924034254,111.7189937774005,797850.4690008429,1199,62582235.30341528,5.9117155615240335e-12,2.9802322387695312e-08,533.4916705261713,509.43064158929934,517.5936187444922,1016.1945657505441,0.0,24.061028936871836,100,0.0,0.0,0.0,10.66983341052342,5.228218371156483,0.6041666666666666,2026-09-16 13:15:58 UTC,"6h decay + 100 licenses, 20% fresh-funded"
14.75,8.3924916874657e-05,0.733194469219973,1928.6890840550468,8.036464760151143,111.7189937774005,805142.1356675095,1199,62611715.67811484,6.252776074688882e-12,2.9802322387695312e-08,542.2749574501248,518.2139285132528,526.1151637181118,1022.1837950743472,0.0,24.061028936871836,100,0.0,0.0,0.0,10.845499149002489,5.314294583011227,0.6145833333333334,2026-09-16 13:30:58 UTC,"6h decay + 100 licenses, 20% fresh-funded"
15.0,8.407960754275358e-05,0.7345458955485537,1931.381505692665,8.051256573746363,111.7189937774005,812433.8023341761,1199,62643068.57051233,6.59383658785373e-12,0.0,551.0582443740783,526.9972154372063,534.6367086917314,1028.012918410349,0.0,24.061028936871836,100,0.0,0.0,0.0,11.021164887481557,5.400370794865971,0.625,2026-09-16 13:45:58 UTC,"6h decay + 100 licenses, 20% fresh-funded"
15.25,8.424337149762808e-05,0.7359765889640848,1934.2291521177697,8.066915929073227,111.7189937774005,819725.4690008428,1199,62676225.09032648,6.821210263296962e-12,2.9802322387695312e-08,559.8415312980318,535.7805023611597,543.158253665351,1033.6868169588643,0.0,24.061028936871836,100,0.0,0.0,0.0,11.196830625960626,5.486447006720715,0.6354166666666666,2026-09-16 14:00:58 UTC,"6h decay + 100 licenses, 20% fresh-funded"
15.5,8.441596416422452e-05,0.7374844127819555,1937.2273245229405,8.083419428932858,111.7189937774005,827017.1356675094,1199,62711118.43518309,7.275957614183426e-12,2.9802322387695312e-08,568.6248182219853,544.5637892851132,551.6797986389706,1039.2101895273133,0.0,24.061028936871836,100,0.0,0.0,0.0,11.372496364439694,5.5725232185754585,0.6458333333333334,2026-09-16 14:15:58 UTC,"6h decay + 100 licenses, 20% fresh-funded"
15.75,8.459714028219855e-05,0.7390672243306605,1940.3714976138583,8.100744481168467,111.7189937774005,834308.802334176,1199,62747683.82934327,7.503331289626658e-12,2.9802322387695312e-08,577.4081051459387,553.3470762090667,560.2013436125902,1044.5875614100153,0.0,24.061028936871836,100,0.0,0.0,0.0,11.548162102918763,5.658599430430202,0.65625,2026-09-16 14:30:58 UTC,"6h decay + 100 licenses, 20% fresh-funded"
16.0,8.478668434560634e-05,0.7407231408824949,1943.657311446037,8.118869299964395,111.7189937774005,841600.4690008427,1199,62785858.46394179,7.275957614183426e-12,2.9802322387695312e-08,586.1913920698922,562.1303631330202,568.7228885862098,1049.823292551456,0.0,24.061028936871836,100,0.0,0.0,0.0,11.723827841397831,5.744675642284946,0.6666666666666666,2026-09-16 14:45:58 UTC,"6h decay + 100 licenses, 20% fresh-funded"
16.25,8.498438224303506e-05,0.7424502918928158,1947.08056408648,8.137773244533985,111.7189937774005,848892.1356675093,1199,62825581.43946484,7.73070496506989e-12,2.9802322387695312e-08,594.9746789938457,570.9136500569737,577.2444335598294,1054.921584884633,0.0,24.061028936871836,100,0.0,0.0,0.0,11.8994935798769,5.83075185413969,0.6770833333333334,2026-09-16 15:00:58 UTC,"6h decay + 100 licenses, 20% fresh-funded"
16.5,8.51900273280326e-05,0.7442468720332245,1950.6372044545974,8.157436883112219,111.7189937774005,856183.8023341759,1199,62866793.71406937,7.958078640513122e-12,2.9802322387695312e-08,603.7579659177992,579.6969369809271,585.765978533449,1059.8864894901355,0.0,24.061028936871836,100,0.0,0.0,0.0,12.075159318355968,5.916828065994434,0.6875,2026-09-16 15:15:58 UTC,"6h decay + 100 licenses, 20% fresh-funded"
16.75,8.54034212385908e-05,0.7461111483508307,1954.3233255554094,8.177841351521433,111.7189937774005,863475.4690008425,1199,62909438.050481215,8.412825991399586e-12,0.0,612.5412528417527,588.4802239048806,594.2875235070686,1064.7219133629435,0.0,24.061028936871836,100,0.0,0.0,0.0,12.250825056835037,6.0029042778491775,0.6979166666666666,2026-09-16 15:30:58 UTC,"6h decay + 100 licenses, 20% fresh-funded"
17.0,8.562437347548257e-05,0.7480414565844723,1958.1351580821502,8.198968422829735,111.7189937774005,870767.1356675092,1199,62953458.964281626,8.640199666842818e-12,2.9802322387695312e-08,621.3245397657062,597.2635108288341,602.8090684806882,1069.4316258098227,0.0,24.061028936871836,100,0.0,0.0,0.0,12.426490795314105,6.088980489703921,0.7083333333333334,2026-09-16 15:45:58 UTC,"6h decay + 100 licenses, 20% fresh-funded"
17.25,8.585270100611331e-05,0.7500361977038366,1962.0690643648,8.220800584063332,111.7189937774005,878058.8023341758,1199,62998802.67357883,9.094947017729282e-12,2.9802322387695312e-08,630.1078266896596,606.0467977527876,611.3306134543078,1074.0192645007928,0.0,24.061028936871836,100,0.0,0.0,0.0,12.602156533793174,6.175056701558665,0.71875,2026-09-16 16:00:58 UTC,"6h decay + 100 licenses, 20% fresh-funded"
17.5,8.608822789221475e-05,0.7520938346568774,1966.1215326442625,8.243321000619073,111.7189937774005,885350.4690008424,1199,63045417.05005064,9.322320693172514e-12,2.9802322387695312e-08,638.8911136136131,614.8300846767411,619.8521584279274,1078.4883411949502,0.0,24.061028936871836,100,0.0,0.0,0.0,12.777822272272243,6.261132913413409,0.7291666666666666,2026-09-16 16:15:58 UTC,"6h decay + 100 licenses, 20% fresh-funded"
17.75,8.633078487185449e-05,0.7542128887181184,1970.289171648452,8.266513481545523,111.7189937774005,892642.135667509,1199,63093251.57130067,9.777068044058979e-12,2.9802322387695312e-08,647.6744005375666,623.6133716006946,628.373703401547,1082.8422471643805,0.0,24.061028936871836,100,0.0,0.0,0.0,12.953488010751311,6.347209125268153,0.7395833333333334,2026-09-16 16:30:58 UTC,"6h decay + 100 licenses, 20% fresh-funded"
18.0,8.658020921157186e-05,0.7563919381968656,1974.5687054501436,8.290362447608283,111.7189937774005,899933.8023341757,1199,63142257.27445702,9.549694368615746e-12,2.9802322387695312e-08,656.4576874615201,632.396658524648,636.8952483751666,1087.0842583363085,0.0,24.061028936871836,100,0.0,0.0,0.0,13.12915374923038,6.433285337122896,0.75,2026-09-16 16:45:58 UTC,"6h decay + 100 licenses, 20% fresh-funded"
18.25,8.68363442538304e-05,0.7586296144836098,1978.9569685986683,8.31485290706363,111.7189937774005,907225.4690008423,1199,63192386.71105013,9.777068044058979e-12,2.9802322387695312e-08,665.2409743854736,641.1799454486015,645.4167933487862,1091.2175401614038,0.0,24.061028936871836,100,0.0,0.0,0.0,13.304819487709448,6.51936154897764,0.7604166666666666,2026-09-16 17:00:58 UTC,"6h decay + 100 licenses, 20% fresh-funded"
18.5,8.709903913405314e-05,0.7609245995779574,1983.4509015004319,8.339970425890327,111.7189937774005,914517.1356675089,1199,63243593.90316987,9.777068044058979e-12,2.9802322387695312e-08,674.0242613094271,649.963232372555,653.9383383224058,1095.2451522332597,0.0,24.061028936871836,100,0.0,0.0,0.0,13.480485226188517,6.605437760832384,0.7708333333333334,2026-09-16 17:15:58 UTC,"6h decay + 100 licenses, 20% fresh-funded"
18.75,8.73681485234987e-05,0.7632756238423166,1988.0475460354583,8.365701096717972,111.7189937774005,921808.8023341756,1199,63295834.30079437,1.000444171950221e-11,2.9802322387695312e-08,682.8075482333805,658.7465192965085,662.4598832960254,1099.1700526718532,0.0,24.061028936871836,100,0.0,0.0,0.0,13.656150964667585,6.691513972687128,0.78125,2026-09-16 17:30:58 UTC,"6h decay + 100 licenses, 20% fresh-funded"
19.0,8.764353236927194e-05,0.765681463730547,1992.7440413959255,8.392031516615823,111.7189937774005,929100.4690008422,1199,63349064.740288556,1.0459189070388675e-11,2.9802322387695312e-08,691.590835157334,667.529806220462,670.981428269645,1102.995102285006,0.0,24.061028936871836,100,0.0,0.0,0.0,13.831816703146654,6.777590184541872,0.7916666666666666,2026-09-16 17:45:58 UTC,"6h decay + 100 licenses, 20% fresh-funded"
19.25,8.792503633276761e-05,0.7681407708920517,1997.5376229824078,8.418948698661625,111.7189937774005,936392.1356675088,1199,63403243.437402815,1.0459189070388675e-11,2.9802322387695312e-08,700.3741220812875,676.3130931444155,679.5029732432646,1106.723065672143,0.0,24.061028936871836,100,0.0,0.0,0.0,14.007482441625722,6.863666396396615,0.8020833333333334,2026-09-16 18:00:58 UTC,"6h decay + 100 licenses, 20% fresh-funded"
19.5,8.821244353631608e-05,0.7706516506152981,2002.4256151369214,8.446435944343243,111.7189937774005,943683.8023341754,1199,63458329.955713615,1.0686562745831907e-11,2.9802322387695312e-08,709.157409005241,685.096380068369,688.0245182168842,1110.3566184912495,0.0,24.061028936871836,100,0.0,0.0,0.0,14.18314818010479,6.949742608251359,0.8125,2026-09-16 18:15:58 UTC,"6h decay + 100 licenses, 20% fresh-funded"
19.75,8.850573181050937e-05,0.7732139092213657,2007.4054258586239,8.474479058783377,111.7189937774005,950975.4690008421,1199,63514285.08115878,1.0686562745831907e-11,2.9802322387695312e-08,717.9406959291945,693.8796669923224,696.5460631905038,1113.8983527431667,0.0,24.061028936871836,100,0.0,0.0,0.0,14.35881391858386,7.035818820106103,0.8229166666666666,2026-09-16 18:30:58 UTC,"6h decay + 100 licenses, 20% fresh-funded"
20.0,8.880477991737275e-05,0.7758264875371762,2012.4745457848867,8.503071344484503,111.7189937774005,958267.1356675087,1199,63571070.80395107,1.0913936421275139e-11,2.9802322387695312e-08,726.723982853148,702.6629539162759,705.0676081641234,1117.3507777905236,0.0,24.061028936871836,100,0.0,0.0,0.0,14.534479657062928,7.121895031960847,0.8333333333333334,2026-09-16 18:45:58 UTC,"6h decay + 100 licenses, 20% fresh-funded"
20.25,8.910947079529735e-05,0.7784883628756974,2017.6305449592162,8.532202924791402,111.7189937774005,965558.8023341753,1199,63628650.30964598,1.1141310096718371e-11,2.9802322387695312e-08,735.5072697771014,711.4462408402294,713.589153137743,1120.716323589814,0.0,24.061028936871836,100,0.0,0.0,0.0,14.710145395541996,7.2079712438155905,0.84375,2026-09-16 19:00:58 UTC,"6h decay + 100 licenses, 20% fresh-funded"
20.5,8.941969137419581e-05,0.7811985474210843,2022.871069754154,8.561862977418466,111.7189937774005,972850.469000842,1199,63686987.944085054,1.1368683772161603e-11,2.9802322387695312e-08,744.2905567010549,720.2295277641829,722.1106981113626,1123.997343768496,0.0,24.061028936871836,100,0.0,0.0,0.0,14.885811134021065,7.294047455670334,0.8541666666666666,2026-09-16 19:15:58 UTC,"6h decay + 100 licenses, 20% fresh-funded"
20.75,8.973533080136606e-05,0.7839560727292668,2028.1938400656854,8.592041034248311,111.7189937774005,980142.1356675086,1199,63746049.1808495,1.1141310096718371e-11,2.9802322387695312e-08,753.0738436250084,729.0128146881364,730.6322430849822,1127.196118430584,0.0,24.061028936871836,100,0.0,0.0,0.0,15.061476872500133,7.380123667525078,0.8645833333333334,2026-09-16 19:30:58 UTC,"6h decay + 100 licenses, 20% fresh-funded"
21.0,9.005628021224549e-05,0.7867599877251871,2033.596646363326,8.622726729854325,111.7189937774005,987433.8023341752,1199,63805800.589070514,1.1596057447604835e-11,2.9802322387695312e-08,761.8571305489619,737.7961016120898,739.1537880586018,1130.3148571065633,0.0,24.061028936871836,100,0.0,0.0,0.0,15.237142610979202,7.466199879379822,0.875,2026-09-16 19:45:58 UTC,"6h decay + 100 licenses, 20% fresh-funded"
21.25,9.038244225499536e-05,0.7896094419125633,2039.0773469570051,8.653910242757558,111.7189937774005,994725.4690008418,1199,63866209.79598253,1.1823431123048067e-11,2.9802322387695312e-08,770.6404174729154,746.5793885360433,747.6753330322214,1133.3557014865041,0.0,24.061028936871836,100,0.0,0.0,0.0,15.41280834945827,7.552276091234566,0.8854166666666666,2026-09-16 20:00:58 UTC,"6h decay + 100 licenses, 20% fresh-funded"
21.5,9.071371816741868e-05,0.7925035724737807,2044.633865560487,8.685582395495567,111.7189937774005,1002017.1356675085,1199,63927245.45724642,1.2278178473934531e-11,5.960464477539063e-08,779.4237043968689,755.3626754599968,756.196878005841,1136.3207278566422,0.0,24.061028936871836,100,0.0,0.0,0.0,15.588474087937339,7.6383523030893095,0.8958333333333334,2026-09-16 20:15:58 UTC,"6h decay + 100 licenses, 20% fresh-funded"
21.75,9.105001239157798e-05,0.7954415445846434,2050.2641888685653,8.717734070604779,111.7189937774005,1009308.8023341751,1199,63988877.22772974,1.2505552149377763e-11,5.960464477539063e-08,788.2069913208223,764.1459623839503,764.7184229794606,1139.2119495221839,0.0,24.061028936871836,100,0.0,0.0,0.0,15.764139826416407,7.724428514944053,0.90625,2026-09-16 20:30:58 UTC,"6h decay + 100 licenses, 20% fresh-funded"
22.0,9.139123244004396e-05,0.7984225502458808,2055.966364244402,8.750356414580578,111.7189937774005,1016600.4690008417,1199,64051075.731964275,1.2732925824820995e-11,2.9802322387695312e-08,796.9902782447758,772.9292493079038,773.2399679530802,1142.0313191199668,0.0,24.061028936871836,100,0.0,0.0,0.0,15.939805564895476,7.810504726798797,0.9166666666666666,2026-09-16 20:45:58 UTC,"6h decay + 100 licenses, 20% fresh-funded"
22.25,9.173728876896622e-05,0.8014458071742532,2061.738497511076,8.783440855499224,111.7189937774005,1023892.1356675084,1199,64113812.53544045,1.2960299500264227e-11,2.9802322387695312e-08,805.7735651687293,781.7125362318573,781.7615129266998,1144.7807308269128,0.0,24.061028936871836,100,0.0,0.0,0.0,16.115471303374544,7.896580938653541,0.9270833333333334,2026-09-16 21:00:58 UTC,"6h decay + 100 licenses, 20% fresh-funded"
22.5,9.208809465756517e-05,0.8045105577497549,2067.578750841785,8.81697909149509,111.7189937774005,1031183.802334175,1199,64177060.11671627,1.2960299500264227e-11,5.960464477539063e-08,814.5568520926828,790.4958231558107,790.2830579003194,1147.462022469823,0.0,24.061028936871836,100,0.0,0.0,0.0,16.291137041853613,7.982657150508285,0.9375,2026-09-16 21:15:58 UTC,"6h decay + 100 licenses, 20% fresh-funded"
22.75,9.244356609367176e-05,0.8076160680156547,2073.4853407434703,8.850963079815523,111.7189937774005,1038475.4690008416,1199,64240791.84031932,1.3415046851150692e-11,2.9802322387695312e-08,823.3401390166363,799.2791100797642,798.804602873939,1150.0769775417582,0.0,24.061028936871836,100,0.0,0.0,0.0,16.46680278033268,8.068733362363028,0.9479166666666666,2026-09-16 21:30:58 UTC,"6h decay + 100 licenses, 20% fresh-funded"
23.0,9.280362166496473e-05,0.8107616267283088,2079.456536128949,8.885385026420476,111.7189937774005,1045767.1356675082,1199,64304981.93042052,1.3642420526593924e-11,2.9802322387695312e-08,832.1234259405898,808.0623970037177,807.3261478475586,1152.627327129899,0.0,24.061028936871836,100,0.0,0.0,0.0,16.64246851881175,8.154809574217772,0.9583333333333334,2026-09-16 21:45:58 UTC,"6h decay + 100 licenses, 20% fresh-funded"
23.25,9.316818245558702e-05,0.8139465444539697,2085.490656473084,8.920237376097344,111.7189937774005,1053058.802334175,1199,64369605.4452605,1.3869794202037156e-11,2.9802322387695312e-08,840.9067128645432,816.8456839276712,815.8476928211782,1155.1147517593838,0.0,24.061028936871836,100,0.0,0.0,0.0,16.81813425729082,8.240885786072516,0.96875,2026-09-16 22:00:58 UTC,"6h decay + 100 licenses, 20% fresh-funded"
23.5,9.353715328016864e-05,0.8171699896233086,2091.5860706922203,8.955512451702411,111.7189937774005,1060350.4690008417,1199,64434638.26312594,1.3869794202037156e-11,2.9802322387695312e-08,849.6899997884967,825.6289708516247,824.3692377947978,1157.5408825138672,0.0,24.061028936871836,100,0.0,0.0,0.0,16.993799995769887,8.32696199792726,0.9791666666666666,2026-09-16 22:15:58 UTC,"6h decay + 100 licenses, 20% fresh-funded"
23.75,9.391046594505702e-05,0.8204313664751287,2097.7411942904073,8.991201684724329,111.7189937774005,1067642.1356675085,1199,64500057.054015264,1.3415046851150692e-11,2.9802322387695312e-08,858.4732867124502,834.4122577755782,832.8907827684174,1159.9073038892996,0.0,24.061028936871836,100,0.0,0.0,0.0,17.169465734248956,8.413038209782004,0.9895833333333334,2026-09-16 22:30:58 UTC,"6h decay + 100 licenses, 20% fresh-funded"
24.0,9.428806072232328e-05,0.8237301532074581,2103.95448810473,9.027299146046321,111.7189937774005,1074933.8023341752,1199,64565839.233729996,1.3642420526593924e-11,2.9802322387695312e-08,867.2565736364037,843.1955446995316,841.412327742037,1162.2155550485966,0.0,24.061028936871836,100,0.0,0.0,0.0,17.345131472728024,8.499114421636747,1.0,2026-09-16 22:45:58 UTC,"6h decay + 100 licenses, 20% fresh-funded"
24.25,9.466986774745249e-05,0.8270657394619213,2110.224456915225,9.063798960783702,111.7189937774005,1082225.469000842,1199,64631962.95523657,1.3869794202037156e-11,2.9802322387695312e-08,876.0398605603572,851.9788316234851,849.9338727156565,1164.4671312117214,0.0,24.061028936871836,100,0.0,0.0,0.0,17.520797211207093,8.585190633491491,1.0104166666666667,2026-09-16 23:00:58 UTC,"6h decay + 100 licenses, 20% fresh-funded"
24.5,9.505581920585054e-05,0.8304375327888954,2116.549647960121,9.100694635796026,111.7189937774005,1089517.1356675087,1199,64698407.088260196,1.3869794202037156e-11,2.9802322387695312e-08,884.8231474843107,860.7621185474386,858.4554176892761,1166.663485140445,0.0,24.061028936871836,100,0.0,0.0,0.0,17.69646294968616,8.671266845346235,1.0208333333333333,2026-09-16 23:15:58 UTC,"6h decay + 100 licenses, 20% fresh-funded"
24.75,9.544584925588958e-05,0.8338449579752117,2122.928649512458,9.137979866708852,111.7189937774005,1096808.8023341754,1199,64765151.1978091,1.3869794202037156e-11,2.9802322387695312e-08,893.6064344082641,869.5454054713921,866.9769626628957,1168.8060285617278,0.0,24.061028936871836,100,0.0,0.0,0.0,17.87212868816523,8.757343057200979,1.03125,2026-09-16 23:30:58 UTC,"6h decay + 100 licenses, 20% fresh-funded"
25.0,9.583989395554606e-05,0.8372874564032421,2129.3600895150325,9.175648530897083,111.7189937774005,1104100.4690008422,1199,64832175.52331801,1.4097167877480388e-11,2.9802322387695312e-08,902.3897213322176,878.3286923953456,875.4985076365153,1170.8961335327729,0.0,24.061028936871836,100,0.0,0.0,0.0,18.0477944266443,8.843419269055723,1.0416666666666667,2026-09-16 23:45:58 UTC,"6h decay + 100 licenses, 20% fresh-funded"
25.25,9.62378911924362e-05,0.8407644854396664,2135.842634270827,9.213694680799144,111.7189937774005,1111392.135667509,1199,64899460.95839399,1.432454155292362e-11,2.9802322387695312e-08,911.1730082561711,887.111979319299,884.0200526101349,1172.935133750598,0.0,24.061028936871836,100,0.0,0.0,0.0,18.223460165123367,8.929495480910466,1.0520833333333333,2026-09-17 00:00:58 UTC,"6h decay + 100 licenses, 20% fresh-funded"
25.5,9.663978061706572e-05,0.8442755178523221,2142.3749871862037,9.252112537523603,111.7189937774005,1118683.8023341757,1199,64966989.031148,1.432454155292362e-11,2.9802322387695312e-08,919.9562951801246,895.8952662432525,892.5415975837545,1174.924325808841,0.0,24.061028936871836,100,0.0,0.0,0.0,18.399125903602435,9.01557169276521,1.0625,2026-09-17 00:15:58 UTC,"6h decay + 100 licenses, 20% fresh-funded"
25.75,9.704550359089497e-05,0.8478200413564844,2148.955887755088,9.29089648588939,111.7189937774005,1125975.4690008424,1199,65034741.88706159,1.432454155292362e-11,2.9802322387695312e-08,928.7395821040781,904.678553167206,901.0631425573741,1176.8649702135765,0.0,24.061028936871836,100,0.0,0.0,0.0,18.574791642081504,9.101647904619954,1.0729166666666667,2026-09-17 00:30:58 UTC,"6h decay + 100 licenses, 20% fresh-funded"
26.0,9.74545885834648e-05,0.8513939365137599,2155.5841191104873,9.330030051791868,111.7189937774005,1133267.1356675092,1199,65102702.477581985,1.4551915228366852e-11,2.9802322387695312e-08,937.5228690280316,913.4618400911595,909.5846875309937,1178.758283831797,0.0,24.061028936871836,100,0.0,0.0,0.0,18.750457380560572,9.187724116474698,1.0833333333333333,2026-09-17 00:45:58 UTC,"6h decay + 100 licenses, 20% fresh-funded"
26.25,9.786729359147545e-05,0.8549994572644654,2162.2584890691314,9.36948779682219,111.7189937774005,1140558.802334176,1199,65170854.357557006,1.4779288903810084e-11,2.9802322387695312e-08,946.306155951985,922.245127015113,918.1062325046133,1180.6054588467725,0.0,24.061028936871836,100,0.0,0.0,0.0,18.92612311903964,9.273800328329441,1.09375,2026-09-17 01:00:58 UTC,"6h decay + 100 licenses, 20% fresh-funded"
26.5,9.97494175969393e-05,0.871442284526996,2192.5200411761016,9.549397700682139,111.7189937774005,196783.1946689993,1299,65239181.41081095,1.4779288903810084e-11,2.9802322387695312e-08,979.354752889013,931.0284139390665,950.1699812529178,1182.407655488107,0.0,48.326338949946276,200,0.0,0.0,0.0,19.5870950577802,9.597676578312315,1.1041666666666667,2026-09-17 01:15:58 UTC,"6h decay + 100 licenses, 20% fresh-funded"
26.75,0.00010017086237774477,0.8751241586816014,2199.2570941580993,9.589681834684239,111.7189937774005,204074.86133566595,1299,65306399.111052215,1.4779288903810084e-11,2.9802322387695312e-08,988.1380398129664,939.81170086302,958.6915262265373,1184.1921474797289,0.0,48.326338949946276,200,0.0,0.0,0.0,19.76276079625927,9.683752790167059,1.1145833333333333,2026-09-17 01:30:58 UTC,"6h decay + 100 licenses, 20% fresh-funded"
27.0,0.00010059592352921939,0.8788376265877647,2206.0376171325593,9.630311244674662,111.7189937774005,211366.5280023326,1299,65373770.80043961,1.4551915228366852e-11,4.470348358154297e-08,996.9213267369199,948.5949877869734,967.213071200157,1185.9331694788882,0.0,48.326338949946276,200,0.0,0.0,0.0,19.938426534738337,9.769829002021803,1.125,2026-09-17 01:45:58 UTC,"6h decay + 100 licenses, 20% fresh-funded"
27.25,0.00010102454986107302,0.8825822410310115,2212.860520889168,9.671281028379953,111.7189937774005,218658.19466899926,1299,65441281.86729273,1.5234036254696548e-11,4.470348358154297e-08,1005.7046136608734,957.3782747109269,975.7346161737765,1187.6318106958995,0.0,48.326338949946276,200,0.0,0.0,0.0,20.114092273217405,9.855905213876547,1.1354166666666667,2026-09-17 02:00:58 UTC,"6h decay + 100 licenses, 20% fresh-funded"
27.5,0.00010145669155701018,0.8863575668005166,2219.7247455492175,9.712586414999741,111.7189937774005,225949.86133566592,1299,65508918.19629406,1.4779288903810084e-11,2.9802322387695312e-08,1014.4879005848269,966.1615616348804,984.2561611473961,1189.2891310094694,0.0,48.326338949946276,200,0.0,0.0,0.0,20.289758011696474,9.94198142573129,1.1458333333333333,2026-09-17 02:15:58 UTC,"6h decay + 100 licenses, 20% fresh-funded"
27.75,0.00010189230012848949,0.8901631802851322,2226.6292596608637,9.754222760788197,111.7189937774005,233241.52800233258,1299,65576666.1534435,1.4779288903810084e-11,2.9802322387695312e-08,1023.2711875087804,974.9448485588339,992.7777061210157,1190.906161871443,0.0,48.326338949946276,200,0.0,0.0,0.0,20.465423750175542,10.028057637586034,1.15625,2026-09-17 02:30:58 UTC,"6h decay + 100 licenses, 20% fresh-funded"
28.0,0.00010233132837044593,0.8939986690865638,2233.5730593280496,9.796185544818986,111.7189937774005,240533.19466899923,1299,65644512.5714521,1.5006662579253316e-11,2.9802322387695312e-08,1032.0544744327337,983.7281354827874,1001.2992510946353,1192.4839071778767,0.0,48.326338949946276,200,0.0,0.0,0.0,20.64108948865461,10.114133849440778,1.1666666666666667,2026-09-17 02:45:58 UTC,"6h decay + 100 licenses, 20% fresh-funded"
28.25,0.00010277373031887826,0.8978636316488404,2240.5551673715995,9.83847036492401,111.7189937774005,247824.8613356659,1299,65712444.735562995,1.5234036254696548e-11,2.9802322387695312e-08,1040.8377613566872,992.5114224067408,1009.8207960682549,1194.0233441079465,0.0,48.326338949946276,200,0.0,0.0,0.0,20.81675522713368,10.200210061295522,1.1770833333333333,2026-09-17 03:00:58 UTC,"6h decay + 100 licenses, 20% fresh-funded"
28.5,0.00010321705618391692,0.9017366658371729,2247.574685788058,9.881057040002206,111.7189937774005,255116.52800233255,1299,65780451.04883938,1.5234036254696548e-11,2.9802322387695312e-08,1049.6210482806407,1001.2947093306943,1018.3423410418745,1195.5253706651076,0.0,48.326338949946276,200,0.0,0.0,0.0,20.992420965612748,10.286286273150266,1.1875,2026-09-17 03:15:58 UTC,"6h decay + 100 licenses, 20% fresh-funded"
28.75,0.00010365426635490145,0.9055562713987887,2254.6308002067935,9.923427103423291,111.7189937774005,262408.19466899923,1299,65848525.88351095,1.4779288903810084e-11,2.9802322387695312e-08,1058.4043352045942,1010.0779962546478,1026.8638860154942,1196.9908012199915,0.0,48.326338949946276,200,0.0,0.0,0.0,21.168086704091817,10.37236248500501,1.1979166666666667,2026-09-17 03:30:58 UTC,"6h decay + 100 licenses, 20% fresh-funded"
29.0,0.00010409461874961448,0.9094033284151639,2261.722600812371,9.965543561597627,111.7189937774005,269699.8613356659,1299,65916660.173300646,1.432454155292362e-11,2.9802322387695312e-08,1067.1876221285477,1018.8612831786013,1035.385430989114,1198.420545588033,0.0,48.326338949946276,200,0.0,0.0,0.0,21.343752442570885,10.458438696859753,1.2083333333333333,2026-09-17 03:45:58 UTC,"6h decay + 100 licenses, 20% fresh-funded"
29.25,0.00010453807227608926,0.9132774778939533,2268.849201725956,10.007932457498354,111.7189937774005,276991.5280023326,1299,65984842.79952332,1.3869794202037156e-11,2.9802322387695312e-08,1075.9709090525012,1027.6445701025548,1043.9069759627337,1199.8154896480676,0.0,48.326338949946276,200,0.0,0.0,0.0,21.519418181049954,10.544514908714497,1.21875,2026-09-17 04:00:58 UTC,"6h decay + 100 licenses, 20% fresh-funded"
29.5,0.00010498458689240957,0.9171783700163832,2276.0097402990464,10.050613538632296,111.7189937774005,284283.1946689993,1299,66053063.03027062,1.3869794202037156e-11,2.9802322387695312e-08,1084.7541959764546,1036.4278570265083,1052.4285209363534,1201.1764960485968,0.0,48.326338949946276,200,0.0,0.0,0.0,21.695083919529022,10.63059112056924,1.2291666666666667,2026-09-17 04:15:58 UTC,"6h decay + 100 licenses, 20% fresh-funded"
29.75,0.00010543412357393533,0.921105663850924,2283.203376431978,10.09358306707098,111.7189937774005,291574.861335666,1299,66121310.50862926,1.3869794202037156e-11,2.9802322387695312e-08,1093.5374829004081,1045.2111439504617,1060.950065909973,1202.5044048892848,0.0,48.326338949946276,200,0.0,0.0,0.0,21.87074965800809,10.716667332423985,1.2395833333333333,2026-09-17 04:30:58 UTC,"6h decay + 100 licenses, 20% fresh-funded"
30.0,0.00010588664428182087,0.9250590270782563,2290.429291916154,10.13683739923034,111.7189937774005,298866.52800233266,1299,66189575.24124491,1.3869794202037156e-11,2.9802322387695312e-08,1102.3207698243616,1053.9944308744152,1069.4716108835928,1203.8000343787287,0.0,48.326338949946276,200,0.0,0.0,0.0,22.04641539648716,10.802743544278728,1.25,2026-09-17 04:45:58 UTC,"6h decay + 100 licenses, 20% fresh-funded"
30.25,0.00010634211193276473,0.9290381357269952,2297.686689798999,10.18037298298147,111.7189937774005,306158.19466899935,1299,66257847.58722184,1.3869794202037156e-11,2.9802322387695312e-08,1111.104056748315,1062.7777177983687,1077.9931558572125,1205.0641814695034,0.0,48.326338949946276,200,0.0,0.0,0.0,22.222081134966228,10.888819756133472,1.2604166666666667,2026-09-17 05:00:58 UTC,"6h decay + 100 licenses, 20% fresh-funded"
30.5,0.00010680049036993313,0.9330426739196694,2304.974793770696,10.224186354869033,111.7189937774005,313449.86133566604,1299,66326118.24734878,1.3869794202037156e-11,2.9802322387695312e-08,1119.8873436722686,1071.5610047223222,1086.5147008308322,1206.297622471426,0.0,48.326338949946276,200,0.0,0.0,0.0,22.397746873445296,10.974895967988216,1.2708333333333333,2026-09-17 05:15:58 UTC,"6h decay + 100 licenses, 20% fresh-funded"
30.75,0.00010726174433500437,0.9370723336284912,2312.2928475718286,10.26827413742889,111.7189937774005,320741.5280023327,1299,66394378.253642,1.3869794202037156e-11,2.9802322387695312e-08,1128.670630596222,1080.3442916462757,1095.036245804452,1207.5011136439132,0.0,48.326338949946276,200,0.0,0.0,0.0,22.573412611924365,11.06097217984296,1.28125,2026-09-17 05:30:58 UTC,"6h decay + 100 licenses, 20% fresh-funded"
31.0,0.00010772572780019454,0.9411258391088126,2319.6401157540163,10.31262995747687,111.7189937774005,328033.1946689994,1299,66462619.00129932,1.3415046851150692e-11,2.9802322387695312e-08,1137.4539175201755,1089.1275785702292,1103.5577907780716,1208.6753904353448,0.0,48.326338949946276,200,0.0,0.0,0.0,22.749078350403433,11.147048391697703,1.2916666666666667,2026-09-17 05:45:58 UTC,"6h decay + 100 licenses, 20% fresh-funded"
31.25,0.00010819249647590035,0.9452036770641812,2327.0158805066785,10.357245640441851,111.7189937774005,335324.8613356661,1299,66530832.20852385,1.2960299500264227e-11,2.9802322387695312e-08,1146.237204444129,1097.9108654941826,1112.0793357516914,1209.8211706563018,0.0,48.326338949946276,200,0.0,0.0,0.0,22.924744088882502,11.233124603552447,1.3020833333333333,2026-09-17 06:00:58 UTC,"6h decay + 100 licenses, 20% fresh-funded"
31.5,0.00010866203902795983,0.9493057484757932,2334.419442293977,10.402124366329558,111.7189937774005,342616.5280023328,1299,66599009.84145727,1.2505552149377763e-11,4.470348358154297e-08,1155.0204913680825,1106.6941524181361,1120.600880725311,1210.9391538426223,0.0,48.326338949946276,200,0.0,0.0,0.0,23.10040982736157,11.319200815407191,1.3125,2026-09-17 06:15:58 UTC,"6h decay + 100 licenses, 20% fresh-funded"
31.75,0.0001091343235353809,0.9534317744718223,2341.850119455579,10.447264708007182,111.7189937774005,349908.19466899947,1299,66667144.157528326,1.2505552149377763e-11,4.470348358154297e-08,1163.803778292036,1115.4774393420896,1129.1224256989308,1212.0300216546404,0.0,48.326338949946276,200,0.0,0.0,0.0,23.27607556584064,11.405277027261935,1.3229166666666667,2026-09-17 06:30:58 UTC,"6h decay + 100 licenses, 20% fresh-funded"
32.0,0.00010960925674874389,0.9575809403960099,2349.307248505202,10.492663237227498,111.7189937774005,357199.86133566615,1299,66735227.70908541,1.2505552149377763e-11,4.470348358154297e-08,1172.5870652159895,1124.260726266043,1137.6439706725505,1213.0944375786369,0.0,48.326338949946276,200,0.0,0.0,0.0,23.451741304319707,11.491353239116679,1.3333333333333333,2026-09-17 06:45:58 UTC,"6h decay + 100 licenses, 20% fresh-funded"
32.25,0.00011008664881874191,0.9617515876651015,2356.7901839002234,10.538304539740157,111.7189937774005,364491.52800233284,1299,66803253.44617334,1.2505552149377763e-11,5.960464477539063e-08,1181.370352139943,1133.0440131899966,1146.1655156461702,1214.1330471572353,0.0,48.326338949946276,200,0.0,0.0,0.0,23.627407042798776,11.577429450971422,1.34375,2026-09-17 07:00:58 UTC,"6h decay + 100 licenses, 20% fresh-funded"
32.5,0.00011056668960420184,0.9659453749455214,2364.29829453754,10.584185441264536,111.7189937774005,371783.1946689995,1299,66871214.50188018,1.2505552149377763e-11,5.960464477539063e-08,1190.1536390638964,1141.82730011395,1154.68706061979,1215.1464814935382,0.0,48.326338949946276,200,0.0,0.0,0.0,23.803072781277844,11.663505662826166,1.3541666666666667,2026-09-17 07:15:58 UTC,"6h decay + 100 licenses, 20% fresh-funded"
32.75,0.00011104935015283377,0.9701620493009591,2371.8309652890307,10.630315747602936,111.7189937774005,379074.8613356662,1299,66939104.21373521,1.2505552149377763e-11,5.960464477539063e-08,1198.93692598785,1150.6105870379035,1163.2086055934096,1216.1353557156674,0.0,48.326338949946276,200,0.0,0.0,0.0,23.978738519756913,11.74958187468091,1.3645833333333333,2026-09-17 07:30:58 UTC,"6h decay + 100 licenses, 20% fresh-funded"
33.0,0.00011153460220181982,0.9744013638185486,2379.3875965627362,10.676693257178595,111.7189937774005,386366.5280023329,1299,67006916.16921733,1.2505552149377763e-11,4.470348358154297e-08,1207.7202129118034,1159.393873961857,1171.7301505670293,1217.1002694155816,0.0,48.326338949946276,200,0.0,0.0,0.0,24.15440425823598,11.835658086535654,1.375,2026-09-17 07:45:58 UTC,"6h decay + 100 licenses, 20% fresh-funded"
33.25,0.00011202181325575659,0.9786577928195185,2386.967609467008,10.723302976238998,111.7189937774005,393658.1946689996,1299,67074644.36259987,1.2505552149377763e-11,4.470348358154297e-08,1216.5034998357569,1168.1771608858105,1180.251695540649,1218.0418014849295,0.0,48.326338949946276,200,0.0,0.0,0.0,24.33006999671505,11.921734298390398,1.3854166666666667,2026-09-17 08:00:58 UTC,"6h decay + 100 licenses, 20% fresh-funded"
33.5,0.00011251119476089842,0.9829331835648489,2394.570436395076,10.770096589721698,111.7189937774005,400949.86133566627,1299,67142283.30523103,1.2505552149377763e-11,4.470348358154297e-08,1225.2867867597104,1176.960447809764,1188.7732405142688,1218.9605195304814,0.0,48.326338949946276,200,0.0,0.0,0.0,24.50573573519412,12.007810510245141,1.3958333333333333,2026-09-17 08:15:58 UTC,"6h decay + 100 licenses, 20% fresh-funded"
33.75,0.00011300308030928258,0.9872304504194963,2402.1955214731256,10.81710706921011,111.7189937774005,408241.52800233295,1299,67209827.32287915,1.2505552149377763e-11,4.470348358154297e-08,1234.0700736836638,1185.7437347337175,1197.2947854878885,1219.8569794260513,0.0,48.326338949946276,200,0.0,0.0,0.0,24.681401473673187,12.093886722099885,1.40625,2026-09-17 08:30:58 UTC,"6h decay + 100 licenses, 20% fresh-funded"
34.0,0.00011349744422159999,0.99154936904094,2409.84232275677,10.864353918392075,111.7189937774005,415533.19466899964,1299,67277270.92072657,1.2505552149377763e-11,4.470348358154297e-08,1242.8533606076173,1194.527021657671,1205.8163304615082,1220.7317231160266,0.0,48.326338949946276,200,0.0,0.0,0.0,24.857067212152256,12.179962933954629,1.4166666666666667,2026-09-17 08:45:58 UTC,"6h decay + 100 licenses, 20% fresh-funded"
34.25,0.00011399425792357333,0.9958896897953066,2417.5103119171176,10.911834729708943,111.7189937774005,422824.8613356663,1299,67344608.81798774,1.2505552149377763e-11,4.470348358154297e-08,1251.6366475315708,1203.3103085816244,1214.337875435128,1221.5852789292987,0.0,48.326338949946276,200,0.0,0.0,0.0,25.032732950631324,12.266039145809373,1.4270833333333333,2026-09-17 09:00:58 UTC,"6h decay + 100 licenses, 20% fresh-funded"
34.5,0.00011449342038220928,1.00025053002659,2425.198974300247,10.95954423101239,111.7189937774005,430116.528002333,1299,67411835.9713768,1.2505552149377763e-11,4.470348358154297e-08,1260.4199344555243,1212.093595505578,1222.8594204087476,1222.4181615197892,0.0,48.326338949946276,200,0.0,0.0,0.0,25.208398689110393,12.352115357664117,1.4375,2026-09-17 09:15:58 UTC,"6h decay + 100 licenses, 20% fresh-funded"
34.75,0.00011499498715407303,1.004632375094417,2432.9078075164593,11.007478494769401,111.7189937774005,437408.1946689997,1299,67478947.52867725,1.2505552149377763e-11,4.470348358154297e-08,1269.2032213794778,1220.8768824295314,1231.3809653823673,1223.2308732771965,0.0,48.326338949946276,200,0.0,0.0,0.0,25.38406442758946,12.43819156951886,1.4479166666666667,2026-09-17 09:30:58 UTC,"6h decay + 100 licenses, 20% fresh-funded"
35.0,0.00011549893486533697,1.0090350207976786,2440.6363216749423,11.05563929442691,111.7189937774005,444699.8613356664,1299,67545938.80911754,1.2050804798491299e-11,2.9802322387695312e-08,1277.9865083034313,1229.660169353485,1239.902510355987,1224.0239040923327,0.0,48.326338949946276,200,0.0,0.0,0.0,25.55973016606853,12.524267781373604,1.4583333333333333,2026-09-17 09:45:58 UTC,"6h decay + 100 licenses, 20% fresh-funded"
35.25,0.00011600524068061537,1.0134582676392625,2448.384039052528,11.104024940244258,111.7189937774005,451991.52800233307,1299,67612805.31990016,1.2050804798491299e-11,1.4901161193847656e-08,1286.7697952273847,1238.4434562774384,1248.4240553296067,1224.7977316883669,0.0,48.326338949946276,200,0.0,0.0,0.0,25.735395904547598,12.610343993228348,1.46875,2026-09-17 10:00:58 UTC,"6h decay + 100 licenses, 20% fresh-funded"
35.5,0.00011651385810107559,1.0179017093907428,2456.1504939454417,11.152632930908148,111.7189937774005,459283.19466899976,1299,67679542.75502697,1.2050804798491299e-11,2.9802322387695312e-08,1295.5530821513382,1247.2267432013919,1256.9456003032265,1225.5528217690728,0.0,48.326338949946276,200,0.0,0.0,0.0,25.911061643026667,12.696420205083092,1.4791666666666667,2026-09-17 10:15:58 UTC,"6h decay + 100 licenses, 20% fresh-funded"
35.75,0.0001170247617529662,1.0223651243790466,2463.9352321602214,11.201458676889402,111.7189937774005,466574.86133566644,1299,67746147.00350058,1.2050804798491299e-11,1.4901161193847656e-08,1304.3363690752917,1256.0100301253453,1265.4671452768462,1226.2896285279128,0.0,48.326338949946276,200,0.0,0.0,0.0,26.086727381505735,12.782496416937835,1.4895833333333333,2026-09-17 10:30:58 UTC,"6h decay + 100 licenses, 20% fresh-funded"
36.0,0.000117537957767945,1.0268485661722646,2471.737810570244,11.25050125564749,111.7189937774005,473866.5280023331,1299,67812614.10556768,1.2050804798491299e-11,2.9802322387695312e-08,1313.1196559992452,1264.7933170492988,1273.9886902504659,1227.0085950915097,0.0,48.326338949946276,200,0.0,0.0,0.0,26.262393119984804,12.86857262879258,1.5,2026-09-17 10:45:58 UTC,"6h decay + 100 licenses, 20% fresh-funded"
36.25,0.00011805342532825061,1.0313518528998862,2479.557796987978,11.299760384844385,111.7189937774005,481158.1946689998,1299,67878940.26266539,1.1596057447604835e-11,4.470348358154297e-08,1321.9029429231987,1273.5766039732523,1282.5102352240856,1227.7101536473954,0.0,48.326338949946276,200,0.0,0.0,0.0,26.438058858463872,12.954648840647323,1.5104166666666667,2026-09-17 11:00:58 UTC,"6h decay + 100 licenses, 20% fresh-funded"
36.5,0.0001185711440884305,1.035874806817639,2487.394769879951,11.349234114922446,111.7189937774005,488449.8613356665,1299,67945121.83639683,1.1596057447604835e-11,2.9802322387695312e-08,1330.6862298471522,1282.3598908972058,1291.0317801977053,1228.3947257290417,0.0,48.326338949946276,200,0.0,0.0,0.0,26.61372459694294,13.040725052502067,1.5208333333333333,2026-09-17 11:15:58 UTC,"6h decay + 100 licenses, 20% fresh-funded"
36.75,0.00011909066797197428,1.040413530860832,2495.248320594135,11.398908374411198,111.7189937774005,495741.5280023332,1299,68011155.470627,1.1141310096718371e-11,2.9802322387695312e-08,1339.4695167711056,1291.1431778211593,1299.553325171325,1229.0627199884773,0.0,48.326338949946276,200,0.0,0.0,0.0,26.78939033542201,13.12680126435681,1.53125,2026-09-17 11:30:58 UTC,"6h decay + 100 licenses, 20% fresh-funded"
37.0,0.00011961235220264909,1.044971128376017,2503.118048108684,11.44876566620957,111.7189937774005,503033.1946689999,1299,68077037.98718847,1.1141310096718371e-11,2.9802322387695312e-08,1348.2528036950591,1299.9264647451128,1308.0748701449447,1229.7145374475479,0.0,48.326338949946276,200,0.0,0.0,0.0,26.965056073901078,13.212877476211554,1.5416666666666667,2026-09-17 11:45:58 UTC,"6h decay + 100 licenses, 20% fresh-funded"
37.25,0.00012013622642439085,1.0495478583419418,2511.0035610929267,11.498826233720283,111.7189937774005,510324.86133566656,1299,68142766.19650917,1.1141310096718371e-11,4.470348358154297e-08,1357.0360906190126,1308.7097516690662,1316.5964151185644,1230.3505694369248,0.0,48.326338949946276,200,0.0,0.0,0.0,27.140721812380146,13.298953688066298,1.5520833333333333,2026-09-17 12:00:58 UTC,"6h decay + 100 licenses, 20% fresh-funded"
37.5,0.00012066227206821842,1.0541435585341465,2518.9044778152493,11.549093758514482,111.7189937774005,517616.52800233325,1299,68208337.04840563,1.1141310096718371e-11,2.9802322387695312e-08,1365.819377542966,1317.4930385930197,1325.1179600921841,1230.971197688222,0.0,48.326338949946276,200,0.0,0.0,0.0,27.316387550859215,13.385029899921042,1.5625,2026-09-17 12:15:58 UTC,"6h decay + 100 licenses, 20% fresh-funded"
37.75,0.00012118839160618156,1.0587399042887602,2526.8204375261826,11.599545532839414,111.7189937774005,524908.1946689999,1299,68273747.90512662,1.1141310096718371e-11,4.470348358154297e-08,1374.6026644669196,1326.2763255169732,1333.6395050658039,1231.5767829509084,0.0,48.326338949946276,200,0.0,0.0,0.0,27.492053289338283,13.471106111775786,1.5729166666666667,2026-09-17 12:30:58 UTC,"6h decay + 100 licenses, 20% fresh-funded"
38.0,0.00012171222199328013,1.0633162513014554,2534.7510965508973,11.649886076857523,111.7189937774005,532199.8613356665,1299,68338998.6478384,1.1141310096718371e-11,4.470348358154297e-08,1383.385951390873,1335.0596124409267,1342.1610500394236,1232.1676688998134,0.0,48.326338949946276,200,0.0,0.0,0.0,27.667719027817352,13.55718232363053,1.5833333333333333,2026-09-17 12:45:58 UTC,"6h decay + 100 licenses, 20% fresh-funded"
38.25,0.00012223813251634283,1.0679107710361613,2542.6960988965884,11.700149866197407,111.7189937774005,539491.5280023331,1299,68404087.38769075,1.1141310096718371e-11,5.960464477539063e-08,1392.1692383148265,1343.8428993648802,1350.6825950130433,1232.744211527742,0.0,48.326338949946276,200,0.0,0.0,0.0,27.84338476629642,13.643258535485273,1.59375,2026-09-17 13:00:58 UTC,"6h decay + 100 licenses, 20% fresh-funded"
38.5,0.00012276610625373613,1.072523315660165,2550.6550972856367,11.750602543640575,111.7189937774005,546783.1946689998,1299,68469011.55146687,1.0686562745831907e-11,5.960464477539063e-08,1400.95252523878,1352.6261862888337,1359.204139986663,1233.306758112313,0.0,48.326338949946276,200,0.0,0.0,0.0,28.01905050477549,13.729334747340017,1.6041666666666667,2026-09-17 13:15:58 UTC,"6h decay + 100 licenses, 20% fresh-funded"
38.75,0.00012329612666122348,1.077153740637813,2558.6277529337453,11.801250262972216,111.7189937774005,554074.8613356664,1299,68533768.68586397,1.1141310096718371e-11,7.450580596923828e-08,1409.7358121627335,1361.4094732127871,1367.7256849602827,1233.8556474378245,0.0,48.326338949946276,200,0.0,0.0,0.0,28.194716243254557,13.815410959194761,1.6145833333333333,2026-09-17 13:30:58 UTC,"6h decay + 100 licenses, 20% fresh-funded"
39.0,0.00012382806589060266,1.0818009290470008,2566.613735841034,11.852089106895155,111.7189937774005,561366.528002333,1299,68598356.47759321,1.1596057447604835e-11,7.450580596923828e-08,1418.519099086687,1370.1927601367406,1376.2472299339024,1234.3912095041558,0.0,48.326338949946276,200,0.0,0.0,0.0,28.370381981733626,13.901487171049505,1.625,2026-09-17 13:45:58 UTC,"6h decay + 100 licenses, 20% fresh-funded"
39.25,0.00012436196682712888,1.0864652555468057,2574.612723738885,11.903110330902905,111.7189937774005,568658.1946689996,1299,68662772.76404597,1.1596057447604835e-11,5.960464477539063e-08,1427.3023860106405,1378.976047060694,1384.7687749075221,1234.9137665799246,0.0,48.326338949946276,200,0.0,0.0,0.0,28.546047720212695,13.987563382904248,1.6354166666666667,2026-09-17 14:00:58 UTC,"6h decay + 100 licenses, 20% fresh-funded"
39.5,0.00012489786604847833,1.0911470396913112,2582.624402017358,11.954318265404172,111.7189937774005,575949.8613356663,1299,68727015.43230979,1.1596057447604835e-11,7.450580596923828e-08,1436.085672934594,1387.7593339846476,1393.2903198811418,1235.4236332750713,0.0,48.326338949946276,200,0.0,0.0,0.0,28.721713458691763,14.073639594758992,1.6458333333333333,2026-09-17 14:15:58 UTC,"6h decay + 100 licenses, 20% fresh-funded"
39.75,0.000125435748432064,1.0958461493648408,2590.6484637334997,12.00571515416079,111.7189937774005,583241.5280023329,1299,68791082.47031593,1.2050804798491299e-11,7.450580596923828e-08,1444.8689598585474,1396.542620908601,1401.8118648547616,1235.9211165325498,0.0,48.326338949946276,200,0.0,0.0,0.0,28.89737919717083,14.159715806613736,1.65625,2026-09-17 14:30:58 UTC,"6h decay + 100 licenses, 20% fresh-funded"
40.0,0.00012597559793649737,1.1005624444247792,2598.6846094280654,12.057299578141723,111.7189937774005,590533.1946689995,1299,68854971.96786378,1.2050804798491299e-11,8.940696716308594e-08,1453.652246782501,1405.3259078325545,1410.3334098283813,1236.4065158116039,0.0,48.326338949946276,200,0.0,0.0,0.0,29.0730449356499,14.24579201846848,1.6666666666666667,2026-09-17 14:45:58 UTC,"6h decay + 100 licenses, 20% fresh-funded"
40.25,0.00012651736067499595,1.1052954540992466,2606.7325470653336,12.10906878858043,111.7189937774005,597824.8613356662,1299,68918682.12548125,1.2050804798491299e-11,7.450580596923828e-08,1462.4355337064544,1414.109194756508,1418.854954802001,1236.8801231479554,0.0,48.326338949946276,200,0.0,0.0,0.0,29.24871067412897,14.331868230323224,1.6770833333333333,2026-09-17 15:00:58 UTC,"6h decay + 100 licenses, 20% fresh-funded"
40.5,0.00012706106295152695,1.1100454081879734,2614.791991558281,12.161020500521609,111.7189937774005,605116.5280023328,1299,68982211.23636052,1.2050804798491299e-11,7.450580596923828e-08,1471.218820630408,1422.8924816804615,1427.3764997756207,1237.3422236286276,0.0,48.326338949946276,200,0.0,0.0,0.0,29.424376412608037,14.417944442177967,1.6875,2026-09-17 15:15:58 UTC,"6h decay + 100 licenses, 20% fresh-funded"
40.75,0.00012760669093378992,1.1148121858476325,2622.862664746187,12.213155305400074,111.7189937774005,612408.1946689994,1299,69045557.6758529,1.2050804798491299e-11,7.450580596923828e-08,1480.0021075543614,1431.675768604415,1435.8980447492404,1237.7930954143415,0.0,48.326338949946276,200,0.0,0.0,0.0,29.600042151087106,14.504020654032711,1.6979166666666667,2026-09-17 15:30:58 UTC,"6h decay + 100 licenses, 20% fresh-funded"
41.0,0.00012815423109326232,1.1195956688887962,2630.944295221705,12.265472258134837,111.7189937774005,619699.861335666,1299,69108719.90845,1.2050804798491299e-11,7.450580596923828e-08,1488.7853944783149,1440.4590555283685,1444.41958972286,1238.233009912443,0.0,48.326338949946276,200,0.0,0.0,0.0,29.775707889566174,14.590096865887455,1.7083333333333333,2026-09-17 15:45:58 UTC,"6h decay + 100 licenses, 20% fresh-funded"
41.25,0.00012870817328630097,1.1244350821087117,2639.036602048129,12.318019617470272,111.7189937774005,626991.5280023327,1299,69171695.95941286,1.2505552149377763e-11,5.960464477539063e-08,1497.5686814022683,1449.242342452322,1452.9411346964798,1238.662248059639,0.0,48.326338949946276,200,0.0,0.0,0.0,29.951373628045243,14.676173077742199,1.71875,2026-09-17 16:00:58 UTC,"6h decay + 100 licenses, 20% fresh-funded"
41.5,0.00012927193788291654,1.12936030693554,2647.1393031148777,12.371346672185886,111.7189937774005,634283.1946689993,1299,69234479.86420766,1.2505552149377763e-11,4.470348358154297e-08,1506.3519683262218,1458.0256293762754,1461.4626796700995,1239.0810919665103,0.0,48.326338949946276,200,0.0,0.0,0.0,30.12703936652431,14.762249289596943,1.7291666666666667,2026-09-17 16:15:58 UTC,"6h decay + 100 licenses, 20% fresh-funded"
41.75,0.00012983764259649665,1.134302481234361,2655.2521483528926,12.425374445828055,111.7189937774005,641574.8613356659,1299,69297069.18046878,1.2505552149377763e-11,4.470348358154297e-08,1515.1352552501753,1466.808916300229,1469.9842246437192,1239.489791702115,0.0,48.326338949946276,200,0.0,0.0,0.0,30.30270510500338,14.848325501451686,1.7395833333333333,2026-09-17 16:30:58 UTC,"6h decay + 100 licenses, 20% fresh-funded"
42.0,0.00013040527498733365,1.1392614963279757,2663.3748937202695,12.47960264695921,111.7189937774005,648866.5280023325,1299,69359462.77552213,1.2505552149377763e-11,5.960464477539063e-08,1523.9185421741288,1475.5922032241824,1478.505769617339,1239.888591308358,0.0,48.326338949946276,200,0.0,0.0,0.0,30.47837084348245,14.93440171330643,1.75,2026-09-17 16:45:58 UTC,"6h decay + 100 licenses, 20% fresh-funded"
42.25,0.00013097482288469648,1.1442372458890502,2671.507301053788,12.534013230438486,111.7189937774005,656158.1946689992,1299,69421659.59140736,1.2505552149377763e-11,5.960464477539063e-08,1532.7018290980823,1484.375490148136,1487.0273145909587,1240.277728948459,0.0,48.326338949946276,200,0.0,0.0,0.0,30.654036581961517,15.020477925161174,1.7604166666666667,2026-09-17 17:00:58 UTC,"6h decay + 100 licenses, 20% fresh-funded"
42.5,0.00013154606404376713,1.1492277883169557,2679.6491385496247,12.58860014897004,111.7189937774005,663449.8613356658,1299,69483658.68586068,1.2960299500264227e-11,7.450580596923828e-08,1541.4851160220358,1493.1587770720894,1495.5488595645784,1240.6574364262426,0.0,48.326338949946276,200,0.0,0.0,0.0,30.829702320440585,15.106554137015918,1.7708333333333333,2026-09-17 17:15:58 UTC,"6h decay + 100 licenses, 20% fresh-funded"
42.75,0.00013211913700587663,1.1542343339523327,2687.80017948704,12.643351734695479,111.7189937774005,670741.5280023324,1299,69545459.22820035,1.2505552149377763e-11,7.450580596923828e-08,1550.2684029459892,1501.9420639960429,1504.070404538198,1241.0279404624464,0.0,48.326338949946276,200,0.0,0.0,0.0,31.005368058919654,15.192630348870662,1.78125,2026-09-17 17:30:58 UTC,"6h decay + 100 licenses, 20% fresh-funded"
43.0,0.00013269408909243456,1.1592572962098986,2695.960202447612,12.69827686892513,111.7189937774005,678033.194668999,1299,69607060.37129775,1.2505552149377763e-11,7.450580596923828e-08,1559.0516898699427,1510.7253509199963,1512.5919495118178,1241.3894624754942,0.0,48.326338949946276,200,0.0,0.0,0.0,31.181033797398722,15.278706560725405,1.7916666666666667,2026-09-17 17:45:58 UTC,"6h decay + 100 licenses, 20% fresh-funded"
43.25,0.00013327090915008513,1.1642965776504293,2704.128991336994,12.753379826610667,111.7189937774005,685324.8613356657,1299,69668461.3301135,1.2505552149377763e-11,8.940696716308594e-08,1567.8349767938962,1519.5086378439498,1521.1134944854375,1241.7422185597318,0.0,48.326338949946276,200,0.0,0.0,0.0,31.35669953587779,15.36478277258015,1.8020833333333333,2026-09-17 18:00:58 UTC,"6h decay + 100 licenses, 20% fresh-funded"
43.5,0.00013385002989338993,1.1693559586044289,2712.3063339771193,12.808661845363718,111.7189937774005,692616.5280023323,1299,69729661.35518922,1.2505552149377763e-11,1.043081283569336e-07,1576.6182637178497,1528.2919247679033,1529.6350394590572,1242.0864208932264,0.0,48.326338949946276,200,0.0,0.0,0.0,31.53236527435686,15.450858984434893,1.8125,2026-09-17 18:15:58 UTC,"6h decay + 100 licenses, 20% fresh-funded"
43.75,0.00013443308873600107,1.1744497440325485,2720.4920195171153,12.864217954118125,111.7189937774005,699908.1946689989,1299,69790659.00612003,1.2050804798491299e-11,1.043081283569336e-07,1585.4015506418032,1537.0752116918568,1538.156584432677,1242.4222803268497,0.0,48.326338949946276,200,0.0,0.0,0.0,31.708031012835928,15.536935196289637,1.8229166666666667,2026-09-17 18:30:58 UTC,"6h decay + 100 licenses, 20% fresh-funded"
44.0,0.00013501799660254113,1.1795596831152517,2728.6858473947805,12.920075499749691,111.7189937774005,707199.8613356656,1299,69851453.30097657,1.2050804798491299e-11,1.043081283569336e-07,1594.1848375657567,1545.8584986158103,1546.6781294062966,1242.7499974228042,0.0,48.326338949946276,200,0.0,0.0,0.0,31.883696751314996,15.62301140814438,1.8333333333333333,2026-09-17 18:45:58 UTC,"6h decay + 100 licenses, 20% fresh-funded"
44.25,0.0001356047432590633,1.1846856864455604,2736.8876218583987,12.976122894792455,111.7189937774005,714491.5280023322,1299,69912043.70812626,1.2050804798491299e-11,8.940696716308594e-08,1602.9681244897101,1554.6417855397638,1555.1996743799164,1243.0697679328057,0.0,48.326338949946276,200,0.0,0.0,0.0,32.05936248979407,15.709087619999124,1.84375,2026-09-17 19:00:58 UTC,"6h decay + 100 licenses, 20% fresh-funded"
44.5,0.00013619331869068078,1.1898276665302736,2745.097151849843,13.032344333530444,111.7189937774005,721783.1946689988,1299,69972429.7504951,1.2050804798491299e-11,8.940696716308594e-08,1611.7514114136636,1563.4250724637172,1563.721219353536,1243.381782914981,0.0,48.326338949946276,200,0.0,0.0,0.0,32.23502822827314,15.795163831853868,1.8541666666666667,2026-09-17 19:15:58 UTC,"6h decay + 100 licenses, 20% fresh-funded"
44.75,0.00013678752224721949,1.195018815684412,2753.3142421343673,13.088801227241369,111.7189937774005,729074.8613356655,1299,70032610.46590202,1.2050804798491299e-11,8.940696716308594e-08,1620.534698337617,1572.2083593876707,1572.2427643271558,1243.6862376040765,0.0,48.326338949946276,200,0.0,0.0,0.0,32.410693966752206,15.881240043708612,1.8645833333333333,2026-09-17 19:30:58 UTC,"6h decay + 100 licenses, 20% fresh-funded"
45.0,0.00013738648918211805,1.2002515792100423,2761.5387050886393,13.14578411194254,111.7189937774005,736366.5280023321,1299,70092583.24367444,1.2050804798491299e-11,8.940696716308594e-08,1629.3179852615706,1580.9916463116242,1580.7643093007755,1243.9833196234242,0.0,48.326338949946276,200,0.0,0.0,0.0,32.586359705231274,15.967316255563356,1.875,2026-09-17 19:45:58 UTC,"6h decay + 100 licenses, 20% fresh-funded"
45.25,0.00013798729040355622,1.205500367639788,2769.770363816433,13.203166541806905,111.7189937774005,743658.1946689987,1299,70152347.51598074,1.1596057447604835e-11,7.450580596923828e-08,1638.101272185524,1589.7749332355777,1589.2858542743952,1244.2732058692498,0.0,48.326338949946276,200,0.0,0.0,0.0,32.76202544371034,16.0533924674181,1.8854166666666667,2026-09-17 20:00:58 UTC,"6h decay + 100 licenses, 20% fresh-funded"
45.5,0.0001385899167051936,1.210765100544164,2778.0090456473054,13.260723957762474,111.7189937774005,750949.8613356653,1299,70211903.04259154,1.1596057447604835e-11,7.450580596923828e-08,1646.8845591094776,1598.5582201595312,1597.807399248015,1244.5560690119971,0.0,48.326338949946276,200,0.0,0.0,0.0,32.93769118218941,16.13946867927284,1.8958333333333333,2026-09-17 20:15:58 UTC,"6h decay + 100 licenses, 20% fresh-funded"
45.75,0.00013919435907614055,1.2160456992012039,2786.2545820345194,13.318454147670673,111.7189937774005,758241.528002332,1299,70271249.62853067,1.1141310096718371e-11,5.960464477539063e-08,1655.667846033431,1607.3415070834847,1606.3289442216346,1244.8320775984023,0.0,48.326338949946276,200,0.0,0.0,0.0,33.11335692066848,16.225544891127583,1.90625,2026-09-17 20:30:58 UTC,"6h decay + 100 licenses, 20% fresh-funded"
46.0,0.00013980064577435465,1.221342410481313,2794.506808384052,13.376357300012545,111.7189937774005,765533.1946689986,1299,70330387.1142447,1.1596057447604835e-11,5.960464477539063e-08,1664.4511329573845,1616.1247940074381,1614.8504891952543,1245.10139622249,0.0,48.326338949946276,200,0.0,0.0,0.0,33.28902265914755,16.311621102982325,1.9166666666666667,2026-09-17 20:45:58 UTC,"6h decay + 100 licenses, 20% fresh-funded"
46.25,0.00014040873200116884,1.226654843009246,2802.765564105249,13.434433606512588,111.7189937774005,772824.8613356652,1299,70389315.38229501,1.1596057447604835e-11,7.450580596923828e-08,1673.234419881338,1624.9080809313916,1623.372034168874,1245.3641854749128,0.0,48.326338949946276,200,0.0,0.0,0.0,33.46468839762662,16.397697314837067,1.9270833333333333,2026-09-17 21:00:58 UTC,"6h decay + 100 licenses, 20% fresh-funded"
46.5,0.00014101860858460678,1.2319829166557332,2811.0306924411534,13.49268073394142,111.7189937774005,780116.5280023318,1299,70448034.36413664,1.1596057447604835e-11,5.960464477539063e-08,1682.0177068052915,1633.691367855345,1631.8935791424938,1245.620602112628,0.0,48.326338949946276,200,0.0,0.0,0.0,33.640354136105685,16.48377352669181,1.9375,2026-09-17 21:15:58 UTC,"6h decay + 100 licenses, 20% fresh-funded"
46.75,0.00014163026725413585,1.2373265591668,2819.3020403760465,13.551097371123456,111.7189937774005,787408.1946689985,1299,70506544.03028718,1.1141310096718371e-11,5.960464477539063e-08,1690.800993729245,1642.4746547792986,1640.4151241161135,1245.870799151354,0.0,48.326338949946276,200,0.0,0.0,0.0,33.816019874584754,16.56984973854655,1.9479166666666667,2026-09-17 21:30:58 UTC,"6h decay + 100 licenses, 20% fresh-funded"
47.0,0.0001422437173646493,1.2426858522697362,2827.579458514532,13.609682920133464,111.7189937774005,794699.8613356651,1299,70564844.38736087,1.1141310096718371e-11,7.450580596923828e-08,1699.5842806531984,1651.257941703252,1648.9366690897332,1246.1149259864885,0.0,48.326338949946276,200,0.0,0.0,0.0,33.99168561306382,16.655925950401294,1.9583333333333333,2026-09-17 21:45:58 UTC,"6h decay + 100 licenses, 20% fresh-funded"
47.25,0.00014285896371641344,1.248060837901178,2835.8628010089533,13.668438571435136,111.7189937774005,801991.5280023317,1299,70622935.46524662,1.0686562745831907e-11,7.450580596923828e-08,1708.367567577152,1660.0412286272056,1657.458214063353,1246.3531284656863,0.0,48.326338949946276,200,0.0,0.0,0.0,34.16735135154289,16.742002162256036,1.96875,2026-09-17 22:00:58 UTC,"6h decay + 100 licenses, 20% fresh-funded"
47.5,0.00014347596861219038,1.253451186726199,2844.151925541675,13.727363533079705,111.7189937774005,809283.1946689984,1299,70680817.33958219,1.0686562745831907e-11,7.450580596923828e-08,1717.1508545011054,1668.824515551159,1665.9797590369726,1246.585548906584,0.0,48.326338949946276,200,0.0,0.0,0.0,34.34301709002196,16.828078374110778,1.9791666666666667,2026-09-17 22:15:58 UTC,"6h decay + 100 licenses, 20% fresh-funded"
47.75,0.00014409472446003313,1.2588568324191627,2852.446693190186,13.786455162370926,111.7189937774005,816574.861335665,1299,70738490.12350485,9.777068044058979e-12,7.450580596923828e-08,1725.934141425059,1677.6078024751125,1674.5013040105923,1246.812326231692,0.0,48.326338949946276,200,0.0,0.0,0.0,34.51868282850103,16.91415458596552,1.9895833333333333,2026-09-17 22:30:58 UTC,"6h decay + 100 licenses, 20% fresh-funded"
48.0,0.00014471522382868485,1.2642777100582718,2860.746968345882,13.84571259574841,111.7189937774005,823866.5280023316,1299,70795953.96249104,9.777068044058979e-12,7.450580596923828e-08,1734.7174283490124,1686.391089399066,1683.022848984212,1247.0335960496157,0.0,48.326338949946276,200,0.0,0.0,0.0,34.694348566980096,17.00023079782026,2.0,2026-09-17 22:45:58 UTC,"6h decay + 100 licenses, 20% fresh-funded"
0.0,0.00011446474352696986,1.0,2424.757715411276,10.9568034823675,111.7189937774005,1326001.07666602,1099,68015931.403879,0.0,0.0,0.0,0.0,0.0,0.0,0.0,0.0,0,0.0,0.0,0.0,0.0,0.0,0.0,2026-09-15 22:45:58 UTC,"6h decay + 100 licenses, fully fresh-funded"
0.25,0.00011222184518116501,0.9804053346323501,2390.077224768818,10.74243693475728,111.7189937774005,1333292.7433326868,1099,67706098.06959711,8.526512829121202e-14,0.0,8.783286923953442,8.783286923953442,8.52154497361963,43.202035616077865,0.0,0.0,0,0.0,0.0,0.0,0.17566573847906886,0.08607621185474373,0.010416666666666666,2026-09-15 23:00:58 UTC,"6h decay + 100 licenses, fully fresh-funded"
0.5,0.00011012740616483997,0.9621076566592932,2357.4282870706993,10.542200285616186,111.7189937774005,1340584.4099993536,1099,67408681.81154436,1.7053025658242404e-13,0.0,17.566573847906884,17.566573847906884,17.04308994723926,84.37251828781609,0.0,0.0,0,0.0,0.0,0.0,0.3513314769581377,0.17215242370948747,0.020833333333333332,2026-09-15 23:15:58 UTC,"6h decay + 100 licenses, fully fresh-funded"
0.75,0.00010817115303728718,0.9450172140716866,2326.6789642318417,10.355205630616465,111.7189937774005,1347876.0766660203,1099,67123327.34068859,2.4158453015843406e-13,0.0,26.349860771860328,26.349860771860328,25.56463492085889,123.64338610029336,0.0,0.0,0,0.0,0.0,0.0,0.5269972154372066,0.2582286355642312,0.03125,2026-09-15 23:30:58 UTC,"6h decay + 100 licenses, fully fresh-funded"
1.0,0.00010634344742573671,0.9290498030136273,2297.707946597999,10.180500634585169,111.7189937774005,1355167.743332687,1099,66849687.82879337,7.958078640513122e-13,1.4901161193847656e-08,35.13314769581377,35.13314769581377,34.08617989447852,161.13594870775614,0.0,0.0,0,0.0,0.0,0.0,0.7026629539162754,0.34430484741897494,0.041666666666666664,2026-09-15 23:45:58 UTC,"6h decay + 100 licenses, fully fresh-funded"
1.25,0.00010463493523582746,0.9141237031748005,2270.4038429778043,10.017191352079463,111.7189937774005,1362459.4099993538,1099,66587424.20696755,3.979039320256561e-13,1.4901161193847656e-08,43.91643461976721,43.91643461976721,42.607724868098146,196.96159730157024,0.0,0.0,0,0.0,0.0,0.0,0.8783286923953443,0.43038105927371867,0.052083333333333336,2026-09-16 00:00:58 UTC,"6h decay + 100 licenses, fully fresh-funded"
1.5,0.00010303454089224334,0.9001421548458424,2244.66431113714,9.86339846405555,111.7189937774005,1369751.0766660206,1099,66336205.68604032,5.115907697472721e-13,1.4901161193847656e-08,52.69972154372065,52.69972154372065,51.12926984171777,231.22267411585426,0.0,0.0,0,0.0,0.0,0.0,1.0539944308744131,0.5164572711284624,0.0625,2026-09-16 00:15:58 UTC,"6h decay + 100 licenses, fully fresh-funded"
1.75,0.00010149928632421577,0.8867296880833948,2220.400537158056,9.716657727121856,111.7189937774005,1377042.7433326873,1099,66095709.836971425,5.684341886080801e-13,0.0,61.48300846767409,61.48300846767409,59.6508148153374,264.0079930685579,0.0,0.0,0,0.0,0.0,0.0,1.2296601693534819,0.6025334829832061,0.07291666666666667,2026-09-16 00:30:58 UTC,"6h decay + 100 licenses, fully fresh-funded"
2.0,0.00010006284917023278,0.8741805213293145,2197.5317896892843,9.579357343931088,111.7189937774005,1384334.409999354,1099,65865651.02124142,6.821210263296962e-13,1.4901161193847656e-08,70.26629539162754,70.26629539162754,68.17235978895702,295.39828551094934,0.0,0.0,0,0.0,0.0,0.0,1.4053259078325508,0.6886096948379499,0.08333333333333333,2026-09-16 00:45:58 UTC,"6h decay + 100 licenses, fully fresh-funded"
2.25,9.871829308980636e-05,0.8624340565315348,2175.976786975752,9.450834402756431,111.7189937774005,1391626.0766660208,1099,65645725.75354911,7.389644451905042e-13,2.9802322387695312e-08,79.04958231558098,79.04958231558098,76.69390476257665,325.47483319810135,0.0,0.0,0,0.0,0.0,0.0,1.5809916463116198,0.7746859066926937,0.09375,2026-09-16 01:00:58 UTC,"6h decay + 100 licenses, fully fresh-funded"
2.5,0.00010497974233606394,0.9171360464484762,2275.9321322952255,10.050150463316067,111.7189937774005,1398917.7433326875,1199,65435634.556872874,8.526512829121202e-13,1.4901161193847656e-08,211.7990581915551,87.83286923953442,205.48744625744672,354.313029373498,0.0,123.96618895202067,100,0.0,0.0,0.0,4.235981163831102,2.07563077027724,0.10416666666666667,2026-09-16 01:15:58 UTC,"6h decay + 100 licenses, fully fresh-funded"
2.75,0.000103656179075726,0.9055729815294857,2254.661636790282,9.923610766350635,111.7189937774005,1406209.4099993543,1199,65228852.34370038,4.547473508864641e-13,2.9802322387695312e-08,220.58234511550856,96.61615616348786,214.00899123106635,384.10506985206075,0.0,123.96618895202067,100,0.0,0.0,0.0,4.411646902310171,2.161706982131984,0.11458333333333333,2026-09-16 01:30:58 UTC,"6h decay + 100 licenses, fully fresh-funded"
3.0,0.0001023960593252761,0.8945641790666296,2234.5956021714537,9.802372562316487,111.7189937774005,1413501.076666021,1199,65031294.368547544,5.684341886080801e-13,1.4901161193847656e-08,229.365632039462,105.3994430874413,222.53053620468597,412.6926494445088,0.0,123.96618895202067,100,0.0,0.0,0.0,4.587312640789239,2.2477831939867277,0.125,2026-09-16 01:45:58 UTC,"6h decay + 100 licenses, fully fresh-funded"
3.25,0.0001012015266707044,0.8841283661013016,2215.6734273635943,9.688197047055278,111.7189937774005,1420792.7433326878,1199,64842696.983628795,6.821210263296962e-13,2.9802322387695312e-08,238.14891896341547,114.18273001139474,231.0520811783056,440.1363692259879,0.0,123.96618895202067,100,0.0,0.0,0.0,4.762978379268308,2.3338594058414714,0.13541666666666666,2026-09-16 02:00:58 UTC,"6h decay + 100 licenses, fully fresh-funded"
3.5,0.00010008183575089781,0.8743463940695138,2197.835131444816,9.581172186604576,111.7189937774005,1428084.4099993545,1199,64662809.951787025,7.389644451905042e-13,2.9802322387695312e-08,246.93220588736892,122.96601693534818,239.57362615192523,466.496210118386,0.0,123.96618895202067,100,0.0,0.0,0.0,4.938644117747376,2.4199356176962152,0.14583333333333334,2026-09-16 02:15:58 UTC,"6h decay + 100 licenses, fully fresh-funded"
3.75,9.903224584128011e-05,0.8651768465103529,2181.022834510851,9.480844577784632,111.7189937774005,1435376.0766660213,1199,64491373.043903366,7.958078640513122e-13,2.9802322387695312e-08,255.71549281132238,131.74930385930162,248.09517112554485,491.8300520259704,0.0,123.96618895202067,100,0.0,0.0,0.0,5.114309856226445,2.506011829550959,0.15625,2026-09-16 02:30:58 UTC,"6h decay + 100 licenses, fully fresh-funded"
4.0,9.804838614933352e-05,0.8565815388057165,2165.182720875763,9.386798477048638,111.7189937774005,1442667.743332688,1199,64328132.91415389,9.094947017729282e-13,2.9802322387695312e-08,264.49877973527583,140.53259078325507,256.6167160991645,516.1917106346782,0.0,123.96618895202067,100,0.0,0.0,0.0,5.289975594705513,2.592088041405703,0.16666666666666666,2026-09-16 02:45:58 UTC,"6h decay + 100 licenses, fully fresh-funded"
4.25,9.71262895552347e-05,0.8485258129491207,2150.264685205083,9.298619406190591,111.7189937774005,1449959.4099993547,1199,64172842.96746678,9.094947017729282e-13,2.9802322387695312e-08,273.28206665922926,149.31587770720853,265.13826107278413,539.6312912789781,0.0,123.96618895202067,100,0.0,0.0,0.0,5.465641333184582,2.6781642532604466,0.17708333333333334,2026-09-16 03:00:58 UTC,"6h decay + 100 licenses, fully fresh-funded"
4.5,9.62612134724176e-05,0.8409682362127235,2136.222089421229,9.215924139847694,111.7189937774005,1457251.0766660215,1199,64025263.178383105,1.0231815394945443e-12,1.4901161193847656e-08,282.0653535831827,158.09916463116198,273.6598060464038,562.1954320364516,0.0,123.96618895202067,100,0.0,0.0,0.0,5.64130707166365,2.7642404651151904,0.1875,2026-09-16 03:15:58 UTC,"6h decay + 100 licenses, fully fresh-funded"
4.75,9.545091727188379e-05,0.8338892337568896,2123.0114518303362,9.138464345431434,111.7189937774005,1464542.7433326882,1199,63885160.63107581,1.1368683772161603e-12,1.4901161193847656e-08,290.8486405071361,166.88245155511544,282.18135102002344,583.9276146009643,0.0,123.96618895202067,100,0.0,0.0,0.0,5.816972810142719,2.850316676969934,0.19791666666666666,2026-09-16 03:30:58 UTC,"6h decay + 100 licenses, fully fresh-funded"
5.0,9.469227401417545e-05,0.8272614876550554,2110.5920156324223,9.06594093458406,111.7189937774005,1471834.409999355,1199,63752308.27536441,1.1368683772161603e-12,1.4901161193847656e-08,299.63192743108954,175.6657384790689,290.7028959936431,604.8685957724979,0.0,123.96618895202067,100,0.0,0.0,0.0,5.9926385486217875,2.936392888824678,0.20833333333333334,2026-09-16 03:45:58 UTC,"6h decay + 100 licenses, fully fresh-funded"
5.25,9.398238749621053e-05,0.8210596957662047,2098.925619727286,8.99807729596078,111.7189937774005,1479126.0766660217,1199,63626484.90743412,1.1368683772161603e-12,2.9802322387695312e-08,308.41521435504296,184.44902540302235,299.22444096726275,625.0565366512537,0.0,123.96618895202067,100,0.0,0.0,0.0,6.168304287100856,3.0224691006794218,0.21875,2026-09-16 04:00:58 UTC,"6h decay + 100 licenses, fully fresh-funded"
5.5,9.331857718158196e-05,0.8152604400812247,2087.976518408096,8.934615195770816,111.7189937774005,1486417.7433326885,1199,63507475.32852241,1.2505552149377763e-12,2.9802322387695312e-08,317.1985012789964,193.2323123269758,307.7459859408824,644.5271829440635,0.0,123.96618895202067,100,0.0,0.0,0.0,6.3439700255799245,3.1085453125341656,0.22916666666666666,2026-09-16 04:15:58 UTC,"6h decay + 100 licenses, fully fresh-funded"
5.75,9.269830737564109e-05,0.8098415679741577,2077.711194459949,8.875316825804656,111.7189937774005,1493709.4099993552,1199,63395070.20483904,9.094947017729282e-13,1.4901161193847656e-08,325.9817882029498,202.01559925092926,316.26753091450206,663.3140518658297,0.0,123.96618895202067,100,0.0,0.0,0.0,6.519635764058993,3.1946215243889093,0.23958333333333334,2026-09-16 04:30:58 UTC,"6h decay + 100 licenses, fully fresh-funded"
6.0,9.211932795351823e-05,0.8047834216464508,2068.098186319045,8.81996508702306,111.7189937774005,1501001.076666022,1199,63289065.959015295,9.094947017729282e-13,2.9802322387695312e-08,334.76507512690324,210.7988861748827,324.7890758881217,681.4486049803536,0.0,123.96618895202067,100,0.0,0.0,0.0,6.6953015025380616,3.280697736243653,0.25,2026-09-16 04:45:58 UTC,"6h decay + 100 licenses, fully fresh-funded"
6.25,9.157949715010206e-05,0.8000672899644803,2059.107925418057,8.76835534729838,111.7189937774005,1508292.7433326887,1199,63189264.59360816,9.094947017729282e-13,2.9802322387695312e-08,343.54836205085667,219.58217309883617,333.31062086174137,698.9604108549611,0.0,123.96618895202067,100,0.0,0.0,0.0,6.87096724101713,3.366773948098397,0.2604166666666667,2026-09-16 05:00:58 UTC,"6h decay + 100 licenses, fully fresh-funded"
6.5,9.107682212067585e-05,0.795675762810027,2050.712596309438,8.720297224634393,111.7189937774005,1515584.4099993554,1199,63095473.54660172,1.0231815394945443e-12,2.9802322387695312e-08,352.3316489748101,228.36546002278962,341.832165835361,715.8772849371999,0.0,123.96618895202067,100,0.0,0.0,0.0,7.046632979496199,3.4528501599531407,0.2708333333333333,2026-09-16 05:15:58 UTC,"6h decay + 100 licenses, fully fresh-funded"
6.75,9.06094468045994e-05,0.7915926250535847,2042.8860090531969,8.675613396014057,111.7189937774005,1522876.0766660222,1199,63007505.581124954,1.1368683772161603e-12,2.9802322387695312e-08,361.1149358987635,237.14874694674307,350.3537108089807,732.2254171670609,0.0,123.96618895202067,100,0.0,0.0,0.0,7.222298717975267,3.5389263718078845,0.28125,2026-09-16 05:30:58 UTC,"6h decay + 100 licenses, fully fresh-funded"
7.0,9.01756405541666e-05,0.7878027572124833,2035.6034809442954,8.634138512264826,111.7189937774005,1530167.743332689,1199,62925178.65582179,9.094947017729282e-13,2.9802322387695312e-08,369.89822282271695,245.93203387069653,358.87525578260033,748.0294902495818,0.0,123.96618895202067,100,0.0,0.0,0.0,7.397964456454336,3.6250025836626283,0.2916666666666667,2026-09-16 05:45:58 UTC,"6h decay + 100 licenses, fully fresh-funded"
7.25,8.977378786248009e-05,0.7842920457103706,2028.8417284460427,8.595717913039055,111.7189937774005,1537459.4099993557,1199,62848315.797424234,9.094947017729282e-13,2.9802322387695312e-08,378.6815097466704,254.71532079464998,367.39680075622,763.3127877214542,0.0,123.96618895202067,100,0.0,0.0,0.0,7.573630194933404,3.711078795517372,0.3020833333333333,2026-09-16 06:00:58 UTC,"6h decay + 100 licenses, fully fresh-funded"
7.5,8.940237397266105e-05,0.781047257154744,2022.5787684386544,8.560207274248969,111.7189937774005,1544751.0766660224,1199,62776744.975552455,1.0231815394945443e-12,2.9802322387695312e-08,387.4647966706238,263.4986077186034,375.91834572983964,778.0972927024623,0.0,123.96618895202067,100,0.0,0.0,0.0,7.749295933412473,3.797155007372116,0.3125,2026-09-16 06:15:58 UTC,"6h decay + 100 licenses, fully fresh-funded"
7.75,8.905998999734474e-05,0.7780560830624731,2016.7938278265024,8.527472066653154,111.7189937774005,1552042.7433326892,1199,62710298.98111567,9.094947017729282e-13,1.4901161193847656e-08,396.2480835945772,272.28189464255684,384.4398907034593,792.4037782882338,0.0,123.96618895202067,100,0.0,0.0,0.0,7.924961671891541,3.8832312192268597,0.3229166666666667,2026-09-16 06:30:58 UTC,"6h decay + 100 licenses, fully fresh-funded"
8.0,8.874531585989484e-05,0.7753069908288828,2011.4672600444646,8.497385943815646,111.7189937774005,1559334.409999356,1199,62648815.30755089,1.1368683772161603e-12,2.9802322387695312e-08,405.03137051853065,281.06518156651026,392.96143567707895,806.2518910438914,0.0,123.96618895202067,100,0.0,0.0,0.0,8.10062741037061,3.9693074310816034,0.3333333333333333,2026-09-16 06:45:58 UTC,"6h decay + 100 licenses, fully fresh-funded"
8.25,8.845711192305092e-05,0.772789150592985,2006.580468492544,8.469830443283147,111.7189937774005,1566626.0766660227,1199,62592136.02524131,1.3642420526593924e-12,2.9802322387695312e-08,413.8146574424841,289.8484684904637,401.4829806506986,819.660227569432,0.0,123.96618895202067,100,0.0,0.0,0.0,8.276293148849678,4.055383642936347,0.34375,2026-09-16 07:00:58 UTC,"6h decay + 100 licenses, fully fresh-funded"
8.5,8.819421506815964e-05,0.7704924009844094,2002.1158366292489,8.444692802474036,111.7189937774005,1573917.7433326894,1199,62540107.66790189,1.7053025658242404e-12,1.4901161193847656e-08,422.5979443664375,298.6317554144171,410.00452562431826,832.6464044063471,0.0,123.96618895202067,100,0.0,0.0,0.0,8.451958887328747,4.141459854791091,0.3541666666666667,2026-09-16 07:15:58 UTC,"6h decay + 100 licenses, fully fresh-funded"
8.75,8.795553294502415e-05,0.7684071988882788,1998.0566635033254,8.42186568182282,111.7189937774005,1581209.4099993561,1199,62492581.120051146,2.0463630789890885e-12,1.4901161193847656e-08,431.38123129039093,307.41504233837054,418.5260705979379,845.2271225058905,0.0,123.96618895202067,100,0.0,0.0,0.0,8.627624625807815,4.227536066645834,0.3645833333333333,2026-09-16 07:30:58 UTC,"6h decay + 100 licenses, fully fresh-funded"
9.0,8.773997741743195e-05,0.7665240380044088,1994.38710506526,8.401252925039312,111.7189937774005,1588501.076666023,1199,62449411.50540856,2.2737367544323206e-12,2.9802322387695312e-08,440.16451821434435,316.19832926232397,427.04761557155757,857.4182259175759,0.0,123.96618895202067,100,0.0,0.0,0.0,8.803290364286884,4.313612278500578,0.375,2026-09-16 07:45:58 UTC,"6h decay + 100 licenses, fully fresh-funded"
9.25,8.754662088996831e-05,0.7648348145675163,1991.092120625385,8.382765489079288,111.7189937774005,1595792.7433326896,1199,62410458.08702792,2.2737367544323206e-12,1.4901161193847656e-08,448.9478051382978,324.9816161862774,435.5691605451772,869.2347553310706,0.0,123.96618895202067,100,0.0,0.0,0.0,8.978956102765952,4.399688490355322,0.3854166666666667,2026-09-16 08:00:58 UTC,"6h decay + 100 licenses, fully fresh-funded"
9.5,8.737458609338687e-05,0.7633318644775534,1988.1574190938702,8.366316617512386,111.7189937774005,1603084.4099993564,1199,62375584.17593792,2.3874235921539366e-12,2.9802322387695312e-08,457.7310920622512,333.7649031102308,444.0907055187969,880.691001836205,0.0,123.96618895202067,100,0.0,0.0,0.0,9.15462184124502,4.485764702210066,0.3958333333333333,2026-09-16 08:15:58 UTC,"6h decay + 100 licenses, fully fresh-funded"
9.75,8.722301522670073e-05,0.7620076937153097,1985.5694120205217,8.351824318410294,111.7189937774005,1610376.0766660231,1199,62344656.991923295,2.2737367544323206e-12,2.9802322387695312e-08,466.51437898620463,342.54819003418424,452.61225049241654,891.800553883173,0.0,123.96618895202067,100,0.0,0.0,0.0,9.33028757972409,4.5718409140648095,0.40625,2026-09-16 08:30:58 UTC,"6h decay + 100 licenses, fully fresh-funded"
10.0,8.709109903683639e-05,0.7608552323914152,1983.3151693096843,8.33921123747483,111.7189937774005,1617667.7433326899,1199,62317547.54805021,2.0463630789890885e-12,2.9802322387695312e-08,475.29766591015806,351.33147695813767,461.1337954660362,902.5763415676299,0.0,123.96618895202067,100,0.0,0.0,0.0,9.505953318203158,4.657917125919553,0.4166666666666667,2026-09-16 08:45:58 UTC,"6h decay + 100 licenses, fully fresh-funded"
10.25,8.697807348177356e-05,0.7598678055944801,1981.3823798008257,8.328404339443068,111.7189937774005,1624959.4099993566,1199,62294130.55927929,1.8189894035458565e-12,2.9802322387695312e-08,484.0809528341115,360.1147638820911,469.65534043965584,913.030676050108,0.0,123.96618895202067,100,0.0,0.0,0.0,9.681619056682226,4.743993337774297,0.4270833333333333,2026-09-16 09:00:58 UTC,"6h decay + 100 licenses, fully fresh-funded"
10.5,8.688321668984628e-05,0.7590391068265934,1979.759315145702,8.319334617758248,111.7189937774005,1632251.0766660233,1199,62274284.35768484,1.7053025658242404e-12,2.9802322387695312e-08,492.8642397580649,368.8980508060445,478.1768854132755,923.1752856788512,0.0,123.96618895202067,100,0.0,0.0,0.0,9.857284795161295,4.830069549629041,0.4375,2026-09-16 09:15:58 UTC,"6h decay + 100 licenses, fully fresh-funded"
10.75,8.680584609963029e-05,0.7583631730164786,1978.434795191734,8.311936821469361,111.7189937774005,1639542.74333269,1199,62257890.7964422,1.5916157281026244e-12,2.9802322387695312e-08,501.64752668201834,377.68133772999795,486.69843038689515,933.0213506064385,0.0,123.96618895202067,100,0.0,0.0,0.0,10.032950533640363,4.916145761483785,0.4479166666666667,2026-09-16 09:30:58 UTC,"6h decay + 100 licenses, fully fresh-funded"
11.0,8.674531582649511e-05,0.7578343615128655,1977.3981558232886,8.306149203754371,111.7189937774005,1646834.4099993568,1199,62244835.15596822,1.3642420526593924e-12,2.9802322387695312e-08,510.43081360597176,386.4646246539514,495.2199753605148,942.5795349485036,0.0,123.96618895202067,100,0.0,0.0,0.0,10.208616272119432,5.0022219733385285,0.4583333333333333,2026-09-16 09:45:58 UTC,"6h decay + 100 licenses, fully fresh-funded"
11.25,8.670101423538077e-05,0.7574473288795036,1976.6392190595807,8.301913290138083,111.7189937774005,1654126.0766660236,1199,62235006.052190326,1.1368683772161603e-12,1.4901161193847656e-08,519.2141005299252,395.2479115779048,503.74152033413446,951.8600166858309,0.0,123.96618895202067,100,0.0,0.0,0.0,10.3842820105985,5.088298185193272,0.46875,2026-09-16 10:00:58 UTC,"6h decay + 100 licenses, fully fresh-funded"
11.5,8.667236170142231e-05,0.7571970113312735,1976.148265226527,8.299173664631256,111.7189937774005,1661417.7433326903,1199,62228295.346918955,1.0231815394945443e-12,1.4901161193847656e-08,527.9973874538787,404.0311985018582,512.2630653077541,960.8725154925041,0.0,123.96618895202067,100,0.0,0.0,0.0,10.559947749077569,5.174374397048016,0.4791666666666667,2026-09-16 10:15:58 UTC,"6h decay + 100 licenses, fully fresh-funded"
11.75,8.665880854187584e-05,0.7570786066668427,1975.916007036553,8.297877772226744,111.7189937774005,1668709.409999357,1199,62224598.060296185,9.094947017729282e-13,2.9802322387695312e-08,536.7806743778322,412.81448542581165,520.7846102813737,969.6263186560975,0.0,123.96618895202067,100,0.0,0.0,0.0,10.735613487556638,5.26045060890276,0.4895833333333333,2026-09-16 10:30:58 UTC,"6h decay + 100 licenses, fully fresh-funded"
12.0,8.665983310443118e-05,0.7570875575675635,1975.933565425372,8.297975736324624,111.7189937774005,1676001.0766660238,1199,62223812.285292596,7.958078640513122e-13,2.9802322387695312e-08,545.5639613017856,421.5977723497651,529.3061552549933,978.130305240898,0.0,123.96618895202067,100,0.0,0.0,0.0,10.911279226035706,5.346526820757504,0.5,2026-09-16 10:45:58 UTC,"6h decay + 100 licenses, fully fresh-funded"
12.25,8.66749399984497e-05,0.7572195361450105,1976.1924470082354,8.29942018979452,111.7189937774005,1683292.7433326906,1199,62225839.10422338,6.821210263296962e-13,4.470348358154297e-08,554.3472482257391,430.3810592737185,537.8277002286129,986.3929686316542,0.0,123.96618895202067,100,0.0,0.0,0.0,11.086944964514775,5.432603032612247,0.5104166666666666,2026-09-16 11:00:58 UTC,"6h decay + 100 licenses, fully fresh-funded"
12.5,8.670365845696197e-05,0.7574704296308766,1976.6845230303097,8.302166118529575,111.7189937774005,1690584.4099993573,1199,62230582.507253475,1.0231815394945443e-12,2.9802322387695312e-08,563.1305351496926,439.16434619767193,546.3492452022325,994.4224375831998,0.0,123.96618895202067,100,0.0,0.0,0.0,11.262610702993843,5.518679244466991,0.5208333333333334,2026-09-16 11:15:58 UTC,"6h decay + 100 licenses, fully fresh-funded"
12.75,8.674554081841926e-05,0.7578363271130776,1977.4020096967838,8.306170716431238,111.7189937774005,1697876.076666024,1199,62237949.312861286,9.094947017729282e-13,2.9802322387695312e-08,571.9138220736461,447.94763312162536,554.8707901758521,1002.2264958903452,0.0,123.96618895202067,100,0.0,0.0,0.0,11.438276441472912,5.604755456321735,0.53125,2026-09-16 11:30:58 UTC,"6h decay + 100 licenses, fully fresh-funded"
13.0,8.680016111823062e-05,0.7583135072309756,1978.3374497782108,8.311393250874442,111.7189937774005,1705167.7433326908,1199,62247849.09022943,7.958078640513122e-13,2.9802322387695312e-08,580.6971089975996,456.7309200455788,563.3923351494717,1009.8126007825376,0.0,123.96618895202067,100,0.0,0.0,0.0,11.61394217995198,5.690831668176479,0.5416666666666666,2026-09-16 11:45:58 UTC,"6h decay + 100 licenses, fully fresh-funded"
13.25,8.686711378104415e-05,0.758898426750738,1979.4836953955062,8.3177949377867,111.7189937774005,1712459.4099993575,1199,62260194.083530486,1.1368683772161603e-12,2.9802322387695312e-08,589.480395921553,465.5142069695322,571.9138801230913,1017.1879001388622,0.0,123.96618895202067,100,0.0,0.0,0.0,11.789607918431049,5.776907880031223,0.5520833333333334,2026-09-16 12:00:58 UTC,"6h decay + 100 licenses, fully fresh-funded"
13.5,8.69460124055671e-05,0.7595877099491436,1980.8338918971456,8.325338825576198,111.7189937774005,1719751.0766660243,1199,62274899.138075426,9.094947017729282e-13,4.470348358154297e-08,598.2636828455065,474.29749389348564,580.4354250967109,1024.3592486108423,0.0,123.96618895202067,100,0.0,0.0,0.0,11.965273656910117,5.862984091885966,0.5625,2026-09-16 12:15:58 UTC,"6h decay + 100 licenses, fully fresh-funded"
13.75,8.703648863446633e-05,0.7603781387406773,1982.381462748403,8.333989687171133,111.7189937774005,1727042.743332691,1199,62291881.62829189,9.094947017729282e-13,4.470348358154297e-08,607.04696976946,483.08078081743906,588.9569700703305,1031.3332227332044,0.0,123.96618895202067,100,0.0,0.0,0.0,12.140939395389186,5.94906030374071,0.5729166666666666,2026-09-16 12:30:58 UTC,"6h decay + 100 licenses, fully fresh-funded"
14.0,8.713819110256416e-05,0.761266643488638,1984.1200953591224,8.343713919540871,111.7189937774005,1734334.4099993578,1199,62311061.387499206,6.821210263296962e-13,2.9802322387695312e-08,615.8302566934135,491.8640677413925,597.4785150439501,1038.1161350961045,0.0,123.96618895202067,100,0.0,0.0,0.0,12.316605133868254,6.035136515595454,0.5833333333333334,2026-09-16 12:45:58 UTC,"6h decay + 100 licenses, fully fresh-funded"
14.25,8.725078445715035e-05,0.762250294446277,1986.0437277825524,8.35447945010406,111.7189937774005,1741626.0766660245,1199,62332360.63944679,6.821210263296962e-13,2.9802322387695312e-08,624.613543617367,500.6473546653459,606.0000600175697,1044.714047646294,0.0,123.96618895202067,100,0.0,0.0,0.0,12.492270872347323,6.121212727450198,0.59375,2026-09-16 13:00:58 UTC,"6h decay + 100 licenses, fully fresh-funded"
14.5,8.737394844477792e-05,0.7633262937787575,1988.1465362232539,8.366255649483376,111.7189937774005,1748917.7433326913,1199,62355703.931582525,1.1368683772161603e-12,4.470348358154297e-08,633.3968305413205,509.43064158929934,614.5216049911893,1051.1327841792124,0.0,123.96618895202067,100,0.0,0.0,0.0,12.667936610826391,6.2072889393049415,0.6041666666666666,2026-09-16 13:15:58 UTC,"6h decay + 100 licenses, fully fresh-funded"
14.75,8.750737705940167e-05,0.7644919681210262,1990.4229232970574,8.379013250120549,111.7189937774005,1756209.409999358,1199,62381018.070017554,9.094947017729282e-13,4.470348358154297e-08,642.180117465274,518.2139285132528,623.0431499648089,1057.3779420790283,0.0,123.96618895202067,100,0.0,0.0,0.0,12.84360234930546,6.293365151159685,0.6145833333333334,2026-09-16 13:30:58 UTC,"6h decay + 100 licenses, fully fresh-funded"
15.0,8.765077778720164e-05,0.7657447619803527,1992.8675076728455,8.392724274129034,111.7189937774005,1763501.0766660247,1199,62408232.06393742,9.094947017729282e-13,2.9802322387695312e-08,650.9634043892274,526.9972154372063,631.5646949384285,1063.45490267686,0.0,123.96618895202067,100,0.0,0.0,0.0,13.019268087784528,6.379441363014429,0.625,2026-09-16 13:45:58 UTC,"6h decay + 100 licenses, fully fresh-funded"
15.25,8.780387088507534e-05,0.767082231433011,1995.4751140438593,8.407361964356578,111.7189937774005,1770792.7433326915,1199,62437277.06789706,9.094947017729282e-13,4.470348358154297e-08,659.7466913131809,535.7805023611597,640.0862399120481,1069.3688412794656,0.0,123.96618895202067,100,0.0,0.0,0.0,13.194933826263597,6.465517574869173,0.6354166666666666,2026-09-16 14:00:58 UTC,"6h decay + 100 licenses, fully fresh-funded"
15.5,8.796635107932507e-05,0.7685017095119658,1998.240762334348,8.422900411350062,111.7189937774005,1778084.4099993582,1199,62468086.31361336,9.094947017729282e-13,2.9802322387695312e-08,668.5299782371344,544.5637892851132,648.6077848856677,1075.1247379625966,0.0,123.96618895202067,100,0.0,0.0,0.0,13.370599564742665,6.551593786723917,0.6458333333333334,2026-09-16 14:15:58 UTC,"6h decay + 100 licenses, fully fresh-funded"
15.75,8.81379619371756e-05,0.7700009559398417,2001.1596569356489,8.439313284534817,111.7189937774005,1785376.076666025,1199,62500595.04786724,1.1368683772161603e-12,4.470348358154297e-08,677.3132651610879,553.3470762090667,657.1293298592873,1080.7273883349155,0.0,123.96618895202067,100,0.0,0.0,0.0,13.546265303221734,6.6376699985786605,0.65625,2026-09-16 14:30:58 UTC,"6h decay + 100 licenses, fully fresh-funded"
16.0,8.831849130164817e-05,0.771578117246546,2004.2271792665053,8.456576472595724,111.7189937774005,1792667.7433326917,1199,62534740.457972154,1.1368683772161603e-12,2.9802322387695312e-08,686.0965520850414,562.1303631330202,665.6508748329069,1086.1814109776785,0.0,123.96618895202067,100,0.0,0.0,0.0,13.721931041700802,6.723746210433404,0.6666666666666666,2026-09-16 14:45:58 UTC,"6h decay + 100 licenses, fully fresh-funded"
16.25,8.850770374356109e-05,0.7732311366487022,2007.4388798273412,8.474667597945754,111.7189937774005,1799959.4099993585,1199,62570461.63042157,1.3642420526593924e-12,2.9802322387695312e-08,694.8798390089948,570.9136500569737,674.1724198065265,1091.4912553904626,0.0,123.96618895202067,100,0.0,0.0,0.0,13.897596780179871,6.809822422288148,0.6770833333333334,2026-09-16 15:00:58 UTC,"6h decay + 100 licenses, fully fresh-funded"
16.5,8.870537348256718e-05,0.7749580416581868,2010.7904704651996,8.493567020147697,111.7189937774005,1807251.0766660252,1199,62607699.499628104,1.8189894035458565e-12,2.9802322387695312e-08,703.6631259329483,579.6969369809271,682.6939647801461,1096.6612097262241,0.0,123.96618895202067,100,0.0,0.0,0.0,14.07326251865894,6.895898634142892,0.6875,2026-09-16 15:15:58 UTC,"6h decay + 100 licenses, fully fresh-funded"
16.75,8.891128388681078e-05,0.7767569397109753,2014.277817068597,8.5132542436809,111.7189937774005,1814542.743332692,1199,62646396.79526678,2.0463630789890885e-12,2.9802322387695312e-08,712.4464128569018,588.4802239048806,691.2155097537657,1101.6954080964467,0.0,123.96618895202067,100,0.0,0.0,0.0,14.248928257138008,6.981974845997636,0.6979166666666666,2026-09-16 15:30:58 UTC,"6h decay + 100 licenses, fully fresh-funded"
17.0,8.912522700337955e-05,0.7786260140650219,2017.8969326644662,8.533709374335192,111.7189937774005,1821834.4099993587,1199,62686497.991017886,2.5011104298755527e-12,4.470348358154297e-08,721.2296997808553,597.2635108288341,699.7370547273853,1106.5978374741974,0.0,123.96618895202067,100,0.0,0.0,0.0,14.424593995617077,7.068051057852379,0.7083333333333334,2026-09-16 15:45:58 UTC,"6h decay + 100 licenses, fully fresh-funded"
17.25,8.934700311738868e-05,0.7805635199482799,2021.6439708914343,8.55491330551554,111.7189937774005,1829126.0766660254,1199,62727949.25467758,2.7284841053187847e-12,4.470348358154297e-08,730.0129867048088,606.0467977527876,708.2585997010049,1111.3723442208493,0.0,123.96618895202067,100,0.0,0.0,0.0,14.600259734096145,7.154127269707123,0.71875,2026-09-16 16:00:58 UTC,"6h decay + 100 licenses, fully fresh-funded"
17.5,8.957642034203831e-05,0.7825677809773153,2025.515219898581,8.57684767906883,111.7189937774005,1836417.7433326922,1199,62770698.40042051,2.7284841053187847e-12,4.470348358154297e-08,738.7962736287623,614.8300846767411,716.7801446746245,1116.022640187322,0.0,123.96618895202067,100,0.0,0.0,0.0,14.775925472575214,7.240203481561867,0.7291666666666666,2026-09-16 16:15:58 UTC,"6h decay + 100 licenses, fully fresh-funded"
17.75,8.981329104960412e-05,0.784637157977317,2029.5070965053458,8.599494802710574,111.7189937774005,1843709.409999359,1199,62814694.84210973,2.5011104298755527e-12,4.470348358154297e-08,747.5795605527157,623.6133716006946,725.3016896482441,1120.5523085541768,0.0,123.96618895202067,100,0.0,0.0,0.0,14.951591211054282,7.326279693416611,0.7395833333333334,2026-09-16 16:30:58 UTC,"6h decay + 100 licenses, fully fresh-funded"
18.0,9.005743928003301e-05,0.7867701137059196,2033.6161404454951,8.62283754621042,111.7189937774005,1851001.0766660257,1199,62859889.545622125,2.5011104298755527e-12,5.960464477539063e-08,756.3628474766692,632.396658524648,733.8232346218637,1124.964809587647,0.0,123.96618895202067,100,0.0,0.0,0.0,15.12725694953335,7.412355905271355,0.75,2026-09-16 16:45:58 UTC,"6h decay + 100 licenses, fully fresh-funded"
18.25,9.030869596794685e-05,0.7889651711548069,2037.8390092557327,8.646859578621472,111.7189937774005,1858292.7433326924,1199,62906234.982816964,2.7284841053187847e-12,4.470348358154297e-08,765.1461344006227,641.1799454486015,742.3447795954833,1129.2634857510293,0.0,123.96618895202067,100,0.0,0.0,0.0,15.30292268801242,7.498432117126098,0.7604166666666666,2026-09-16 17:00:58 UTC,"6h decay + 100 licenses, fully fresh-funded"
18.5,9.056689684832537e-05,0.7912208952530982,2042.1724733164394,8.671545344740952,111.7189937774005,1865584.4099993592,1199,62953685.089517996,2.7284841053187847e-12,4.470348358154297e-08,773.9294213245762,649.963232372555,750.8663245691029,1133.4515666639422,0.0,123.96618895202067,100,0.0,0.0,0.0,15.478588426491488,7.584508328980842,0.7708333333333334,2026-09-16 17:15:58 UTC,"6h decay + 100 licenses, fully fresh-funded"
18.75,9.083188374845239e-05,0.7935359041541978,2046.613411136571,8.696879739231353,111.7189937774005,1872876.076666026,1199,63002195.22332074,3.183231456205249e-12,2.9802322387695312e-08,782.7127082485297,658.7465192965085,759.3878695427225,1137.5321738174307,0.0,123.96618895202067,100,0.0,0.0,0.0,15.654254164970556,7.670584540835586,0.78125,2026-09-16 17:30:58 UTC,"6h decay + 100 licenses, fully fresh-funded"
19.0,9.110350429948501e-05,0.7959088667159723,2051.1588048792228,8.72284818251453,111.7189937774005,1880167.7433326927,1199,63051722.12242416,3.183231456205249e-12,4.470348358154297e-08,791.4959951724832,667.529806220462,767.909414516342,1141.5083250483985,0.0,123.96618895202067,100,0.0,0.0,0.0,15.829919903449625,7.75666075269033,0.7916666666666666,2026-09-16 17:45:58 UTC,"6h decay + 100 licenses, fully fresh-funded"
19.25,9.138161166439711e-05,0.7983385001239796,2055.8057361134834,8.749436623989343,111.7189937774005,1887459.4099993594,1199,63102223.86559145,3.410605131648481e-12,2.9802322387695312e-08,800.2792820964366,676.3130931444155,776.4309594899617,1145.3829387877577,0.0,123.96618895202067,100,0.0,0.0,0.0,16.005585641928693,7.8427369645450735,0.8020833333333334,2026-09-16 18:00:58 UTC,"6h decay + 100 licenses, fully fresh-funded"
19.5,9.166606428123458e-05,0.8008235676484653,2060.551381779167,8.776631517490777,111.7189937774005,1894751.0766660261,1199,63153659.83321205,4.092726157978177e-12,4.470348358154297e-08,809.0625690203901,685.096380068369,784.9525044635812,1149.1588380956941,0.0,123.96618895202067,100,0.0,0.0,0.0,16.181251380407762,7.928813176399817,0.8125,2026-09-16 18:15:58 UTC,"6h decay + 100 licenses, fully fresh-funded"
19.75,9.195672562069683e-05,0.8033628765265197,2065.39301035192,8.804419798116063,111.7189937774005,1902042.743332693,1199,63205990.669437654,4.092726157978177e-12,4.470348358154297e-08,817.8458559443436,693.8796669923224,793.4740494372008,1152.8387544965608,0.0,123.96618895202067,100,0.0,0.0,0.0,16.35691711888683,8.014889388254561,0.8229166666666666,2026-09-16 18:30:58 UTC,"6h decay + 100 licenses, fully fresh-funded"
20.0,9.225346395713008e-05,0.8059552759614018,2070.3279781970314,8.832788860340575,111.7189937774005,1909334.4099993596,1199,63259178.245365486,4.547473508864641e-12,4.470348358154297e-08,826.6291428682971,702.6629539162759,801.9955944108204,1156.4253316250697,0.0,123.96618895202067,100,0.0,0.0,0.0,16.5325828573659,8.100965600109305,0.8333333333333334,2026-09-16 18:45:58 UTC,"6h decay + 100 licenses, fully fresh-funded"
20.25,9.25561521520831e-05,0.8085996552316154,2075.35372610103,8.861726537322724,111.7189937774005,1916626.0766660264,1199,63313185.62324235,4.774847184307873e-12,2.9802322387695312e-08,835.4124297922506,711.4462408402294,810.51713938444,1159.9211286946907,0.0,123.96618895202067,100,0.0,0.0,0.0,16.708248595844967,8.187041811964049,0.84375,2026-09-16 19:00:58 UTC,"6h decay + 100 licenses, fully fresh-funded"
20.5,9.286466744963665e-05,0.8112949419028415,2080.467775970893,8.891221081342955,111.7189937774005,1923917.7433326931,1199,63367977.02166381,5.002220859751105e-12,4.470348358154297e-08,844.1957167162041,720.2295277641829,819.0386843580596,1163.3286237984476,0.0,123.96618895202067,100,0.0,0.0,0.0,16.883914334324036,8.273118023818792,0.8541666666666666,2026-09-16 19:15:58 UTC,"6h decay + 100 licenses, fully fresh-funded"
20.75,9.317889128469447e-05,0.8140401001531089,2085.6677277231042,8.921261145475382,111.7189937774005,1931209.4099993599,1199,63423517.78208414,5.002220859751105e-12,4.470348358154297e-08,852.9790036401575,729.0128146881364,827.5602293316792,1166.650217019856,0.0,123.96618895202067,100,0.0,0.0,0.0,17.059580072803104,8.359194235673536,0.8645833333333334,2026-09-16 19:30:58 UTC,"6h decay + 100 licenses, fully fresh-funded"
21.0,9.349869366653343e-05,0.816833994342577,2090.951256982503,8.95183552697897,111.7189937774005,1938501.0766660266,1199,63479774.3460263,5.002220859751105e-12,4.470348358154297e-08,861.762290564111,737.7961016120898,836.0817743052988,1169.888232734077,0.0,123.96618895202067,100,0.0,0.0,0.0,17.235245811282173,8.44527044752828,0.875,2026-09-16 19:45:58 UTC,"6h decay + 100 licenses, fully fresh-funded"
21.25,9.382396747079014e-05,0.8196756885991152,2096.316110849074,8.98293250284486,111.7189937774005,1945792.7433326934,1199,63536714.21529532,5.229594535194337e-12,4.470348358154297e-08,870.5455774880645,746.5793885360433,844.6033192789184,1173.0449238411256,0.0,123.96618895202067,100,0.0,0.0,0.0,17.41091154976124,8.531346659383024,0.8854166666666666,2026-09-16 20:00:58 UTC,"6h decay + 100 licenses, fully fresh-funded"
21.5,9.415461700995789e-05,0.8225643469665701,2101.7601056984536,9.014542176174642,111.7189937774005,1953084.40999936,1199,63594305.90644159,5.4569682106375694e-12,5.960464477539063e-08,879.328864412018,755.3626754599968,853.124864252538,1176.1224739653658,0.0,123.96618895202067,100,0.0,0.0,0.0,17.58657728824031,8.617422871237768,0.8958333333333334,2026-09-16 20:15:58 UTC,"6h decay + 100 licenses, fully fresh-funded"
21.75,9.449053873893606e-05,0.8254990648423762,2107.281124724756,9.046655588983803,111.7189937774005,1960376.0766660268,1199,63652518.93093503,5.002220859751105e-12,5.960464477539063e-08,888.1121513359715,764.1459623839503,861.6464092261576,1179.1229999126826,0.0,123.96618895202067,100,0.0,0.0,0.0,17.76224302671938,8.703499083092511,0.90625,2026-09-16 20:30:58 UTC,"6h decay + 100 licenses, fully fresh-funded"
22.0,9.483163247646367e-05,0.8284789670115297,2112.877115465383,9.079263171790249,111.7189937774005,1967667.7433326936,1199,63711323.76728681,5.002220859751105e-12,4.470348358154297e-08,896.895438259925,772.9292493079038,870.1679541997772,1182.048554145675,0.0,123.96618895202067,100,0.0,0.0,0.0,17.937908765198447,8.789575294947255,0.9166666666666666,2026-09-16 20:45:58 UTC,"6h decay + 100 licenses, fully fresh-funded"
22.25,9.517780126493929e-05,0.83150320642193,2118.5460874382156,9.112355644266744,111.7189937774005,1974959.4099993603,1199,63770691.83253393,5.229594535194337e-12,4.470348358154297e-08,905.6787251838784,781.7125362318573,878.6894991733968,1184.9011271464624,0.0,123.96618895202067,100,0.0,0.0,0.0,18.113574503677516,8.875651506801999,0.9270833333333334,2026-09-16 21:00:58 UTC,"6h decay + 100 licenses, fully fresh-funded"
22.5,9.552895123737714e-05,0.834570963022067,2124.2861098851517,9.145924021705323,111.7189937774005,1982251.076666027,1199,63830595.45453033,5.4569682106375694e-12,5.960464477539063e-08,914.4620121078319,790.4958231558107,887.2110441470164,1187.682649673146,0.0,123.96618895202067,100,0.0,0.0,0.0,18.289240242156584,8.961727718656743,0.9375,2026-09-16 21:15:58 UTC,"6h decay + 100 licenses, fully fresh-funded"
22.75,9.588499149108168e-05,0.8376814426574024,2130.09530961632,9.17995960293541,111.7189937774005,1989542.7433326938,1199,63891007.84502306,5.4569682106375694e-12,4.470348358154297e-08,923.2452990317854,799.2791100797642,895.732589120636,1190.3949949155976,0.0,123.96618895202067,100,0.0,0.0,0.0,18.464905980635653,9.047803930511487,0.9479166666666666,2026-09-16 21:30:58 UTC,"6h decay + 100 licenses, fully fresh-funded"
23.0,9.62458339676492e-05,0.8408338760220262,2135.97186894964,9.21445395885025,111.7189937774005,1996834.4099993606,1199,63951903.07349284,5.4569682106375694e-12,4.470348358154297e-08,932.0285859557389,808.0623970037177,904.2541340942556,1193.0399805558973,0.0,123.96618895202067,100,0.0,0.0,0.0,18.64057171911472,9.13388014236623,0.9583333333333334,2026-09-16 21:45:58 UTC,"6h decay + 100 licenses, fully fresh-funded"
23.25,9.661139333893152e-05,0.844027517662399,2141.9140237407314,9.249398921508082,111.7189937774005,2004126.0766660273,1199,64013256.04173843,5.6843418860808015e-12,4.470348358154297e-08,940.8118728796924,816.8456839276712,912.7756790678752,1195.6193707384255,0.0,123.96618895202067,100,0.0,0.0,0.0,18.81623745759379,9.219956354220974,0.96875,2026-09-16 22:00:58 UTC,"6h decay + 100 licenses, fully fresh-funded"
23.5,9.698158689994731e-05,0.8472616450417921,2147.9200615199716,9.284786573888805,111.7189937774005,2011417.743332694,1199,64075042.459406815,5.9117155615240335e-12,5.960464477539063e-08,949.5951598036459,825.6289708516247,921.2972240414948,1198.134877932805,0.0,123.96618895202067,100,0.0,0.0,0.0,18.991903196072858,9.306032566075718,0.9791666666666666,2026-09-16 22:15:58 UTC,"6h decay + 100 licenses, fully fresh-funded"
23.75,9.735604320796686e-05,0.8505330131196958,2153.988329328096,9.320603819434854,111.7189937774005,2018709.4099993608,1199,64137238.977366254,5.9117155615240335e-12,4.470348358154297e-08,958.3784467275993,834.4122577755782,929.8187690151144,1200.5881550983004,0.0,123.96618895202067,100,0.0,0.0,0.0,19.167568934551927,9.392108777930462,0.9895833333333334,2026-09-16 22:30:58 UTC,"6h decay + 100 licenses, fully fresh-funded"
24.0,9.773479434897533e-05,0.8538419022093675,2160.1172141899006,9.35682211658625,111.7189937774005,2026001.0766660275,1199,64199823.08725429,5.9117155615240335e-12,4.470348358154297e-08,967.1617336515528,843.1955446995316,938.340313988734,1202.9808152101155,0.0,123.96618895202067,100,0.0,0.0,0.0,19.343234673030995,9.478184989785206,1.0,2026-09-16 22:45:58 UTC,"6h decay + 100 licenses, fully fresh-funded"
24.25,9.811794052498305e-05,0.8571891877070844,2166.3051475481934,9.393447176705667,111.7189937774005,2033292.7433326943,1199,64262772.80014944,5.6843418860808015e-12,5.960464477539063e-08,975.9450205755063,851.9788316234851,946.8618589623536,1205.3144268254418,0.0,123.96618895202067,100,0.0,0.0,0.0,19.518900411510064,9.56426120163995,1.0104166666666667,2026-09-16 23:00:58 UTC,"6h decay + 100 licenses, fully fresh-funded"
24.5,9.850540857306844e-05,0.8605742304385531,2172.550605747969,9.430485032423535,111.7189937774005,2040584.409999361,1199,64326066.82140241,5.9117155615240335e-12,5.960464477539063e-08,984.7283074994598,860.7621185474386,955.3834039359732,1207.5905135992862,0.0,123.96618895202067,100,0.0,0.0,0.0,19.694566149989132,9.650337413494693,1.0208333333333333,2026-09-16 23:15:58 UTC,"6h decay + 100 licenses, fully fresh-funded"
24.75,9.889712748256893e-05,0.8639964100322914,2178.8521085184525,9.46792888542008,111.7189937774005,2047876.0766660278,1199,64389684.55057913,5.9117155615240335e-12,4.470348358154297e-08,993.5115944234133,869.5454054713921,963.9049489095928,1209.8105558024222,0.0,123.96618895202067,100,0.0,0.0,0.0,19.8702318884682,9.736413625349437,1.03125,2026-09-16 23:30:58 UTC,"6h decay + 100 licenses, fully fresh-funded"
25.0,9.929302268906898e-05,0.867455075070114,2185.2082176802705,9.50577204481766,111.7189937774005,2055167.7433326945,1199,64453606.063321225,6.366462912410498e-12,5.960464477539063e-08,1002.2948813473668,878.3286923953456,972.4264938832124,1211.9759916142243,0.0,123.96618895202067,100,0.0,0.0,0.0,20.04589762694727,9.82248983720418,1.0416666666666667,2026-09-16 23:45:58 UTC,"6h decay + 100 licenses, fully fresh-funded"
25.25,9.969302770369673e-05,0.8709496446843245,2191.617535485642,9.54400759808385,111.7189937774005,2062459.4099993613,1199,64517812.09183949,7.048583938740194e-12,5.960464477539063e-08,1011.0781682713202,887.111979319299,980.948038856832,1214.0882187824732,0.0,123.96618895202067,100,0.0,0.0,0.0,20.221563365426338,9.908566049058924,1.0520833333333333,2026-09-17 00:00:58 UTC,"6h decay + 100 licenses, fully fresh-funded"
25.5,0.00010009708255508397,0.8744795949461887,2198.078703309694,9.582629560126543,111.7189937774005,2069751.076666028,1199,64582283.997043766,7.275957614183426e-12,7.450580596923828e-08,1019.8614551952737,895.8952662432525,989.4695838304516,1216.1485959320407,0.0,123.96618895202067,100,0.0,0.0,0.0,20.397229103905406,9.994642260913668,1.0625,2026-09-17 00:15:58 UTC,"6h decay + 100 licenses, fully fresh-funded"
25.75,0.0001005051240720425,0.8780443739723383,2204.5904004368635,9.621632224915137,111.7189937774005,2077042.7433326948,1199,64647003.753861114,7.275957614183426e-12,5.960464477539063e-08,1028.6447421192272,904.678553167206,997.9911288040712,1218.158443778491,0.0,123.96618895202067,100,0.0,0.0,0.0,20.572894842384475,10.080718472768412,1.0729166666666667,2026-09-17 00:30:58 UTC,"6h decay + 100 licenses, fully fresh-funded"
26.0,0.0001009170908678344,0.8816434454689238,2211.1513428270086,9.661009714909497,111.7189937774005,2084334.4099993615,1199,64711953.93356821,7.275957614183426e-12,5.960464477539063e-08,1037.4280290431807,913.4618400911595,1006.5126737776908,1220.1190463619655,0.0,123.96618895202067,100,0.0,0.0,0.0,20.748560580863543,10.166794684623156,1.0833333333333333,2026-09-17 00:45:58 UTC,"6h decay + 100 licenses, fully fresh-funded"
26.25,0.0001013329232763636,0.8852762881741646,2217.7602819303766,9.700756317133818,111.7189937774005,2091626.0766660282,1199,64777117.68588147,7.503331289626658e-12,5.960464477539063e-08,1046.2113159671342,922.245127015113,1015.0342187513104,1222.0316522322173,0.0,123.96618895202067,100,0.0,0.0,0.0,20.924226319342612,10.2528708964779,1.09375,2026-09-17 01:00:58 UTC,"6h decay + 100 licenses, fully fresh-funded"
26.5,0.00010965407832984424,0.9579725158254329,2350.010501656876,10.496949236200367,111.7189937774005,2098917.7433326948,1299,64842478.72156589,7.503331289626658e-12,5.960464477539063e-08,1184.4467757500797,931.0284139390665,1149.1502618327243,1223.8974755871318,0.0,253.4183618110128,200,0.0,0.0,0.0,23.688935515001525,11.607578402350766,1.1041666666666667,2026-09-17 01:15:58 UTC,"6h decay + 100 licenses, fully fresh-funded"
26.75,0.00011007265948761893,0.961629372468597,2356.5711375888,10.536967353135482,111.7189937774005,2106209.4099993613,1299,64902015.30450357,7.503331289626658e-12,4.470348358154297e-08,1193.2300626740332,939.81170086302,1157.671806806344,1225.8583846288275,0.0,253.4183618110128,200,0.0,0.0,0.0,23.864601253480593,11.69365461420551,1.1145833333333333,2026-09-17 01:30:58 UTC,"6h decay + 100 licenses, fully fresh-funded"
27.0,0.0001104951438665767,0.9653203288796269,2363.180313576494,10.577347413227244,111.7189937774005,2113501.076666028,1299,64961769.436814055,7.958078640513122e-12,5.960464477539063e-08,1202.0133495979867,948.5949877869734,1166.1933517799637,1227.7707536147536,0.0,253.4183618110128,200,0.0,0.0,0.0,24.040266991959662,11.779730826060254,1.125,2026-09-17 01:45:58 UTC,"6h decay + 100 licenses, fully fresh-funded"
27.25,0.00011092146982524788,0.9690448465392567,2369.836789977527,10.618093625193652,111.7189937774005,2120792.7433326943,1299,65021726.05782357,7.958078640513122e-12,7.450580596923828e-08,1210.7966365219402,957.3782747109269,1174.7148967535834,1229.6358221873402,0.0,253.4183618110128,200,0.0,0.0,0.0,24.21593273043873,11.865807037914998,1.1354166666666667,2026-09-17 02:00:58 UTC,"6h decay + 100 licenses, fully fresh-funded"
27.5,0.00011135157742695265,0.9728024018218003,2376.539361240035,10.65920089234601,111.7189937774005,2128084.409999361,1299,65081870.60096358,7.958078640513122e-12,5.960464477539063e-08,1219.5799234458937,966.1615616348804,1183.236441727203,1231.4547958984522,0.0,253.4183618110128,200,0.0,0.0,0.0,24.3915984689178,11.951883249769741,1.1458333333333333,2026-09-17 02:15:58 UTC,"6h decay + 100 licenses, fully fresh-funded"
27.75,0.00011178527256199613,0.9765912989239136,2383.2868587783837,10.700663031491553,111.7189937774005,2135376.0766660273,1299,65142189.02015607,7.503331289626658e-12,5.960464477539063e-08,1228.3632103698471,974.9448485588339,1191.7579867008228,1233.2288433337226,0.0,253.4183618110128,200,0.0,0.0,0.0,24.567264207396867,12.037959461624485,1.15625,2026-09-17 02:30:58 UTC,"6h decay + 100 licenses, fully fresh-funded"
28.0,0.000112221904808043,0.9804058555515096,2390.078151290749,10.742442636750889,111.7189937774005,2142667.743332694,1299,65202668.07127871,7.503331289626658e-12,5.960464477539063e-08,1237.1464972938006,983.7281354827874,1200.2795316744425,1234.9590957949772,0.0,253.4183618110128,200,0.0,0.0,0.0,24.742929945875936,12.124035673479229,1.1666666666666667,2026-09-17 02:45:58 UTC,"6h decay + 100 licenses, fully fresh-funded"
28.25,0.00011266214050509845,0.9842518930604455,2396.9121285895117,10.78452282654738,111.7189937774005,2149959.4099993603,1299,65263294.74457241,7.503331289626658e-12,5.960464477539063e-08,1245.929784217754,992.5114224067408,1208.8010766480622,1236.646663469834,0.0,253.4183618110128,200,0.0,0.0,0.0,24.918595684355004,12.210111885333973,1.1770833333333333,2026-09-17 03:00:58 UTC,"6h decay + 100 licenses, fully fresh-funded"
28.5,0.00011310592601604863,0.9881289428600251,2403.787710545329,10.826936175996247,111.7189937774005,2157251.076666027,1299,65324056.30283376,7.503331289626658e-12,5.960464477539063e-08,1254.7130711417076,1001.2947093306943,1217.322621621682,1238.2926264876364,0.0,253.4183618110128,200,0.0,0.0,0.0,25.094261422834073,12.296188097188717,1.1875,2026-09-17 03:15:58 UTC,"6h decay + 100 licenses, fully fresh-funded"
28.75,0.00011355320913932056,0.992036548900889,2410.703846165586,10.869683395922202,111.7189937774005,2164542.7433326934,1299,65384940.43323912,7.503331289626658e-12,7.450580596923828e-08,1263.496358065661,1010.0779962546478,1225.8441665953017,1239.898035840999,0.0,253.4183618110128,200,0.0,0.0,0.0,25.26992716131314,12.38226430904346,1.1979166666666667,2026-09-17 03:30:58 UTC,"6h decay + 100 licenses, fully fresh-funded"
29.0,0.0001140039339569317,0.9959742226659549,2417.659512893336,10.912759612430714,111.7189937774005,2171834.40999936,1299,65445935.236344025,7.503331289626658e-12,7.450580596923828e-08,1272.2796449896146,1018.8612831786013,1234.3657115689214,1241.463914086869,0.0,253.4183618110128,200,0.0,0.0,0.0,25.44559289979221,12.468340520898204,1.2083333333333333,2026-09-17 03:45:58 UTC,"6h decay + 100 licenses, fully fresh-funded"
29.25,0.00011445798527303675,0.9999409577680876,2424.653716197056,10.95615756927113,111.7189937774005,2179126.0766660264,1299,65507029.24028244,7.503331289626658e-12,7.450580596923828e-08,1281.062931913568,1027.6445701025548,1242.887256542541,1242.9912557567686,0.0,253.4183618110128,200,0.0,0.0,0.0,25.62125863827128,12.554416732752948,1.21875,2026-09-17 04:00:58 UTC,"6h decay + 100 licenses, fully fresh-funded"
29.5,0.00011491538509887505,1.0039369465043968,2431.685487245941,10.999871114149641,111.7189937774005,2186417.743332693,1299,65568211.34770401,7.503331289626658e-12,7.450580596923828e-08,1289.8462188375215,1036.4278570265083,1251.4088015161608,1244.481029681503,0.0,253.4183618110128,200,0.0,0.0,0.0,25.796924376750347,12.640492944607692,1.2291666666666667,2026-09-17 04:15:58 UTC,"6h decay + 100 licenses, fully fresh-funded"
29.75,0.00011537608652590748,1.0079617790671316,2438.7538829841515,11.04389908697351,111.7189937774005,2193709.4099993594,1299,65629470.81926997,7.503331289626658e-12,8.940696716308594e-08,1298.629505761475,1045.2111439504617,1259.9303464897805,1245.9341789169125,0.0,253.4183618110128,200,0.0,0.0,0.0,25.972590115229416,12.726569156462435,1.2395833333333333,2026-09-17 04:30:58 UTC,"6h decay + 100 licenses, fully fresh-funded"
30.0,0.00011584004386412178,1.0120150562939747,2445.8579853636984,11.088237789574581,111.7189937774005,2201001.076666026,1299,65690797.27995098,7.503331289626658e-12,7.450580596923828e-08,1307.4127926854285,1053.9944308744152,1268.4518914634002,1247.3516215109853,0.0,253.4183618110128,200,0.0,0.0,0.0,26.148255853708484,12.81264536831718,1.25,2026-09-17 04:45:58 UTC,"6h decay + 100 licenses, fully fresh-funded"
30.25,0.0001163072094037526,1.0160963613774108,2452.996900697053,11.132882954374253,111.7189937774005,2208292.7433326924,1299,65752180.708896846,7.503331289626658e-12,7.450580596923828e-08,1316.196079609382,1062.7777177983687,1276.97343643702,1248.7342511512502,0.0,253.4183618110128,200,0.0,0.0,0.0,26.323921592187553,12.898721580171923,1.2604166666666667,2026-09-17 05:00:58 UTC,"6h decay + 100 licenses, fully fresh-funded"
30.5,0.00011677749841763366,1.0202049541142673,2460.1697592126893,11.177828836407357,111.7189937774005,2215584.409999359,1299,65813611.44512827,7.503331289626658e-12,1.043081283569336e-07,1324.9793665333355,1071.5610047223222,1285.4949814106396,1250.0829376092338,0.0,253.4183618110128,200,0.0,0.0,0.0,26.49958733066662,12.984797792026667,1.2708333333333333,2026-09-17 05:15:58 UTC,"6h decay + 100 licenses, fully fresh-funded"
30.75,0.00011725091282809915,1.0243408512986605,2467.37571352102,11.2230704290006,111.7189937774005,2222876.0766660254,1299,65875080.15260623,7.503331289626658e-12,1.043081283569336e-07,1333.762653457289,1080.3442916462757,1294.0165263842594,1251.398528274523,0.0,253.4183618110128,200,0.0,0.0,0.0,26.67525306914569,13.07087400388141,1.28125,2026-09-17 05:30:58 UTC,"6h decay + 100 licenses, fully fresh-funded"
31.0,0.00011772741145231638,1.0285036931444116,2474.613938431813,11.268605896404505,111.7189937774005,2230167.743332692,1299,65936577.80660841,7.503331289626658e-12,1.043081283569336e-07,1342.5459403812424,1089.1275785702292,1302.538071357879,1252.6818483373495,0.0,253.4183618110128,200,0.0,0.0,0.0,26.85091880762476,13.156950215736154,1.2916666666666667,2026-09-17 05:45:58 UTC,"6h decay + 100 licenses, fully fresh-funded"
31.25,0.00011820695414883785,1.03269312896321,2481.8836303112307,11.314431809910893,111.7189937774005,2237459.4099993585,1299,65998095.69490989,7.048583938740194e-12,1.043081283569336e-07,1351.329227305196,1097.9108654941826,1311.0596163314988,1253.933701431551,0.0,253.4183618110128,200,0.0,0.0,0.0,27.026584546103827,13.243026427590898,1.3020833333333333,2026-09-17 06:00:58 UTC,"6h decay + 100 licenses, fully fresh-funded"
31.5,0.00011868944245742588,1.0369082985754527,2489.18400745062,11.360544191442296,111.7189937774005,2244751.076666025,1299,66059625.41872568,7.503331289626658e-12,1.043081283569336e-07,1360.1125142291494,1106.6941524181361,1319.5811613051185,1255.154869265782,0.0,253.4183618110128,200,0.0,0.0,0.0,27.202250284582895,13.329102639445642,1.3125,2026-09-17 06:15:58 UTC,"6h decay + 100 licenses, fully fresh-funded"
31.75,0.00011917451351427771,1.0411460318888335,2496.514310892606,11.40692317012366,111.7189937774005,2252042.7433326915,1299,66121159.03254194,7.503331289626658e-12,1.043081283569336e-07,1368.8958011531029,1115.4774393420896,1328.1027062787382,1256.3461107974158,0.0,253.4183618110128,200,0.0,0.0,0.0,27.377916023061964,13.415178851300386,1.3229166666666667,2026-09-17 06:30:58 UTC,"6h decay + 100 licenses, fully fresh-funded"
32.0,0.00011966251085228503,1.0454093301147396,2503.873797809714,11.453558768362162,111.7189937774005,2259334.409999358,1299,66182688.78947176,7.958078640513122e-12,1.043081283569336e-07,1377.6790880770563,1124.260726266043,1336.624251252358,1257.508168853928,0.0,253.4183618110128,200,0.0,0.0,0.0,27.553581761541032,13.50125506315513,1.3333333333333333,2026-09-17 06:45:58 UTC,"6h decay + 100 licenses, fully fresh-funded"
32.25,0.00012015339820303845,1.0496978764009395,2511.261744576473,11.5004671318285,111.7189937774005,2266626.0766660245,1299,66244207.1329477,8.412825991399586e-12,1.043081283569336e-07,1386.4623750010098,1133.0440131899966,1345.1457962259776,1258.6417670607889,0.0,253.4183618110128,200,0.0,0.0,0.0,27.7292475000201,13.587331275009873,1.34375,2026-09-17 07:00:58 UTC,"6h decay + 100 licenses, fully fresh-funded"
32.5,0.00012064714019358633,1.0540113617182028,2518.6774462268554,11.547647804309895,111.7189937774005,2273917.743332691,1299,66305706.774221346,8.412825991399586e-12,1.043081283569336e-07,1395.2456619249633,1141.82730011395,1353.6673411995973,1259.7476103840263,0.0,253.4183618110128,200,0.0,0.0,0.0,27.90491323849917,13.673407486864617,1.3541666666666667,2026-09-17 07:15:58 UTC,"6h decay + 100 licenses, fully fresh-funded"
32.75,0.00012114219647346667,1.0583363290804342,2526.1202332697517,11.595086544027904,111.7189937774005,2281209.4099993575,1299,66367180.9219816,8.412825991399586e-12,1.043081283569336e-07,1404.0289488489168,1150.6105870379035,1362.188886173217,1260.8263683147497,0.0,253.4183618110128,200,0.0,0.0,0.0,28.080578976978238,13.759483698719361,1.3645833333333333,2026-09-17 07:30:58 UTC,"6h decay + 100 licenses, fully fresh-funded"
33.0,0.00012163542452895948,1.0626453244994174,2533.5894715393147,11.642531274191269,111.7189937774005,2288501.076666024,1299,66428625.20894367,8.412825991399586e-12,8.940696716308594e-08,1412.8122357728703,1159.393873961857,1370.7104311468368,1261.8786750188065,0.0,253.4183618110128,200,0.0,0.0,0.0,28.256244715457306,13.845559910574105,1.375,2026-09-17 07:45:58 UTC,"6h decay + 100 licenses, fully fresh-funded"
33.25,0.00012213136328957365,1.0669780014908905,2541.0845063321653,11.689947033683366,111.7189937774005,2295792.7433326906,1299,66490033.94729885,8.412825991399586e-12,8.940696716308594e-08,1421.5955226968238,1168.1771608858105,1379.2319761204565,1262.9051851995755,0.0,253.4183618110128,200,0.0,0.0,0.0,28.431910453936375,13.931636122428849,1.3854166666666667,2026-09-17 08:00:58 UTC,"6h decay + 100 licenses, fully fresh-funded"
33.5,0.00012262998083205866,1.0713340811632965,2548.6046997013837,11.737594576459768,111.7189937774005,2303084.409999357,1299,66551400.807624385,8.412825991399586e-12,8.940696716308594e-08,1430.3788096207772,1176.960447809764,1387.7535210940762,1263.906536803977,0.0,253.4183618110128,200,0.0,0.0,0.0,28.607576192415443,14.017712334283592,1.3958333333333333,2026-09-17 08:15:58 UTC,"6h decay + 100 licenses, fully fresh-funded"
33.75,0.00012313124600678548,1.0757132913836795,2556.14942999319,11.785494645777135,111.7189937774005,2310376.0766660236,1299,66612719.6897615,8.86757334228605e-12,8.940696716308594e-08,1439.1620965447307,1185.7437347337175,1396.275066067696,1264.8833514857906,0.0,253.4183618110128,200,0.0,0.0,0.0,28.783241930894512,14.103788546138336,1.40625,2026-09-17 08:30:58 UTC,"6h decay + 100 licenses, fully fresh-funded"
34.0,0.00012363507619708706,1.0801149103868521,2563.7180918760982,11.833643814050774,111.7189937774005,2317667.74333269,1299,66673984.724025406,8.86757334228605e-12,8.940696716308594e-08,1447.9453834686842,1194.527021657671,1404.7966110413156,1265.8362345765022,0.0,253.4183618110128,200,0.0,0.0,0.0,28.95890766937358,14.18986475799308,1.4166666666666667,2026-09-17 08:45:58 UTC,"6h decay + 100 licenses, fully fresh-funded"
34.25,0.00012414139020248453,1.0845382287798924,2571.3100956257595,11.882032580468922,111.7189937774005,2324959.4099993566,1299,66735190.30899352,8.86757334228605e-12,1.043081283569336e-07,1456.7286703926377,1203.3103085816244,1413.3181560149353,1266.7657758004607,0.0,253.4183618110128,200,0.0,0.0,0.0,29.13457340785265,14.275940969847824,1.4270833333333333,2026-09-17 09:00:58 UTC,"6h decay + 100 licenses, fully fresh-funded"
34.5,0.00012465026178585053,1.0889838909784548,2578.9248657733924,11.930658468783626,111.7189937774005,2332251.076666023,1299,66796331.00718942,8.86757334228605e-12,1.043081283569336e-07,1465.5119573165912,1212.093595505578,1421.839700988555,1267.6725506264474,0.0,253.4183618110128,200,0.0,0.0,0.0,29.310239146331718,14.362017181702567,1.4375,2026-09-17 09:15:58 UTC,"6h decay + 100 licenses, fully fresh-funded"
34.75,0.00012516166268526608,1.0934516500775266,2586.56184143355,11.979525194670499,111.7189937774005,2339542.7433326896,1299,66857401.56657836,8.86757334228605e-12,1.043081283569336e-07,1474.2952442405447,1220.8768824295314,1430.3612459621747,1268.5571199399096,0.0,253.4183618110128,200,0.0,0.0,0.0,29.485904884810786,14.448093393557311,1.4479166666666667,2026-09-17 09:30:58 UTC,"6h decay + 100 licenses, fully fresh-funded"
35.0,0.00012567556531126826,1.0979412650468827,2594.2204759087913,12.028630473525363,111.7189937774005,2346834.409999356,1299,66918396.93132662,9.322320693172514e-12,1.043081283569336e-07,1483.0785311644981,1229.660169353485,1438.8827909357944,1269.4200304382884,0.0,253.4183618110128,200,0.0,0.0,0.0,29.661570623289855,14.534169605412055,1.4583333333333333,2026-09-17 09:45:58 UTC,"6h decay + 100 licenses, fully fresh-funded"
35.25,0.00012619192474738213,1.102452343482071,2601.9002364410685,12.077971488593725,111.7189937774005,2354126.0766660227,1299,66979312.23878267,9.322320693172514e-12,1.043081283569336e-07,1491.8618180884516,1238.4434562774384,1447.4043359094142,1270.261814879631,0.0,253.4183618110128,200,0.0,0.0,0.0,29.837236361768923,14.620245817266799,1.46875,2026-09-17 10:00:58 UTC,"6h decay + 100 licenses, fully fresh-funded"
35.5,0.00012671071048840374,1.1069846188800356,2609.6006036927133,12.127543958863575,111.7189937774005,2361417.743332689,1299,67040142.82293459,9.322320693172514e-12,1.043081283569336e-07,1500.645105012405,1247.2267432013919,1455.9258808830339,1271.0829926016058,0.0,253.4183618110128,200,0.0,0.0,0.0,30.01290210024799,14.706322029121543,1.4791666666666667,2026-09-17 10:15:58 UTC,"6h decay + 100 licenses, fully fresh-funded"
35.75,0.000127231918789546,1.1115380585251384,2617.3210712644386,12.177345851940418,111.7189937774005,2368709.4099993557,1299,67100884.1837366,9.322320693172514e-12,8.940696716308594e-08,1509.4283919363586,1256.0100301253453,1464.4474258566536,1271.8840700035003,0.0,253.4183618110128,200,0.0,0.0,0.0,30.18856783872706,14.792398240976286,1.4895833333333333,2026-09-17 10:30:58 UTC,"6h decay + 100 licenses, fully fresh-funded"
36.0,0.00012775552457547026,1.1161124433513352,2625.0611454811983,12.227376276921536,111.7189937774005,2376001.076666022,1299,67161531.9913049,9.322320693172514e-12,8.940696716308594e-08,1518.211678860312,1264.7933170492988,1472.9689708302733,1272.6655407603603,0.0,253.4183618110128,200,0.0,0.0,0.0,30.36423357720613,14.87847445283103,1.5,2026-09-17 10:45:58 UTC,"6h decay + 100 licenses, fully fresh-funded"
36.25,0.00012828150335801177,1.1207075594223164,2632.82034505329,12.277632924254299,111.7189937774005,2383292.7433326887,1299,67222082.08348915,8.86757334228605e-12,1.043081283569336e-07,1526.9949657842656,1273.5766039732523,1481.490515803893,1273.4278861618877,0.0,253.4183618110128,200,0.0,0.0,0.0,30.539899315685197,14.964550664685774,1.5104166666666667,2026-09-17 11:00:58 UTC,"6h decay + 100 licenses, fully fresh-funded"
36.5,0.00012881672637478036,1.125383436030929,2640.5981576453555,12.328229534220805,111.7189937774005,2390584.409999355,1299,67282529.18888031,8.86757334228605e-12,8.940696716308594e-08,1535.778252708219,1282.3598908972058,1490.0120607775127,1274.171618543442,0.0,253.4183618110128,200,0.0,0.0,0.0,30.715565054164266,15.050626876540518,1.5208333333333333,2026-09-17 11:15:58 UTC,"6h decay + 100 licenses, fully fresh-funded"
36.75,0.00012935935372095057,1.1301239991899452,2648.3941029936245,12.379682354521504,111.7189937774005,2397876.0766660217,1299,67342865.14313711,8.86757334228605e-12,8.940696716308594e-08,1544.5615396321725,1291.1431778211593,1498.5336057511324,1274.8972181687927,0.0,253.4183618110128,200,0.0,0.0,0.0,30.891230792643334,15.136703088395262,1.53125,2026-09-17 11:30:58 UTC,"6h decay + 100 licenses, fully fresh-funded"
37.0,0.0001299043567287245,1.1348853168759059,2656.207738418649,12.431747946420218,111.7189937774005,2405167.743332688,1299,67403085.82293111,8.412825991399586e-12,8.940696716308594e-08,1553.344826556126,1299.9264647451128,1507.0551507247521,1275.6051277173874,0.0,253.4183618110128,200,0.0,0.0,0.0,31.066896531122403,15.222779300250005,1.5416666666666667,2026-09-17 11:45:58 UTC,"6h decay + 100 licenses, fully fresh-funded"
37.25,0.00013045171297460174,1.1396671931900593,2664.038632240858,12.484039027276726,111.7189937774005,2412459.4099993547,1299,67463187.75016813,9.322320693172514e-12,8.940696716308594e-08,1562.1281134800795,1308.7097516690662,1515.5766956983719,1276.295778868799,0.0,253.4183618110128,200,0.0,0.0,0.0,31.24256226960147,15.30885551210475,1.5520833333333333,2026-09-17 12:00:58 UTC,"6h decay + 100 licenses, fully fresh-funded"
37.5,0.0001310014005495159,1.1444694367279102,2671.886363492942,12.536552257831868,111.7189937774005,2419751.0766660213,1299,67523167.58973257,8.86757334228605e-12,1.043081283569336e-07,1570.911400404033,1317.4930385930197,1524.0982406719916,1276.9695925903343,0.0,253.4183618110128,200,0.0,0.0,0.0,31.41822800808054,15.394931723959493,1.5625,2026-09-17 12:15:58 UTC,"6h decay + 100 licenses, fully fresh-funded"
37.75,0.00013155318438540375,1.1492899938609267,2679.750522762693,12.589280527670017,111.7189937774005,2427042.7433326878,1299,67583022.19351086,8.86757334228605e-12,1.1920928955078125e-07,1579.6946873279865,1326.2763255169732,1532.6197856456113,1277.6269782942031,0.0,253.4183618110128,200,0.0,0.0,0.0,31.59389374655961,15.481007935814237,1.5729166666666667,2026-09-17 12:30:58 UTC,"6h decay + 100 licenses, fully fresh-funded"
38.0,0.00013210720946806213,1.15413013123063,2687.630709791634,12.642212291228239,111.7189937774005,2434334.4099993543,1299,67642748.57589605,8.86757334228605e-12,1.043081283569336e-07,1588.47797425194,1335.0596124409267,1541.141330619231,1278.2683362388816,0.0,253.4183618110128,200,0.0,0.0,0.0,31.769559485038677,15.56708414766898,1.5833333333333333,2026-09-17 12:45:58 UTC,"6h decay + 100 licenses, fully fresh-funded"
38.25,0.00013266350157470648,1.158990074034881,2695.5265340416436,12.695354861053643,111.7189937774005,2441626.076666021,1299,67702343.80480564,8.86757334228605e-12,1.043081283569336e-07,1597.2612611758934,1343.8428993648802,1549.6628755928507,1278.894056962492,0.0,253.4183618110128,200,0.0,0.0,0.0,31.945225223517745,15.653160359523724,1.59375,2026-09-17 13:00:58 UTC,"6h decay + 100 licenses, fully fresh-funded"
38.5,0.0001332220407293802,1.1638696477574406,2703.4376146195614,12.748711506688315,111.7189937774005,2448917.7433326873,1299,67761805.0720871,8.86757334228605e-12,8.940696716308594e-08,1606.044548099847,1352.6261862888337,1558.1844205664704,1279.5045213581939,0.0,253.4183618110128,200,0.0,0.0,0.0,32.120890961996814,15.739236571378468,1.6041666666666667,2026-09-17 13:15:58 UTC,"6h decay + 100 licenses, fully fresh-funded"
38.75,0.0001337829596946738,1.1687700122540547,2711.363578940952,12.802280620514749,111.7189937774005,2456209.409999354,1299,67821129.68119672,7.958078640513122e-12,8.940696716308594e-08,1614.8278350238004,1361.4094732127871,1566.7059655400901,1280.1001020104222,0.0,253.4183618110128,200,0.0,0.0,0.0,32.29655670047588,15.825312783233212,1.6145833333333333,2026-09-17 13:30:58 UTC,"6h decay + 100 licenses, fully fresh-funded"
39.0,0.00013434839252358892,1.1737098112829312,2719.304055160383,12.856138609465216,111.7189937774005,2463501.0766660203,1299,67880314.3881109,7.958078640513122e-12,8.940696716308594e-08,1623.6111219477539,1370.1927601367406,1575.2275105137098,1280.6811707646107,0.0,253.4183618110128,200,0.0,0.0,0.0,32.47222243895495,15.911388995087956,1.625,2026-09-17 13:45:58 UTC,"6h decay + 100 licenses, fully fresh-funded"
39.25,0.00013491602917306772,1.1786688635813802,2727.2586904003124,12.910335269915445,111.7189937774005,2470792.743332687,1299,67939356.27272645,7.958078640513122e-12,8.940696716308594e-08,1632.3944088717074,1378.976047060694,1583.7490554873295,1281.248080498301,0.0,253.4183618110128,200,0.0,0.0,0.0,32.64788817743402,15.9974652069427,1.6354166666666667,2026-09-17 14:00:58 UTC,"6h decay + 100 licenses, fully fresh-funded"
39.5,0.00013548585139296475,1.1836470097103913,2735.2271404540948,12.964766121219217,111.7189937774005,2478084.4099993533,1299,67998253.00433047,7.503331289626658e-12,8.940696716308594e-08,1641.1776957956608,1387.7593339846476,1592.2706004609493,1281.801175418138,0.0,253.4183618110128,200,0.0,0.0,0.0,32.82355391591309,16.08354141879744,1.6458333333333333,2026-09-17 14:15:58 UTC,"6h decay + 100 licenses, fully fresh-funded"
39.75,0.000136057841342814,1.1886440938100424,2743.2090695647967,13.019403430199564,111.7189937774005,2485376.07666602,1299,68057002.3592085,7.503331289626658e-12,7.450580596923828e-08,1649.9609827196143,1396.542620908601,1600.792145434569,1282.3407912810558,0.0,253.4183618110128,200,0.0,0.0,0.0,32.99921965439216,16.169617630652183,1.65625,2026-09-17 14:30:58 UTC,"6h decay + 100 licenses, fully fresh-funded"
40.0,0.0001366340598460362,1.1936781198818907,2751.2041413707316,13.074264069423547,111.7189937774005,2492667.7433326864,1299,68115602.01114947,7.503331289626658e-12,8.940696716308594e-08,1658.7442696435678,1405.3259078325545,1609.3136904081887,1282.8672644487406,0.0,253.4183618110128,200,0.0,0.0,0.0,33.174885392871225,16.255693842506926,1.6666666666666667,2026-09-17 14:45:58 UTC,"6h decay + 100 licenses, fully fresh-funded"
40.25,0.00013721690989912318,1.1987700812590605,2759.2120208635233,13.129611793957073,111.7189937774005,2499959.409999353,1299,68174047.82072945,7.503331289626658e-12,7.450580596923828e-08,1667.5275565675213,1414.109194756508,1617.8352353818084,1283.3809299295685,0.0,253.4183618110128,200,0.0,0.0,0.0,33.350551131350294,16.341770054361668,1.6770833333333333,2026-09-17 15:00:58 UTC,"6h decay + 100 licenses, fully fresh-funded"
40.5,0.00013780191297522624,1.2038808521224507,2767.2323976296025,13.185460829369303,111.7189937774005,2507251.0766660194,1299,68232337.2420732,7.503331289626658e-12,7.450580596923828e-08,1676.3108434914748,1422.8924816804615,1626.356780355428,1283.882098137109,0.0,253.4183618110128,200,0.0,0.0,0.0,33.52621686982936,16.42784626621641,1.6875,2026-09-17 15:15:58 UTC,"6h decay + 100 licenses, fully fresh-funded"
40.75,0.00013838905273192835,1.209010289699566,2775.264968831742,13.241539322408025,111.7189937774005,2514542.743332686,1299,68290468.47976775,7.503331289626658e-12,7.450580596923828e-08,1685.0941304154283,1431.675768604415,1634.8783253290478,1284.3710719085893,0.0,253.4183618110128,200,0.0,0.0,0.0,33.70188260830843,16.51392247807115,1.6979166666666667,2026-09-17 15:30:58 UTC,"6h decay + 100 licenses, fully fresh-funded"
41.0,0.00013897831318892843,1.2141582543814704,2783.309439018297,13.297819719239827,111.7189937774005,2521834.4099993524,1299,68348439.82904884,7.958078640513122e-12,7.450580596923828e-08,1693.8774173393817,1440.4590555283685,1643.3998703026675,1284.8481466956546,0.0,253.4183618110128,200,0.0,0.0,0.0,33.8775483467875,16.599998689925894,1.7083333333333333,2026-09-17 15:45:58 UTC,"6h decay + 100 licenses, fully fresh-funded"
41.25,0.00013956970138626727,1.219324807672174,2791.365519858472,13.35430090912324,111.7189937774005,2529126.076666019,1299,68406249.66940701,8.412825991399586e-12,5.960464477539063e-08,1702.6607042633352,1449.242342452322,1651.9214152762872,1285.3136108290996,0.0,253.4183618110128,200,0.0,0.0,0.0,34.05321408526657,16.686074901780636,1.71875,2026-09-17 16:00:58 UTC,"6h decay + 100 licenses, fully fresh-funded"
41.5,0.00014016319375037892,1.2245097436255912,2799.4329300815225,13.410982943659596,111.7189937774005,2536417.7433326854,1299,68463896.45717207,7.958078640513122e-12,5.960464477539063e-08,1711.4439911872887,1458.0256293762754,1660.442960249907,1285.7677455796684,0.0,253.4183618110128,200,0.0,0.0,0.0,34.228879823745636,16.772151113635378,1.7291666666666667,2026-09-17 16:15:58 UTC,"6h decay + 100 licenses, fully fresh-funded"
41.75,0.0001407587611615569,1.2297128078428072,2807.5113953051286,13.46786372173599,111.7189937774005,2543709.409999352,1299,68521378.74128105,7.503331289626658e-12,4.470348358154297e-08,1720.2272781112422,1466.808916300229,1668.9645052235267,1286.2108253296815,0.0,253.4183618110128,200,0.0,0.0,0.0,34.404545562224705,16.85822732549012,1.7395833333333333,2026-09-17 16:30:58 UTC,"6h decay + 100 licenses, fully fresh-funded"
42.0,0.00014135638900421177,1.234933872637436,2815.6006478195027,13.524940635529482,111.7189937774005,2551001.0766660185,1299,68578695.15121432,7.503331289626658e-12,4.470348358154297e-08,1729.0105650351957,1475.5922032241824,1677.4860501971464,1286.6431177889272,0.0,253.4183618110128,200,0.0,0.0,0.0,34.58021130070377,16.94430353734486,1.75,2026-09-17 16:45:58 UTC,"6h decay + 100 licenses, fully fresh-funded"
42.25,0.0001419560629842266,1.2401728131315763,2823.7004264209877,13.582212304142127,111.7189937774005,2558292.743332685,1299,68635844.39325573,7.503331289626658e-12,5.960464477539063e-08,1737.7938519591492,1484.375490148136,1686.007595170766,1287.0648841610619,0.0,253.4183618110128,200,0.0,0.0,0.0,34.75587703918284,17.030379749199604,1.7604166666666667,2026-09-17 17:00:58 UTC,"6h decay + 100 licenses, fully fresh-funded"
42.5,0.00014255781086923417,1.2454298719120014,2831.810476126171,13.639678414068735,111.7189937774005,2565584.4099993515,1299,68692825.23961179,7.503331289626658e-12,5.960464477539063e-08,1746.5771388831026,1493.1587770720894,1694.5291401443858,1287.4763794294981,0.0,253.4183618110128,200,0.0,0.0,0.0,34.93154277766191,17.116455961054346,1.7708333333333333,2026-09-17 17:15:58 UTC,"6h decay + 100 licenses, fully fresh-funded"
42.75,0.00014316158226610303,1.250704608728466,2839.930548258399,13.697339141661736,111.7189937774005,2572876.076666018,1299,68749636.53173733,7.503331289626658e-12,5.960464477539063e-08,1755.3604258070561,1501.9420639960429,1703.0506851180055,1287.87785227089,0.0,253.4183618110128,200,0.0,0.0,0.0,35.10720851614098,17.202532172909088,1.78125,2026-09-17 17:30:58 UTC,"6h decay + 100 licenses, fully fresh-funded"
43.0,0.00014376735901784062,1.2559968649557718,2848.060400184368,13.755191614126465,111.7189937774005,2580167.7433326845,1299,68806277.19161423,7.048583938740194e-12,5.960464477539063e-08,1764.1437127310096,1510.7253509199963,1711.5722300916252,1288.2695453185402,0.0,253.4183618110128,200,0.0,0.0,0.0,35.28287425462005,17.28860838476383,1.7916666666666667,2026-09-17 17:45:58 UTC,"6h decay + 100 licenses, fully fresh-funded"
43.25,0.00014437512804317635,1.2613065263118253,2856.19979515406,13.813233675869583,111.7189937774005,2587459.409999351,1299,68862746.20847905,7.048583938740194e-12,4.470348358154297e-08,1772.926999654963,1519.5086378439498,1720.093775065245,1288.6516953224677,0.0,253.4183618110128,200,0.0,0.0,0.0,35.458539993099116,17.37468459661857,1.8020833333333333,2026-09-17 18:00:58 UTC,"6h decay + 100 licenses, fully fresh-funded"
43.5,0.00014498487878791225,1.2666335005918334,2864.348502148639,13.871464109462213,111.7189937774005,2594751.0766660175,1299,68919042.63637668,7.048583938740194e-12,5.960464477539063e-08,1781.7102865789166,1528.2919247679033,1728.6153200388646,1289.0245333015087,0.0,253.4183618110128,200,0.0,0.0,0.0,35.634205731578184,17.460760808473314,1.8125,2026-09-17 18:15:58 UTC,"6h decay + 100 licenses, fully fresh-funded"
43.75,0.00014559660824440507,1.271977761520079,2872.5062957237433,13.929882194533247,111.7189937774005,2602042.743332684,1299,68975165.58860879,7.503331289626658e-12,4.470348358154297e-08,1790.49357350287,1537.0752116918568,1737.1368650124843,1289.3882847000245,0.0,253.4183618110128,200,0.0,0.0,0.0,35.80987147005725,17.546837020328056,1.8229166666666667,2026-09-17 18:30:58 UTC,"6h decay + 100 licenses, fully fresh-funded"
44.0,0.0001462102924924566,1.277339100122187,2880.672955923026,13.988486965986121,111.7189937774005,2609334.4099993506,1299,69031114.2409084,7.503331289626658e-12,4.470348358154297e-08,1799.2768604268235,1545.8584986158103,1745.658409986104,1289.7431694743614,0.0,253.4183618110128,200,0.0,0.0,0.0,35.98553720853632,17.632913232182798,1.8333333333333333,2026-09-17 18:45:58 UTC,"6h decay + 100 licenses, fully fresh-funded"
44.25,0.00014682591955623815,1.2827174117735514,2888.8482681136925,14.047276720073333,111.7189937774005,2616626.076666017,1299,69086887.82954521,7.503331289626658e-12,4.470348358154297e-08,1808.060147350777,1554.6417855397638,1754.1799549597238,1290.0894022573148,0.0,253.4183618110128,200,0.0,0.0,0.0,36.16120294701539,17.71898944403754,1.84375,2026-09-17 19:00:58 UTC,"6h decay + 100 licenses, fully fresh-funded"
44.5,0.00014744347772077212,1.2881125941284437,2897.032022855562,14.106250195944517,111.7189937774005,2623917.7433326836,1299,69142485.64743993,7.503331289626658e-12,4.470348358154297e-08,1816.8434342747305,1563.4250724637172,1762.7014999333435,1290.427192489065,0.0,253.4183618110128,200,0.0,0.0,0.0,36.33686868549446,17.80506565589228,1.8541666666666667,2026-09-17 19:15:58 UTC,"6h decay + 100 licenses, fully fresh-funded"
44.75,0.0001480629555260374,1.2935245470685148,2905.2240157735173,14.165406294236062,111.7189937774005,2631209.40999935,1299,69197907.04225077,7.503331289626658e-12,4.470348358154297e-08,1825.626721198684,1572.2083593876707,1771.2230449069632,1290.7567445447294,0.0,253.4183618110128,200,0.0,0.0,0.0,36.51253442397353,17.891141867747024,1.8645833333333333,2026-09-17 19:30:58 UTC,"6h decay + 100 licenses, fully fresh-funded"
45.0,0.00014868434176122406,1.2989531726526036,2913.424047433245,14.224743939429608,111.7189937774005,2638501.0766660166,1299,69253151.41451813,7.503331289626658e-12,2.9802322387695312e-08,1834.4100081226375,1580.9916463116242,1779.744589880583,1291.0782578586213,0.0,253.4183618110128,200,0.0,0.0,0.0,36.688200162452596,17.977218079601766,1.875,2026-09-17 19:45:58 UTC,"6h decay + 100 licenses, fully fresh-funded"
45.25,0.00014930762545913194,1.3043983750677999,2921.6319232201663,14.284262079319628,111.7189937774005,2645792.743332683,1299,69308218.2158658,7.503331289626658e-12,2.9802322387695312e-08,1843.193295046591,1589.7749332355777,1788.2661348542026,1291.3919270453198,0.0,253.4183618110128,200,0.0,0.0,0.0,36.863865900931664,18.063294291456508,1.8854166666666667,2026-09-17 20:00:58 UTC,"6h decay + 100 licenses, fully fresh-funded"
45.5,0.00014993279589070935,1.3098600605817337,2929.8474532214705,14.343959684487194,111.7189937774005,2653084.4099993496,1299,69363106.94725682,7.503331289626658e-12,2.9802322387695312e-08,1851.9765819705444,1598.5582201595312,1796.7876798278223,1291.6979420176353,0.0,253.4183618110128,200,0.0,0.0,0.0,37.03953163941073,18.14937050331125,1.8958333333333333,2026-09-17 20:15:58 UTC,"6h decay + 100 licenses, fully fresh-funded"
45.75,0.00015055984255972748,1.315338137496049,2938.0704521111647,14.403835747790504,111.7189937774005,2660376.076666016,1299,69417817.1573026,7.503331289626658e-12,1.4901161193847656e-08,1860.759868894498,1607.3415070834847,1805.309224801442,1291.9964881015608,0.0,253.4183618110128,200,0.0,0.0,0.0,37.2151973778898,18.235446715165992,1.90625,2026-09-17 20:30:58 UTC,"6h decay + 100 licenses, fully fresh-funded"
46.0,0.00015118899539612044,1.3208346145509662,2946.300738562079,14.463893180934088,111.7189937774005,2667667.7433326826,1299,69472348.4106766,7.503331289626658e-12,0.0,1869.5431558184514,1616.1247940074381,1813.8307697750618,1292.2877466242662,0.0,253.4183618110128,200,0.0,0.0,0.0,37.39086311636887,18.321522927020734,1.9166666666666667,2026-09-17 20:45:58 UTC,"6h decay + 100 licenses, fully fresh-funded"
46.25,0.00015182015371699662,1.326348612149078,2954.538135848967,14.524146036471198,111.7189937774005,2674959.409999349,1299,69526700.24245496,7.503331289626658e-12,1.4901161193847656e-08,1878.3264427424049,1624.9080809313916,1822.3523147486815,1292.5718943109978,0.0,253.4183618110128,200,0.0,0.0,0.0,37.56652885484794,18.407599138875476,1.9270833333333333,2026-09-17 21:00:58 UTC,"6h decay + 100 licenses, fully fresh-funded"
46.5,0.00015245316003006145,1.3318787543881656,2962.7824717831763,14.584588423251843,111.7189937774005,2682251.0766660157,1299,69580872.32603785,7.958078640513122e-12,0.0,1887.1097296663584,1633.691367855345,1830.8738597223012,1292.8491033504088,0.0,253.4183618110128,200,0.0,0.0,0.0,37.74219459332701,18.493675350730218,1.9375,2026-09-17 21:15:58 UTC,"6h decay + 100 licenses, fully fresh-funded"
46.75,0.0001530880047182194,1.337424957250258,2971.0335783301075,14.645206040629041,111.7189937774005,2689542.743332682,1299,69634864.38640454,7.958078640513122e-12,0.0,1895.8930165903118,1642.4746547792986,1839.395404695921,1293.1195417770973,0.0,253.4183618110128,200,0.0,0.0,0.0,37.917860331806075,18.57975156258496,1.9479166666666667,2026-09-17 21:30:58 UTC,"6h decay + 100 licenses, fully fresh-funded"
47.0,0.0001537246783724462,1.34298713853516,2979.291291508175,14.70599757662263,111.7189937774005,2696834.4099993487,1299,69688676.18845612,8.412825991399586e-12,2.9802322387695312e-08,1904.6763035142653,1651.257941703252,1847.9169496695406,1293.3833735726498,0.0,253.4183618110128,200,0.0,0.0,0.0,38.093526070285144,18.665827774439702,1.9583333333333333,2026-09-17 21:45:58 UTC,"6h decay + 100 licenses, fully fresh-funded"
47.25,0.00015436297962586362,1.3485635390384905,2987.5554516168886,14.766958129717413,111.7189937774005,2704126.076666015,1299,69742307.56478363,7.958078640513122e-12,2.9802322387695312e-08,1913.4595904382188,1660.0412286272056,1856.4384946431603,1293.6407584375556,0.0,253.4183618110128,200,0.0,0.0,0.0,38.26919180876421,18.751903986294444,1.96875,2026-09-17 22:00:58 UTC,"6h decay + 100 licenses, fully fresh-funded"
47.5,0.00015500304564282277,1.3541553570711613,2995.8259025374678,14.82807881780025,111.7189937774005,2711417.7433326817,1299,69795758.409663,8.412825991399586e-12,2.9802322387695312e-08,1922.2428773621723,1668.824515551159,1864.96003961678,1293.8918524905966,0.0,253.4183618110128,200,0.0,0.0,0.0,38.44485754724328,18.837980198149186,1.9791666666666667,2026-09-17 22:15:58 UTC,"6h decay + 100 licenses, fully fresh-funded"
47.75,0.00015564491246866343,1.3597629075365971,3004.1024918463113,14.88936417684004,111.7189937774005,2718709.409999348,1299,69849028.60000812,8.412825991399586e-12,2.9802322387695312e-08,1931.0261642861258,1677.6078024751125,1873.4815845903997,1294.1368081553728,0.0,253.4183618110128,200,0.0,0.0,0.0,38.62052328572235,18.924056410003928,1.9895833333333333,2026-09-17 22:30:58 UTC,"6h decay + 100 licenses, fully fresh-funded"
48.0,0.00015628857148264425,1.3653861151212905,3012.385070794204,14.950819916384312,111.7189937774005,2726001.0766660147,1299,69902118.04581848,7.958078640513122e-12,1.4901161193847656e-08,1939.8094512100793,1686.391089399066,1882.0031295640194,1294.3757741810996,0.0,253.4183618110128,200,0.0,0.0,0.0,38.79618902420142,19.01013262185867,2.0,2026-09-17 22:45:58 UTC,"6h decay + 100 licenses, fully fresh-funded"
0.0,0.00011446474352696986,1.0,2424.757715411276,10.9568034823675,111.7189937774005,1326001.07666602,1099,68015931.403879,0.0,0.0,0.0,0.0,0.0,0.0,0.0,0.0,0,0.0,0.0,0.0,0.0,0.0,0.0,2026-09-15 22:45:58 UTC,6h decay + half of branches retire at +6h
0.25,0.00011222184518116501,0.9804053346323501,2390.077224768818,10.74243693475728,111.7189937774005,1333292.7433326868,1099,67706098.06959711,8.526512829121202e-14,0.0,8.783286923953442,8.783286923953442,8.52154497361963,43.202035616077865,0.0,0.0,0,0.0,0.0,0.0,0.17566573847906886,0.08607621185474373,0.010416666666666666,2026-09-15 23:00:58 UTC,6h decay + half of branches retire at +6h
0.5,0.00011012740616483997,0.9621076566592932,2357.4282870706993,10.542200285616186,111.7189937774005,1340584.4099993536,1099,67408681.81154436,1.7053025658242404e-13,0.0,17.566573847906884,17.566573847906884,17.04308994723926,84.37251828781609,0.0,0.0,0,0.0,0.0,0.0,0.3513314769581377,0.17215242370948747,0.020833333333333332,2026-09-15 23:15:58 UTC,6h decay + half of branches retire at +6h
0.75,0.00010817115303728718,0.9450172140716866,2326.6789642318417,10.355205630616465,111.7189937774005,1347876.0766660203,1099,67123327.34068859,2.4158453015843406e-13,0.0,26.349860771860328,26.349860771860328,25.56463492085889,123.64338610029336,0.0,0.0,0,0.0,0.0,0.0,0.5269972154372066,0.2582286355642312,0.03125,2026-09-15 23:30:58 UTC,6h decay + half of branches retire at +6h
1.0,0.00010634344742573671,0.9290498030136273,2297.707946597999,10.180500634585169,111.7189937774005,1355167.743332687,1099,66849687.82879337,7.958078640513122e-13,1.4901161193847656e-08,35.13314769581377,35.13314769581377,34.08617989447852,161.13594870775614,0.0,0.0,0,0.0,0.0,0.0,0.7026629539162754,0.34430484741897494,0.041666666666666664,2026-09-15 23:45:58 UTC,6h decay + half of branches retire at +6h
1.25,0.00010463493523582746,0.9141237031748005,2270.4038429778043,10.017191352079463,111.7189937774005,1362459.4099993538,1099,66587424.20696755,3.979039320256561e-13,1.4901161193847656e-08,43.91643461976721,43.91643461976721,42.607724868098146,196.96159730157024,0.0,0.0,0,0.0,0.0,0.0,0.8783286923953443,0.43038105927371867,0.052083333333333336,2026-09-16 00:00:58 UTC,6h decay + half of branches retire at +6h
1.5,0.00010303454089224334,0.9001421548458424,2244.66431113714,9.86339846405555,111.7189937774005,1369751.0766660206,1099,66336205.68604032,5.115907697472721e-13,1.4901161193847656e-08,52.69972154372065,52.69972154372065,51.12926984171777,231.22267411585426,0.0,0.0,0,0.0,0.0,0.0,1.0539944308744131,0.5164572711284624,0.0625,2026-09-16 00:15:58 UTC,6h decay + half of branches retire at +6h
1.75,0.00010149928632421577,0.8867296880833948,2220.400537158056,9.716657727121856,111.7189937774005,1377042.7433326873,1099,66095709.836971425,5.684341886080801e-13,0.0,61.48300846767409,61.48300846767409,59.6508148153374,264.0079930685579,0.0,0.0,0,0.0,0.0,0.0,1.2296601693534819,0.6025334829832061,0.07291666666666667,2026-09-16 00:30:58 UTC,6h decay + half of branches retire at +6h
2.0,0.00010006284917023278,0.8741805213293145,2197.5317896892843,9.579357343931088,111.7189937774005,1384334.409999354,1099,65865651.02124142,6.821210263296962e-13,1.4901161193847656e-08,70.26629539162754,70.26629539162754,68.17235978895702,295.39828551094934,0.0,0.0,0,0.0,0.0,0.0,1.4053259078325508,0.6886096948379499,0.08333333333333333,2026-09-16 00:45:58 UTC,6h decay + half of branches retire at +6h
2.25,9.871829308980636e-05,0.8624340565315348,2175.976786975752,9.450834402756431,111.7189937774005,1391626.0766660208,1099,65645725.75354911,7.389644451905042e-13,2.9802322387695312e-08,79.04958231558098,79.04958231558098,76.69390476257665,325.47483319810135,0.0,0.0,0,0.0,0.0,0.0,1.5809916463116198,0.7746859066926937,0.09375,2026-09-16 01:00:58 UTC,6h decay + half of branches retire at +6h
2.5,9.745928411145819e-05,0.8514349581231107,2155.660135773975,9.330479147649903,111.7189937774005,1398917.7433326875,1099,65435634.556872874,8.526512829121202e-13,1.4901161193847656e-08,87.83286923953442,87.83286923953442,85.21544973619628,354.313029373498,0.0,0.0,0,0.0,0.0,0.0,1.7566573847906888,0.8607621185474374,0.10416666666666667,2026-09-16 01:15:58 UTC,6h decay + half of branches retire at +6h
2.75,9.627904665677946e-05,0.8411240325200612,2136.512205585013,9.217628876047383,111.7189937774005,1406209.4099993543,1099,65235085.73277826,9.094947017729282e-13,2.9802322387695312e-08,96.61615616348786,96.61615616348786,93.7369947098159,381.9825045360799,0.0,0.0,0,0.0,0.0,0.0,1.9323231232697577,0.9468383304021812,0.11458333333333333,2026-09-16 01:30:58 UTC,6h decay + half of branches retire at +6h
3.0,9.517307064141858e-05,0.8314618782070147,2118.468686761993,9.111903415762658,111.7189937774005,1413501.076666021,1099,65043795.81024715,1.0231815394945443e-12,2.9802322387695312e-08,105.3994430874413,105.3994430874413,102.25853968343553,408.5475683327195,0.0,0.0,0,0.0,0.0,0.0,2.1079888617488267,1.032914542256925,0.125,2026-09-16 01:45:58 UTC,6h decay + half of branches retire at +6h
3.25,9.413696671125374e-05,0.8224101484058579,2101.46974327716,9.012854837512464,111.7189937774005,1420792.7433326878,1099,64861488.717838585,1.0800249583553523e-12,2.9802322387695312e-08,114.18273001139474,114.18273001139474,110.78008465705516,434.06805679117224,0.0,0.0,0,0.0,0.0,0.0,2.2836546002278957,1.1189907541116688,0.13541666666666666,2026-09-16 02:00:58 UTC,6h decay + half of branches retire at +6h
3.5,9.316631259671068e-05,0.8139302087787328,2085.4597371801806,8.920058616634,111.7189937774005,1428084.4099993545,1099,64687894.99184927,1.1937117960769683e-12,4.470348358154297e-08,122.96601693534818,122.96601693534818,119.30162963067478,458.59960786177135,0.0,0.0,0,0.0,0.0,0.0,2.4593203387069646,1.2050669659664126,0.14583333333333334,2026-09-16 02:15:58 UTC,6h decay + half of branches retire at +6h
3.75,9.225701201443308e-05,0.8059862729059079,2070.3869368380047,8.833128063878165,111.7189937774005,1435376.0766660213,1099,64522752.296023965,1.2505552149377763e-12,4.470348358154297e-08,131.74930385930162,131.74930385930162,127.82317460429441,482.193953177567,0.0,0.0,0,0.0,0.0,0.0,2.6349860771860336,1.2911431778211564,0.15625,2026-09-16 02:30:58 UTC,6h decay + half of branches retire at +6h
4.0,9.140541688742113e-05,0.7985464700393484,2056.2031718567,8.751712512876532,111.7189937774005,1442667.743332688,1099,64365805.32644242,1.3642420526593924e-12,2.9802322387695312e-08,140.53259078325507,140.53259078325507,136.34471957791405,504.89926313249134,0.0,0.0,0,0.0,0.0,0.0,2.8106518156651026,1.3772193896759002,0.16666666666666666,2026-09-16 02:45:58 UTC,6h decay + half of branches retire at +6h
4.25,9.060810553998635e-05,0.7915809073440813,2042.8635194553249,8.67548516249878,111.7189937774005,1449959.4099993547,1099,64216805.54187027,1.3642420526593924e-12,4.470348358154297e-08,149.31587770720853,149.31587770720853,144.86626455153367,526.7604605074862,0.0,0.0,0,0.0,0.0,0.0,2.9863175541441715,1.463295601530644,0.17708333333333334,2026-09-16 03:00:58 UTC,6h decay + half of branches retire at +6h
4.5,8.986192406595938e-05,0.7850620313038693,2030.3260410181085,8.60414458022852,111.7189937774005,1457251.0766660215,1099,64075511.0570102,1.4779288903810084e-12,2.9802322387695312e-08,158.09916463116198,158.09916463116198,153.3878095251533,547.8194839183222,0.0,0.0,0,0.0,0.0,0.0,3.1619832926232405,1.5493718133853878,0.1875,2026-09-16 03:15:58 UTC,6h decay + half of branches retire at +6h
4.75,8.91639512795538e-05,0.778964321520934,2018.551537810904,8.53741179619002,111.7189937774005,1464542.7433326882,1099,63941686.503382176,1.8189894035458565e-12,2.9802322387695312e-08,166.88245155511544,166.88245155511544,161.90935449877293,568.1155320991468,0.0,0.0,0,0.0,0.0,0.0,3.3376490311023095,1.6354480252401316,0.19791666666666666,2026-09-16 03:30:58 UTC,6h decay + half of branches retire at +6h
5.0,8.851150278766423e-05,0.7732643262928327,2007.5033297998111,8.475030829618202,111.7189937774005,1471834.409999355,1099,63815102.8862827,2.1600499167107046e-12,2.9802322387695312e-08,175.6657384790689,175.6657384790689,170.43089947239255,587.6852850838595,0.0,0.0,0,0.0,0.0,0.0,3.5133147695813784,1.7215242370948753,0.20833333333333334,2026-09-16 03:45:58 UTC,6h decay + half of branches retire at +6h
5.25,8.790209158502098e-05,0.767940318359336,1997.147052927262,8.416753995603337,111.7189937774005,1479126.0766660217,1099,63695537.43718097,2.2737367544323206e-12,2.9802322387695312e-08,184.44902540302235,184.44902540302235,178.95244444601218,606.5631069300284,0.0,0.0,0,0.0,0.0,0.0,3.6889805080604474,1.8076004489496191,0.21875,2026-09-16 04:00:58 UTC,6h decay + half of branches retire at +6h
5.5,8.733317058675484e-05,0.7629700455859375,1987.4504902394283,8.362356720058227,111.7189937774005,1486417.7433326885,1099,63582773.45564516,2.2737367544323206e-12,4.470348358154297e-08,193.2323123269758,193.2323123269758,187.4739894196318,624.7812145914818,0.0,0.0,0,0.0,0.0,0.0,3.8646462465395164,1.893676660804363,0.22916666666666666,2026-09-16 04:15:58 UTC,6h decay + half of branches retire at +6h
5.75,8.680284496364208e-05,0.7583369541485919,1978.3834063577058,8.31164986728143,111.7189937774005,1493709.4099993552,1099,63476600.32027542,2.1600499167107046e-12,2.9802322387695312e-08,202.01559925092926,202.01559925092926,195.99553439325143,642.3698434468238,0.0,0.0,0,0.0,0.0,0.0,4.040311985018585,1.9797528726591067,0.23958333333333334,2026-09-16 04:30:58 UTC,6h decay + half of branches retire at +6h
6.0,8.39580243326767e-05,0.7334837063859296,1929.2655344675259,8.039630562633892,111.7189937774005,751183.4323624313,550,63376813.17601312,2.0463630789890885e-12,1.4901161193847656e-08,210.7988861748827,210.7988861748827,204.51707936687106,700.0092603106232,0.0,0.0,0,749817.6443035906,482375.6719917586,0.0,4.215977723497653,2.0658290845138505,0.25,2026-09-16 04:45:58 UTC,6h decay + half of branches retire at +6h
6.25,8.353081394235614e-05,0.7297514620532465,1921.8184097931705,7.998779632117498,111.7189937774005,758475.0990290979,550,63285965.566357695,2.0463630789890885e-12,2.9802322387695312e-08,219.58217309883617,219.58217309883617,213.03862434049068,715.9779299585982,0.0,0.0,0,749817.6443035906,482375.6719917586,0.0,4.391643461976722,2.1519052963685943,0.2604166666666667,2026-09-16 05:00:58 UTC,6h decay + half of branches retire at +6h
6.5,8.313502402584914e-05,0.7262937168619182,1914.901993323179,7.960932810989675,111.7189937774005,765766.7656957646,550,63201102.09208661,2.1600499167107046e-12,1.4901161193847656e-08,228.36546002278962,228.36546002278962,221.5601693141103,731.4158914022094,0.0,0.0,0,749817.6443035906,482375.6719917586,0.0,4.5673092004557905,2.237981508223338,0.2708333333333333,2026-09-16 05:15:58 UTC,6h decay + half of branches retire at +6h
6.75,8.276913879693196e-05,0.7230972284267613,1908.493500547026,7.925945242104765,111.7189937774005,773058.4323624312,550,63122033.832483135,2.2737367544323206e-12,1.4901161193847656e-08,237.14874694674307,237.14874694674307,230.08171428772994,746.3459291519821,0.0,0.0,0,749817.6443035906,482375.6719917586,0.0,4.742974938934859,2.324057720078082,0.28125,2026-09-16 05:30:58 UTC,6h decay + half of branches retire at +6h
7.0,8.24317424563503e-05,0.7201496278802038,1902.5714267605808,7.8936816178720735,111.7189937774005,780350.0990290978,550,63048577.14792554,2.6147972675971687e-12,1.4901161193847656e-08,245.93203387069653,245.93203387069653,238.60325926134956,760.7895479120473,0.0,0.0,0,749817.6443035906,482375.6719917586,0.0,4.9186406774139275,2.4101339319328257,0.2916666666666667,2026-09-16 05:45:58 UTC,6h decay + half of branches retire at +6h
7.25,8.21215111871828e-05,0.7174393499412643,1897.1154573678423,7.86401541616266,111.7189937774005,787641.7656957645,550,62980553.54948647,2.7284841053187847e-12,1.4901161193847656e-08,254.71532079464998,254.71532079464998,247.1248042349692,774.7670622784055,0.0,0.0,0,749817.6443035906,482375.6719917586,0.0,5.094306415892996,2.4962101437875694,0.3020833333333333,2026-09-16 06:00:58 UTC,6h decay + half of branches retire at +6h
7.5,8.183720589565721e-05,0.7149555694970386,1892.1063856460394,7.836828207333055,111.7189937774005,794933.4323624311,550,62917789.57081961,2.9558577807620168e-12,2.9802322387695312e-08,263.4986077186034,263.4986077186034,255.64634920858882,788.2976789738284,0.0,0.0,0,749817.6443035906,482375.6719917586,0.0,5.269972154372065,2.5822863556423132,0.3125,2026-09-16 06:15:58 UTC,6h decay + half of branches retire at +6h
7.75,8.157766561864779e-05,0.7126881440085233,1887.5260372607572,7.812009024860711,111.7189937774005,802225.0990290977,550,62860116.642367214,3.296918293926865e-12,1.4901161193847656e-08,272.28189464255684,272.28189464255684,264.16789418220844,801.3995723327305,0.0,0.0,0,749817.6443035906,482375.6719917586,0.0,5.445637892851133,2.668362567497057,0.3229166666666667,2026-09-16 06:30:58 UTC,6h decay + half of branches retire at +6h
8.0,8.134180152831404e-05,0.7106275611332542,1883.3572008936205,7.789453792960289,111.7189937774005,809516.7656957643,550,62807370.96790201,3.637978807091713e-12,1.4901161193847656e-08,281.06518156651026,281.06518156651026,272.6894391558281,814.0899536734871,0.0,0.0,0,749817.6443035906,482375.6719917586,0.0,5.621303631330202,2.754438779351801,0.3333333333333333,2026-09-16 06:45:58 UTC,6h decay + half of branches retire at +6h
8.25,8.112859147243884e-05,0.7087648910279832,1879.5835644129204,7.769064805309679,111.7189937774005,816808.432362431,550,62759393.40341246,3.637978807091713e-12,1.4901161193847656e-08,289.8484684904637,289.8484684904637,281.21098412944775,826.385135127807,0.0,0.0,0,749817.6443035906,482375.6719917586,0.0,5.79696936980927,2.8405149912065446,0.34375,2026-09-16 07:00:58 UTC,6h decay + half of branches retire at +6h
8.5,8.093707499608054e-05,0.7070917428562654,1876.1896560774176,7.750750249717965,111.7189937774005,824100.0990290976,550,62716029.33833577,3.637978807091713e-12,0.0,298.6317554144171,298.6317554144171,289.7325291030674,838.3005884369295,0.0,0.0,0,749817.6443035906,482375.6719917586,0.0,5.972635108288339,2.9265912030612884,0.3541666666666667,2026-09-16 07:15:58 UTC,6h decay + half of branches retire at +6h
8.75,8.076634879632026e-05,0.7056002250797017,1873.160790316428,7.734423774119421,111.7189937774005,831391.7656957642,550,62677128.579139285,3.979039320256561e-12,0.0,307.41504233837054,307.41504233837054,298.25407407668706,849.8509991715391,0.0,0.0,0,749817.6443035906,482375.6719917586,0.0,6.148300846767407,3.012667414916032,0.3645833333333333,2026-09-16 07:30:58 UTC,6h decay + half of branches retire at +6h
9.0,8.061556256728021e-05,0.7042829091587123,1870.4830176760436,7.720004089810875,111.7189937774005,838683.4323624308,550,62642545.235247016,4.092726157978177e-12,1.4901161193847656e-08,316.19832926232397,316.19832926232397,306.7756190503067,861.0503167855431,0.0,0.0,0,749817.6443035906,482375.6719917586,0.0,6.323966585246476,3.098743626770776,0.375,2026-09-16 07:45:58 UTC,6h decay + half of branches retire at +6h
9.25,8.048391519731972e-05,0.7031327963300449,1868.143078562845,7.707414608313177,111.7189937774005,845975.0990290975,550,62612137.60730453,4.320099833421409e-12,1.4901161193847656e-08,324.9816161862774,324.9816161862774,315.29716402392637,871.9118008723617,0.0,0.0,0,749817.6443035906,482375.6719917586,0.0,6.499632323725544,3.1848198386255198,0.3854166666666667,2026-09-16 08:00:58 UTC,6h decay + half of branches retire at +6h
9.5,8.037065128447033e-05,0.70214328716452,1866.1283604532127,7.696583108601637,111.7189937774005,853266.7656957641,550,62585768.077772565,4.547473508864641e-12,1.4901161193847656e-08,333.7649031102308,333.7649031102308,323.818708997546,882.4480639556139,0.0,0.0,0,749817.6443035906,482375.6719917586,0.0,6.675298062204613,3.2708960504802636,0.3958333333333333,2026-09-16 08:15:58 UTC,6h decay + half of branches retire at +6h
9.75,8.027505793982577e-05,0.7013081536404403,1864.4268582690959,7.687441431814881,111.7189937774005,860558.4323624307,550,62563303.003836505,4.661160346586257e-12,2.9802322387695312e-08,342.54819003418424,342.54819003418424,332.3402539711657,892.6711111133504,0.0,0.0,0,749817.6443035906,482375.6719917586,0.0,6.850963800683681,3.3569722623350073,0.40625,2026-09-16 08:30:58 UTC,6h decay + half of branches retire at +6h
10.0,8.019646185182458e-05,0.7006215134962401,1863.027137650226,7.679925200889438,111.7189937774005,867850.0990290974,550,62544612.61261628,5.002220859751105e-12,2.9802322387695312e-08,351.33147695813767,351.33147695813767,340.86179894478533,902.5923767058403,0.0,0.0,0,749817.6443035906,482375.6719917586,0.0,7.02662953916275,3.443048474189751,0.4166666666666667,2026-09-16 08:45:58 UTC,6h decay + half of branches retire at +6h
10.25,8.01342265872066e-05,0.7000778066507929,1861.918300878732,7.67397356276456,111.7189937774005,875141.765695764,550,62529570.89865903,5.002220859751105e-12,1.4901161193847656e-08,360.1147638820911,360.1147638820911,349.383343918405,912.222758450954,0.0,0.0,0,749817.6443035906,482375.6719917586,0.0,7.202295277641818,3.529124686044495,0.4270833333333333,2026-09-16 09:00:58 UTC,6h decay + half of branches retire at +6h
10.5,8.008775010693767e-05,0.6996717735017475,1861.0899552353349,7.669528951126005,111.7189937774005,882433.4323624306,550,62518055.52369429,5.002220859751105e-12,1.4901161193847656e-08,368.8980508060445,368.8980508060445,357.90488889202464,921.5726490679708,0.0,0.0,0,749817.6443035906,482375.6719917586,0.0,7.377961016120887,3.6152008978992387,0.4375,2026-09-16 09:15:58 UTC,6h decay + half of branches retire at +6h
10.75,8.005646247762379e-05,0.699398434931723,1860.5321835870309,7.666536867803027,111.7189937774005,889725.0990290972,550,62509947.71862974,5.343281372915953e-12,1.4901161193847656e-08,377.68133772999795,377.68133772999795,366.4264338656443,930.6519656898947,0.0,0.0,0,749817.6443035906,482375.6719917586,0.0,7.553626754599955,3.7012771097539825,0.4479166666666667,2026-09-16 09:30:58 UTC,6h decay + half of branches retire at +6h
11.0,8.00398237609104e-05,0.6992530738694369,1860.235517024771,7.664945681163794,111.7189937774005,897016.7656957639,550,62505132.18776362,5.4569682106375694e-12,1.4901161193847656e-08,386.4646246539514,386.4646246539514,374.94797883926395,939.4701772257743,0.0,0.0,0,749817.6443035906,482375.6719917586,0.0,7.729292493079024,3.7873533216087263,0.4583333333333333,2026-09-16 09:45:58 UTC,6h decay + half of branches retire at +6h
11.25,8.003732206511485e-05,0.6992312182681533,1860.190909386301,7.664706440001978,111.7189937774005,904308.4323624305,550,62503497.0151882,5.4569682106375694e-12,0.0,395.2479115779048,395.2479115779048,383.4695238128836,948.0363298378641,0.0,0.0,0,749817.6443035906,482375.6719917586,0.0,7.904958231558092,3.87342953346347,0.46875,2026-09-16 10:00:58 UTC,6h decay + half of branches retire at +6h
11.5,8.004847174490077e-05,0.6993286253774724,1860.3897135142797,7.6657727015545625,111.7189937774005,911600.0990290971,550,62504933.5733575,5.6843418860808015e-12,1.4901161193847656e-08,404.0311985018582,404.0311985018582,391.99106878650326,956.3590706835053,0.0,0.0,0,749817.6443035906,482375.6719917586,0.0,8.080623970037161,3.959505745318214,0.4791666666666667,2026-09-16 10:15:58 UTC,6h decay + half of branches retire at +6h
11.75,8.0072811736192e-05,0.6995412671966148,1860.823659113267,7.668100372435886,111.7189937774005,918891.7656957638,550,62509336.433790654,5.7980287238024175e-12,1.4901161193847656e-08,412.81448542581165,412.81448542581165,400.5126137601229,964.4466700581377,0.0,0.0,0,749817.6443035906,482375.6719917586,0.0,8.25628970851623,4.045581957172957,0.4895833333333333,2026-09-16 10:30:58 UTC,6h decay + half of branches retire at +6h
12.0,8.010990401476207e-05,0.6998653170081738,1861.484832081257,7.671647561378722,111.7189937774005,926183.4323624304,550,62516603.279881746,5.9117155615240335e-12,1.4901161193847656e-08,421.5977723497651,421.5977723497651,409.0341587337426,972.3070420637673,0.0,0.0,0,749817.6443035906,482375.6719917586,0.0,8.431955446995298,4.131658169027701,0.5,2026-09-16 10:45:58 UTC,6h decay + half of branches retire at +6h
12.25,8.015933216804291e-05,0.7002971369009882,1862.3656552023651,7.676374442793917,111.7189937774005,933475.099029097,550,62526634.82178542,6.139089236967266e-12,2.9802322387695312e-08,430.3810592737185,430.3810592737185,417.5557037073622,979.9477639162792,0.0,0.0,0,749817.6443035906,482375.6719917586,0.0,8.607621185474366,4.217734380882445,0.5104166666666666,2026-09-16 11:00:58 UTC,6h decay + half of branches retire at +6h
12.5,8.022070007068556e-05,0.7008332661994231,1863.4588700971099,7.682243130229949,111.7189937774005,940766.7656957636,550,62539334.71334691,6.139089236967266e-12,2.9802322387695312e-08,439.16434619767193,439.16434619767193,426.0772486809819,987.3760939951542,0.0,0.0,0,749817.6443035906,482375.6719917586,0.0,8.783286923953435,4.303810592737189,0.5208333333333334,2026-09-16 11:15:58 UTC,6h decay + half of branches retire at +6h
12.75,8.029363065529152e-05,0.7014704107240931,1864.7575203356428,7.689217558926318,111.7189937774005,948058.4323624303,550,62554609.47104443,6.480149750132114e-12,2.9802322387695312e-08,447.94763312162536,447.94763312162536,434.59879365460154,994.5989887302412,0.0,0.0,0,749817.6443035906,482375.6719917586,0.0,8.958952662432504,4.389886804591932,0.53125,2026-09-16 11:30:58 UTC,6h decay + half of branches retire at +6h
13.0,8.037776477052904e-05,0.7022054328160064,1866.2549356273057,7.697263376711314,111.7189937774005,955350.0990290969,550,62572368.39491091,6.59383658785373e-12,2.9802322387695312e-08,456.7309200455788,456.7309200455788,443.1203386282212,1001.623118412198,0.0,0.0,0,749817.6443035906,482375.6719917586,0.0,9.134618400911572,4.475963016446676,0.5416666666666666,2026-09-16 11:45:58 UTC,6h decay + half of branches retire at +6h
13.25,8.047276011956078e-05,0.7030353420623358,1867.9447170072037,7.706347842571922,111.7189937774005,962641.7656957635,550,62592523.491401955,6.821210263296962e-12,4.470348358154297e-08,465.5142069695322,465.5142069695322,451.64188360184085,1008.4548820059199,0.0,0.0,0,749817.6443035906,482375.6719917586,0.0,9.31028413939064,4.56203922830142,0.5520833333333334,2026-09-16 12:00:58 UTC,6h decay + half of branches retire at +6h
13.5,8.057829027235097e-05,0.7039572866676221,1869.8207229470545,7.7164397322758935,111.7189937774005,969933.4323624301,550,62614989.39817597,6.821210263296962e-12,2.9802322387695312e-08,474.29749389348564,474.29749389348564,460.1634285754605,1015.1004210396889,0.0,0.0,0,749817.6443035906,482375.6719917586,0.0,9.48594987786971,4.648115440156164,0.5625,2026-09-16 12:15:58 UTC,6h decay + half of branches retire at +6h
13.75,8.069404374599693e-05,0.7049685454192629,1871.8770563235994,7.727509250493942,111.7189937774005,977225.0990290968,550,62639683.31075236,6.934897101018578e-12,2.9802322387695312e-08,483.08078081743906,483.08078081743906,468.68497354908015,1021.5656326367637,0.0,0.0,0,749817.6443035906,482375.6719917586,0.0,9.661615616348778,4.7341916520109075,0.5729166666666666,2026-09-16 12:30:58 UTC,6h decay + half of branches retire at +6h
14.0,8.081972314774958e-05,0.7060665202006683,1874.10805218328,7.739527948913021,111.7189937774005,984516.7656957634,550,62666524.91101342,7.048583938740194e-12,1.4901161193847656e-08,491.8640677413925,491.8640677413925,477.2065185226998,1027.8561817507027,0.0,0.0,0,749817.6443035906,482375.6719917586,0.0,9.837281354827846,4.820267863865651,0.5833333333333334,2026-09-16 12:45:58 UTC,6h decay + half of branches retire at +6h
14.25,8.0955044375856e-05,0.7072487290095715,1876.5082662468387,7.7524686498640785,111.7189937774005,991808.43236243,550,62695436.29751507,7.048583938740194e-12,1.4901161193847656e-08,500.6473546653459,500.6473546653459,485.72806349631946,1033.9775126607638,0.0,0.0,0,749817.6443035906,482375.6719917586,0.0,10.012947093306915,4.906344075720395,0.59375,2026-09-16 13:00:58 UTC,6h decay + half of branches retire at +6h
14.5,8.109973587378079e-05,0.7085127994426712,1879.0724641020133,7.766305375059574,111.7189937774005,999100.0990290967,550,62726341.91757189,7.275957614183426e-12,2.9802322387695312e-08,509.43064158929934,509.43064158929934,494.2496084699391,1039.934859779209,0.0,0.0,0,749817.6443035906,482375.6719917586,0.0,10.188612831785983,4.992420287575139,0.6041666666666666,2026-09-16 13:15:58 UTC,6h decay + half of branches retire at +6h
14.75,8.125353793374424e-05,0.7098564626111228,1881.7956110365794,7.7810132790322815,111.7189937774005,1006391.7656957633,550,62759168.50108128,7.503331289626658e-12,2.9802322387695312e-08,518.2139285132528,518.2139285132528,502.7711534435588,1045.733257818263,0.0,0.0,0,749817.6443035906,482375.6719917586,0.0,10.364278570265052,5.078496499429883,0.6145833333333334,2026-09-16 13:30:58 UTC,6h decay + half of branches retire at +6h
15.0,8.141620204586339e-05,0.7112775474544294,1884.672862467761,7.796568586936635,111.7189937774005,1013683.4323624299,550,62793844.996052295,7.73070496506989e-12,2.9802322387695312e-08,526.9972154372063,526.9972154372063,511.2926984171784,1051.377551360701,0.0,0.0,0,749817.6443035906,482375.6719917586,0.0,10.53994430874412,5.1645727112846265,0.625,2026-09-16 13:45:58 UTC,6h decay + half of branches retire at +6h
15.25,8.158749028949351e-05,0.7127739754230096,1887.699554927422,7.812948536379774,111.7189937774005,1020975.0990290965,550,62830302.505804054,7.73070496506989e-12,2.9802322387695312e-08,535.7805023611597,535.7805023611597,519.8142433907981,1056.8724038746598,0.0,0.0,0,749817.6443035906,482375.6719917586,0.0,10.715610047223189,5.25064892313937,0.6354166666666666,2026-09-16 14:00:58 UTC,6h decay + half of branches retire at +6h
15.5,8.176717476365299e-05,0.7143437555022105,1890.8711975655895,7.830131322987656,111.7189937774005,1028266.7656957632,550,62868474.22779919,7.73070496506989e-12,1.4901161193847656e-08,544.5637892851132,544.5637892851132,528.3357883644177,1062.222306210112,0.0,0.0,0,749817.6443035906,482375.6719917586,0.0,10.891275785702257,5.336725134994114,0.6458333333333334,2026-09-16 14:15:58 UTC,6h decay + half of branches retire at +6h
15.75,8.195503705367194e-05,0.7159849795527818,1894.18346413769,7.848096049426556,111.7189937774005,1035558.4323624298,550,62908295.394077875,8.185452315956354e-12,2.9802322387695312e-08,553.3470762090667,553.3470762090667,536.8573333380373,1067.4315846116315,0.0,0.0,0,749817.6443035906,482375.6719917586,0.0,11.066941524181326,5.422801346848858,0.65625,2026-09-16 14:30:58 UTC,6h decay + half of branches retire at +6h
16.0,8.21508677314397e-05,0.7176958179448814,1897.6321854435243,7.866822677643092,111.7189937774005,1042850.0990290964,550,62949703.213258006,8.412825991399586e-12,2.9802322387695312e-08,562.1303631330202,562.1303631330202,545.3788783116569,1072.5044082794168,0.0,0.0,0,749817.6443035906,482375.6719917586,0.0,11.242607262660394,5.508877558703602,0.6666666666666666,2026-09-16 14:45:58 UTC,6h decay + half of branches retire at +6h
16.25,8.235446588683858e-05,0.7194745154645321,1901.2133421883593,7.886291984076641,111.7189937774005,1050141.765695763,550,62992636.814067565,8.640199666842818e-12,2.9802322387695312e-08,570.9136500569737,570.9136500569737,553.9004232852765,1077.4447965082018,0.0,0.0,0,749817.6443035906,482375.6719917586,0.0,11.418273001139463,5.594953770558345,0.6770833333333334,2026-09-16 15:00:58 UTC,6h decay + half of branches retire at +6h
16.5,8.256563868814639e-05,0.7213193874731612,1904.923058238741,7.906485517644084,111.7189937774005,1057433.4323624298,550,63037037.19037542,8.86757334228605e-12,1.4901161193847656e-08,579.6969369809271,579.6969369809271,562.4219682588961,1082.25662543144,0.0,0.0,0,749817.6443035906,482375.6719917586,0.0,11.593938739618531,5.681029982413089,0.6875,2026-09-16 15:15:58 UTC,6h decay + half of branches retire at +6h
16.75,8.278420096936567e-05,0.7232288163023778,1908.7575942476262,7.927385560294894,111.7189937774005,1064725.0990290965,550,63082847.14768695,9.094947017729282e-12,2.9802322387695312e-08,588.4802239048806,588.4802239048806,570.9435132325157,1086.9436343961745,0.0,0.0,0,749817.6443035906,482375.6719917586,0.0,11.7696044780976,5.767106194267833,0.6979166666666666,2026-09-16 15:30:58 UTC,6h decay + half of branches retire at +6h
17.0,8.300997484259986e-05,0.7252012478675697,1912.7133416252827,7.948975089959412,111.7189937774005,1072016.7656957633,550,63130011.25107162,9.094947017729282e-12,2.9802322387695312e-08,597.2635108288341,597.2635108288341,579.4650582061353,1091.5094319921377,0.0,0.0,0,749817.6443035906,482375.6719917586,0.0,11.945270216576668,5.853182406122577,0.7083333333333334,2026-09-16 15:45:58 UTC,6h decay + half of branches retire at +6h
17.25,8.324278933374228e-05,0.7272351884851674,1916.786816834106,7.971237745726487,111.7189937774005,1079308.43236243,550,63178475.774489455,9.322320693172514e-12,4.470348358154297e-08,606.0467977527876,606.0467977527876,587.9866031797549,1095.957501756934,0.0,0.0,0,749817.6443035906,482375.6719917586,0.0,12.120935955055737,5.939258617977321,0.71875,2026-09-16 16:00:58 UTC,6h decay + half of branches retire at +6h
17.5,8.348248003987986e-05,0.7293292018796159,1920.974655987068,7.994157795096723,111.7189937774005,1086600.0990290968,550,63228188.65148436,9.322320693172514e-12,2.9802322387695312e-08,614.8300846767411,614.8300846767411,596.5081481533745,1100.2912075775919,0.0,0.0,0,749817.6443035906,482375.6719917586,0.0,12.296601693534805,6.025334829832064,0.7291666666666666,2026-09-16 16:15:58 UTC,6h decay + half of branches retire at +6h
17.75,8.372888880693485e-05,0.7314819063671504,1925.2736097309357,8.017720103162926,111.7189937774005,1093891.7656957635,550,63279099.4272122,9.549694368615746e-12,2.9802322387695312e-08,623.6133716006946,623.6133716006946,605.0296931269941,1104.5137988073438,0.0,0.0,0,749817.6443035906,482375.6719917586,0.0,12.472267432013874,6.111411041686808,0.7395833333333334,2026-09-16 16:30:58 UTC,6h decay + half of branches retire at +6h
18.0,8.398186342618018e-05,0.7336919722044598,1929.6805383967348,8.041910103605021,111.7189937774005,1101183.4323624303,550,63331159.21177203,9.549694368615746e-12,4.470348358154297e-08,632.396658524648,632.396658524648,613.5512381006137,1108.6284151151644,0.0,0.0,0,749817.6443035906,482375.6719917586,0.0,12.647933170492943,6.197487253541552,0.75,2026-09-16 16:45:58 UTC,6h decay + half of branches retire at +6h
18.25,8.424125734892263e-05,0.7359581190960686,1934.1924074107856,8.066713771411687,111.7189937774005,1108475.099029097,550,63384320.634923965,9.777068044058979e-12,2.9802322387695312e-08,641.1799454486015,641.1799454486015,622.0727830742333,1112.6380910747334,0.0,0.0,0,749817.6443035906,482375.6719917586,0.0,12.823598908972011,6.283563465396296,0.7604166666666666,2026-09-16 17:00:58 UTC,6h decay + half of branches retire at +6h
18.5,8.450692458573518e-05,0.7382790716324271,1938.8062834676305,8.09211756531969,111.7189937774005,1115766.7656957638,550,63438537.80869893,9.777068044058979e-12,2.9802322387695312e-08,649.963232372555,649.963232372555,630.5943280478529,1116.5457599915082,0.0,0.0,0,749817.6443035906,482375.6719917586,0.0,12.99926464745108,6.3696396772510395,0.7708333333333334,2026-09-16 17:15:58 UTC,6h decay + half of branches retire at +6h
18.75,8.477872051228851e-05,0.7406535663299083,1943.5193295200913,8.1181077836935,111.7189937774005,1123058.4323624305,550,63493766.28162026,1.0231815394945443e-11,2.9802322387695312e-08,658.7465192965085,658.7465192965085,639.1158730214725,1120.3542589126673,0.0,0.0,0,749817.6443035906,482375.6719917586,0.0,13.174930385930148,6.455715889105783,0.78125,2026-09-16 17:30:58 UTC,6h decay + half of branches retire at +6h
19.0,8.505652704131496e-05,0.7430805715410019,1948.328800909527,8.144671691047725,111.7189937774005,1130350.0990290972,550,63549962.985142395,1.0686562745831907e-11,4.470348358154297e-08,667.529806220462,667.529806220462,647.637417995092,1124.0663324968516,0.0,0.0,0,749817.6443035906,482375.6719917586,0.0,13.350596124409217,6.541792100960527,0.7916666666666666,2026-09-16 17:45:58 UTC,6h decay + half of branches retire at +6h
19.25,8.534021772129705e-05,0.7455589825454808,1953.2320418897234,8.171797918806831,111.7189937774005,1137641.765695764,550,63607086.197694205,1.0459189070388675e-11,2.9802322387695312e-08,676.3130931444155,676.3130931444155,656.1589629687116,1127.6846364902747,0.0,0.0,0,749817.6443035906,482375.6719917586,0.0,13.526261862888285,6.627868312815271,0.8020833333333334,2026-09-16 18:00:58 UTC,6h decay + half of branches retire at +6h
19.5,8.562967055683325e-05,0.748087733553148,1958.2264820749488,8.199474919163322,111.7189937774005,1144933.4323624307,550,63665095.508279085,1.0459189070388675e-11,2.9802322387695312e-08,685.096380068369,685.096380068369,664.6805079423312,1131.2117412786688,0.0,0.0,0,749817.6443035906,482375.6719917586,0.0,13.701927601367354,6.713944524670015,0.8125,2026-09-16 18:15:58 UTC,6h decay + half of branches retire at +6h
19.75,8.592476780675288e-05,0.7506657959401056,1963.3096330619674,8.227691422367473,111.7189937774005,1152225.0990290975,550,63723951.778087474,1.0231815394945443e-11,4.470348358154297e-08,693.8796669923224,693.8796669923224,673.2020529159508,1134.6501352652697,0.0,0.0,0,749817.6443035906,482375.6719917586,0.0,13.877593339846422,6.8000207365247585,0.8229166666666666,2026-09-16 18:30:58 UTC,6h decay + half of branches retire at +6h
20.0,8.622539576319729e-05,0.7532921763187379,1968.479085218503,8.256436547103691,111.7189937774005,1159516.7656957642,550,63783617.10321002,1.0686562745831907e-11,2.9802322387695312e-08,702.6629539162759,702.6629539162759,681.7235978895704,1138.002228082354,0.0,0.0,0,749817.6443035906,482375.6719917586,0.0,14.05325907832549,6.886096948379502,0.8333333333333334,2026-09-16 18:45:58 UTC,6h decay + half of branches retire at +6h
20.25,8.653144458284676e-05,0.7559659150632567,1973.732504620217,8.285699779224856,111.7189937774005,1166808.432362431,550,63844054.778366074,1.0913936421275139e-11,4.470348358154297e-08,711.4462408402294,711.4462408402294,690.24514286319,1141.27035365426,0.0,0.0,0,749817.6443035906,482375.6719917586,0.0,14.22892481680456,6.972173160234246,0.84375,2026-09-16 19:00:58 UTC,6h decay + half of branches retire at +6h
20.5,8.684280825946038e-05,0.7586860860698013,1979.067630136472,8.315470963648545,111.7189937774005,1174100.0990290977,550,63905229.2615519,1.0913936421275139e-11,4.470348358154297e-08,720.2295277641829,720.2295277641829,698.7666878368096,1144.4567731116244,0.0,0.0,0,749817.6443035906,482375.6719917586,0.0,14.404590555283628,7.05824937208899,0.8541666666666666,2026-09-16 19:15:58 UTC,6h decay + half of branches retire at +6h
20.75,8.715938426057968e-05,0.7614517935825665,1984.4822706559892,8.345740290015403,111.7189937774005,1181391.7656957645,550,63967106.139798366,1.0686562745831907e-11,4.470348358154297e-08,729.0128146881364,729.0128146881364,707.2882328104292,1147.5636775657267,0.0,0.0,0,749817.6443035906,482375.6719917586,0.0,14.580256293762696,7.144325583943734,0.8645833333333334,2026-09-16 19:30:58 UTC,6h decay + half of branches retire at +6h
21.0,8.748107345096593e-05,0.764262171524928,1989.9743024408426,8.37649826870582,111.7189937774005,1188683.4323624312,550,64029652.09587956,1.0913936421275139e-11,2.9802322387695312e-08,737.7961016120898,737.7961016120898,715.8097777840488,1150.5931907544932,0.0,0.0,0,749817.6443035906,482375.6719917586,0.0,14.755922032241765,7.230401795798477,0.875,2026-09-16 19:45:58 UTC,6h decay + half of branches retire at +6h
21.25,8.780777997272322e-05,0.7671163824521583,1995.5416670329914,8.407735723223594,111.7189937774005,1195975.099029098,550,64092834.880834825,1.1141310096718371e-11,4.470348358154297e-08,746.5793885360433,746.5793885360433,724.3313227576684,1153.547371135964,0.0,0.0,0,749817.6443035906,482375.6719917586,0.0,14.931587770720833,7.316478007653221,0.8854166666666666,2026-09-16 20:00:58 UTC,6h decay + half of branches retire at +6h
21.5,8.813929808375145e-05,0.7700126289365626,2001.1823720304176,8.43944106402895,111.7189937774005,1203266.7656957647,550,64156623.35066845,1.1368683772161603e-11,4.470348358154297e-08,755.3626754599968,755.3626754599968,732.852867731288,1156.428211112158,0.0,0.0,0,749817.6443035906,482375.6719917586,0.0,15.107253509199902,7.402554219507965,0.8958333333333334,2026-09-16 20:15:58 UTC,6h decay + half of branches retire at +6h
21.75,8.847561707508228e-05,0.7729508174212255,2006.8944811582553,8.471599747429616,111.7189937774005,1210558.4323624314,550,64220987.35700178,1.1823431123048067e-11,4.470348358154297e-08,764.1459623839503,764.1459623839503,741.3744127049076,1159.2376469579401,0.0,0.0,0,749817.6443035906,482375.6719917586,0.0,15.28291924767897,7.488630431362709,0.90625,2026-09-16 20:30:58 UTC,6h decay + half of branches retire at +6h
22.0,8.881668178767464e-05,0.7759304660194158,2012.6761158747547,8.504209289738627,111.7189937774005,1217850.0990290982,550,64285897.65333157,1.2278178473934531e-11,4.470348358154297e-08,772.9292493079038,772.9292493079038,749.8959576785272,1161.9775572150606,0.0,0.0,0,749817.6443035906,482375.6719917586,0.0,15.458584986158039,7.574706643217453,0.9166666666666666,2026-09-16 20:45:58 UTC,6h decay + half of branches retire at +6h
22.25,8.916240805706244e-05,0.7789508394438873,2018.5254534999808,8.537264249001893,111.7189937774005,1225141.765695765,550,64351325.93331241,1.2278178473934531e-11,4.470348358154297e-08,781.7125362318573,781.7125362318573,758.4175026521468,1164.6497645634543,0.0,0.0,0,749817.6443035906,482375.6719917586,0.0,15.634250724637107,7.660782855072196,0.9270833333333334,2026-09-16 21:00:58 UTC,6h decay + half of branches retire at +6h
22.5,8.951271434927288e-05,0.78201122538821,2024.4407252138144,8.570756819030894,111.7189937774005,1232433.4323624317,550,64417244.80527258,1.2505552149377763e-11,5.960464477539063e-08,790.4958231558107,790.4958231558107,766.9390476257664,1167.2560378232404,0.0,0.0,0,749817.6443035906,482375.6719917586,0.0,15.809916463116176,7.74685906692694,0.9375,2026-09-16 21:15:58 UTC,6h decay + half of branches retire at +6h
22.75,8.986751739006661e-05,0.7851108963424382,2030.4202143045613,8.604679354145269,111.7189937774005,1239725.0990290984,550,64483627.76773647,1.2505552149377763e-11,4.470348358154297e-08,799.2791100797642,799.2791100797642,775.460592599386,1169.7980937061131,0.0,0.0,0,749817.6443035906,482375.6719917586,0.0,15.985582201595244,7.832935278781684,0.9479166666666666,2026-09-16 21:30:58 UTC,6h decay + half of branches retire at +6h
23.0,9.022674188463673e-05,0.7882491945074578,2036.4622540420341,8.639024176508771,111.7189937774005,1247016.7656957651,550,64550449.18175067,1.2505552149377763e-11,4.470348358154297e-08,808.0623970037177,808.0623970037177,783.9821375730056,1172.27759894226,0.0,0.0,0,749817.6443035906,482375.6719917586,0.0,16.161247940074315,7.919011490636428,0.9583333333333334,2026-09-16 21:45:58 UTC,6h decay + half of branches retire at +6h
23.25,9.05903164576199e-05,0.7914254963256461,2042.5652260209183,8.673784411521133,111.7189937774005,1254308.432362432,550,64617684.23975032,1.2960299500264227e-11,2.9802322387695312e-08,816.8456839276712,816.8456839276712,792.5036825466252,1174.6961719369958,0.0,0.0,0,749817.6443035906,482375.6719917586,0.0,16.336913678553383,8.00508770249117,0.96875,2026-09-16 22:00:58 UTC,6h decay + half of branches retire at +6h
23.5,9.095816908875284e-05,0.7946391726053318,2048.7275585233365,8.70895334513722,111.7189937774005,1261600.0990290986,550,64685308.944053665,1.2960299500264227e-11,4.470348358154297e-08,825.6289708516247,825.6289708516247,801.0252275202448,1177.0553844081971,0.0,0.0,0,749817.6443035906,482375.6719917586,0.0,16.512579417032452,8.091163914345914,0.9791666666666666,2026-09-16 22:15:58 UTC,6h decay + half of branches retire at +6h
23.75,9.133022990793004e-05,0.7978896129392984,2054.947724913845,8.744524287103335,111.7189937774005,1268891.7656957654,550,64753300.08304926,1.2960299500264227e-11,4.470348358154297e-08,834.4122577755782,834.4122577755782,809.5467724938644,1179.3567629913084,0.0,0.0,0,749817.6443035906,482375.6719917586,0.0,16.68824515551152,8.177240126200658,0.9895833333333334,2026-09-16 22:30:58 UTC,6h decay + half of branches retire at +6h
24.0,9.170643111266308e-05,0.8011762249836822,2061.2242421020974,8.780490744996714,111.7189937774005,1276183.4323624321,550,64821635.207646966,1.3415046851150692e-11,4.470348358154297e-08,843.1955446995316,843.1955446995316,818.068317467484,1181.6017907766761,0.0,0.0,0,749817.6443035906,482375.6719917586,0.0,16.86391089399059,8.263316338055402,1.0,2026-09-16 22:45:58 UTC,6h decay + half of branches retire at +6h
24.25,9.208670688946978e-05,0.8044984337712038,2067.5556690697663,8.81684641670578,111.7189937774005,1283475.0990290989,550,64890292.60840711,1.3642420526593924e-11,4.470348358154297e-08,851.9788316234851,851.9788316234851,826.5898624411036,1183.791908782627,0.0,0.0,0,749817.6443035906,482375.6719917586,0.0,17.039576632469657,8.349392549910146,1.0104166666666667,2026-09-16 23:00:58 UTC,6h decay + half of branches retire at +6h
24.5,9.247099333897499e-05,0.8078556810568246,2073.940605458513,8.85358518326749,111.7189937774005,1290766.7656957656,550,64959251.29332908,1.3415046851150692e-11,4.470348358154297e-08,860.7621185474386,860.7621185474386,835.1114074147232,1185.9285173674996,0.0,0.0,0,749817.6443035906,482375.6719917586,0.0,17.215242370948726,8.43546876176489,1.0208333333333333,2026-09-16 23:15:58 UTC,6h decay + half of branches retire at +6h
24.75,9.285922840452068e-05,0.8112474246940626,2080.377690215981,8.890701102035946,111.7189937774005,1298058.4323624324,550,65028490.96628132,1.3415046851150692e-11,4.470348358154297e-08,869.5454054713921,869.5454054713921,843.6329523883428,1188.012977583651,0.0,0.0,0,749817.6443035906,482375.6719917586,0.0,17.390908109427794,8.521544973619633,1.03125,2026-09-16 23:30:58 UTC,6h decay + half of branches retire at +6h
25.0,9.325135180571097e-05,0.8146731380544207,2086.8656003236874,8.928188400334438,111.7189937774005,1305350.099029099,550,65097992.00634164,1.3415046851150692e-11,4.470348358154297e-08,878.3286923953456,878.3286923953456,852.1544973619624,1190.0466124495645,0.0,0.0,0,749817.6443035906,482375.6719917586,0.0,17.566573847906863,8.607621185474377,1.0416666666666667,2026-09-16 23:45:58 UTC,6h decay + half of branches retire at +6h
25.25,9.364727704602484e-05,0.8181320654770867,2093.403050142418,8.966040680154743,111.7189937774005,1312641.7656957658,550,65167735.462547466,1.3642420526593924e-11,2.9802322387695312e-08,887.111979319299,887.111979319299,860.676042335582,1192.0307076044535,0.0,0.0,0,749817.6443035906,482375.6719917586,0.0,17.74223958638593,8.693697397329121,1.0520833333333333,2026-09-17 00:00:58 UTC,6h decay + half of branches retire at +6h
25.5,9.404696948517531e-05,0.821623904333619,2099.9887889489205,9.00425124406484,111.7189937774005,1319933.4323624326,550,65237703.01888858,1.3869794202037156e-11,5.960464477539063e-08,895.8952662432525,895.8952662432525,869.1975873092016,1193.9665137715708,0.0,0.0,0,749817.6443035906,482375.6719917586,0.0,17.917905324865,8.779773609183865,1.0625,2026-09-17 00:15:58 UTC,6h decay + half of branches retire at +6h
25.75,9.445037907980556e-05,0.8251482174295129,2106.6216004068715,9.042816423338122,111.7189937774005,1327225.0990290993,550,65307876.959334165,1.3869794202037156e-11,4.470348358154297e-08,904.678553167206,904.678553167206,877.7191322828212,1195.8552472872395,0.0,0.0,0,749817.6443035906,482375.6719917586,0.0,18.09357106334407,8.865849821038609,1.0729166666666667,2026-09-17 00:30:58 UTC,6h decay + half of branches retire at +6h
26.0,9.485745202747039e-05,0.828704534729686,2113.300301492804,9.081731436014266,111.7189937774005,1334516.765695766,550,65378240.16456678,1.3869794202037156e-11,4.470348358154297e-08,913.4618400911595,913.4618400911595,886.2406772564408,1197.6980911749267,0.0,0.0,0,749817.6443035906,482375.6719917586,0.0,18.269236801823137,8.951926032893352,1.0833333333333333,2026-09-17 00:45:58 UTC,6h decay + half of branches retire at +6h
26.25,9.526813600382896e-05,0.8322923991122398,2120.023741435571,9.120991270739855,111.7189937774005,1341808.4323624328,550,65448776.0942224,1.4097167877480388e-11,4.470348358154297e-08,922.245127015113,922.245127015113,894.7622222300604,1199.4961962057794,0.0,0.0,0,749817.6443035906,482375.6719917586,0.0,18.444902540302206,9.038002244748096,1.09375,2026-09-17 01:00:58 UTC,6h decay + half of branches retire at +6h
26.5,9.568238011107053e-05,0.8359113659178917,2126.790800696894,9.160591052672867,111.7189937774005,1349100.0990290996,550,65519468.76934025,1.432454155292362e-11,2.9802322387695312e-08,931.0284139390665,931.0284139390665,903.28376720368,1201.250681918076,0.0,0.0,0,749817.6443035906,482375.6719917586,0.0,18.620568278781274,9.12407845660284,1.1041666666666667,2026-09-17 01:15:58 UTC,6h decay + half of branches retire at +6h
26.75,9.610013482860613e-05,0.8395610025192018,2133.600389991089,9.200526038767693,111.7189937774005,1356391.7656957663,550,65590302.75532459,1.432454155292362e-11,2.9802322387695312e-08,939.81170086302,939.81170086302,911.8053121772996,1202.962637597501,0.0,0.0,0,749817.6443035906,482375.6719917586,0.0,18.796234017260343,9.210154668457584,1.1145833333333333,2026-09-17 01:30:58 UTC,6h decay + half of branches retire at +6h
27.0,9.652135196590922e-05,0.8432408879085737,2140.451449342152,9.24079161326529,111.7189937774005,1363683.432362433,550,65661263.14540408,1.432454155292362e-11,4.470348358154297e-08,948.5949877869734,948.5949877869734,920.3268571509192,1204.6331232200575,0.0,0.0,0,749817.6443035906,482375.6719917586,0.0,18.97189975573941,9.296230880312327,1.125,2026-09-17 01:45:58 UTC,6h decay + half of branches retire at +6h
27.25,9.694598461739542e-05,0.8469506123040696,2147.3429471764885,9.281383283372998,111.7189937774005,1370975.0990290998,550,65732335.54457473,1.4551915228366852e-11,4.470348358154297e-08,957.3782747109269,957.3782747109269,928.8484021245388,1206.2631703593408,0.0,0.0,0,749817.6443035906,482375.6719917586,0.0,19.14756549421848,9.382307092167071,1.1354166666666667,2026-09-17 02:00:58 UTC,6h decay + half of branches retire at +6h
27.5,9.73736736026369e-05,0.8506870377925059,2154.27388557385,9.32229037631706,111.7189937774005,1378266.7656957665,550,65803506.18438805,1.4779288903810084e-11,4.470348358154297e-08,966.1615616348804,966.1615616348804,937.3699470981584,1207.8537769355992,0.0,0.0,0,749817.6443035906,482375.6719917586,0.0,19.323231232697548,9.468383304021815,1.1458333333333333,2026-09-17 02:15:58 UTC,6h decay + half of branches retire at +6h
27.75,9.78044631967725e-05,0.8544505511754201,2161.2432894028543,9.36348180747009,111.7189937774005,1385558.4323624333,550,65874761.96058492,1.4779288903810084e-11,2.9802322387695312e-08,974.9448485588339,974.9448485588339,945.891492071778,1209.4059180802144,0.0,0.0,0,749817.6443035906,482375.6719917586,0.0,19.498896971176617,9.554459515876559,1.15625,2026-09-17 02:30:58 UTC,6h decay + half of branches retire at +6h
28.0,9.823853007497394e-05,0.8582426959426791,2168.250206779933,9.404974300788254,111.7189937774005,1392850.0990291,550,65946089.9510612,1.4779288903810084e-11,4.470348358154297e-08,983.7281354827874,983.7281354827874,954.4130370453976,1210.9205456767556,0.0,0.0,0,749817.6443035906,482375.6719917586,0.0,19.674562709655685,9.640535727731303,1.1666666666666667,2026-09-17 02:45:58 UTC,6h decay + half of branches retire at +6h
28.25,9.867583207032822e-05,0.8620631037108688,2175.2937109340605,9.446775613947352,111.7189937774005,1400141.7656957668,550,66017477.65233628,1.5006662579253316e-11,2.9802322387695312e-08,992.5114224067408,992.5114224067408,962.9345820190172,1212.3985864962476,0.0,0.0,0,749817.6443035906,482375.6719917586,0.0,19.850228448134754,9.726611939586046,1.1770833333333333,2026-09-17 03:00:58 UTC,6h decay + half of branches retire at +6h
28.5,9.911632724096056e-05,0.8659114080625799,2182.3728994847393,9.48888180966595,111.7189937774005,1407433.4323624335,550,66088912.99947898,1.5234036254696548e-11,4.470348358154297e-08,1001.2947093306943,1001.2947093306943,971.4561269926368,1213.8409429191886,0.0,0.0,0,749817.6443035906,482375.6719917586,0.0,20.025894186613822,9.81268815144079,1.1875,2026-09-17 03:15:58 UTC,6h decay + half of branches retire at +6h
28.75,9.95599653025525e-05,0.8697871696981916,2189.486893794472,9.53128858478195,111.7189937774005,1414725.0990291003,550,66160384.35829911,1.5234036254696548e-11,4.470348358154297e-08,1010.0779962546478,1010.0779962546478,979.9776719662564,1215.2484935830755,0.0,0.0,0,749817.6443035906,482375.6719917586,0.0,20.20155992509289,9.898764363295534,1.1979166666666667,2026-09-17 03:30:58 UTC,6h decay + half of branches retire at +6h
29.0,0.00010000671825939686,0.8736901440384004,2196.6348380156223,9.573992035524661,111.7189937774005,1422016.765695767,550,66231880.50371256,1.5234036254696548e-11,4.470348358154297e-08,1018.8612831786013,1018.8612831786013,988.499216939876,1216.622094335545,0.0,0.0,0,749817.6443035906,482375.6719917586,0.0,20.37722566357196,9.984840575150278,1.2083333333333333,2026-09-17 03:45:58 UTC,6h decay + half of branches retire at +6h
29.25,0.00010045654808650717,0.8776199988849657,2203.815898562434,9.61698910666768,111.7189937774005,1429308.4323624338,550,66303390.606048904,1.546140993013978e-11,2.9802322387695312e-08,1027.6445701025548,1027.6445701025548,997.0207619134956,1217.962578762353,0.0,0.0,0,749817.6443035906,482375.6719917586,0.0,20.552891402051028,10.070916787005022,1.21875,2026-09-17 04:00:58 UTC,6h decay + half of branches retire at +6h
29.5,0.00010090941771402283,0.8815764103839261,2211.0292634603265,9.660276286554362,111.7189937774005,1436600.0990291005,550,66374904.22248439,1.5688783605583012e-11,2.9802322387695312e-08,1036.4278570265083,1036.4278570265083,1005.5423068871152,1219.2707588380802,0.0,0.0,0,749817.6443035906,482375.6719917586,0.0,20.728557140530096,10.156992998859765,1.2291666666666667,2026-09-17 04:15:58 UTC,6h decay + half of branches retire at +6h
29.75,0.00010136529099763623,0.8855590627672426,2218.2741417178854,9.703850112334125,111.7189937774005,1443891.7656957672,550,66446411.28513098,1.5688783605583012e-11,4.470348358154297e-08,1045.2111439504617,1045.2111439504617,1014.0638518607348,1220.547425554141,0.0,0.0,0,749817.6443035906,482375.6719917586,0.0,20.904222879009165,10.24306921071451,1.2395833333333333,2026-09-17 04:30:58 UTC,6h decay + half of branches retire at +6h
30.0,0.00010182413269018747,0.8895676481046407,2225.5497627206123,9.747707207025837,111.7189937774005,1451183.432362434,550,66517902.089477256,1.5688783605583012e-11,2.9802322387695312e-08,1053.9944308744152,1053.9944308744152,1022.5853968343544,1221.7933495250338,0.0,0.0,0,749817.6443035906,482375.6719917586,0.0,21.079888617488233,10.329145422569253,1.25,2026-09-17 04:45:58 UTC,6h decay + half of branches retire at +6h
30.25,0.00010228590841437069,0.8936018660651642,2232.855375645501,9.791844276907804,111.7189937774005,1458475.0990291007,550,66589367.28317108,1.6370904631912708e-11,2.9802322387695312e-08,1062.7777177983687,1062.7777177983687,1031.106941807974,1223.009281573765,0.0,0.0,0,749817.6443035906,482375.6719917586,0.0,21.255554355967302,10.415221634423997,1.2604166666666667,2026-09-17 05:00:58 UTC,6h decay + half of branches retire at +6h
30.5,0.00010275058463649964,0.8976614236879834,2240.1902488955902,9.836258109007003,111.7189937774005,1465766.7656957675,550,66660797.85513414,1.6370904631912708e-11,4.470348358154297e-08,1071.5610047223222,1071.5610047223222,1039.6284867815937,1224.1959532972958,0.0,0.0,0,749817.6443035906,482375.6719917586,0.0,21.43122009444637,10.50129784627874,1.2708333333333333,2026-09-17 05:15:58 UTC,6h decay + half of branches retire at +6h
30.75,0.000103215757677302,0.9017253216749889,2247.5537070161504,9.880930047471029,111.7189937774005,1473058.4323624342,550,66732185.64623233,1.5916157281026244e-11,4.470348358154297e-08,1080.3442916462757,1080.3442916462757,1048.1500317552134,1225.3540401503549,0.0,0.0,0,749817.6443035906,482375.6719917586,0.0,21.60688583292544,10.587374058133484,1.28125,2026-09-17 05:30:58 UTC,6h decay + half of branches retire at +6h
31.0,0.00010367376564571821,0.905726623336127,2254.9451513653175,9.92529876857931,111.7189937774005,1480350.099029101,550,66803528.80802614,1.5916157281026244e-11,4.470348358154297e-08,1089.1275785702292,1089.1275785702292,1056.671576728833,1226.4841407748074,0.0,0.0,0,749817.6443035906,482375.6719917586,0.0,21.782551571404507,10.673450269988228,1.2916666666666667,2026-09-17 05:45:58 UTC,6h decay + half of branches retire at +6h
31.25,0.00010413448495544101,0.9097516121276692,2262.3638981732925,9.9693543148662,111.7189937774005,1487641.7656957677,550,66874821.97317564,1.5916157281026244e-11,4.470348358154297e-08,1097.9108654941826,1097.9108654941826,1065.1931217024528,1227.5869389404522,0.0,0.0,0,749817.6443035906,482375.6719917586,0.0,21.958217309883576,10.759526481842972,1.3020833333333333,2026-09-17 06:00:58 UTC,6h decay + half of branches retire at +6h
31.5,0.00010459788536210587,0.9138000238253345,2269.809281058538,10.013649847154106,111.7189937774005,1494933.4323624345,550,66946057.29190318,1.5916157281026244e-11,4.470348358154297e-08,1106.6941524181361,1106.6941524181361,1073.7146666760725,1228.6631010288263,0.0,0.0,0,749817.6443035906,482375.6719917586,0.0,22.133883048362645,10.845602693697716,1.3125,2026-09-17 06:15:58 UTC,6h decay + half of branches retire at +6h
31.75,0.00010506393734879409,0.9178716005600381,2277.2806505431404,10.05819838254436,111.7189937774005,1502225.0990291012,550,67017227.205849074,1.5916157281026244e-11,5.960464477539063e-08,1115.4774393420896,1115.4774393420896,1082.2362116496922,1229.7132765178437,0.0,0.0,0,749817.6443035906,482375.6719917586,0.0,22.309548786841713,10.93167890555246,1.3229166666666667,2026-09-17 06:30:58 UTC,6h decay + half of branches retire at +6h
32.0,0.00010553261210519419,0.9219660906358375,2284.777373583941,10.102997160409103,111.7189937774005,1509516.765695768,550,67088324.43903852,1.5916157281026244e-11,4.470348358154297e-08,1124.260726266043,1124.260726266043,1090.757756623312,1230.7380984506628,0.0,0.0,0,749817.6443035906,482375.6719917586,0.0,22.48521452532078,11.017755117407203,1.3333333333333333,2026-09-17 06:45:58 UTC,6h decay + half of branches retire at +6h
32.25,0.00010600388150751932,0.9260832483544855,2292.2988331188253,10.148043485842026,111.7189937774005,1516808.4323624347,550,67159341.98911655,1.5916157281026244e-11,5.960464477539063e-08,1133.0440131899966,1133.0440131899966,1099.2793015969316,1231.7381838893982,0.0,0.0,0,749817.6443035906,482375.6719917586,0.0,22.66088026379985,11.103831329261947,1.34375,2026-09-17 07:00:58 UTC,6h decay + half of branches retire at +6h
32.5,0.00010647771809914745,0.9302228338462967,2299.8444276275677,10.193334727801311,111.7189937774005,1524100.0990291014,550,67230273.11884281,1.5916157281026244e-11,4.470348358154297e-08,1141.82730011395,1141.82730011395,1107.8008465705514,1232.7141343542755,0.0,0.0,0,749817.6443035906,482375.6719917586,0.0,22.83654600227892,11.18990754111669,1.3541666666666667,2026-09-17 07:15:58 UTC,6h decay + half of branches retire at +6h
32.75,0.00010695409507195227,0.9343846129070481,2307.413570706677,10.238868317324044,111.7189937774005,1531391.7656957682,550,67301111.34783918,1.5916157281026244e-11,4.470348358154297e-08,1150.6105870379035,1150.6105870379035,1116.322391544171,1233.6665362487859,0.0,0.0,0,749817.6443035906,482375.6719917586,0.0,23.012211740757987,11.275983752971435,1.3645833333333333,2026-09-17 07:30:58 UTC,6h decay + half of branches retire at +6h
33.0,0.0001074329585704931,0.9385681150386717,2315.0056909699447,10.28464155743734,111.7189937774005,1538683.432362435,550,67371850.4493258,1.5916157281026244e-11,2.9802322387695312e-08,1159.393873961857,1159.393873961857,1124.8439365177908,1234.595960959138,0.0,0.0,0,749817.6443035906,482375.6719917586,0.0,23.187877479237056,11.362059964826178,1.375,2026-09-17 07:45:58 UTC,6h decay + half of branches retire at +6h
33.25,0.0001079142002967228,0.9427723941153667,2322.6202318633004,10.330645780710297,111.7189937774005,1545975.0990291017,550,67442484.50038663,1.546140993013978e-11,2.9802322387695312e-08,1168.1771608858105,1168.1771608858105,1133.3654814914105,1235.5029650394015,0.0,0.0,0,749817.6443035906,482375.6719917586,0.0,23.363543217716124,11.448136176680922,1.3854166666666667,2026-09-17 08:00:58 UTC,6h decay + half of branches retire at +6h
33.5,0.00010839790474708518,0.9469981883246414,2330.2566498565725,10.376878552941971,111.7189937774005,1553266.7656957684,550,67513007.77197616,1.546140993013978e-11,2.9802322387695312e-08,1176.960447809764,1176.960447809764,1141.8870264650302,1236.3880920197491,0.0,0.0,0,749817.6443035906,482375.6719917586,0.0,23.539208956195193,11.534212388535666,1.3958333333333333,2026-09-17 08:15:58 UTC,6h decay + half of branches retire at +6h
33.75,0.00010888404753484051,0.9512452846162676,2337.9144149674157,10.423343709274185,111.7189937774005,1560558.4323624352,550,67583414.73233451,1.546140993013978e-11,2.9802322387695312e-08,1185.7437347337175,1185.7437347337175,1150.40857143865,1237.2518718825256,0.0,0.0,0,749817.6443035906,482375.6719917586,0.0,23.71487469467426,11.62028860039041,1.40625,2026-09-17 08:30:58 UTC,6h decay + half of branches retire at +6h
34.0,0.00010937260483776746,0.9555134748718271,2345.593010398479,10.470039151791601,111.7189937774005,1567850.099029102,550,67653700.06884332,1.546140993013978e-11,2.9802322387695312e-08,1194.527021657671,1194.527021657671,1158.9301164122696,1238.0948214250823,0.0,0.0,0,749817.6443035906,482375.6719917586,0.0,23.89054043315333,11.706364812245154,1.4166666666666667,2026-09-17 08:45:58 UTC,6h decay + half of branches retire at +6h
34.25,0.00010986334032648658,0.9598006944435331,2353.291933897834,10.516957389551926,111.7189937774005,1575141.7656957686,550,67723858.74649966,1.546140993013978e-11,4.470348358154297e-08,1203.3103085816244,1203.3103085816244,1167.4516613858893,1238.9174428993467,0.0,0.0,0,749817.6443035906,482375.6719917586,0.0,24.0662061716324,11.792441024099897,1.4270833333333333,2026-09-17 09:00:58 UTC,6h decay + half of branches retire at +6h
34.5,0.00011035636409743013,0.964107905168444,2361.010694363961,10.564083421244309,111.7189937774005,1582433.4323624354,550,67793886.00305821,1.546140993013978e-11,4.470348358154297e-08,1212.093595505578,1212.093595505578,1175.973206359509,1239.7202274068393,0.0,0.0,0,749817.6443035906,482375.6719917586,0.0,24.241871910111467,11.878517235954641,1.4375,2026-09-17 09:15:58 UTC,6h decay + half of branches retire at +6h
34.75,0.00011085173223110856,0.9684355969835375,2368.74881238026,10.611428462313606,111.7189937774005,1589725.0990291021,550,67863777.14730518,1.546140993013978e-11,2.9802322387695312e-08,1220.8768824295314,1220.8768824295314,1184.4947513331288,1240.5036543641602,0.0,0.0,0,749817.6443035906,482375.6719917586,0.0,24.417537648590535,11.964593447809385,1.4479166666666667,2026-09-17 09:30:58 UTC,6h decay + half of branches retire at +6h
35.0,0.00011134942301959232,0.9727835802415132,2376.5058203748954,10.658994987140131,111.7189937774005,1597016.7656957689,550,67933527.67407635,1.5916157281026244e-11,4.470348358154297e-08,1229.660169353485,1229.660169353485,1193.0162963067485,1241.268191343145,0.0,0.0,0,749817.6443035906,482375.6719917586,0.0,24.593203387069604,12.050669659664129,1.4583333333333333,2026-09-17 09:45:58 UTC,6h decay + half of branches retire at +6h
35.25,0.00011184915264832319,0.9771493754491277,2384.2812643782554,10.706778637847133,111.7189937774005,1604308.4323624356,550,68003133.30511081,1.6370904631912708e-11,2.9802322387695312e-08,1238.4434562774384,1238.4434562774384,1201.5378412803682,1242.0142923134051,0.0,0.0,0,749817.6443035906,482375.6719917586,0.0,24.768869125548672,12.136745871518873,1.46875,2026-09-17 10:00:58 UTC,6h decay + half of branches retire at +6h
35.5,0.00011235043095150134,0.9815287003637906,2392.074703895524,10.75473113017761,111.7189937774005,1611600.0990291024,550,68072590.36840822,1.6370904631912708e-11,1.4901161193847656e-08,1247.2267432013919,1247.2267432013919,1210.059386253988,1242.742397769756,0.0,0.0,0,749817.6443035906,482375.6719917586,0.0,24.94453486402774,12.222822083373616,1.4791666666666667,2026-09-17 10:15:58 UTC,6h decay + half of branches retire at +6h
35.75,0.00011285396338776024,0.985927718093999,2399.885704732812,10.80285572032449,111.7189937774005,1618891.765695769,550,68141895.06059636,1.6370904631912708e-11,0.0,1256.0100301253453,1256.0100301253453,1218.5809312276076,1243.452941906088,0.0,0.0,0,749817.6443035906,482375.6719917586,0.0,25.12020060250681,12.30889829522836,1.4895833333333333,2026-09-17 10:30:58 UTC,6h decay + half of branches retire at +6h
36.0,0.00011335973015651302,0.9903462556555986,2407.713843362147,10.851192498218325,111.7189937774005,1626183.4323624359,550,68211043.58096124,1.6370904631912708e-11,2.9802322387695312e-08,1264.7933170492988,1264.7933170492988,1227.1024762012273,1244.1463482503725,0.0,0.0,0,749817.6443035906,482375.6719917586,0.0,25.295866340985878,12.394974507083104,1.5,2026-09-17 10:45:58 UTC,6h decay + half of branches retire at +6h
36.25,0.00011386771190247939,0.9947841439547733,2415.558706644849,10.899740444997587,111.7189937774005,1633475.0990291026,550,68280032.2929432,1.6370904631912708e-11,2.9802322387695312e-08,1273.5766039732523,1273.5766039732523,1235.624021174847,1244.8230299412905,0.0,0.0,0,749817.6443035906,482375.6719917586,0.0,25.471532079464946,12.481050718937848,1.5104166666666667,2026-09-17 11:00:58 UTC,6h decay + half of branches retire at +6h
36.5,0.00011437782203203902,0.9992406264824211,2423.419891974389,10.948495968554717,111.7189937774005,1640766.7656957693,550,68348857.73865281,1.6370904631912708e-11,1.4901161193847656e-08,1282.3598908972058,1282.3598908972058,1244.1455661484667,1245.48338958537,0.0,0.0,0,749817.6443035906,482375.6719917586,0.0,25.647197817944015,12.567126930792591,1.5208333333333333,2026-09-17 11:15:58 UTC,6h decay + half of branches retire at +6h
36.75,0.00011489009153912324,1.0037159740112742,2431.2970062506415,10.997453865660063,111.7189937774005,1648058.432362436,550,68417516.62871145,1.6370904631912708e-11,1.4901161193847656e-08,1291.1431778211593,1291.1431778211593,1252.6671111220865,1246.1278202827373,0.0,0.0,0,749817.6443035906,482375.6719917586,0.0,25.822863556423084,12.653203142647335,1.53125,2026-09-17 11:30:58 UTC,6h decay + half of branches retire at +6h
37.0,0.00011540451999457041,1.0082101827920413,2439.1896658977903,11.046616381743279,111.7189937774005,1655350.0990291028,550,68486005.78869578,1.6370904631912708e-11,2.9802322387695312e-08,1299.9264647451128,1299.9264647451128,1261.1886560957062,1246.7567056092082,0.0,0.0,0,749817.6443035906,482375.6719917586,0.0,25.998529294902152,12.739279354502079,1.5416666666666667,2026-09-17 11:45:58 UTC,6h decay + half of branches retire at +6h
37.25,0.00011592108971589972,1.012723098345009,2447.0974967013203,11.095983000551032,111.7189937774005,1662641.7656957696,550,68554322.18721515,1.6370904631912708e-11,2.9802322387695312e-08,1308.7097516690662,1308.7097516690662,1269.7102010693259,1247.370419779298,0.0,0.0,0,749817.6443035906,482375.6719917586,0.0,26.17419503338122,12.825355566356823,1.5520833333333333,2026-09-17 12:00:58 UTC,6h decay + half of branches retire at +6h
37.5,0.0001164397667492314,1.0172544240384043,2455.020133664825,11.145551891991017,111.7189937774005,1669933.4323624363,550,68622462.9347515,1.6370904631912708e-11,4.470348358154297e-08,1317.4930385930197,1317.4930385930197,1278.2317460429456,1247.9693277894128,0.0,0.0,0,749817.6443035906,482375.6719917586,0.0,26.34986077186029,12.911431778211567,1.5625,2026-09-17 12:15:58 UTC,6h decay + half of branches retire at +6h
37.75,0.00011696051457127343,1.0218038407932615,2462.9572207513365,11.195318950179585,111.7189937774005,1677225.099029103,550,68690425.2978725,1.6370904631912708e-11,5.960464477539063e-08,1326.2763255169732,1326.2763255169732,1286.7532910165653,1248.553785676521,0.0,0.0,0,749817.6443035906,482375.6719917586,0.0,26.525526510339358,12.99750799006631,1.5729166666666667,2026-09-17 12:30:58 UTC,6h decay + half of branches retire at +6h
38.0,0.00011748335261424748,1.0263715183755808,2470.9084104086405,11.245283045225573,111.7189937774005,1684516.7656957698,550,68758206.65720788,1.6370904631912708e-11,5.960464477539063e-08,1335.0596124409267,1335.0596124409267,1295.274835990185,1249.1241409928368,0.0,0.0,0,749817.6443035906,482375.6719917586,0.0,26.701192248818426,13.083584201921054,1.5833333333333333,2026-09-17 12:45:58 UTC,6h decay + half of branches retire at +6h
38.25,0.00011800826470931221,1.0309573155292786,2478.8733635293506,11.295444765180081,111.7189937774005,1691808.4323624365,550,68825804.51257691,1.6370904631912708e-11,5.960464477539063e-08,1343.8428993648802,1343.8428993648802,1303.7963809638047,1249.6807328457464,0.0,0.0,0,749817.6443035906,482375.6719917586,0.0,26.876857987297495,13.169660413775798,1.59375,2026-09-17 13:00:58 UTC,6h decay + half of branches retire at +6h
38.5,0.00011853523504331024,1.0355610941056388,2486.8517492374444,11.345802627197427,111.7189937774005,1699100.0990291033,550,68893216.48612644,1.6370904631912708e-11,5.960464477539063e-08,1352.6261862888337,1352.6261862888337,1312.3179259374244,1250.2238921112723,0.0,0.0,0,749817.6443035906,482375.6719917586,0.0,27.052523725776563,13.255736625630542,1.6041666666666667,2026-09-17 13:15:58 UTC,6h decay + half of branches retire at +6h
38.75,0.00011906384646650784,1.0401792097533888,2494.843246540433,11.396344338573348,111.7189937774005,1706391.76569577,550,68960440.42828707,1.6370904631912708e-11,7.450580596923828e-08,1361.4094732127871,1361.4094732127871,1320.8394709110441,1250.7539397819035,0.0,0.0,0,749817.6443035906,482375.6719917586,0.0,27.22818946425563,13.341812837485286,1.6145833333333333,2026-09-17 13:30:58 UTC,6h decay + half of branches retire at +6h
39.0,0.00011959440133825552,1.0448143039789106,2502.8475405955314,11.447050301312215,111.7189937774005,1713683.4323624368,550,69027474.36897899,1.6370904631912708e-11,7.450580596923828e-08,1370.1927601367406,1370.1927601367406,1329.3610158846639,1251.2711907004248,0.0,0.0,0,749817.6443035906,482375.6719917586,0.0,27.4038552027347,13.42788904934003,1.625,2026-09-17 13:45:58 UTC,6h decay + half of branches retire at +6h
39.25,0.00012012696627011094,1.0494669587217218,2510.864323891911,11.497941353122274,111.7189937774005,1720975.0990291035,550,69094316.27439348,1.6370904631912708e-11,5.960464477539063e-08,1378.976047060694,1378.976047060694,1337.8825608582836,1251.7759523776647,0.0,0.0,0,749817.6443035906,482375.6719917586,0.0,27.57952094121377,13.513965261194773,1.6354166666666667,2026-09-17 14:00:58 UTC,6h decay + half of branches retire at +6h
39.5,0.00012066152679104991,1.0541370475584038,2518.893296357577,11.549022542190082,111.7189937774005,1728266.7656957703,550,69160964.2139707,1.6370904631912708e-11,5.960464477539063e-08,1387.7593339846476,1387.7593339846476,1346.4041058319033,1252.2685248856185,0.0,0.0,0,749817.6443035906,482375.6719917586,0.0,27.755186679692837,13.600041473049517,1.6458333333333333,2026-09-17 14:15:58 UTC,6h decay + half of branches retire at +6h
39.75,0.00012119589610212495,1.0588054659255766,2526.934174570696,11.600269604347522,111.7189937774005,1735558.432362437,550,69227416.63497469,1.6825651982799172e-11,4.470348358154297e-08,1396.542620908601,1396.542620908601,1354.925650805523,1252.7491916461197,0.0,0.0,0,749817.6443035906,482375.6719917586,0.0,27.930852418171906,13.68611768490426,1.65625,2026-09-17 14:30:58 UTC,6h decay + half of branches retire at +6h
40.0,0.00012172780043066098,1.0634523494300219,2534.9866885551933,11.651376938958615,111.7189937774005,1742850.0990291038,550,69293674.53133447,1.7280399333685637e-11,4.470348358154297e-08,1405.3259078325545,1405.3259078325545,1363.4471957791427,1253.2182226352427,0.0,0.0,0,749817.6443035906,482375.6719917586,0.0,28.106518156650974,13.772193896759005,1.6666666666666667,2026-09-17 14:45:58 UTC,6h decay + half of branches retire at +6h
40.25,0.00012226162196902603,1.068115982282519,2543.05055815773,11.702394507710219,111.7189937774005,1750141.7656957705,550,69359737.03932916,1.77351466845721e-11,4.470348358154297e-08,1414.109194756508,1414.109194756508,1371.9687407527624,1253.6758980063262,0.0,0.0,0,749817.6443035906,482375.6719917586,0.0,28.282183895130043,13.858270108613748,1.6770833333333333,2026-09-17 15:00:58 UTC,6h decay + half of branches retire at +6h
40.5,0.0001227973474944542,1.0727962489648268,2551.1255099996242,11.753587910727674,111.7189937774005,1757433.4323624372,550,69425602.57770921,1.77351466845721e-11,5.960464477539063e-08,1422.8924816804615,1422.8924816804615,1380.4902857263821,1254.1224911380516,0.0,0.0,0,749817.6443035906,482375.6719917586,0.0,28.45784963360911,13.944346320468492,1.6875,2026-09-17 15:15:58 UTC,6h decay + half of branches retire at +6h
40.75,0.0001233349640720394,1.0774930364735371,2559.211277308537,11.80496146933116,111.7189937774005,1764725.099029104,550,69491269.65621358,1.77351466845721e-11,4.470348358154297e-08,1431.675768604415,1431.675768604415,1389.0118307000018,1254.5582688027587,0.0,0.0,0,749817.6443035906,482375.6719917586,0.0,28.63351537208818,14.030422532323236,1.6979166666666667,2026-09-17 15:30:58 UTC,6h decay + half of branches retire at +6h
41.0,0.00012387433311128685,1.0822051340384993,2567.307600201937,11.856510960318555,111.7189937774005,1772016.7656957707,550,69556736.90140258,1.77351466845721e-11,5.960464477539063e-08,1440.4590555283685,1440.4590555283685,1397.5333756736215,1254.9834908829782,0.0,0.0,0,749817.6443035906,482375.6719917586,0.0,28.80918111056725,14.11649874417798,1.7083333333333333,2026-09-17 15:45:58 UTC,6h decay + half of branches retire at +6h
41.25,0.00012441552716787343,1.086933175528926,2575.414224729424,11.908228322204804,111.7189937774005,1779308.4323624375,550,69622003.05638526,1.77351466845721e-11,5.960464477539063e-08,1449.242342452322,1449.242342452322,1406.0549206472413,1255.398411329111,0.0,0.0,0,749817.6443035906,482375.6719917586,0.0,28.984846849046317,14.202574956032723,1.71875,2026-09-17 16:00:58 UTC,6h decay + half of branches retire at +6h
41.5,0.0001249585742335054,1.0916774054891674,2583.530902943562,11.96011921125505,111.7189937774005,1786600.0990291042,550,69687066.88762897,1.7280399333685637e-11,4.470348358154297e-08,1458.0256293762754,1458.0256293762754,1414.576465620861,1255.8032780885922,0.0,0.0,0,749817.6443035906,482375.6719917586,0.0,29.160512587525385,14.288651167887467,1.7291666666666667,2026-09-17 16:15:58 UTC,6h decay + half of branches retire at +6h
41.75,0.00012550346246057933,1.096437720414833,2591.657392874611,12.012185471158217,111.7189937774005,1793891.765695771,550,69751927.23850353,1.7280399333685637e-11,4.470348358154297e-08,1466.808916300229,1466.808916300229,1423.0980105944807,1256.1983331311628,0.0,0.0,0,749817.6443035906,482375.6719917586,0.0,29.336178326004454,14.374727379742211,1.7395833333333333,2026-09-17 16:30:58 UTC,6h decay + half of branches retire at +6h
42.0,0.00012605017323771844,1.101213957711082,2599.793458407835,12.064425953791396,111.7189937774005,1801183.4323624377,550,69816583.02969049,1.7280399333685637e-11,4.470348358154297e-08,1475.5922032241824,1475.5922032241824,1431.6195555681004,1256.5838125715588,0.0,0.0,0,749817.6443035906,482375.6719917586,0.0,29.511844064483522,14.460803591596955,1.75,2026-09-17 16:45:58 UTC,6h decay + half of branches retire at +6h
42.25,0.0001265986667983798,1.1060057699648886,2607.9388691919276,12.116837887334572,111.7189937774005,1808475.0990291045,550,69881033.27021317,1.7280399333685637e-11,5.960464477539063e-08,1484.375490148136,1484.375490148136,1440.14110054172,1256.9599467610858,0.0,0.0,0,749817.6443035906,482375.6719917586,0.0,29.68750980296259,14.546879803451699,1.7604166666666667,2026-09-17 17:00:58 UTC,6h decay + half of branches retire at +6h
42.5,0.00012714896726836005,1.1108133679468,2616.093400315651,12.169419803991241,111.7189937774005,1815766.7656957712,550,69945277.03352946,1.7280399333685637e-11,5.960464477539063e-08,1493.1587770720894,1493.1587770720894,1448.6626455153398,1257.3269606109823,0.0,0.0,0,749817.6443035906,482375.6719917586,0.0,29.86317554144166,14.632956015306442,1.7708333333333333,2026-09-17 17:15:58 UTC,6h decay + half of branches retire at +6h
42.75,0.00012770106379107347,1.1156366568102685,2624.2568322794673,12.222172584136265,111.7189937774005,1823058.432362438,550,70009313.45483047,1.7280399333685637e-11,7.450580596923828e-08,1501.9420639960429,1501.9420639960429,1457.1841904889595,1257.6850736207855,0.0,0.0,0,749817.6443035906,482375.6719917586,0.0,30.038841279920728,14.719032227161186,1.78125,2026-09-17 17:30:58 UTC,6h decay + half of branches retire at +6h
43.0,0.00012825494574383067,1.120475543752139,2632.428950863054,12.275095388197428,111.7189937774005,1830350.0990291047,550,70073141.7362605,1.7280399333685637e-11,5.960464477539063e-08,1510.7253509199963,1510.7253509199963,1465.7057354625792,1258.0345000108184,0.0,0.0,0,749817.6443035906,482375.6719917586,0.0,30.214507018399797,14.80510843901593,1.7916666666666667,2026-09-17 17:45:58 UTC,6h decay + half of branches retire at +6h
43.25,0.00012881751696428226,1.1253903428694674,2640.609528002879,12.32830399484506,111.7189937774005,1837641.7656957714,550,70136760.05527666,1.7280399333685637e-11,7.450580596923828e-08,1519.5086378439498,1519.5086378439498,1474.227280436199,1258.3754678446132,0.0,0.0,0,749817.6443035906,482375.6719917586,0.0,30.390172756878865,14.891184650870674,1.8020833333333333,2026-09-17 18:00:58 UTC,6h decay + half of branches retire at +6h
43.5,0.00012938752172708069,1.130370083750677,2648.7983468431844,12.382372179308382,111.7189937774005,1844933.4323624382,550,70200163.04437989,1.6825651982799172e-11,7.450580596923828e-08,1528.2919247679033,1528.2919247679033,1482.7488254098187,1258.708193977927,0.0,0.0,0,749817.6443035906,482375.6719917586,0.0,30.565838495357934,14.977260862725418,1.8125,2026-09-17 18:15:58 UTC,6h decay + half of branches retire at +6h
43.75,0.00012995934660908244,1.1353657257656964,2656.995209903238,12.437001370237258,111.7189937774005,1852225.099029105,550,70263349.54763171,1.6825651982799172e-11,7.450580596923828e-08,1537.0752116918568,1537.0752116918568,1491.2703703834384,1259.0328758914932,0.0,0.0,0,749817.6443035906,482375.6719917586,0.0,30.741504233837002,15.063337074580161,1.8229166666666667,2026-09-17 18:30:58 UTC,6h decay + half of branches retire at +6h
44.0,0.00013053298183036255,1.1403771834740253,2665.1999244206418,12.491802910182972,111.7189937774005,1859516.7656957717,550,70326319.09038833,1.6370904631912708e-11,5.960464477539063e-08,1545.8584986158103,1545.8584986158103,1499.791915357058,1259.3497063477087,0.0,0.0,0,749817.6443035906,482375.6719917586,0.0,30.91716997231607,15.149413286434905,1.8333333333333333,2026-09-17 18:45:58 UTC,6h decay + half of branches retire at +6h
44.25,0.00013110841368202595,1.1454043371104445,2673.4123022589656,12.546775856259037,111.7189937774005,1866808.4323624384,550,70389071.25364333,1.6370904631912708e-11,7.450580596923828e-08,1554.6417855397638,1554.6417855397638,1508.3134603306778,1259.6588734830045,0.0,0.0,0,749817.6443035906,482375.6719917586,0.0,31.09283571079514,15.235489498289649,1.84375,2026-09-17 19:00:58 UTC,6h decay + half of branches retire at +6h
44.5,0.00013168536915192621,1.1504448015549773,2681.6321603532065,12.601910872538264,111.7189937774005,1874100.0990291052,550,70451605.7428089,1.6370904631912708e-11,7.450580596923828e-08,1563.4250724637172,1563.4250724637172,1516.8350053042975,1259.9605603623834,0.0,0.0,0,749817.6443035906,482375.6719917586,0.0,31.268501449274208,15.321565710144393,1.8541666666666667,2026-09-17 19:15:58 UTC,6h decay + half of branches retire at +6h
44.75,0.0001322641054554265,1.1555008239219338,2689.8593193901706,12.657200619542326,111.7189937774005,1881391.765695772,550,70513922.30523562,1.6370904631912708e-11,5.960464477539063e-08,1572.2083593876707,1572.2083593876707,1525.3565502779172,1260.254946299039,0.0,0.0,0,749817.6443035906,482375.6719917586,0.0,31.444167187753276,15.407641921999137,1.8645833333333333,2026-09-17 19:30:58 UTC,6h decay + half of branches retire at +6h
45.0,0.00013284461361761206,1.1605723258036358,2698.0936043366414,12.712656364137446,111.7189937774005,1888683.4323624386,550,70576020.67499404,1.6370904631912708e-11,5.960464477539063e-08,1580.9916463116242,1580.9916463116242,1533.878095251537,1260.5422063261879,0.0,0.0,0,749817.6443035906,482375.6719917586,0.0,31.619832926232345,15.49371813385388,1.875,2026-09-17 19:45:58 UTC,6h decay + half of branches retire at +6h
45.25,0.0001334268848538228,1.1656592304545297,2706.3348443362656,12.76827989934106,111.7189937774005,1895975.0990291054,550,70637900.63417798,1.6370904631912708e-11,5.960464477539063e-08,1589.7749332355777,1589.7749332355777,1542.3996402251566,1260.8225113001834,0.0,0.0,0,749817.6443035906,482375.6719917586,0.0,31.795498664711413,15.579794345708624,1.8854166666666667,2026-09-17 20:00:58 UTC,6h decay + half of branches retire at +6h
45.5,0.0001340120582693711,1.1707714894568872,2714.5828701801765,12.824085712974206,111.7189937774005,1903266.7656957721,550,70699561.87429872,1.6370904631912708e-11,4.470348358154297e-08,1598.5582201595312,1598.5582201595312,1550.9211851987764,1261.0960304298922,0.0,0.0,0,749817.6443035906,482375.6719917586,0.0,31.971164403190482,15.665870557563368,1.8958333333333333,2026-09-17 20:15:58 UTC,6h decay + half of branches retire at +6h
45.75,0.00013460038988827853,1.1759113395170835,2722.8375164904596,12.880186276844565,111.7189937774005,1910558.4323624389,550,70761003.37712447,1.5916157281026244e-11,2.9802322387695312e-08,1607.3415070834847,1607.3415070834847,1559.442730172396,1261.3629290932283,0.0,0.0,0,749817.6443035906,482375.6719917586,0.0,32.146830141669554,15.751946769418112,1.90625,2026-09-17 20:30:58 UTC,6h decay + half of branches retire at +6h
46.0,0.00013519047217372504,1.1810664839507707,2731.098624610379,12.93655083115883,111.7189937774005,1917850.0990291056,550,70822224.89562379,1.546140993013978e-11,2.9802322387695312e-08,1616.1247940074381,1616.1247940074381,1567.9642751460158,1261.6233659469283,0.0,0.0,0,749817.6443035906,482375.6719917586,0.0,32.32249588014862,15.838022981272855,1.9166666666666667,2026-09-17 20:45:58 UTC,6h decay + half of branches retire at +6h
46.25,0.00013578229705522884,1.1862368522516822,2739.3660396626165,12.993083116637845,111.7189937774005,1925141.7656957724,550,70883226.40209594,1.546140993013978e-11,4.470348358154297e-08,1624.9080809313916,1624.9080809313916,1576.4858201196355,1261.8774958683105,0.0,0.0,0,749817.6443035906,482375.6719917586,0.0,32.49816161862769,15.9240991931276,1.9270833333333333,2026-09-17 21:00:58 UTC,6h decay + half of branches retire at +6h
46.5,0.00013637585663267923,1.191422375401966,2747.6396104587484,13.049780447989182,111.7189937774005,1932433.432362439,550,70944007.90862134,1.5006662579253316e-11,2.9802322387695312e-08,1633.691367855345,1633.691367855345,1585.0073650932552,1262.1254700457978,0.0,0.0,0,749817.6443035906,482375.6719917586,0.0,32.67382735710676,16.01017540498234,1.9375,2026-09-17 21:15:58 UTC,6h decay + half of branches retire at +6h
46.75,0.0001369770916325808,1.1966749534567964,2755.9191787270547,13.106793989094399,111.7189937774005,1939725.0990291059,550,71004568.23553033,1.546140993013978e-11,2.9802322387695312e-08,1642.4746547792986,1642.4746547792986,1593.528910066875,1262.3674467511116,0.0,0.0,0,749817.6443035906,482375.6719917586,0.0,32.84949309558583,16.096251616837083,1.9479166666666667,2026-09-17 21:30:58 UTC,6h decay + half of branches retire at +6h
47.0,0.00013758092038927358,1.201950191386723,2764.2045996759616,13.164353368835004,111.7189937774005,1947016.7656957726,550,71064905.65724528,1.546140993013978e-11,4.470348358154297e-08,1651.257941703252,1651.257941703252,1602.0504550404946,1262.6035707758244,0.0,0.0,0,749817.6443035906,482375.6719917586,0.0,33.0251588340649,16.182327828691825,1.9583333333333333,2026-09-17 21:45:58 UTC,6h decay + half of branches retire at +6h
47.25,0.0001381864948356035,1.2072406802103601,2772.4957332642616,13.222192823192682,111.7189937774005,1954308.4323624393,550,71125020.31166176,1.546140993013978e-11,2.9802322387695312e-08,1660.0412286272056,1660.0412286272056,1610.5720000141143,1262.8339821611441,0.0,0.0,0,749817.6443035906,482375.6719917586,0.0,33.200824572543965,16.268404040546567,1.96875,2026-09-17 22:00:58 UTC,6h decay + half of branches retire at +6h
47.5,0.00013879380770184972,1.2125463564171401,2780.7924427759363,13.280197628908576,111.7189937774005,1961600.099029106,550,71184912.39364196,1.546140993013978e-11,2.9802322387695312e-08,1668.824515551159,1668.824515551159,1619.093544987734,1263.0588176230892,0.0,0.0,0,749817.6443035906,482375.6719917586,0.0,33.37649031102303,16.35448025240131,1.9791666666666667,2026-09-17 22:15:58 UTC,6h decay + half of branches retire at +6h
47.75,0.0001394028641391172,1.217867265008736,2789.0945947209443,13.338367215438165,111.7189937774005,1968891.7656957728,550,71244582.12952796,1.546140993013978e-11,4.470348358154297e-08,1677.6078024751125,1677.6078024751125,1627.6150899613538,1263.2782106517009,0.0,0.0,0,749817.6443035906,482375.6719917586,0.0,33.5521560495021,16.44055646425605,1.9895833333333333,2026-09-17 22:30:58 UTC,6h decay + half of branches retire at +6h
48.0,0.00014001367075264896,1.2232034636906284,2797.402058760648,13.396702481063407,111.7189937774005,1976183.4323624396,550,71304029.76598693,1.546140993013978e-11,4.470348358154297e-08,1686.391089399066,1686.391089399066,1636.1366349349735,1263.492291585617,0.0,0.0,0,749817.6443035906,482375.6719917586,0.0,33.72782178798117,16.526632676110793,2.0,2026-09-17 22:45:58 UTC,6h decay + half of branches retire at +6h
